id,domain,slug,status,language,province,region,subject,target,keyword,title,description,search_intent,summary,lesson_focus,lesson_method,lesson_result,tone,template
1,https://kimstutoring.co.kr,dongducheon-elementary-english,publish,ko,경기도,동두천,영어,초등학생,동두천 초등학생 영어과외,동두천 초등학생 영어과외,"동두천 초등학생 영어 과외 수업은 정해진 진도보다 현재 실력과 배우는 이유를 중요하게 봅니다. 지역과 일정에 따라 1:1 방문수업 또는 화상수업으로 진행하며, 기초 어휘와 문장 이해, 읽기 학습을 학생의… 방식으로 수업하고 있습니다.",초등학생 수준에 맞춰 영어 기초와 꾸준한 학습 습관을 기르는 1:1 온라인 과외 찾기,핵심 고민은 “기초 어휘가 부족하고 짧은 문장의 뜻을 이해하거나 꾸준히 읽는 데 어려움이 있음”입니다.,"기초 어휘, 문장 이해, 짧은 글 읽기, 학습 습관","지역과 일정에 따라 1:1 방문수업 또는 화상수업으로 진행하며, 기초 어휘와 문장 이해, 읽기 학습을 학생의 수준과 학습 속도에 맞춰 지도",익숙한 어휘로 짧은 문장의 뜻을 파악하고 스스로 읽고 복습하는 습관 형성,친근형,elementary_english
2,https://kimstutoring.co.kr,dongducheon-middle-english,publish,ko,경기도,동두천,영어,중학생,동두천 중학생 영어과외,동두천 중학생 영어과외,"중학생 영어 과외 공부를 다시 시작하려는 분께 동두천 1:1 수업이 맞는 출발점을 찾아드립니다. 지역과 일정에 따라 1:1 방문수업 또는 화상수업으로 진행하며, 어휘·문법·독해를 기본으로 학교별 내신과… 방식으로 수업하고 있습니다.",중학생 영어 문법과 독해를 보완하고 학교별 내신과 서술형 및 수행평가를 준비하는 온라인 과외 찾기,핵심 고민은 “어휘와 문법을 배워도 지문에 적용하기 어렵고 서술형 답안과 수행평가 준비가 막막함”입니다.,"어휘, 문법, 독해, 학교별 내신, 서술형, 수행평가","지역과 일정에 따라 1:1 방문수업 또는 화상수업으로 진행하며, 어휘·문법·독해를 기본으로 학교별 내신과 서술형, 수행평가까지 학생의 취약 부분에 맞춰 지도",문법 근거를 설명하며 지문을 읽고 학교 평가 기준에 맞춰 답안을 작성하는 능력 향상,코칭형,middle_english
3,https://kimstutoring.co.kr,dongducheon-high-english,publish,ko,경기도,동두천,영어,고등학생,동두천 고등학생 영어과외,동두천 고등학생 영어과외,"동두천에서 배우는 고등학생 영어 과외, 실제로 쓰려는 상황에 맞춰 수업 내용을 정합니다. 지역과 일정에 따라 1:1 방문수업 또는 화상수업으로 진행하며, 어휘·구문독해부터 학교별 내신, 모의고사와 수능… 방식으로 수업하고 있습니다.",고등학생 영어 내신과 모의고사 및 수능 준비를 현재 수준에 맞춰 병행하는 온라인 과외 찾기,핵심 고민은 “긴 문장의 구조를 파악하기 어렵고 내신과 모의고사 지문을 읽는 데 시간이 오래 걸림”입니다.,"어휘, 구문독해, 학교별 내신, 모의고사, 수능","지역과 일정에 따라 1:1 방문수업 또는 화상수업으로 진행하며, 어휘·구문독해부터 학교별 내신, 모의고사와 수능 대비까지 현재 실력과 목표에 맞춰 지도",복잡한 문장의 구조를 파악하고 지문의 근거를 바탕으로 답을 선택하는 독해 능력 향상,전문형,high_english
4,https://kimstutoring.co.kr,dongducheon-elementary-math,publish,ko,경기도,동두천,수학,초등학생,동두천 초등학생 수학과외,동두천 초등학생 수학과외,"초등학생 수학 과외 공부를 다시 시작하려는 분께 동두천 1:1 수업이 맞는 출발점을 찾아드립니다. 지역과 일정에 따라 1:1 방문수업 또는 화상수업으로 진행하며, 연산과 기초개념을 탄탄히 다지고 문제를 이해하는… 방식으로 수업하고 있습니다.",초등학생 수학 연산과 기초개념을 다지고 문제 이해와 풀이 습관을 기르는 온라인 과외 찾기,핵심 고민은 “계산 실수가 반복되고 문장형 문제에서 무엇을 구해야 하는지 파악하기 어려움”입니다.,"연산, 기초개념, 문제 이해, 풀이 습관","지역과 일정에 따라 1:1 방문수업 또는 화상수업으로 진행하며, 연산과 기초개념을 탄탄히 다지고 문제를 이해하는 과정과 올바른 풀이 습관을 학생 수준에 맞춰 지도",계산 과정을 점검하고 문제의 조건을 이해하며 풀이 순서를 정리하는 습관 형성,친근형,elementary_math
5,https://kimstutoring.co.kr,dongducheon-middle-math,publish,ko,경기도,동두천,수학,중학생,동두천 중학생 수학과외,동두천 중학생 수학과외,"중학생 수학 과외 공부를 다시 시작하려는 분께 동두천 1:1 수업이 맞는 출발점을 찾아드립니다. 지역과 일정에 따라 1:1 방문수업 또는 화상수업으로 진행하며, 개념 이해와 유형별 문제풀이를 연결하고 학교별… 방식으로 수업하고 있습니다.",중학생 수학 개념과 유형별 문제풀이를 연결하고 내신 및 서술형을 준비하는 온라인 과외 찾기,핵심 고민은 “개념을 외워도 문제 유형이 바뀌면 적용하기 어렵고 같은 오답과 풀이 과정 누락이 반복됨”입니다.,"개념, 유형별 문제풀이, 학교별 내신, 서술형, 오답관리","지역과 일정에 따라 1:1 방문수업 또는 화상수업으로 진행하며, 개념 이해와 유형별 문제풀이를 연결하고 학교별 내신, 서술형, 오답관리까지 취약 단원에 맞춰 지도",문제에 맞는 개념을 선택하고 풀이 근거를 순서대로 쓰며 반복되는 실수를 줄이는 능력 향상,코칭형,middle_math
6,https://kimstutoring.co.kr,dongducheon-high-math,publish,ko,경기도,동두천,수학,고등학생,동두천 고등학생 수학과외,동두천 고등학생 수학과외,"동두천에서 고등학생 수학 과외 수업을 찾고 계신다면 지금 필요한 내용부터 시작할 수 있습니다. 지역과 일정에 따라 1:1 방문수업 또는 화상수업으로 진행하며, 개념과 유형별 문제풀이부터 학교별 내신,… 방식으로 수업하고 있습니다.",고등학생 수학 취약단원을 보완하면서 내신과 모의고사 및 수능을 준비하는 온라인 과외 찾기,핵심 고민은 “개념 사이의 연결이 약하고 복합 문제의 접근 방법을 찾기 어려우며 취약단원에서 오답이 반복됨”입니다.,"개념, 유형별 문제풀이, 학교별 내신, 모의고사, 수능, 취약단원, 오답분석","지역과 일정에 따라 1:1 방문수업 또는 화상수업으로 진행하며, 개념과 유형별 문제풀이부터 학교별 내신, 모의고사와 수능 대비, 취약단원 및 오답분석까지 목표에 맞춰 지도",취약단원의 개념을 연결하고 문제 조건에 맞는 풀이 전략을 선택하며 오답 원인을 스스로 설명하는 능력 향상,전문형,high_math
7,https://kimstutoring.co.kr,dongducheon-elementary-korean,publish,ko,경기도,동두천,국어,초등학생,동두천 초등학생 국어과외,동두천 초등학생 국어과외,"동두천에서 초등학생 국어 과외 수업을 찾고 계신다면 지금 필요한 내용부터 시작할 수 있습니다. 지역과 일정에 따라 1:1 방문수업 또는 화상수업으로 진행하며, 어휘와 독해를 바탕으로 글의 내용을 이해하고… 방식으로 수업하고 있습니다.",초등학생의 국어 기초와 문해력을 잡아줄 1:1 국어과외 탐색,핵심 고민은 “글을 읽어도 내용을 정확히 이해하지 못하거나 어휘력이 부족해 문제의 뜻을 파악하는 데 어려움”입니다.,"어휘, 독해, 문장 이해, 글의 중심내용 파악, 기초 문해력, 글쓰기, 학습 습관","지역과 일정에 따라 1:1 방문수업 또는 화상수업으로 진행하며, 어휘와 독해를 바탕으로 글의 내용을 이해하고 자신의 생각을 표현하는 힘을 학생의 수준과 학습 속도에 맞춰 지도","글을 읽고 핵심 내용을 파악하는 힘을 기르고, 국어뿐 아니라 다른 과목의 문제를 이해하는 데 필요한 기초 문해력과 학습 습관 형성",친근형,elementary_korean
8,https://kimstutoring.co.kr,dongducheon-middle-korean,publish,ko,경기도,동두천,국어,중학생,동두천 중학생 국어과외,동두천 중학생 국어과외,"중학생 국어 과외 공부를 다시 시작하려는 분께 동두천 1:1 수업이 맞는 출발점을 찾아드립니다. 지역과 일정에 따라 1:1 방문수업 또는 화상수업으로 진행하며, 문학·비문학 독해와 문법을 기본으로 학교별… 방식으로 수업하고 있습니다.",학교 내신과 국어 기본기를 함께 준비할 1:1 중등 국어과외 탐색,"핵심 고민은 “문학과 비문학 지문을 감으로 풀거나 문법 개념이 부족하고, 학교 시험의 서술형·수행평가 대비가 어려움”입니다.","문학, 비문학, 문법, 어휘, 학교별 내신, 서술형, 수행평가, 오답관리","지역과 일정에 따라 1:1 방문수업 또는 화상수업으로 진행하며, 문학·비문학 독해와 문법을 기본으로 학교별 내신, 서술형과 수행평가까지 학생의 취약 부분에 맞춰 지도","지문을 근거로 읽고 문제를 해결하는 방법을 익히며, 부족한 영역을 파악해 내신과 고등 국어 학습에 필요한 기본기 강화",코칭형,middle_korean
9,https://kimstutoring.co.kr,dongducheon-high-korean,publish,ko,경기도,동두천,국어,고등학생,동두천 고등학생 국어과외,동두천 고등학생 국어과외,"동두천에서 고등학생 국어 과외 수업을 찾고 계신다면 지금 필요한 내용부터 시작할 수 있습니다. 지역과 일정에 따라 1:1 방문수업 또는 화상수업으로 진행하며, 문학과 독서의 지문 분석부터 학교별 내신,… 방식으로 수업하고 있습니다.",내신과 모의고사·수능을 함께 대비할 1:1 고등 국어과외 탐색,"핵심 고민은 “긴 지문의 핵심을 빠르게 파악하기 어렵거나 문학·독서·문법 영역별 편차가 크고, 모의고사에서 시간 관리와…”입니다.","문학, 독서, 화법과 언어, 작문, 학교별 내신, 모의고사, 수능, 취약영역, 오답분석","지역과 일정에 따라 1:1 방문수업 또는 화상수업으로 진행하며, 문학과 독서의 지문 분석부터 학교별 내신, 모의고사와 수능 대비, 취약영역 및 오답분석까지 현재 실력과 목표에 맞춰 지도","지문을 분석하는 기준과 문제 접근 방법을 익히고, 취약영역과 반복되는 오답을 점검하면서 내신·모의고사·수능 학습의 방향을 구체화",전문형,high_korean
10,https://kimstutoring.co.kr,pocheon-elementary-english,publish,ko,경기도,포천,영어,초등학생,포천 초등학생 영어과외,포천 초등학생 영어과외,"포천 초등학생 영어 과외 수업은 정해진 진도보다 현재 실력과 배우는 이유를 중요하게 봅니다. 지역과 일정에 따라 1:1 방문수업 또는 화상수업으로 진행하며, 기초 어휘와 문장 이해, 읽기 학습을 학생의… 방식으로 수업하고 있습니다.",초등학생 수준에 맞춰 영어 기초와 꾸준한 학습 습관을 기르는 1:1 온라인 과외 찾기,핵심 고민은 “기초 어휘가 부족하고 짧은 문장의 뜻을 이해하거나 꾸준히 읽는 데 어려움이 있음”입니다.,"기초 어휘, 문장 이해, 짧은 글 읽기, 학습 습관","지역과 일정에 따라 1:1 방문수업 또는 화상수업으로 진행하며, 기초 어휘와 문장 이해, 읽기 학습을 학생의 수준과 학습 속도에 맞춰 지도",익숙한 어휘로 짧은 문장의 뜻을 파악하고 스스로 읽고 복습하는 습관 형성,친근형,elementary_english
11,https://kimstutoring.co.kr,pocheon-middle-english,publish,ko,경기도,포천,영어,중학생,포천 중학생 영어과외,포천 중학생 영어과외,"중학생 영어 과외 공부를 다시 시작하려는 분께 포천 1:1 수업이 맞는 출발점을 찾아드립니다. 지역과 일정에 따라 1:1 방문수업 또는 화상수업으로 진행하며, 어휘·문법·독해를 기본으로 학교별 내신과… 방식으로 수업하고 있습니다.",중학생 영어 문법과 독해를 보완하고 학교별 내신과 서술형 및 수행평가를 준비하는 온라인 과외 찾기,핵심 고민은 “어휘와 문법을 배워도 지문에 적용하기 어렵고 서술형 답안과 수행평가 준비가 막막함”입니다.,"어휘, 문법, 독해, 학교별 내신, 서술형, 수행평가","지역과 일정에 따라 1:1 방문수업 또는 화상수업으로 진행하며, 어휘·문법·독해를 기본으로 학교별 내신과 서술형, 수행평가까지 학생의 취약 부분에 맞춰 지도",문법 근거를 설명하며 지문을 읽고 학교 평가 기준에 맞춰 답안을 작성하는 능력 향상,코칭형,middle_english
12,https://kimstutoring.co.kr,pocheon-high-english,publish,ko,경기도,포천,영어,고등학생,포천 고등학생 영어과외,포천 고등학생 영어과외,"포천에서 배우는 고등학생 영어 과외, 실제로 쓰려는 상황에 맞춰 수업 내용을 정합니다. 지역과 일정에 따라 1:1 방문수업 또는 화상수업으로 진행하며, 어휘·구문독해부터 학교별 내신, 모의고사와 수능… 방식으로 수업하고 있습니다.",고등학생 영어 내신과 모의고사 및 수능 준비를 현재 수준에 맞춰 병행하는 온라인 과외 찾기,핵심 고민은 “긴 문장의 구조를 파악하기 어렵고 내신과 모의고사 지문을 읽는 데 시간이 오래 걸림”입니다.,"어휘, 구문독해, 학교별 내신, 모의고사, 수능","지역과 일정에 따라 1:1 방문수업 또는 화상수업으로 진행하며, 어휘·구문독해부터 학교별 내신, 모의고사와 수능 대비까지 현재 실력과 목표에 맞춰 지도",복잡한 문장의 구조를 파악하고 지문의 근거를 바탕으로 답을 선택하는 독해 능력 향상,전문형,high_english
13,https://kimstutoring.co.kr,pocheon-elementary-math,publish,ko,경기도,포천,수학,초등학생,포천 초등학생 수학과외,포천 초등학생 수학과외,"초등학생 수학 과외 공부를 다시 시작하려는 분께 포천 1:1 수업이 맞는 출발점을 찾아드립니다. 지역과 일정에 따라 1:1 방문수업 또는 화상수업으로 진행하며, 연산과 기초개념을 탄탄히 다지고 문제를 이해하는… 방식으로 수업하고 있습니다.",초등학생 수학 연산과 기초개념을 다지고 문제 이해와 풀이 습관을 기르는 온라인 과외 찾기,핵심 고민은 “계산 실수가 반복되고 문장형 문제에서 무엇을 구해야 하는지 파악하기 어려움”입니다.,"연산, 기초개념, 문제 이해, 풀이 습관","지역과 일정에 따라 1:1 방문수업 또는 화상수업으로 진행하며, 연산과 기초개념을 탄탄히 다지고 문제를 이해하는 과정과 올바른 풀이 습관을 학생 수준에 맞춰 지도",계산 과정을 점검하고 문제의 조건을 이해하며 풀이 순서를 정리하는 습관 형성,친근형,elementary_math
14,https://kimstutoring.co.kr,pocheon-middle-math,publish,ko,경기도,포천,수학,중학생,포천 중학생 수학과외,포천 중학생 수학과외,"중학생 수학 과외 공부를 다시 시작하려는 분께 포천 1:1 수업이 맞는 출발점을 찾아드립니다. 지역과 일정에 따라 1:1 방문수업 또는 화상수업으로 진행하며, 개념 이해와 유형별 문제풀이를 연결하고 학교별… 방식으로 수업하고 있습니다.",중학생 수학 개념과 유형별 문제풀이를 연결하고 내신 및 서술형을 준비하는 온라인 과외 찾기,핵심 고민은 “개념을 외워도 문제 유형이 바뀌면 적용하기 어렵고 같은 오답과 풀이 과정 누락이 반복됨”입니다.,"개념, 유형별 문제풀이, 학교별 내신, 서술형, 오답관리","지역과 일정에 따라 1:1 방문수업 또는 화상수업으로 진행하며, 개념 이해와 유형별 문제풀이를 연결하고 학교별 내신, 서술형, 오답관리까지 취약 단원에 맞춰 지도",문제에 맞는 개념을 선택하고 풀이 근거를 순서대로 쓰며 반복되는 실수를 줄이는 능력 향상,코칭형,middle_math
15,https://kimstutoring.co.kr,pocheon-high-math,publish,ko,경기도,포천,수학,고등학생,포천 고등학생 수학과외,포천 고등학생 수학과외,"포천에서 고등학생 수학 과외 수업을 찾고 계신다면 지금 필요한 내용부터 시작할 수 있습니다. 지역과 일정에 따라 1:1 방문수업 또는 화상수업으로 진행하며, 개념과 유형별 문제풀이부터 학교별 내신,… 방식으로 수업하고 있습니다.",고등학생 수학 취약단원을 보완하면서 내신과 모의고사 및 수능을 준비하는 온라인 과외 찾기,핵심 고민은 “개념 사이의 연결이 약하고 복합 문제의 접근 방법을 찾기 어려우며 취약단원에서 오답이 반복됨”입니다.,"개념, 유형별 문제풀이, 학교별 내신, 모의고사, 수능, 취약단원, 오답분석","지역과 일정에 따라 1:1 방문수업 또는 화상수업으로 진행하며, 개념과 유형별 문제풀이부터 학교별 내신, 모의고사와 수능 대비, 취약단원 및 오답분석까지 목표에 맞춰 지도",취약단원의 개념을 연결하고 문제 조건에 맞는 풀이 전략을 선택하며 오답 원인을 스스로 설명하는 능력 향상,전문형,high_math
16,https://kimstutoring.co.kr,pocheon-elementary-korean,publish,ko,경기도,포천,국어,초등학생,포천 초등학생 국어과외,포천 초등학생 국어과외,"포천에서 초등학생 국어 과외 수업을 찾고 계신다면 지금 필요한 내용부터 시작할 수 있습니다. 지역과 일정에 따라 1:1 방문수업 또는 화상수업으로 진행하며, 어휘와 독해를 바탕으로 글의 내용을 이해하고… 방식으로 수업하고 있습니다.",초등학생의 국어 기초와 문해력을 잡아줄 1:1 국어과외 탐색,핵심 고민은 “글을 읽어도 내용을 정확히 이해하지 못하거나 어휘력이 부족해 문제의 뜻을 파악하는 데 어려움”입니다.,"어휘, 독해, 문장 이해, 글의 중심내용 파악, 기초 문해력, 글쓰기, 학습 습관","지역과 일정에 따라 1:1 방문수업 또는 화상수업으로 진행하며, 어휘와 독해를 바탕으로 글의 내용을 이해하고 자신의 생각을 표현하는 힘을 학생의 수준과 학습 속도에 맞춰 지도","글을 읽고 핵심 내용을 파악하는 힘을 기르고, 국어뿐 아니라 다른 과목의 문제를 이해하는 데 필요한 기초 문해력과 학습 습관 형성",친근형,elementary_korean
17,https://kimstutoring.co.kr,pocheon-middle-korean,publish,ko,경기도,포천,국어,중학생,포천 중학생 국어과외,포천 중학생 국어과외,"중학생 국어 과외 공부를 다시 시작하려는 분께 포천 1:1 수업이 맞는 출발점을 찾아드립니다. 지역과 일정에 따라 1:1 방문수업 또는 화상수업으로 진행하며, 문학·비문학 독해와 문법을 기본으로 학교별… 방식으로 수업하고 있습니다.",학교 내신과 국어 기본기를 함께 준비할 1:1 중등 국어과외 탐색,"핵심 고민은 “문학과 비문학 지문을 감으로 풀거나 문법 개념이 부족하고, 학교 시험의 서술형·수행평가 대비가 어려움”입니다.","문학, 비문학, 문법, 어휘, 학교별 내신, 서술형, 수행평가, 오답관리","지역과 일정에 따라 1:1 방문수업 또는 화상수업으로 진행하며, 문학·비문학 독해와 문법을 기본으로 학교별 내신, 서술형과 수행평가까지 학생의 취약 부분에 맞춰 지도","지문을 근거로 읽고 문제를 해결하는 방법을 익히며, 부족한 영역을 파악해 내신과 고등 국어 학습에 필요한 기본기 강화",코칭형,middle_korean
18,https://kimstutoring.co.kr,pocheon-high-korean,publish,ko,경기도,포천,국어,고등학생,포천 고등학생 국어과외,포천 고등학생 국어과외,"포천에서 고등학생 국어 과외 수업을 찾고 계신다면 지금 필요한 내용부터 시작할 수 있습니다. 지역과 일정에 따라 1:1 방문수업 또는 화상수업으로 진행하며, 문학과 독서의 지문 분석부터 학교별 내신,… 방식으로 수업하고 있습니다.",내신과 모의고사·수능을 함께 대비할 1:1 고등 국어과외 탐색,"핵심 고민은 “긴 지문의 핵심을 빠르게 파악하기 어렵거나 문학·독서·문법 영역별 편차가 크고, 모의고사에서 시간 관리와…”입니다.","문학, 독서, 화법과 언어, 작문, 학교별 내신, 모의고사, 수능, 취약영역, 오답분석","지역과 일정에 따라 1:1 방문수업 또는 화상수업으로 진행하며, 문학과 독서의 지문 분석부터 학교별 내신, 모의고사와 수능 대비, 취약영역 및 오답분석까지 현재 실력과 목표에 맞춰 지도","지문을 분석하는 기준과 문제 접근 방법을 익히고, 취약영역과 반복되는 오답을 점검하면서 내신·모의고사·수능 학습의 방향을 구체화",전문형,high_korean
19,https://kimstutoring.co.kr,yangju-elementary-english,publish,ko,경기도,양주,영어,초등학생,양주 초등학생 영어과외,양주 초등학생 영어과외,"양주에서 초등학생 영어 과외 수업을 찾고 계신다면 지금 필요한 내용부터 시작할 수 있습니다. 지역과 일정에 따라 1:1 방문수업 또는 화상수업으로 진행하며, 기초 어휘와 문장 이해, 읽기 학습을 학생의… 방식으로 수업하고 있습니다.",초등학생 수준에 맞춰 영어 기초와 꾸준한 학습 습관을 기르는 1:1 온라인 과외 찾기,핵심 고민은 “기초 어휘가 부족하고 짧은 문장의 뜻을 이해하거나 꾸준히 읽는 데 어려움이 있음”입니다.,"기초 어휘, 문장 이해, 짧은 글 읽기, 학습 습관","지역과 일정에 따라 1:1 방문수업 또는 화상수업으로 진행하며, 기초 어휘와 문장 이해, 읽기 학습을 학생의 수준과 학습 속도에 맞춰 지도",익숙한 어휘로 짧은 문장의 뜻을 파악하고 스스로 읽고 복습하는 습관 형성,친근형,elementary_english
20,https://kimstutoring.co.kr,yangju-middle-english,publish,ko,경기도,양주,영어,중학생,양주 중학생 영어과외,양주 중학생 영어과외,"양주 중학생 영어 과외 수업은 정해진 진도보다 현재 실력과 배우는 이유를 중요하게 봅니다. 지역과 일정에 따라 1:1 방문수업 또는 화상수업으로 진행하며, 어휘·문법·독해를 기본으로 학교별 내신과… 방식으로 수업하고 있습니다.",중학생 영어 문법과 독해를 보완하고 학교별 내신과 서술형 및 수행평가를 준비하는 온라인 과외 찾기,핵심 고민은 “어휘와 문법을 배워도 지문에 적용하기 어렵고 서술형 답안과 수행평가 준비가 막막함”입니다.,"어휘, 문법, 독해, 학교별 내신, 서술형, 수행평가","지역과 일정에 따라 1:1 방문수업 또는 화상수업으로 진행하며, 어휘·문법·독해를 기본으로 학교별 내신과 서술형, 수행평가까지 학생의 취약 부분에 맞춰 지도",문법 근거를 설명하며 지문을 읽고 학교 평가 기준에 맞춰 답안을 작성하는 능력 향상,코칭형,middle_english
21,https://kimstutoring.co.kr,yangju-high-english,publish,ko,경기도,양주,영어,고등학생,양주 고등학생 영어과외,양주 고등학생 영어과외,"고등학생 영어 과외 공부를 다시 시작하려는 분께 양주 1:1 수업이 맞는 출발점을 찾아드립니다. 지역과 일정에 따라 1:1 방문수업 또는 화상수업으로 진행하며, 어휘·구문독해부터 학교별 내신, 모의고사와 수능… 방식으로 수업하고 있습니다.",고등학생 영어 내신과 모의고사 및 수능 준비를 현재 수준에 맞춰 병행하는 온라인 과외 찾기,핵심 고민은 “긴 문장의 구조를 파악하기 어렵고 내신과 모의고사 지문을 읽는 데 시간이 오래 걸림”입니다.,"어휘, 구문독해, 학교별 내신, 모의고사, 수능","지역과 일정에 따라 1:1 방문수업 또는 화상수업으로 진행하며, 어휘·구문독해부터 학교별 내신, 모의고사와 수능 대비까지 현재 실력과 목표에 맞춰 지도",복잡한 문장의 구조를 파악하고 지문의 근거를 바탕으로 답을 선택하는 독해 능력 향상,전문형,high_english
22,https://kimstutoring.co.kr,yangju-elementary-math,publish,ko,경기도,양주,수학,초등학생,양주 초등학생 수학과외,양주 초등학생 수학과외,"양주 초등학생 수학 과외 수업은 정해진 진도보다 현재 실력과 배우는 이유를 중요하게 봅니다. 지역과 일정에 따라 1:1 방문수업 또는 화상수업으로 진행하며, 연산과 기초개념을 탄탄히 다지고 문제를 이해하는… 방식으로 수업하고 있습니다.",초등학생 수학 연산과 기초개념을 다지고 문제 이해와 풀이 습관을 기르는 온라인 과외 찾기,핵심 고민은 “계산 실수가 반복되고 문장형 문제에서 무엇을 구해야 하는지 파악하기 어려움”입니다.,"연산, 기초개념, 문제 이해, 풀이 습관","지역과 일정에 따라 1:1 방문수업 또는 화상수업으로 진행하며, 연산과 기초개념을 탄탄히 다지고 문제를 이해하는 과정과 올바른 풀이 습관을 학생 수준에 맞춰 지도",계산 과정을 점검하고 문제의 조건을 이해하며 풀이 순서를 정리하는 습관 형성,친근형,elementary_math
23,https://kimstutoring.co.kr,yangju-middle-math,publish,ko,경기도,양주,수학,중학생,양주 중학생 수학과외,양주 중학생 수학과외,"양주 중학생 수학 과외 수업은 정해진 진도보다 현재 실력과 배우는 이유를 중요하게 봅니다. 지역과 일정에 따라 1:1 방문수업 또는 화상수업으로 진행하며, 개념 이해와 유형별 문제풀이를 연결하고 학교별… 방식으로 수업하고 있습니다.",중학생 수학 개념과 유형별 문제풀이를 연결하고 내신 및 서술형을 준비하는 온라인 과외 찾기,핵심 고민은 “개념을 외워도 문제 유형이 바뀌면 적용하기 어렵고 같은 오답과 풀이 과정 누락이 반복됨”입니다.,"개념, 유형별 문제풀이, 학교별 내신, 서술형, 오답관리","지역과 일정에 따라 1:1 방문수업 또는 화상수업으로 진행하며, 개념 이해와 유형별 문제풀이를 연결하고 학교별 내신, 서술형, 오답관리까지 취약 단원에 맞춰 지도",문제에 맞는 개념을 선택하고 풀이 근거를 순서대로 쓰며 반복되는 실수를 줄이는 능력 향상,코칭형,middle_math
24,https://kimstutoring.co.kr,yangju-high-math,publish,ko,경기도,양주,수학,고등학생,양주 고등학생 수학과외,양주 고등학생 수학과외,"양주에서 배우는 고등학생 수학 과외, 실제로 쓰려는 상황에 맞춰 수업 내용을 정합니다. 지역과 일정에 따라 1:1 방문수업 또는 화상수업으로 진행하며, 개념과 유형별 문제풀이부터 학교별 내신,… 방식으로 수업하고 있습니다.",고등학생 수학 취약단원을 보완하면서 내신과 모의고사 및 수능을 준비하는 온라인 과외 찾기,핵심 고민은 “개념 사이의 연결이 약하고 복합 문제의 접근 방법을 찾기 어려우며 취약단원에서 오답이 반복됨”입니다.,"개념, 유형별 문제풀이, 학교별 내신, 모의고사, 수능, 취약단원, 오답분석","지역과 일정에 따라 1:1 방문수업 또는 화상수업으로 진행하며, 개념과 유형별 문제풀이부터 학교별 내신, 모의고사와 수능 대비, 취약단원 및 오답분석까지 목표에 맞춰 지도",취약단원의 개념을 연결하고 문제 조건에 맞는 풀이 전략을 선택하며 오답 원인을 스스로 설명하는 능력 향상,전문형,high_math
25,https://kimstutoring.co.kr,yangju-elementary-korean,publish,ko,경기도,양주,국어,초등학생,양주 초등학생 국어과외,양주 초등학생 국어과외,"양주에서 배우는 초등학생 국어 과외, 실제로 쓰려는 상황에 맞춰 수업 내용을 정합니다. 지역과 일정에 따라 1:1 방문수업 또는 화상수업으로 진행하며, 어휘와 독해를 바탕으로 글의 내용을 이해하고… 방식으로 수업하고 있습니다.",초등학생의 국어 기초와 문해력을 잡아줄 1:1 국어과외 탐색,핵심 고민은 “글을 읽어도 내용을 정확히 이해하지 못하거나 어휘력이 부족해 문제의 뜻을 파악하는 데 어려움”입니다.,"어휘, 독해, 문장 이해, 글의 중심내용 파악, 기초 문해력, 글쓰기, 학습 습관","지역과 일정에 따라 1:1 방문수업 또는 화상수업으로 진행하며, 어휘와 독해를 바탕으로 글의 내용을 이해하고 자신의 생각을 표현하는 힘을 학생의 수준과 학습 속도에 맞춰 지도","글을 읽고 핵심 내용을 파악하는 힘을 기르고, 국어뿐 아니라 다른 과목의 문제를 이해하는 데 필요한 기초 문해력과 학습 습관 형성",친근형,elementary_korean
26,https://kimstutoring.co.kr,yangju-middle-korean,publish,ko,경기도,양주,국어,중학생,양주 중학생 국어과외,양주 중학생 국어과외,"양주 중학생 국어 과외 수업은 정해진 진도보다 현재 실력과 배우는 이유를 중요하게 봅니다. 지역과 일정에 따라 1:1 방문수업 또는 화상수업으로 진행하며, 문학·비문학 독해와 문법을 기본으로 학교별… 방식으로 수업하고 있습니다.",학교 내신과 국어 기본기를 함께 준비할 1:1 중등 국어과외 탐색,"핵심 고민은 “문학과 비문학 지문을 감으로 풀거나 문법 개념이 부족하고, 학교 시험의 서술형·수행평가 대비가 어려움”입니다.","문학, 비문학, 문법, 어휘, 학교별 내신, 서술형, 수행평가, 오답관리","지역과 일정에 따라 1:1 방문수업 또는 화상수업으로 진행하며, 문학·비문학 독해와 문법을 기본으로 학교별 내신, 서술형과 수행평가까지 학생의 취약 부분에 맞춰 지도","지문을 근거로 읽고 문제를 해결하는 방법을 익히며, 부족한 영역을 파악해 내신과 고등 국어 학습에 필요한 기본기 강화",코칭형,middle_korean
27,https://kimstutoring.co.kr,yangju-high-korean,publish,ko,경기도,양주,국어,고등학생,양주 고등학생 국어과외,양주 고등학생 국어과외,"양주에서 배우는 고등학생 국어 과외, 실제로 쓰려는 상황에 맞춰 수업 내용을 정합니다. 지역과 일정에 따라 1:1 방문수업 또는 화상수업으로 진행하며, 문학과 독서의 지문 분석부터 학교별 내신,… 방식으로 수업하고 있습니다.",내신과 모의고사·수능을 함께 대비할 1:1 고등 국어과외 탐색,"핵심 고민은 “긴 지문의 핵심을 빠르게 파악하기 어렵거나 문학·독서·문법 영역별 편차가 크고, 모의고사에서 시간 관리와…”입니다.","문학, 독서, 화법과 언어, 작문, 학교별 내신, 모의고사, 수능, 취약영역, 오답분석","지역과 일정에 따라 1:1 방문수업 또는 화상수업으로 진행하며, 문학과 독서의 지문 분석부터 학교별 내신, 모의고사와 수능 대비, 취약영역 및 오답분석까지 현재 실력과 목표에 맞춰 지도","지문을 분석하는 기준과 문제 접근 방법을 익히고, 취약영역과 반복되는 오답을 점검하면서 내신·모의고사·수능 학습의 방향을 구체화",전문형,high_korean
28,https://kimstutoring.co.kr,uijeongbu-elementary-english,publish,ko,경기도,의정부,영어,초등학생,의정부 초등학생 영어과외,의정부 초등학생 영어과외,"의정부에서 초등학생 영어 과외 수업을 찾고 계신다면 지금 필요한 내용부터 시작할 수 있습니다. 지역과 일정에 따라 1:1 방문수업 또는 화상수업으로 진행하며, 기초 어휘와 문장 이해, 읽기 학습을 학생의… 방식으로 수업하고 있습니다.",초등학생 수준에 맞춰 영어 기초와 꾸준한 학습 습관을 기르는 1:1 온라인 과외 찾기,핵심 고민은 “기초 어휘가 부족하고 짧은 문장의 뜻을 이해하거나 꾸준히 읽는 데 어려움이 있음”입니다.,"기초 어휘, 문장 이해, 짧은 글 읽기, 학습 습관","지역과 일정에 따라 1:1 방문수업 또는 화상수업으로 진행하며, 기초 어휘와 문장 이해, 읽기 학습을 학생의 수준과 학습 속도에 맞춰 지도",익숙한 어휘로 짧은 문장의 뜻을 파악하고 스스로 읽고 복습하는 습관 형성,친근형,elementary_english
29,https://kimstutoring.co.kr,uijeongbu-middle-english,publish,ko,경기도,의정부,영어,중학생,의정부 중학생 영어과외,의정부 중학생 영어과외,"의정부 중학생 영어 과외 수업은 정해진 진도보다 현재 실력과 배우는 이유를 중요하게 봅니다. 지역과 일정에 따라 1:1 방문수업 또는 화상수업으로 진행하며, 어휘·문법·독해를 기본으로 학교별 내신과… 방식으로 수업하고 있습니다.",중학생 영어 문법과 독해를 보완하고 학교별 내신과 서술형 및 수행평가를 준비하는 온라인 과외 찾기,핵심 고민은 “어휘와 문법을 배워도 지문에 적용하기 어렵고 서술형 답안과 수행평가 준비가 막막함”입니다.,"어휘, 문법, 독해, 학교별 내신, 서술형, 수행평가","지역과 일정에 따라 1:1 방문수업 또는 화상수업으로 진행하며, 어휘·문법·독해를 기본으로 학교별 내신과 서술형, 수행평가까지 학생의 취약 부분에 맞춰 지도",문법 근거를 설명하며 지문을 읽고 학교 평가 기준에 맞춰 답안을 작성하는 능력 향상,코칭형,middle_english
30,https://kimstutoring.co.kr,uijeongbu-high-english,publish,ko,경기도,의정부,영어,고등학생,의정부 고등학생 영어과외,의정부 고등학생 영어과외,"고등학생 영어 과외 공부를 다시 시작하려는 분께 의정부 1:1 수업이 맞는 출발점을 찾아드립니다. 지역과 일정에 따라 1:1 방문수업 또는 화상수업으로 진행하며, 어휘·구문독해부터 학교별 내신, 모의고사와 수능… 방식으로 수업하고 있습니다.",고등학생 영어 내신과 모의고사 및 수능 준비를 현재 수준에 맞춰 병행하는 온라인 과외 찾기,핵심 고민은 “긴 문장의 구조를 파악하기 어렵고 내신과 모의고사 지문을 읽는 데 시간이 오래 걸림”입니다.,"어휘, 구문독해, 학교별 내신, 모의고사, 수능","지역과 일정에 따라 1:1 방문수업 또는 화상수업으로 진행하며, 어휘·구문독해부터 학교별 내신, 모의고사와 수능 대비까지 현재 실력과 목표에 맞춰 지도",복잡한 문장의 구조를 파악하고 지문의 근거를 바탕으로 답을 선택하는 독해 능력 향상,전문형,high_english
31,https://kimstutoring.co.kr,uijeongbu-elementary-math,publish,ko,경기도,의정부,수학,초등학생,의정부 초등학생 수학과외,의정부 초등학생 수학과외,"의정부 초등학생 수학 과외 수업은 정해진 진도보다 현재 실력과 배우는 이유를 중요하게 봅니다. 지역과 일정에 따라 1:1 방문수업 또는 화상수업으로 진행하며, 연산과 기초개념을 탄탄히 다지고 문제를 이해하는… 방식으로 수업하고 있습니다.",초등학생 수학 연산과 기초개념을 다지고 문제 이해와 풀이 습관을 기르는 온라인 과외 찾기,핵심 고민은 “계산 실수가 반복되고 문장형 문제에서 무엇을 구해야 하는지 파악하기 어려움”입니다.,"연산, 기초개념, 문제 이해, 풀이 습관","지역과 일정에 따라 1:1 방문수업 또는 화상수업으로 진행하며, 연산과 기초개념을 탄탄히 다지고 문제를 이해하는 과정과 올바른 풀이 습관을 학생 수준에 맞춰 지도",계산 과정을 점검하고 문제의 조건을 이해하며 풀이 순서를 정리하는 습관 형성,친근형,elementary_math
32,https://kimstutoring.co.kr,uijeongbu-middle-math,publish,ko,경기도,의정부,수학,중학생,의정부 중학생 수학과외,의정부 중학생 수학과외,"의정부 중학생 수학 과외 수업은 정해진 진도보다 현재 실력과 배우는 이유를 중요하게 봅니다. 지역과 일정에 따라 1:1 방문수업 또는 화상수업으로 진행하며, 개념 이해와 유형별 문제풀이를 연결하고 학교별… 방식으로 수업하고 있습니다.",중학생 수학 개념과 유형별 문제풀이를 연결하고 내신 및 서술형을 준비하는 온라인 과외 찾기,핵심 고민은 “개념을 외워도 문제 유형이 바뀌면 적용하기 어렵고 같은 오답과 풀이 과정 누락이 반복됨”입니다.,"개념, 유형별 문제풀이, 학교별 내신, 서술형, 오답관리","지역과 일정에 따라 1:1 방문수업 또는 화상수업으로 진행하며, 개념 이해와 유형별 문제풀이를 연결하고 학교별 내신, 서술형, 오답관리까지 취약 단원에 맞춰 지도",문제에 맞는 개념을 선택하고 풀이 근거를 순서대로 쓰며 반복되는 실수를 줄이는 능력 향상,코칭형,middle_math
33,https://kimstutoring.co.kr,uijeongbu-high-math,publish,ko,경기도,의정부,수학,고등학생,의정부 고등학생 수학과외,의정부 고등학생 수학과외,"의정부에서 배우는 고등학생 수학 과외, 실제로 쓰려는 상황에 맞춰 수업 내용을 정합니다. 지역과 일정에 따라 1:1 방문수업 또는 화상수업으로 진행하며, 개념과 유형별 문제풀이부터 학교별 내신,… 방식으로 수업하고 있습니다.",고등학생 수학 취약단원을 보완하면서 내신과 모의고사 및 수능을 준비하는 온라인 과외 찾기,핵심 고민은 “개념 사이의 연결이 약하고 복합 문제의 접근 방법을 찾기 어려우며 취약단원에서 오답이 반복됨”입니다.,"개념, 유형별 문제풀이, 학교별 내신, 모의고사, 수능, 취약단원, 오답분석","지역과 일정에 따라 1:1 방문수업 또는 화상수업으로 진행하며, 개념과 유형별 문제풀이부터 학교별 내신, 모의고사와 수능 대비, 취약단원 및 오답분석까지 목표에 맞춰 지도",취약단원의 개념을 연결하고 문제 조건에 맞는 풀이 전략을 선택하며 오답 원인을 스스로 설명하는 능력 향상,전문형,high_math
34,https://kimstutoring.co.kr,uijeongbu-elementary-korean,publish,ko,경기도,의정부,국어,초등학생,의정부 초등학생 국어과외,의정부 초등학생 국어과외,"의정부에서 배우는 초등학생 국어 과외, 실제로 쓰려는 상황에 맞춰 수업 내용을 정합니다. 지역과 일정에 따라 1:1 방문수업 또는 화상수업으로 진행하며, 어휘와 독해를 바탕으로 글의 내용을 이해하고… 방식으로 수업하고 있습니다.",초등학생의 국어 기초와 문해력을 잡아줄 1:1 국어과외 탐색,핵심 고민은 “글을 읽어도 내용을 정확히 이해하지 못하거나 어휘력이 부족해 문제의 뜻을 파악하는 데 어려움”입니다.,"어휘, 독해, 문장 이해, 글의 중심내용 파악, 기초 문해력, 글쓰기, 학습 습관","지역과 일정에 따라 1:1 방문수업 또는 화상수업으로 진행하며, 어휘와 독해를 바탕으로 글의 내용을 이해하고 자신의 생각을 표현하는 힘을 학생의 수준과 학습 속도에 맞춰 지도","글을 읽고 핵심 내용을 파악하는 힘을 기르고, 국어뿐 아니라 다른 과목의 문제를 이해하는 데 필요한 기초 문해력과 학습 습관 형성",친근형,elementary_korean
35,https://kimstutoring.co.kr,uijeongbu-middle-korean,publish,ko,경기도,의정부,국어,중학생,의정부 중학생 국어과외,의정부 중학생 국어과외,"의정부 중학생 국어 과외 수업은 정해진 진도보다 현재 실력과 배우는 이유를 중요하게 봅니다. 지역과 일정에 따라 1:1 방문수업 또는 화상수업으로 진행하며, 문학·비문학 독해와 문법을 기본으로 학교별… 방식으로 수업하고 있습니다.",학교 내신과 국어 기본기를 함께 준비할 1:1 중등 국어과외 탐색,"핵심 고민은 “문학과 비문학 지문을 감으로 풀거나 문법 개념이 부족하고, 학교 시험의 서술형·수행평가 대비가 어려움”입니다.","문학, 비문학, 문법, 어휘, 학교별 내신, 서술형, 수행평가, 오답관리","지역과 일정에 따라 1:1 방문수업 또는 화상수업으로 진행하며, 문학·비문학 독해와 문법을 기본으로 학교별 내신, 서술형과 수행평가까지 학생의 취약 부분에 맞춰 지도","지문을 근거로 읽고 문제를 해결하는 방법을 익히며, 부족한 영역을 파악해 내신과 고등 국어 학습에 필요한 기본기 강화",코칭형,middle_korean
36,https://kimstutoring.co.kr,uijeongbu-high-korean,publish,ko,경기도,의정부,국어,고등학생,의정부 고등학생 국어과외,의정부 고등학생 국어과외,"의정부에서 배우는 고등학생 국어 과외, 실제로 쓰려는 상황에 맞춰 수업 내용을 정합니다. 지역과 일정에 따라 1:1 방문수업 또는 화상수업으로 진행하며, 문학과 독서의 지문 분석부터 학교별 내신,… 방식으로 수업하고 있습니다.",내신과 모의고사·수능을 함께 대비할 1:1 고등 국어과외 탐색,"핵심 고민은 “긴 지문의 핵심을 빠르게 파악하기 어렵거나 문학·독서·문법 영역별 편차가 크고, 모의고사에서 시간 관리와…”입니다.","문학, 독서, 화법과 언어, 작문, 학교별 내신, 모의고사, 수능, 취약영역, 오답분석","지역과 일정에 따라 1:1 방문수업 또는 화상수업으로 진행하며, 문학과 독서의 지문 분석부터 학교별 내신, 모의고사와 수능 대비, 취약영역 및 오답분석까지 현재 실력과 목표에 맞춰 지도","지문을 분석하는 기준과 문제 접근 방법을 익히고, 취약영역과 반복되는 오답을 점검하면서 내신·모의고사·수능 학습의 방향을 구체화",전문형,high_korean
37,https://kimstutoring.co.kr,nam-yangju-elementary-english,publish,ko,경기도,남양주,영어,초등학생,남양주 초등학생 영어과외,남양주 초등학생 영어과외,"남양주에서 초등학생 영어 과외 실력을 늘리고 싶다면 자주 막히는 부분부터 직접 다뤄봅니다. 지역과 일정에 따라 1:1 방문수업 또는 화상수업으로 진행하며, 기초 어휘와 문장 이해, 읽기 학습을 학생의… 방식으로 수업하고 있습니다.",초등학생 수준에 맞춰 영어 기초와 꾸준한 학습 습관을 기르는 1:1 온라인 과외 찾기,핵심 고민은 “기초 어휘가 부족하고 짧은 문장의 뜻을 이해하거나 꾸준히 읽는 데 어려움이 있음”입니다.,"기초 어휘, 문장 이해, 짧은 글 읽기, 학습 습관","지역과 일정에 따라 1:1 방문수업 또는 화상수업으로 진행하며, 기초 어휘와 문장 이해, 읽기 학습을 학생의 수준과 학습 속도에 맞춰 지도",익숙한 어휘로 짧은 문장의 뜻을 파악하고 스스로 읽고 복습하는 습관 형성,친근형,elementary_english
38,https://kimstutoring.co.kr,nam-yangju-middle-english,publish,ko,경기도,남양주,영어,중학생,남양주 중학생 영어과외,남양주 중학생 영어과외,"중학생 영어 과외 공부를 처음 시작한다면 남양주에서도 기초부터 1:1로 배울 수 있습니다. 지역과 일정에 따라 1:1 방문수업 또는 화상수업으로 진행하며, 어휘·문법·독해를 기본으로 학교별 내신과… 방식으로 수업하고 있습니다.",중학생 영어 문법과 독해를 보완하고 학교별 내신과 서술형 및 수행평가를 준비하는 온라인 과외 찾기,핵심 고민은 “어휘와 문법을 배워도 지문에 적용하기 어렵고 서술형 답안과 수행평가 준비가 막막함”입니다.,"어휘, 문법, 독해, 학교별 내신, 서술형, 수행평가","지역과 일정에 따라 1:1 방문수업 또는 화상수업으로 진행하며, 어휘·문법·독해를 기본으로 학교별 내신과 서술형, 수행평가까지 학생의 취약 부분에 맞춰 지도",문법 근거를 설명하며 지문을 읽고 학교 평가 기준에 맞춰 답안을 작성하는 능력 향상,코칭형,middle_english
39,https://kimstutoring.co.kr,nam-yangju-high-english,publish,ko,경기도,남양주,영어,고등학생,남양주 고등학생 영어과외,남양주 고등학생 영어과외,"남양주에서 고등학생 영어 과외 실력을 늘리고 싶다면 자주 막히는 부분부터 직접 다뤄봅니다. 지역과 일정에 따라 1:1 방문수업 또는 화상수업으로 진행하며, 어휘·구문독해부터 학교별 내신, 모의고사와 수능… 방식으로 수업하고 있습니다.",고등학생 영어 내신과 모의고사 및 수능 준비를 현재 수준에 맞춰 병행하는 온라인 과외 찾기,핵심 고민은 “긴 문장의 구조를 파악하기 어렵고 내신과 모의고사 지문을 읽는 데 시간이 오래 걸림”입니다.,"어휘, 구문독해, 학교별 내신, 모의고사, 수능","지역과 일정에 따라 1:1 방문수업 또는 화상수업으로 진행하며, 어휘·구문독해부터 학교별 내신, 모의고사와 수능 대비까지 현재 실력과 목표에 맞춰 지도",복잡한 문장의 구조를 파악하고 지문의 근거를 바탕으로 답을 선택하는 독해 능력 향상,전문형,high_english
40,https://kimstutoring.co.kr,nam-yangju-elementary-math,publish,ko,경기도,남양주,수학,초등학생,남양주 초등학생 수학과외,남양주 초등학생 수학과외,"초등학생 수학 과외 공부를 처음 시작한다면 남양주에서도 기초부터 1:1로 배울 수 있습니다. 지역과 일정에 따라 1:1 방문수업 또는 화상수업으로 진행하며, 연산과 기초개념을 탄탄히 다지고 문제를 이해하는… 방식으로 수업하고 있습니다.",초등학생 수학 연산과 기초개념을 다지고 문제 이해와 풀이 습관을 기르는 온라인 과외 찾기,핵심 고민은 “계산 실수가 반복되고 문장형 문제에서 무엇을 구해야 하는지 파악하기 어려움”입니다.,"연산, 기초개념, 문제 이해, 풀이 습관","지역과 일정에 따라 1:1 방문수업 또는 화상수업으로 진행하며, 연산과 기초개념을 탄탄히 다지고 문제를 이해하는 과정과 올바른 풀이 습관을 학생 수준에 맞춰 지도",계산 과정을 점검하고 문제의 조건을 이해하며 풀이 순서를 정리하는 습관 형성,친근형,elementary_math
41,https://kimstutoring.co.kr,nam-yangju-middle-math,publish,ko,경기도,남양주,수학,중학생,남양주 중학생 수학과외,남양주 중학생 수학과외,"중학생 수학 과외 공부를 처음 시작한다면 남양주에서도 기초부터 1:1로 배울 수 있습니다. 지역과 일정에 따라 1:1 방문수업 또는 화상수업으로 진행하며, 개념 이해와 유형별 문제풀이를 연결하고 학교별… 방식으로 수업하고 있습니다.",중학생 수학 개념과 유형별 문제풀이를 연결하고 내신 및 서술형을 준비하는 온라인 과외 찾기,핵심 고민은 “개념을 외워도 문제 유형이 바뀌면 적용하기 어렵고 같은 오답과 풀이 과정 누락이 반복됨”입니다.,"개념, 유형별 문제풀이, 학교별 내신, 서술형, 오답관리","지역과 일정에 따라 1:1 방문수업 또는 화상수업으로 진행하며, 개념 이해와 유형별 문제풀이를 연결하고 학교별 내신, 서술형, 오답관리까지 취약 단원에 맞춰 지도",문제에 맞는 개념을 선택하고 풀이 근거를 순서대로 쓰며 반복되는 실수를 줄이는 능력 향상,코칭형,middle_math
42,https://kimstutoring.co.kr,nam-yangju-high-math,publish,ko,경기도,남양주,수학,고등학생,남양주 고등학생 수학과외,남양주 고등학생 수학과외,"남양주 고등학생 수학 과외 수업을 고민 중이라면 잘하는 부분과 보완할 부분을 나누어 시작합니다. 지역과 일정에 따라 1:1 방문수업 또는 화상수업으로 진행하며, 개념과 유형별 문제풀이부터 학교별 내신,… 방식으로 수업하고 있습니다.",고등학생 수학 취약단원을 보완하면서 내신과 모의고사 및 수능을 준비하는 온라인 과외 찾기,핵심 고민은 “개념 사이의 연결이 약하고 복합 문제의 접근 방법을 찾기 어려우며 취약단원에서 오답이 반복됨”입니다.,"개념, 유형별 문제풀이, 학교별 내신, 모의고사, 수능, 취약단원, 오답분석","지역과 일정에 따라 1:1 방문수업 또는 화상수업으로 진행하며, 개념과 유형별 문제풀이부터 학교별 내신, 모의고사와 수능 대비, 취약단원 및 오답분석까지 목표에 맞춰 지도",취약단원의 개념을 연결하고 문제 조건에 맞는 풀이 전략을 선택하며 오답 원인을 스스로 설명하는 능력 향상,전문형,high_math
43,https://kimstutoring.co.kr,nam-yangju-elementary-korean,publish,ko,경기도,남양주,국어,초등학생,남양주 초등학생 국어과외,남양주 초등학생 국어과외,"남양주 초등학생 국어 과외 수업을 고민 중이라면 잘하는 부분과 보완할 부분을 나누어 시작합니다. 지역과 일정에 따라 1:1 방문수업 또는 화상수업으로 진행하며, 어휘와 독해를 바탕으로 글의 내용을 이해하고… 방식으로 수업하고 있습니다.",초등학생의 국어 기초와 문해력을 잡아줄 1:1 국어과외 탐색,핵심 고민은 “글을 읽어도 내용을 정확히 이해하지 못하거나 어휘력이 부족해 문제의 뜻을 파악하는 데 어려움”입니다.,"어휘, 독해, 문장 이해, 글의 중심내용 파악, 기초 문해력, 글쓰기, 학습 습관","지역과 일정에 따라 1:1 방문수업 또는 화상수업으로 진행하며, 어휘와 독해를 바탕으로 글의 내용을 이해하고 자신의 생각을 표현하는 힘을 학생의 수준과 학습 속도에 맞춰 지도","글을 읽고 핵심 내용을 파악하는 힘을 기르고, 국어뿐 아니라 다른 과목의 문제를 이해하는 데 필요한 기초 문해력과 학습 습관 형성",친근형,elementary_korean
44,https://kimstutoring.co.kr,nam-yangju-middle-korean,publish,ko,경기도,남양주,국어,중학생,남양주 중학생 국어과외,남양주 중학생 국어과외,"중학생 국어 과외 공부를 처음 시작한다면 남양주에서도 기초부터 1:1로 배울 수 있습니다. 지역과 일정에 따라 1:1 방문수업 또는 화상수업으로 진행하며, 문학·비문학 독해와 문법을 기본으로 학교별… 방식으로 수업하고 있습니다.",학교 내신과 국어 기본기를 함께 준비할 1:1 중등 국어과외 탐색,"핵심 고민은 “문학과 비문학 지문을 감으로 풀거나 문법 개념이 부족하고, 학교 시험의 서술형·수행평가 대비가 어려움”입니다.","문학, 비문학, 문법, 어휘, 학교별 내신, 서술형, 수행평가, 오답관리","지역과 일정에 따라 1:1 방문수업 또는 화상수업으로 진행하며, 문학·비문학 독해와 문법을 기본으로 학교별 내신, 서술형과 수행평가까지 학생의 취약 부분에 맞춰 지도","지문을 근거로 읽고 문제를 해결하는 방법을 익히며, 부족한 영역을 파악해 내신과 고등 국어 학습에 필요한 기본기 강화",코칭형,middle_korean
45,https://kimstutoring.co.kr,nam-yangju-high-korean,publish,ko,경기도,남양주,국어,고등학생,남양주 고등학생 국어과외,남양주 고등학생 국어과외,"남양주 고등학생 국어 과외 수업을 고민 중이라면 잘하는 부분과 보완할 부분을 나누어 시작합니다. 지역과 일정에 따라 1:1 방문수업 또는 화상수업으로 진행하며, 문학과 독서의 지문 분석부터 학교별 내신,… 방식으로 수업하고 있습니다.",내신과 모의고사·수능을 함께 대비할 1:1 고등 국어과외 탐색,"핵심 고민은 “긴 지문의 핵심을 빠르게 파악하기 어렵거나 문학·독서·문법 영역별 편차가 크고, 모의고사에서 시간 관리와…”입니다.","문학, 독서, 화법과 언어, 작문, 학교별 내신, 모의고사, 수능, 취약영역, 오답분석","지역과 일정에 따라 1:1 방문수업 또는 화상수업으로 진행하며, 문학과 독서의 지문 분석부터 학교별 내신, 모의고사와 수능 대비, 취약영역 및 오답분석까지 현재 실력과 목표에 맞춰 지도","지문을 분석하는 기준과 문제 접근 방법을 익히고, 취약영역과 반복되는 오답을 점검하면서 내신·모의고사·수능 학습의 방향을 구체화",전문형,high_korean
46,https://kimstutoring.co.kr,guli-elementary-english,publish,ko,경기도,구리,영어,초등학생,구리 초등학생 영어과외,구리 초등학생 영어과외,"구리에서 초등학생 영어 과외 실력을 늘리고 싶다면 자주 막히는 부분부터 직접 다뤄봅니다. 지역과 일정에 따라 1:1 방문수업 또는 화상수업으로 진행하며, 기초 어휘와 문장 이해, 읽기 학습을 학생의… 방식으로 수업하고 있습니다.",초등학생 수준에 맞춰 영어 기초와 꾸준한 학습 습관을 기르는 1:1 온라인 과외 찾기,핵심 고민은 “기초 어휘가 부족하고 짧은 문장의 뜻을 이해하거나 꾸준히 읽는 데 어려움이 있음”입니다.,"기초 어휘, 문장 이해, 짧은 글 읽기, 학습 습관","지역과 일정에 따라 1:1 방문수업 또는 화상수업으로 진행하며, 기초 어휘와 문장 이해, 읽기 학습을 학생의 수준과 학습 속도에 맞춰 지도",익숙한 어휘로 짧은 문장의 뜻을 파악하고 스스로 읽고 복습하는 습관 형성,친근형,elementary_english
47,https://kimstutoring.co.kr,guli-middle-english,publish,ko,경기도,구리,영어,중학생,구리 중학생 영어과외,구리 중학생 영어과외,"중학생 영어 과외 공부를 처음 시작한다면 구리에서도 기초부터 1:1로 배울 수 있습니다. 지역과 일정에 따라 1:1 방문수업 또는 화상수업으로 진행하며, 어휘·문법·독해를 기본으로 학교별 내신과… 방식으로 수업하고 있습니다.",중학생 영어 문법과 독해를 보완하고 학교별 내신과 서술형 및 수행평가를 준비하는 온라인 과외 찾기,핵심 고민은 “어휘와 문법을 배워도 지문에 적용하기 어렵고 서술형 답안과 수행평가 준비가 막막함”입니다.,"어휘, 문법, 독해, 학교별 내신, 서술형, 수행평가","지역과 일정에 따라 1:1 방문수업 또는 화상수업으로 진행하며, 어휘·문법·독해를 기본으로 학교별 내신과 서술형, 수행평가까지 학생의 취약 부분에 맞춰 지도",문법 근거를 설명하며 지문을 읽고 학교 평가 기준에 맞춰 답안을 작성하는 능력 향상,코칭형,middle_english
48,https://kimstutoring.co.kr,guli-high-english,publish,ko,경기도,구리,영어,고등학생,구리 고등학생 영어과외,구리 고등학생 영어과외,"구리에서 고등학생 영어 과외 실력을 늘리고 싶다면 자주 막히는 부분부터 직접 다뤄봅니다. 지역과 일정에 따라 1:1 방문수업 또는 화상수업으로 진행하며, 어휘·구문독해부터 학교별 내신, 모의고사와 수능… 방식으로 수업하고 있습니다.",고등학생 영어 내신과 모의고사 및 수능 준비를 현재 수준에 맞춰 병행하는 온라인 과외 찾기,핵심 고민은 “긴 문장의 구조를 파악하기 어렵고 내신과 모의고사 지문을 읽는 데 시간이 오래 걸림”입니다.,"어휘, 구문독해, 학교별 내신, 모의고사, 수능","지역과 일정에 따라 1:1 방문수업 또는 화상수업으로 진행하며, 어휘·구문독해부터 학교별 내신, 모의고사와 수능 대비까지 현재 실력과 목표에 맞춰 지도",복잡한 문장의 구조를 파악하고 지문의 근거를 바탕으로 답을 선택하는 독해 능력 향상,전문형,high_english
49,https://kimstutoring.co.kr,guli-elementary-math,publish,ko,경기도,구리,수학,초등학생,구리 초등학생 수학과외,구리 초등학생 수학과외,"초등학생 수학 과외 공부를 처음 시작한다면 구리에서도 기초부터 1:1로 배울 수 있습니다. 지역과 일정에 따라 1:1 방문수업 또는 화상수업으로 진행하며, 연산과 기초개념을 탄탄히 다지고 문제를 이해하는… 방식으로 수업하고 있습니다.",초등학생 수학 연산과 기초개념을 다지고 문제 이해와 풀이 습관을 기르는 온라인 과외 찾기,핵심 고민은 “계산 실수가 반복되고 문장형 문제에서 무엇을 구해야 하는지 파악하기 어려움”입니다.,"연산, 기초개념, 문제 이해, 풀이 습관","지역과 일정에 따라 1:1 방문수업 또는 화상수업으로 진행하며, 연산과 기초개념을 탄탄히 다지고 문제를 이해하는 과정과 올바른 풀이 습관을 학생 수준에 맞춰 지도",계산 과정을 점검하고 문제의 조건을 이해하며 풀이 순서를 정리하는 습관 형성,친근형,elementary_math
50,https://kimstutoring.co.kr,guli-middle-math,publish,ko,경기도,구리,수학,중학생,구리 중학생 수학과외,구리 중학생 수학과외,"중학생 수학 과외 공부를 처음 시작한다면 구리에서도 기초부터 1:1로 배울 수 있습니다. 지역과 일정에 따라 1:1 방문수업 또는 화상수업으로 진행하며, 개념 이해와 유형별 문제풀이를 연결하고 학교별… 방식으로 수업하고 있습니다.",중학생 수학 개념과 유형별 문제풀이를 연결하고 내신 및 서술형을 준비하는 온라인 과외 찾기,핵심 고민은 “개념을 외워도 문제 유형이 바뀌면 적용하기 어렵고 같은 오답과 풀이 과정 누락이 반복됨”입니다.,"개념, 유형별 문제풀이, 학교별 내신, 서술형, 오답관리","지역과 일정에 따라 1:1 방문수업 또는 화상수업으로 진행하며, 개념 이해와 유형별 문제풀이를 연결하고 학교별 내신, 서술형, 오답관리까지 취약 단원에 맞춰 지도",문제에 맞는 개념을 선택하고 풀이 근거를 순서대로 쓰며 반복되는 실수를 줄이는 능력 향상,코칭형,middle_math
51,https://kimstutoring.co.kr,guli-high-math,publish,ko,경기도,구리,수학,고등학생,구리 고등학생 수학과외,구리 고등학생 수학과외,"구리 고등학생 수학 과외 수업을 고민 중이라면 잘하는 부분과 보완할 부분을 나누어 시작합니다. 지역과 일정에 따라 1:1 방문수업 또는 화상수업으로 진행하며, 개념과 유형별 문제풀이부터 학교별 내신,… 방식으로 수업하고 있습니다.",고등학생 수학 취약단원을 보완하면서 내신과 모의고사 및 수능을 준비하는 온라인 과외 찾기,핵심 고민은 “개념 사이의 연결이 약하고 복합 문제의 접근 방법을 찾기 어려우며 취약단원에서 오답이 반복됨”입니다.,"개념, 유형별 문제풀이, 학교별 내신, 모의고사, 수능, 취약단원, 오답분석","지역과 일정에 따라 1:1 방문수업 또는 화상수업으로 진행하며, 개념과 유형별 문제풀이부터 학교별 내신, 모의고사와 수능 대비, 취약단원 및 오답분석까지 목표에 맞춰 지도",취약단원의 개념을 연결하고 문제 조건에 맞는 풀이 전략을 선택하며 오답 원인을 스스로 설명하는 능력 향상,전문형,high_math
52,https://kimstutoring.co.kr,guli-elementary-korean,publish,ko,경기도,구리,국어,초등학생,구리 초등학생 국어과외,구리 초등학생 국어과외,"구리 초등학생 국어 과외 수업을 고민 중이라면 잘하는 부분과 보완할 부분을 나누어 시작합니다. 지역과 일정에 따라 1:1 방문수업 또는 화상수업으로 진행하며, 어휘와 독해를 바탕으로 글의 내용을 이해하고… 방식으로 수업하고 있습니다.",초등학생의 국어 기초와 문해력을 잡아줄 1:1 국어과외 탐색,핵심 고민은 “글을 읽어도 내용을 정확히 이해하지 못하거나 어휘력이 부족해 문제의 뜻을 파악하는 데 어려움”입니다.,"어휘, 독해, 문장 이해, 글의 중심내용 파악, 기초 문해력, 글쓰기, 학습 습관","지역과 일정에 따라 1:1 방문수업 또는 화상수업으로 진행하며, 어휘와 독해를 바탕으로 글의 내용을 이해하고 자신의 생각을 표현하는 힘을 학생의 수준과 학습 속도에 맞춰 지도","글을 읽고 핵심 내용을 파악하는 힘을 기르고, 국어뿐 아니라 다른 과목의 문제를 이해하는 데 필요한 기초 문해력과 학습 습관 형성",친근형,elementary_korean
53,https://kimstutoring.co.kr,guli-middle-korean,publish,ko,경기도,구리,국어,중학생,구리 중학생 국어과외,구리 중학생 국어과외,"중학생 국어 과외 공부를 처음 시작한다면 구리에서도 기초부터 1:1로 배울 수 있습니다. 지역과 일정에 따라 1:1 방문수업 또는 화상수업으로 진행하며, 문학·비문학 독해와 문법을 기본으로 학교별… 방식으로 수업하고 있습니다.",학교 내신과 국어 기본기를 함께 준비할 1:1 중등 국어과외 탐색,"핵심 고민은 “문학과 비문학 지문을 감으로 풀거나 문법 개념이 부족하고, 학교 시험의 서술형·수행평가 대비가 어려움”입니다.","문학, 비문학, 문법, 어휘, 학교별 내신, 서술형, 수행평가, 오답관리","지역과 일정에 따라 1:1 방문수업 또는 화상수업으로 진행하며, 문학·비문학 독해와 문법을 기본으로 학교별 내신, 서술형과 수행평가까지 학생의 취약 부분에 맞춰 지도","지문을 근거로 읽고 문제를 해결하는 방법을 익히며, 부족한 영역을 파악해 내신과 고등 국어 학습에 필요한 기본기 강화",코칭형,middle_korean
54,https://kimstutoring.co.kr,guli-high-korean,publish,ko,경기도,구리,국어,고등학생,구리 고등학생 국어과외,구리 고등학생 국어과외,"구리 고등학생 국어 과외 수업을 고민 중이라면 잘하는 부분과 보완할 부분을 나누어 시작합니다. 지역과 일정에 따라 1:1 방문수업 또는 화상수업으로 진행하며, 문학과 독서의 지문 분석부터 학교별 내신,… 방식으로 수업하고 있습니다.",내신과 모의고사·수능을 함께 대비할 1:1 고등 국어과외 탐색,"핵심 고민은 “긴 지문의 핵심을 빠르게 파악하기 어렵거나 문학·독서·문법 영역별 편차가 크고, 모의고사에서 시간 관리와…”입니다.","문학, 독서, 화법과 언어, 작문, 학교별 내신, 모의고사, 수능, 취약영역, 오답분석","지역과 일정에 따라 1:1 방문수업 또는 화상수업으로 진행하며, 문학과 독서의 지문 분석부터 학교별 내신, 모의고사와 수능 대비, 취약영역 및 오답분석까지 현재 실력과 목표에 맞춰 지도","지문을 분석하는 기준과 문제 접근 방법을 익히고, 취약영역과 반복되는 오답을 점검하면서 내신·모의고사·수능 학습의 방향을 구체화",전문형,high_korean
55,https://kimstutoring.co.kr,goyang-elementary-english,publish,ko,경기도,고양시,영어,초등학생,고양시 초등학생 영어과외,고양시 초등학생 영어과외,"고양시에서 초등학생 영어 과외 실력을 늘리고 싶다면 자주 막히는 부분부터 직접 다뤄봅니다. 지역과 일정에 따라 1:1 방문수업 또는 화상수업으로 진행하며, 기초 어휘와 문장 이해, 읽기 학습을 학생의… 방식으로 수업하고 있습니다.",초등학생 수준에 맞춰 영어 기초와 꾸준한 학습 습관을 기르는 1:1 온라인 과외 찾기,핵심 고민은 “기초 어휘가 부족하고 짧은 문장의 뜻을 이해하거나 꾸준히 읽는 데 어려움이 있음”입니다.,"기초 어휘, 문장 이해, 짧은 글 읽기, 학습 습관","지역과 일정에 따라 1:1 방문수업 또는 화상수업으로 진행하며, 기초 어휘와 문장 이해, 읽기 학습을 학생의 수준과 학습 속도에 맞춰 지도",익숙한 어휘로 짧은 문장의 뜻을 파악하고 스스로 읽고 복습하는 습관 형성,친근형,elementary_english
56,https://kimstutoring.co.kr,goyang-middle-english,publish,ko,경기도,고양시,영어,중학생,고양시 중학생 영어과외,고양시 중학생 영어과외,"중학생 영어 과외 공부를 처음 시작한다면 고양시에서도 기초부터 1:1로 배울 수 있습니다. 지역과 일정에 따라 1:1 방문수업 또는 화상수업으로 진행하며, 어휘·문법·독해를 기본으로 학교별 내신과… 방식으로 수업하고 있습니다.",중학생 영어 문법과 독해를 보완하고 학교별 내신과 서술형 및 수행평가를 준비하는 온라인 과외 찾기,핵심 고민은 “어휘와 문법을 배워도 지문에 적용하기 어렵고 서술형 답안과 수행평가 준비가 막막함”입니다.,"어휘, 문법, 독해, 학교별 내신, 서술형, 수행평가","지역과 일정에 따라 1:1 방문수업 또는 화상수업으로 진행하며, 어휘·문법·독해를 기본으로 학교별 내신과 서술형, 수행평가까지 학생의 취약 부분에 맞춰 지도",문법 근거를 설명하며 지문을 읽고 학교 평가 기준에 맞춰 답안을 작성하는 능력 향상,코칭형,middle_english
57,https://kimstutoring.co.kr,goyang-high-english,publish,ko,경기도,고양시,영어,고등학생,고양시 고등학생 영어과외,고양시 고등학생 영어과외,"고양시에서 고등학생 영어 과외 실력을 늘리고 싶다면 자주 막히는 부분부터 직접 다뤄봅니다. 지역과 일정에 따라 1:1 방문수업 또는 화상수업으로 진행하며, 어휘·구문독해부터 학교별 내신, 모의고사와 수능… 방식으로 수업하고 있습니다.",고등학생 영어 내신과 모의고사 및 수능 준비를 현재 수준에 맞춰 병행하는 온라인 과외 찾기,핵심 고민은 “긴 문장의 구조를 파악하기 어렵고 내신과 모의고사 지문을 읽는 데 시간이 오래 걸림”입니다.,"어휘, 구문독해, 학교별 내신, 모의고사, 수능","지역과 일정에 따라 1:1 방문수업 또는 화상수업으로 진행하며, 어휘·구문독해부터 학교별 내신, 모의고사와 수능 대비까지 현재 실력과 목표에 맞춰 지도",복잡한 문장의 구조를 파악하고 지문의 근거를 바탕으로 답을 선택하는 독해 능력 향상,전문형,high_english
58,https://kimstutoring.co.kr,goyang-elementary-math,publish,ko,경기도,고양시,수학,초등학생,고양시 초등학생 수학과외,고양시 초등학생 수학과외,"초등학생 수학 과외 공부를 처음 시작한다면 고양시에서도 기초부터 1:1로 배울 수 있습니다. 지역과 일정에 따라 1:1 방문수업 또는 화상수업으로 진행하며, 연산과 기초개념을 탄탄히 다지고 문제를 이해하는… 방식으로 수업하고 있습니다.",초등학생 수학 연산과 기초개념을 다지고 문제 이해와 풀이 습관을 기르는 온라인 과외 찾기,핵심 고민은 “계산 실수가 반복되고 문장형 문제에서 무엇을 구해야 하는지 파악하기 어려움”입니다.,"연산, 기초개념, 문제 이해, 풀이 습관","지역과 일정에 따라 1:1 방문수업 또는 화상수업으로 진행하며, 연산과 기초개념을 탄탄히 다지고 문제를 이해하는 과정과 올바른 풀이 습관을 학생 수준에 맞춰 지도",계산 과정을 점검하고 문제의 조건을 이해하며 풀이 순서를 정리하는 습관 형성,친근형,elementary_math
59,https://kimstutoring.co.kr,goyang-middle-math,publish,ko,경기도,고양시,수학,중학생,고양시 중학생 수학과외,고양시 중학생 수학과외,"중학생 수학 과외 공부를 처음 시작한다면 고양시에서도 기초부터 1:1로 배울 수 있습니다. 지역과 일정에 따라 1:1 방문수업 또는 화상수업으로 진행하며, 개념 이해와 유형별 문제풀이를 연결하고 학교별… 방식으로 수업하고 있습니다.",중학생 수학 개념과 유형별 문제풀이를 연결하고 내신 및 서술형을 준비하는 온라인 과외 찾기,핵심 고민은 “개념을 외워도 문제 유형이 바뀌면 적용하기 어렵고 같은 오답과 풀이 과정 누락이 반복됨”입니다.,"개념, 유형별 문제풀이, 학교별 내신, 서술형, 오답관리","지역과 일정에 따라 1:1 방문수업 또는 화상수업으로 진행하며, 개념 이해와 유형별 문제풀이를 연결하고 학교별 내신, 서술형, 오답관리까지 취약 단원에 맞춰 지도",문제에 맞는 개념을 선택하고 풀이 근거를 순서대로 쓰며 반복되는 실수를 줄이는 능력 향상,코칭형,middle_math
60,https://kimstutoring.co.kr,goyang-high-math,publish,ko,경기도,고양시,수학,고등학생,고양시 고등학생 수학과외,고양시 고등학생 수학과외,"고양시 고등학생 수학 과외 수업을 고민 중이라면 잘하는 부분과 보완할 부분을 나누어 시작합니다. 지역과 일정에 따라 1:1 방문수업 또는 화상수업으로 진행하며, 개념과 유형별 문제풀이부터 학교별 내신,… 방식으로 수업하고 있습니다.",고등학생 수학 취약단원을 보완하면서 내신과 모의고사 및 수능을 준비하는 온라인 과외 찾기,핵심 고민은 “개념 사이의 연결이 약하고 복합 문제의 접근 방법을 찾기 어려우며 취약단원에서 오답이 반복됨”입니다.,"개념, 유형별 문제풀이, 학교별 내신, 모의고사, 수능, 취약단원, 오답분석","지역과 일정에 따라 1:1 방문수업 또는 화상수업으로 진행하며, 개념과 유형별 문제풀이부터 학교별 내신, 모의고사와 수능 대비, 취약단원 및 오답분석까지 목표에 맞춰 지도",취약단원의 개념을 연결하고 문제 조건에 맞는 풀이 전략을 선택하며 오답 원인을 스스로 설명하는 능력 향상,전문형,high_math
61,https://kimstutoring.co.kr,goyang-elementary-korean,publish,ko,경기도,고양시,국어,초등학생,고양시 초등학생 국어과외,고양시 초등학생 국어과외,"고양시 초등학생 국어 과외 수업을 고민 중이라면 잘하는 부분과 보완할 부분을 나누어 시작합니다. 지역과 일정에 따라 1:1 방문수업 또는 화상수업으로 진행하며, 어휘와 독해를 바탕으로 글의 내용을 이해하고… 방식으로 수업하고 있습니다.",초등학생의 국어 기초와 문해력을 잡아줄 1:1 국어과외 탐색,핵심 고민은 “글을 읽어도 내용을 정확히 이해하지 못하거나 어휘력이 부족해 문제의 뜻을 파악하는 데 어려움”입니다.,"어휘, 독해, 문장 이해, 글의 중심내용 파악, 기초 문해력, 글쓰기, 학습 습관","지역과 일정에 따라 1:1 방문수업 또는 화상수업으로 진행하며, 어휘와 독해를 바탕으로 글의 내용을 이해하고 자신의 생각을 표현하는 힘을 학생의 수준과 학습 속도에 맞춰 지도","글을 읽고 핵심 내용을 파악하는 힘을 기르고, 국어뿐 아니라 다른 과목의 문제를 이해하는 데 필요한 기초 문해력과 학습 습관 형성",친근형,elementary_korean
62,https://kimstutoring.co.kr,goyang-middle-korean,publish,ko,경기도,고양시,국어,중학생,고양시 중학생 국어과외,고양시 중학생 국어과외,"중학생 국어 과외 공부를 처음 시작한다면 고양시에서도 기초부터 1:1로 배울 수 있습니다. 지역과 일정에 따라 1:1 방문수업 또는 화상수업으로 진행하며, 문학·비문학 독해와 문법을 기본으로 학교별… 방식으로 수업하고 있습니다.",학교 내신과 국어 기본기를 함께 준비할 1:1 중등 국어과외 탐색,"핵심 고민은 “문학과 비문학 지문을 감으로 풀거나 문법 개념이 부족하고, 학교 시험의 서술형·수행평가 대비가 어려움”입니다.","문학, 비문학, 문법, 어휘, 학교별 내신, 서술형, 수행평가, 오답관리","지역과 일정에 따라 1:1 방문수업 또는 화상수업으로 진행하며, 문학·비문학 독해와 문법을 기본으로 학교별 내신, 서술형과 수행평가까지 학생의 취약 부분에 맞춰 지도","지문을 근거로 읽고 문제를 해결하는 방법을 익히며, 부족한 영역을 파악해 내신과 고등 국어 학습에 필요한 기본기 강화",코칭형,middle_korean
63,https://kimstutoring.co.kr,goyang-high-korean,publish,ko,경기도,고양시,국어,고등학생,고양시 고등학생 국어과외,고양시 고등학생 국어과외,"고양시 고등학생 국어 과외 수업을 고민 중이라면 잘하는 부분과 보완할 부분을 나누어 시작합니다. 지역과 일정에 따라 1:1 방문수업 또는 화상수업으로 진행하며, 문학과 독서의 지문 분석부터 학교별 내신,… 방식으로 수업하고 있습니다.",내신과 모의고사·수능을 함께 대비할 1:1 고등 국어과외 탐색,"핵심 고민은 “긴 지문의 핵심을 빠르게 파악하기 어렵거나 문학·독서·문법 영역별 편차가 크고, 모의고사에서 시간 관리와…”입니다.","문학, 독서, 화법과 언어, 작문, 학교별 내신, 모의고사, 수능, 취약영역, 오답분석","지역과 일정에 따라 1:1 방문수업 또는 화상수업으로 진행하며, 문학과 독서의 지문 분석부터 학교별 내신, 모의고사와 수능 대비, 취약영역 및 오답분석까지 현재 실력과 목표에 맞춰 지도","지문을 분석하는 기준과 문제 접근 방법을 익히고, 취약영역과 반복되는 오답을 점검하면서 내신·모의고사·수능 학습의 방향을 구체화",전문형,high_korean
64,https://kimstutoring.co.kr,paju-elementary-english,publish,ko,경기도,파주,영어,초등학생,파주 초등학생 영어과외,파주 초등학생 영어과외,"파주에서 배우는 초등학생 영어 과외, 실제로 쓰려는 상황에 맞춰 수업 내용을 정합니다. 지역과 일정에 따라 1:1 방문수업 또는 화상수업으로 진행하며, 기초 어휘와 문장 이해, 읽기 학습을 학생의… 방식으로 수업하고 있습니다.",초등학생 수준에 맞춰 영어 기초와 꾸준한 학습 습관을 기르는 1:1 온라인 과외 찾기,핵심 고민은 “기초 어휘가 부족하고 짧은 문장의 뜻을 이해하거나 꾸준히 읽는 데 어려움이 있음”입니다.,"기초 어휘, 문장 이해, 짧은 글 읽기, 학습 습관","지역과 일정에 따라 1:1 방문수업 또는 화상수업으로 진행하며, 기초 어휘와 문장 이해, 읽기 학습을 학생의 수준과 학습 속도에 맞춰 지도",익숙한 어휘로 짧은 문장의 뜻을 파악하고 스스로 읽고 복습하는 습관 형성,친근형,elementary_english
65,https://kimstutoring.co.kr,paju-middle-english,publish,ko,경기도,파주,영어,중학생,파주 중학생 영어과외,파주 중학생 영어과외,"파주에서 중학생 영어 과외 수업을 찾고 계신다면 지금 필요한 내용부터 시작할 수 있습니다. 지역과 일정에 따라 1:1 방문수업 또는 화상수업으로 진행하며, 어휘·문법·독해를 기본으로 학교별 내신과… 방식으로 수업하고 있습니다.",중학생 영어 문법과 독해를 보완하고 학교별 내신과 서술형 및 수행평가를 준비하는 온라인 과외 찾기,핵심 고민은 “어휘와 문법을 배워도 지문에 적용하기 어렵고 서술형 답안과 수행평가 준비가 막막함”입니다.,"어휘, 문법, 독해, 학교별 내신, 서술형, 수행평가","지역과 일정에 따라 1:1 방문수업 또는 화상수업으로 진행하며, 어휘·문법·독해를 기본으로 학교별 내신과 서술형, 수행평가까지 학생의 취약 부분에 맞춰 지도",문법 근거를 설명하며 지문을 읽고 학교 평가 기준에 맞춰 답안을 작성하는 능력 향상,코칭형,middle_english
66,https://kimstutoring.co.kr,paju-high-english,publish,ko,경기도,파주,영어,고등학생,파주 고등학생 영어과외,파주 고등학생 영어과외,"파주 고등학생 영어 과외 수업은 정해진 진도보다 현재 실력과 배우는 이유를 중요하게 봅니다. 지역과 일정에 따라 1:1 방문수업 또는 화상수업으로 진행하며, 어휘·구문독해부터 학교별 내신, 모의고사와 수능… 방식으로 수업하고 있습니다.",고등학생 영어 내신과 모의고사 및 수능 준비를 현재 수준에 맞춰 병행하는 온라인 과외 찾기,핵심 고민은 “긴 문장의 구조를 파악하기 어렵고 내신과 모의고사 지문을 읽는 데 시간이 오래 걸림”입니다.,"어휘, 구문독해, 학교별 내신, 모의고사, 수능","지역과 일정에 따라 1:1 방문수업 또는 화상수업으로 진행하며, 어휘·구문독해부터 학교별 내신, 모의고사와 수능 대비까지 현재 실력과 목표에 맞춰 지도",복잡한 문장의 구조를 파악하고 지문의 근거를 바탕으로 답을 선택하는 독해 능력 향상,전문형,high_english
67,https://kimstutoring.co.kr,paju-elementary-math,publish,ko,경기도,파주,수학,초등학생,파주 초등학생 수학과외,파주 초등학생 수학과외,"파주에서 초등학생 수학 과외 수업을 찾고 계신다면 지금 필요한 내용부터 시작할 수 있습니다. 지역과 일정에 따라 1:1 방문수업 또는 화상수업으로 진행하며, 연산과 기초개념을 탄탄히 다지고 문제를 이해하는… 방식으로 수업하고 있습니다.",초등학생 수학 연산과 기초개념을 다지고 문제 이해와 풀이 습관을 기르는 온라인 과외 찾기,핵심 고민은 “계산 실수가 반복되고 문장형 문제에서 무엇을 구해야 하는지 파악하기 어려움”입니다.,"연산, 기초개념, 문제 이해, 풀이 습관","지역과 일정에 따라 1:1 방문수업 또는 화상수업으로 진행하며, 연산과 기초개념을 탄탄히 다지고 문제를 이해하는 과정과 올바른 풀이 습관을 학생 수준에 맞춰 지도",계산 과정을 점검하고 문제의 조건을 이해하며 풀이 순서를 정리하는 습관 형성,친근형,elementary_math
68,https://kimstutoring.co.kr,paju-middle-math,publish,ko,경기도,파주,수학,중학생,파주 중학생 수학과외,파주 중학생 수학과외,"파주에서 중학생 수학 과외 수업을 찾고 계신다면 지금 필요한 내용부터 시작할 수 있습니다. 지역과 일정에 따라 1:1 방문수업 또는 화상수업으로 진행하며, 개념 이해와 유형별 문제풀이를 연결하고 학교별… 방식으로 수업하고 있습니다.",중학생 수학 개념과 유형별 문제풀이를 연결하고 내신 및 서술형을 준비하는 온라인 과외 찾기,핵심 고민은 “개념을 외워도 문제 유형이 바뀌면 적용하기 어렵고 같은 오답과 풀이 과정 누락이 반복됨”입니다.,"개념, 유형별 문제풀이, 학교별 내신, 서술형, 오답관리","지역과 일정에 따라 1:1 방문수업 또는 화상수업으로 진행하며, 개념 이해와 유형별 문제풀이를 연결하고 학교별 내신, 서술형, 오답관리까지 취약 단원에 맞춰 지도",문제에 맞는 개념을 선택하고 풀이 근거를 순서대로 쓰며 반복되는 실수를 줄이는 능력 향상,코칭형,middle_math
69,https://kimstutoring.co.kr,paju-high-math,publish,ko,경기도,파주,수학,고등학생,파주 고등학생 수학과외,파주 고등학생 수학과외,"고등학생 수학 과외 공부를 다시 시작하려는 분께 파주 1:1 수업이 맞는 출발점을 찾아드립니다. 지역과 일정에 따라 1:1 방문수업 또는 화상수업으로 진행하며, 개념과 유형별 문제풀이부터 학교별 내신,… 방식으로 수업하고 있습니다.",고등학생 수학 취약단원을 보완하면서 내신과 모의고사 및 수능을 준비하는 온라인 과외 찾기,핵심 고민은 “개념 사이의 연결이 약하고 복합 문제의 접근 방법을 찾기 어려우며 취약단원에서 오답이 반복됨”입니다.,"개념, 유형별 문제풀이, 학교별 내신, 모의고사, 수능, 취약단원, 오답분석","지역과 일정에 따라 1:1 방문수업 또는 화상수업으로 진행하며, 개념과 유형별 문제풀이부터 학교별 내신, 모의고사와 수능 대비, 취약단원 및 오답분석까지 목표에 맞춰 지도",취약단원의 개념을 연결하고 문제 조건에 맞는 풀이 전략을 선택하며 오답 원인을 스스로 설명하는 능력 향상,전문형,high_math
70,https://kimstutoring.co.kr,paju-elementary-korean,publish,ko,경기도,파주,국어,초등학생,파주 초등학생 국어과외,파주 초등학생 국어과외,"초등학생 국어 과외 공부를 다시 시작하려는 분께 파주 1:1 수업이 맞는 출발점을 찾아드립니다. 지역과 일정에 따라 1:1 방문수업 또는 화상수업으로 진행하며, 어휘와 독해를 바탕으로 글의 내용을 이해하고… 방식으로 수업하고 있습니다.",초등학생의 국어 기초와 문해력을 잡아줄 1:1 국어과외 탐색,핵심 고민은 “글을 읽어도 내용을 정확히 이해하지 못하거나 어휘력이 부족해 문제의 뜻을 파악하는 데 어려움”입니다.,"어휘, 독해, 문장 이해, 글의 중심내용 파악, 기초 문해력, 글쓰기, 학습 습관","지역과 일정에 따라 1:1 방문수업 또는 화상수업으로 진행하며, 어휘와 독해를 바탕으로 글의 내용을 이해하고 자신의 생각을 표현하는 힘을 학생의 수준과 학습 속도에 맞춰 지도","글을 읽고 핵심 내용을 파악하는 힘을 기르고, 국어뿐 아니라 다른 과목의 문제를 이해하는 데 필요한 기초 문해력과 학습 습관 형성",친근형,elementary_korean
71,https://kimstutoring.co.kr,paju-middle-korean,publish,ko,경기도,파주,국어,중학생,파주 중학생 국어과외,파주 중학생 국어과외,"파주에서 중학생 국어 과외 수업을 찾고 계신다면 지금 필요한 내용부터 시작할 수 있습니다. 지역과 일정에 따라 1:1 방문수업 또는 화상수업으로 진행하며, 문학·비문학 독해와 문법을 기본으로 학교별… 방식으로 수업하고 있습니다.",학교 내신과 국어 기본기를 함께 준비할 1:1 중등 국어과외 탐색,"핵심 고민은 “문학과 비문학 지문을 감으로 풀거나 문법 개념이 부족하고, 학교 시험의 서술형·수행평가 대비가 어려움”입니다.","문학, 비문학, 문법, 어휘, 학교별 내신, 서술형, 수행평가, 오답관리","지역과 일정에 따라 1:1 방문수업 또는 화상수업으로 진행하며, 문학·비문학 독해와 문법을 기본으로 학교별 내신, 서술형과 수행평가까지 학생의 취약 부분에 맞춰 지도","지문을 근거로 읽고 문제를 해결하는 방법을 익히며, 부족한 영역을 파악해 내신과 고등 국어 학습에 필요한 기본기 강화",코칭형,middle_korean
72,https://kimstutoring.co.kr,paju-high-korean,publish,ko,경기도,파주,국어,고등학생,파주 고등학생 국어과외,파주 고등학생 국어과외,"고등학생 국어 과외 공부를 다시 시작하려는 분께 파주 1:1 수업이 맞는 출발점을 찾아드립니다. 지역과 일정에 따라 1:1 방문수업 또는 화상수업으로 진행하며, 문학과 독서의 지문 분석부터 학교별 내신,… 방식으로 수업하고 있습니다.",내신과 모의고사·수능을 함께 대비할 1:1 고등 국어과외 탐색,"핵심 고민은 “긴 지문의 핵심을 빠르게 파악하기 어렵거나 문학·독서·문법 영역별 편차가 크고, 모의고사에서 시간 관리와…”입니다.","문학, 독서, 화법과 언어, 작문, 학교별 내신, 모의고사, 수능, 취약영역, 오답분석","지역과 일정에 따라 1:1 방문수업 또는 화상수업으로 진행하며, 문학과 독서의 지문 분석부터 학교별 내신, 모의고사와 수능 대비, 취약영역 및 오답분석까지 현재 실력과 목표에 맞춰 지도","지문을 분석하는 기준과 문제 접근 방법을 익히고, 취약영역과 반복되는 오답을 점검하면서 내신·모의고사·수능 학습의 방향을 구체화",전문형,high_korean
73,https://kimstutoring.co.kr,unjeong-elementary-english,publish,ko,경기도,운정,영어,초등학생,운정 초등학생 영어과외,운정 초등학생 영어과외,"운정에서 배우는 초등학생 영어 과외, 실제로 쓰려는 상황에 맞춰 수업 내용을 정합니다. 지역과 일정에 따라 1:1 방문수업 또는 화상수업으로 진행하며, 기초 어휘와 문장 이해, 읽기 학습을 학생의… 방식으로 수업하고 있습니다.",초등학생 수준에 맞춰 영어 기초와 꾸준한 학습 습관을 기르는 1:1 온라인 과외 찾기,핵심 고민은 “기초 어휘가 부족하고 짧은 문장의 뜻을 이해하거나 꾸준히 읽는 데 어려움이 있음”입니다.,"기초 어휘, 문장 이해, 짧은 글 읽기, 학습 습관","지역과 일정에 따라 1:1 방문수업 또는 화상수업으로 진행하며, 기초 어휘와 문장 이해, 읽기 학습을 학생의 수준과 학습 속도에 맞춰 지도",익숙한 어휘로 짧은 문장의 뜻을 파악하고 스스로 읽고 복습하는 습관 형성,친근형,elementary_english
74,https://kimstutoring.co.kr,unjeong-middle-english,publish,ko,경기도,운정,영어,중학생,운정 중학생 영어과외,운정 중학생 영어과외,"운정에서 중학생 영어 과외 수업을 찾고 계신다면 지금 필요한 내용부터 시작할 수 있습니다. 지역과 일정에 따라 1:1 방문수업 또는 화상수업으로 진행하며, 어휘·문법·독해를 기본으로 학교별 내신과… 방식으로 수업하고 있습니다.",중학생 영어 문법과 독해를 보완하고 학교별 내신과 서술형 및 수행평가를 준비하는 온라인 과외 찾기,핵심 고민은 “어휘와 문법을 배워도 지문에 적용하기 어렵고 서술형 답안과 수행평가 준비가 막막함”입니다.,"어휘, 문법, 독해, 학교별 내신, 서술형, 수행평가","지역과 일정에 따라 1:1 방문수업 또는 화상수업으로 진행하며, 어휘·문법·독해를 기본으로 학교별 내신과 서술형, 수행평가까지 학생의 취약 부분에 맞춰 지도",문법 근거를 설명하며 지문을 읽고 학교 평가 기준에 맞춰 답안을 작성하는 능력 향상,코칭형,middle_english
75,https://kimstutoring.co.kr,unjeong-high-english,publish,ko,경기도,운정,영어,고등학생,운정 고등학생 영어과외,운정 고등학생 영어과외,"운정 고등학생 영어 과외 수업은 정해진 진도보다 현재 실력과 배우는 이유를 중요하게 봅니다. 지역과 일정에 따라 1:1 방문수업 또는 화상수업으로 진행하며, 어휘·구문독해부터 학교별 내신, 모의고사와 수능… 방식으로 수업하고 있습니다.",고등학생 영어 내신과 모의고사 및 수능 준비를 현재 수준에 맞춰 병행하는 온라인 과외 찾기,핵심 고민은 “긴 문장의 구조를 파악하기 어렵고 내신과 모의고사 지문을 읽는 데 시간이 오래 걸림”입니다.,"어휘, 구문독해, 학교별 내신, 모의고사, 수능","지역과 일정에 따라 1:1 방문수업 또는 화상수업으로 진행하며, 어휘·구문독해부터 학교별 내신, 모의고사와 수능 대비까지 현재 실력과 목표에 맞춰 지도",복잡한 문장의 구조를 파악하고 지문의 근거를 바탕으로 답을 선택하는 독해 능력 향상,전문형,high_english
76,https://kimstutoring.co.kr,unjeong-elementary-math,publish,ko,경기도,운정,수학,초등학생,운정 초등학생 수학과외,운정 초등학생 수학과외,"운정에서 초등학생 수학 과외 수업을 찾고 계신다면 지금 필요한 내용부터 시작할 수 있습니다. 지역과 일정에 따라 1:1 방문수업 또는 화상수업으로 진행하며, 연산과 기초개념을 탄탄히 다지고 문제를 이해하는… 방식으로 수업하고 있습니다.",초등학생 수학 연산과 기초개념을 다지고 문제 이해와 풀이 습관을 기르는 온라인 과외 찾기,핵심 고민은 “계산 실수가 반복되고 문장형 문제에서 무엇을 구해야 하는지 파악하기 어려움”입니다.,"연산, 기초개념, 문제 이해, 풀이 습관","지역과 일정에 따라 1:1 방문수업 또는 화상수업으로 진행하며, 연산과 기초개념을 탄탄히 다지고 문제를 이해하는 과정과 올바른 풀이 습관을 학생 수준에 맞춰 지도",계산 과정을 점검하고 문제의 조건을 이해하며 풀이 순서를 정리하는 습관 형성,친근형,elementary_math
77,https://kimstutoring.co.kr,unjeong-middle-math,publish,ko,경기도,운정,수학,중학생,운정 중학생 수학과외,운정 중학생 수학과외,"운정에서 중학생 수학 과외 수업을 찾고 계신다면 지금 필요한 내용부터 시작할 수 있습니다. 지역과 일정에 따라 1:1 방문수업 또는 화상수업으로 진행하며, 개념 이해와 유형별 문제풀이를 연결하고 학교별… 방식으로 수업하고 있습니다.",중학생 수학 개념과 유형별 문제풀이를 연결하고 내신 및 서술형을 준비하는 온라인 과외 찾기,핵심 고민은 “개념을 외워도 문제 유형이 바뀌면 적용하기 어렵고 같은 오답과 풀이 과정 누락이 반복됨”입니다.,"개념, 유형별 문제풀이, 학교별 내신, 서술형, 오답관리","지역과 일정에 따라 1:1 방문수업 또는 화상수업으로 진행하며, 개념 이해와 유형별 문제풀이를 연결하고 학교별 내신, 서술형, 오답관리까지 취약 단원에 맞춰 지도",문제에 맞는 개념을 선택하고 풀이 근거를 순서대로 쓰며 반복되는 실수를 줄이는 능력 향상,코칭형,middle_math
78,https://kimstutoring.co.kr,unjeong-high-math,publish,ko,경기도,운정,수학,고등학생,운정 고등학생 수학과외,운정 고등학생 수학과외,"고등학생 수학 과외 공부를 다시 시작하려는 분께 운정 1:1 수업이 맞는 출발점을 찾아드립니다. 지역과 일정에 따라 1:1 방문수업 또는 화상수업으로 진행하며, 개념과 유형별 문제풀이부터 학교별 내신,… 방식으로 수업하고 있습니다.",고등학생 수학 취약단원을 보완하면서 내신과 모의고사 및 수능을 준비하는 온라인 과외 찾기,핵심 고민은 “개념 사이의 연결이 약하고 복합 문제의 접근 방법을 찾기 어려우며 취약단원에서 오답이 반복됨”입니다.,"개념, 유형별 문제풀이, 학교별 내신, 모의고사, 수능, 취약단원, 오답분석","지역과 일정에 따라 1:1 방문수업 또는 화상수업으로 진행하며, 개념과 유형별 문제풀이부터 학교별 내신, 모의고사와 수능 대비, 취약단원 및 오답분석까지 목표에 맞춰 지도",취약단원의 개념을 연결하고 문제 조건에 맞는 풀이 전략을 선택하며 오답 원인을 스스로 설명하는 능력 향상,전문형,high_math
79,https://kimstutoring.co.kr,unjeong-elementary-korean,publish,ko,경기도,운정,국어,초등학생,운정 초등학생 국어과외,운정 초등학생 국어과외,"초등학생 국어 과외 공부를 다시 시작하려는 분께 운정 1:1 수업이 맞는 출발점을 찾아드립니다. 지역과 일정에 따라 1:1 방문수업 또는 화상수업으로 진행하며, 어휘와 독해를 바탕으로 글의 내용을 이해하고… 방식으로 수업하고 있습니다.",초등학생의 국어 기초와 문해력을 잡아줄 1:1 국어과외 탐색,핵심 고민은 “글을 읽어도 내용을 정확히 이해하지 못하거나 어휘력이 부족해 문제의 뜻을 파악하는 데 어려움”입니다.,"어휘, 독해, 문장 이해, 글의 중심내용 파악, 기초 문해력, 글쓰기, 학습 습관","지역과 일정에 따라 1:1 방문수업 또는 화상수업으로 진행하며, 어휘와 독해를 바탕으로 글의 내용을 이해하고 자신의 생각을 표현하는 힘을 학생의 수준과 학습 속도에 맞춰 지도","글을 읽고 핵심 내용을 파악하는 힘을 기르고, 국어뿐 아니라 다른 과목의 문제를 이해하는 데 필요한 기초 문해력과 학습 습관 형성",친근형,elementary_korean
80,https://kimstutoring.co.kr,unjeong-middle-korean,publish,ko,경기도,운정,국어,중학생,운정 중학생 국어과외,운정 중학생 국어과외,"운정에서 중학생 국어 과외 수업을 찾고 계신다면 지금 필요한 내용부터 시작할 수 있습니다. 지역과 일정에 따라 1:1 방문수업 또는 화상수업으로 진행하며, 문학·비문학 독해와 문법을 기본으로 학교별… 방식으로 수업하고 있습니다.",학교 내신과 국어 기본기를 함께 준비할 1:1 중등 국어과외 탐색,"핵심 고민은 “문학과 비문학 지문을 감으로 풀거나 문법 개념이 부족하고, 학교 시험의 서술형·수행평가 대비가 어려움”입니다.","문학, 비문학, 문법, 어휘, 학교별 내신, 서술형, 수행평가, 오답관리","지역과 일정에 따라 1:1 방문수업 또는 화상수업으로 진행하며, 문학·비문학 독해와 문법을 기본으로 학교별 내신, 서술형과 수행평가까지 학생의 취약 부분에 맞춰 지도","지문을 근거로 읽고 문제를 해결하는 방법을 익히며, 부족한 영역을 파악해 내신과 고등 국어 학습에 필요한 기본기 강화",코칭형,middle_korean
81,https://kimstutoring.co.kr,unjeong-high-korean,publish,ko,경기도,운정,국어,고등학생,운정 고등학생 국어과외,운정 고등학생 국어과외,"고등학생 국어 과외 공부를 다시 시작하려는 분께 운정 1:1 수업이 맞는 출발점을 찾아드립니다. 지역과 일정에 따라 1:1 방문수업 또는 화상수업으로 진행하며, 문학과 독서의 지문 분석부터 학교별 내신,… 방식으로 수업하고 있습니다.",내신과 모의고사·수능을 함께 대비할 1:1 고등 국어과외 탐색,"핵심 고민은 “긴 지문의 핵심을 빠르게 파악하기 어렵거나 문학·독서·문법 영역별 편차가 크고, 모의고사에서 시간 관리와…”입니다.","문학, 독서, 화법과 언어, 작문, 학교별 내신, 모의고사, 수능, 취약영역, 오답분석","지역과 일정에 따라 1:1 방문수업 또는 화상수업으로 진행하며, 문학과 독서의 지문 분석부터 학교별 내신, 모의고사와 수능 대비, 취약영역 및 오답분석까지 현재 실력과 목표에 맞춰 지도","지문을 분석하는 기준과 문제 접근 방법을 익히고, 취약영역과 반복되는 오답을 점검하면서 내신·모의고사·수능 학습의 방향을 구체화",전문형,high_korean
82,https://kimstutoring.co.kr,gimpo-elementary-english,publish,ko,경기도,김포,영어,초등학생,김포 초등학생 영어과외,김포 초등학생 영어과외,"김포에서 초등학생 영어 과외 수업을 찾고 계신다면 지금 필요한 내용부터 시작할 수 있습니다. 지역과 일정에 따라 1:1 방문수업 또는 화상수업으로 진행하며, 기초 어휘와 문장 이해, 읽기 학습을 학생의… 방식으로 수업하고 있습니다.",초등학생 수준에 맞춰 영어 기초와 꾸준한 학습 습관을 기르는 1:1 온라인 과외 찾기,핵심 고민은 “기초 어휘가 부족하고 짧은 문장의 뜻을 이해하거나 꾸준히 읽는 데 어려움이 있음”입니다.,"기초 어휘, 문장 이해, 짧은 글 읽기, 학습 습관","지역과 일정에 따라 1:1 방문수업 또는 화상수업으로 진행하며, 기초 어휘와 문장 이해, 읽기 학습을 학생의 수준과 학습 속도에 맞춰 지도",익숙한 어휘로 짧은 문장의 뜻을 파악하고 스스로 읽고 복습하는 습관 형성,친근형,elementary_english
83,https://kimstutoring.co.kr,gimpo-middle-english,publish,ko,경기도,김포,영어,중학생,김포 중학생 영어과외,김포 중학생 영어과외,"김포 중학생 영어 과외 수업은 정해진 진도보다 현재 실력과 배우는 이유를 중요하게 봅니다. 지역과 일정에 따라 1:1 방문수업 또는 화상수업으로 진행하며, 어휘·문법·독해를 기본으로 학교별 내신과… 방식으로 수업하고 있습니다.",중학생 영어 문법과 독해를 보완하고 학교별 내신과 서술형 및 수행평가를 준비하는 온라인 과외 찾기,핵심 고민은 “어휘와 문법을 배워도 지문에 적용하기 어렵고 서술형 답안과 수행평가 준비가 막막함”입니다.,"어휘, 문법, 독해, 학교별 내신, 서술형, 수행평가","지역과 일정에 따라 1:1 방문수업 또는 화상수업으로 진행하며, 어휘·문법·독해를 기본으로 학교별 내신과 서술형, 수행평가까지 학생의 취약 부분에 맞춰 지도",문법 근거를 설명하며 지문을 읽고 학교 평가 기준에 맞춰 답안을 작성하는 능력 향상,코칭형,middle_english
84,https://kimstutoring.co.kr,gimpo-high-english,publish,ko,경기도,김포,영어,고등학생,김포 고등학생 영어과외,김포 고등학생 영어과외,"고등학생 영어 과외 공부를 다시 시작하려는 분께 김포 1:1 수업이 맞는 출발점을 찾아드립니다. 지역과 일정에 따라 1:1 방문수업 또는 화상수업으로 진행하며, 어휘·구문독해부터 학교별 내신, 모의고사와 수능… 방식으로 수업하고 있습니다.",고등학생 영어 내신과 모의고사 및 수능 준비를 현재 수준에 맞춰 병행하는 온라인 과외 찾기,핵심 고민은 “긴 문장의 구조를 파악하기 어렵고 내신과 모의고사 지문을 읽는 데 시간이 오래 걸림”입니다.,"어휘, 구문독해, 학교별 내신, 모의고사, 수능","지역과 일정에 따라 1:1 방문수업 또는 화상수업으로 진행하며, 어휘·구문독해부터 학교별 내신, 모의고사와 수능 대비까지 현재 실력과 목표에 맞춰 지도",복잡한 문장의 구조를 파악하고 지문의 근거를 바탕으로 답을 선택하는 독해 능력 향상,전문형,high_english
85,https://kimstutoring.co.kr,gimpo-elementary-math,publish,ko,경기도,김포,수학,초등학생,김포 초등학생 수학과외,김포 초등학생 수학과외,"김포 초등학생 수학 과외 수업은 정해진 진도보다 현재 실력과 배우는 이유를 중요하게 봅니다. 지역과 일정에 따라 1:1 방문수업 또는 화상수업으로 진행하며, 연산과 기초개념을 탄탄히 다지고 문제를 이해하는… 방식으로 수업하고 있습니다.",초등학생 수학 연산과 기초개념을 다지고 문제 이해와 풀이 습관을 기르는 온라인 과외 찾기,핵심 고민은 “계산 실수가 반복되고 문장형 문제에서 무엇을 구해야 하는지 파악하기 어려움”입니다.,"연산, 기초개념, 문제 이해, 풀이 습관","지역과 일정에 따라 1:1 방문수업 또는 화상수업으로 진행하며, 연산과 기초개념을 탄탄히 다지고 문제를 이해하는 과정과 올바른 풀이 습관을 학생 수준에 맞춰 지도",계산 과정을 점검하고 문제의 조건을 이해하며 풀이 순서를 정리하는 습관 형성,친근형,elementary_math
86,https://kimstutoring.co.kr,gimpo-middle-math,publish,ko,경기도,김포,수학,중학생,김포 중학생 수학과외,김포 중학생 수학과외,"김포 중학생 수학 과외 수업은 정해진 진도보다 현재 실력과 배우는 이유를 중요하게 봅니다. 지역과 일정에 따라 1:1 방문수업 또는 화상수업으로 진행하며, 개념 이해와 유형별 문제풀이를 연결하고 학교별… 방식으로 수업하고 있습니다.",중학생 수학 개념과 유형별 문제풀이를 연결하고 내신 및 서술형을 준비하는 온라인 과외 찾기,핵심 고민은 “개념을 외워도 문제 유형이 바뀌면 적용하기 어렵고 같은 오답과 풀이 과정 누락이 반복됨”입니다.,"개념, 유형별 문제풀이, 학교별 내신, 서술형, 오답관리","지역과 일정에 따라 1:1 방문수업 또는 화상수업으로 진행하며, 개념 이해와 유형별 문제풀이를 연결하고 학교별 내신, 서술형, 오답관리까지 취약 단원에 맞춰 지도",문제에 맞는 개념을 선택하고 풀이 근거를 순서대로 쓰며 반복되는 실수를 줄이는 능력 향상,코칭형,middle_math
87,https://kimstutoring.co.kr,gimpo-high-math,publish,ko,경기도,김포,수학,고등학생,김포 고등학생 수학과외,김포 고등학생 수학과외,"김포에서 배우는 고등학생 수학 과외, 실제로 쓰려는 상황에 맞춰 수업 내용을 정합니다. 지역과 일정에 따라 1:1 방문수업 또는 화상수업으로 진행하며, 개념과 유형별 문제풀이부터 학교별 내신,… 방식으로 수업하고 있습니다.",고등학생 수학 취약단원을 보완하면서 내신과 모의고사 및 수능을 준비하는 온라인 과외 찾기,핵심 고민은 “개념 사이의 연결이 약하고 복합 문제의 접근 방법을 찾기 어려우며 취약단원에서 오답이 반복됨”입니다.,"개념, 유형별 문제풀이, 학교별 내신, 모의고사, 수능, 취약단원, 오답분석","지역과 일정에 따라 1:1 방문수업 또는 화상수업으로 진행하며, 개념과 유형별 문제풀이부터 학교별 내신, 모의고사와 수능 대비, 취약단원 및 오답분석까지 목표에 맞춰 지도",취약단원의 개념을 연결하고 문제 조건에 맞는 풀이 전략을 선택하며 오답 원인을 스스로 설명하는 능력 향상,전문형,high_math
88,https://kimstutoring.co.kr,gimpo-elementary-korean,publish,ko,경기도,김포,국어,초등학생,김포 초등학생 국어과외,김포 초등학생 국어과외,"김포에서 배우는 초등학생 국어 과외, 실제로 쓰려는 상황에 맞춰 수업 내용을 정합니다. 지역과 일정에 따라 1:1 방문수업 또는 화상수업으로 진행하며, 어휘와 독해를 바탕으로 글의 내용을 이해하고… 방식으로 수업하고 있습니다.",초등학생의 국어 기초와 문해력을 잡아줄 1:1 국어과외 탐색,핵심 고민은 “글을 읽어도 내용을 정확히 이해하지 못하거나 어휘력이 부족해 문제의 뜻을 파악하는 데 어려움”입니다.,"어휘, 독해, 문장 이해, 글의 중심내용 파악, 기초 문해력, 글쓰기, 학습 습관","지역과 일정에 따라 1:1 방문수업 또는 화상수업으로 진행하며, 어휘와 독해를 바탕으로 글의 내용을 이해하고 자신의 생각을 표현하는 힘을 학생의 수준과 학습 속도에 맞춰 지도","글을 읽고 핵심 내용을 파악하는 힘을 기르고, 국어뿐 아니라 다른 과목의 문제를 이해하는 데 필요한 기초 문해력과 학습 습관 형성",친근형,elementary_korean
89,https://kimstutoring.co.kr,gimpo-middle-korean,publish,ko,경기도,김포,국어,중학생,김포 중학생 국어과외,김포 중학생 국어과외,"김포 중학생 국어 과외 수업은 정해진 진도보다 현재 실력과 배우는 이유를 중요하게 봅니다. 지역과 일정에 따라 1:1 방문수업 또는 화상수업으로 진행하며, 문학·비문학 독해와 문법을 기본으로 학교별… 방식으로 수업하고 있습니다.",학교 내신과 국어 기본기를 함께 준비할 1:1 중등 국어과외 탐색,"핵심 고민은 “문학과 비문학 지문을 감으로 풀거나 문법 개념이 부족하고, 학교 시험의 서술형·수행평가 대비가 어려움”입니다.","문학, 비문학, 문법, 어휘, 학교별 내신, 서술형, 수행평가, 오답관리","지역과 일정에 따라 1:1 방문수업 또는 화상수업으로 진행하며, 문학·비문학 독해와 문법을 기본으로 학교별 내신, 서술형과 수행평가까지 학생의 취약 부분에 맞춰 지도","지문을 근거로 읽고 문제를 해결하는 방법을 익히며, 부족한 영역을 파악해 내신과 고등 국어 학습에 필요한 기본기 강화",코칭형,middle_korean
90,https://kimstutoring.co.kr,gimpo-high-korean,publish,ko,경기도,김포,국어,고등학생,김포 고등학생 국어과외,김포 고등학생 국어과외,"김포에서 배우는 고등학생 국어 과외, 실제로 쓰려는 상황에 맞춰 수업 내용을 정합니다. 지역과 일정에 따라 1:1 방문수업 또는 화상수업으로 진행하며, 문학과 독서의 지문 분석부터 학교별 내신,… 방식으로 수업하고 있습니다.",내신과 모의고사·수능을 함께 대비할 1:1 고등 국어과외 탐색,"핵심 고민은 “긴 지문의 핵심을 빠르게 파악하기 어렵거나 문학·독서·문법 영역별 편차가 크고, 모의고사에서 시간 관리와…”입니다.","문학, 독서, 화법과 언어, 작문, 학교별 내신, 모의고사, 수능, 취약영역, 오답분석","지역과 일정에 따라 1:1 방문수업 또는 화상수업으로 진행하며, 문학과 독서의 지문 분석부터 학교별 내신, 모의고사와 수능 대비, 취약영역 및 오답분석까지 현재 실력과 목표에 맞춰 지도","지문을 분석하는 기준과 문제 접근 방법을 익히고, 취약영역과 반복되는 오답을 점검하면서 내신·모의고사·수능 학습의 방향을 구체화",전문형,high_korean
91,https://kimstutoring.co.kr,bucheon-elementary-english,publish,ko,경기도,부천,영어,초등학생,부천 초등학생 영어과외,부천 초등학생 영어과외,"부천 초등학생 영어 과외 수업은 정해진 진도보다 현재 실력과 배우는 이유를 중요하게 봅니다. 지역과 일정에 따라 1:1 방문수업 또는 화상수업으로 진행하며, 기초 어휘와 문장 이해, 읽기 학습을 학생의… 방식으로 수업하고 있습니다.",초등학생 수준에 맞춰 영어 기초와 꾸준한 학습 습관을 기르는 1:1 온라인 과외 찾기,핵심 고민은 “기초 어휘가 부족하고 짧은 문장의 뜻을 이해하거나 꾸준히 읽는 데 어려움이 있음”입니다.,"기초 어휘, 문장 이해, 짧은 글 읽기, 학습 습관","지역과 일정에 따라 1:1 방문수업 또는 화상수업으로 진행하며, 기초 어휘와 문장 이해, 읽기 학습을 학생의 수준과 학습 속도에 맞춰 지도",익숙한 어휘로 짧은 문장의 뜻을 파악하고 스스로 읽고 복습하는 습관 형성,친근형,elementary_english
92,https://kimstutoring.co.kr,bucheon-middle-english,publish,ko,경기도,부천,영어,중학생,부천 중학생 영어과외,부천 중학생 영어과외,"중학생 영어 과외 공부를 다시 시작하려는 분께 부천 1:1 수업이 맞는 출발점을 찾아드립니다. 지역과 일정에 따라 1:1 방문수업 또는 화상수업으로 진행하며, 어휘·문법·독해를 기본으로 학교별 내신과… 방식으로 수업하고 있습니다.",중학생 영어 문법과 독해를 보완하고 학교별 내신과 서술형 및 수행평가를 준비하는 온라인 과외 찾기,핵심 고민은 “어휘와 문법을 배워도 지문에 적용하기 어렵고 서술형 답안과 수행평가 준비가 막막함”입니다.,"어휘, 문법, 독해, 학교별 내신, 서술형, 수행평가","지역과 일정에 따라 1:1 방문수업 또는 화상수업으로 진행하며, 어휘·문법·독해를 기본으로 학교별 내신과 서술형, 수행평가까지 학생의 취약 부분에 맞춰 지도",문법 근거를 설명하며 지문을 읽고 학교 평가 기준에 맞춰 답안을 작성하는 능력 향상,코칭형,middle_english
93,https://kimstutoring.co.kr,bucheon-high-english,publish,ko,경기도,부천,영어,고등학생,부천 고등학생 영어과외,부천 고등학생 영어과외,"부천에서 배우는 고등학생 영어 과외, 실제로 쓰려는 상황에 맞춰 수업 내용을 정합니다. 지역과 일정에 따라 1:1 방문수업 또는 화상수업으로 진행하며, 어휘·구문독해부터 학교별 내신, 모의고사와 수능… 방식으로 수업하고 있습니다.",고등학생 영어 내신과 모의고사 및 수능 준비를 현재 수준에 맞춰 병행하는 온라인 과외 찾기,핵심 고민은 “긴 문장의 구조를 파악하기 어렵고 내신과 모의고사 지문을 읽는 데 시간이 오래 걸림”입니다.,"어휘, 구문독해, 학교별 내신, 모의고사, 수능","지역과 일정에 따라 1:1 방문수업 또는 화상수업으로 진행하며, 어휘·구문독해부터 학교별 내신, 모의고사와 수능 대비까지 현재 실력과 목표에 맞춰 지도",복잡한 문장의 구조를 파악하고 지문의 근거를 바탕으로 답을 선택하는 독해 능력 향상,전문형,high_english
94,https://kimstutoring.co.kr,bucheon-elementary-math,publish,ko,경기도,부천,수학,초등학생,부천 초등학생 수학과외,부천 초등학생 수학과외,"초등학생 수학 과외 공부를 다시 시작하려는 분께 부천 1:1 수업이 맞는 출발점을 찾아드립니다. 지역과 일정에 따라 1:1 방문수업 또는 화상수업으로 진행하며, 연산과 기초개념을 탄탄히 다지고 문제를 이해하는… 방식으로 수업하고 있습니다.",초등학생 수학 연산과 기초개념을 다지고 문제 이해와 풀이 습관을 기르는 온라인 과외 찾기,핵심 고민은 “계산 실수가 반복되고 문장형 문제에서 무엇을 구해야 하는지 파악하기 어려움”입니다.,"연산, 기초개념, 문제 이해, 풀이 습관","지역과 일정에 따라 1:1 방문수업 또는 화상수업으로 진행하며, 연산과 기초개념을 탄탄히 다지고 문제를 이해하는 과정과 올바른 풀이 습관을 학생 수준에 맞춰 지도",계산 과정을 점검하고 문제의 조건을 이해하며 풀이 순서를 정리하는 습관 형성,친근형,elementary_math
95,https://kimstutoring.co.kr,bucheon-middle-math,publish,ko,경기도,부천,수학,중학생,부천 중학생 수학과외,부천 중학생 수학과외,"중학생 수학 과외 공부를 다시 시작하려는 분께 부천 1:1 수업이 맞는 출발점을 찾아드립니다. 지역과 일정에 따라 1:1 방문수업 또는 화상수업으로 진행하며, 개념 이해와 유형별 문제풀이를 연결하고 학교별… 방식으로 수업하고 있습니다.",중학생 수학 개념과 유형별 문제풀이를 연결하고 내신 및 서술형을 준비하는 온라인 과외 찾기,핵심 고민은 “개념을 외워도 문제 유형이 바뀌면 적용하기 어렵고 같은 오답과 풀이 과정 누락이 반복됨”입니다.,"개념, 유형별 문제풀이, 학교별 내신, 서술형, 오답관리","지역과 일정에 따라 1:1 방문수업 또는 화상수업으로 진행하며, 개념 이해와 유형별 문제풀이를 연결하고 학교별 내신, 서술형, 오답관리까지 취약 단원에 맞춰 지도",문제에 맞는 개념을 선택하고 풀이 근거를 순서대로 쓰며 반복되는 실수를 줄이는 능력 향상,코칭형,middle_math
96,https://kimstutoring.co.kr,bucheon-high-math,publish,ko,경기도,부천,수학,고등학생,부천 고등학생 수학과외,부천 고등학생 수학과외,"부천에서 고등학생 수학 과외 수업을 찾고 계신다면 지금 필요한 내용부터 시작할 수 있습니다. 지역과 일정에 따라 1:1 방문수업 또는 화상수업으로 진행하며, 개념과 유형별 문제풀이부터 학교별 내신,… 방식으로 수업하고 있습니다.",고등학생 수학 취약단원을 보완하면서 내신과 모의고사 및 수능을 준비하는 온라인 과외 찾기,핵심 고민은 “개념 사이의 연결이 약하고 복합 문제의 접근 방법을 찾기 어려우며 취약단원에서 오답이 반복됨”입니다.,"개념, 유형별 문제풀이, 학교별 내신, 모의고사, 수능, 취약단원, 오답분석","지역과 일정에 따라 1:1 방문수업 또는 화상수업으로 진행하며, 개념과 유형별 문제풀이부터 학교별 내신, 모의고사와 수능 대비, 취약단원 및 오답분석까지 목표에 맞춰 지도",취약단원의 개념을 연결하고 문제 조건에 맞는 풀이 전략을 선택하며 오답 원인을 스스로 설명하는 능력 향상,전문형,high_math
97,https://kimstutoring.co.kr,bucheon-elementary-korean,publish,ko,경기도,부천,국어,초등학생,부천 초등학생 국어과외,부천 초등학생 국어과외,"부천에서 초등학생 국어 과외 수업을 찾고 계신다면 지금 필요한 내용부터 시작할 수 있습니다. 지역과 일정에 따라 1:1 방문수업 또는 화상수업으로 진행하며, 어휘와 독해를 바탕으로 글의 내용을 이해하고… 방식으로 수업하고 있습니다.",초등학생의 국어 기초와 문해력을 잡아줄 1:1 국어과외 탐색,핵심 고민은 “글을 읽어도 내용을 정확히 이해하지 못하거나 어휘력이 부족해 문제의 뜻을 파악하는 데 어려움”입니다.,"어휘, 독해, 문장 이해, 글의 중심내용 파악, 기초 문해력, 글쓰기, 학습 습관","지역과 일정에 따라 1:1 방문수업 또는 화상수업으로 진행하며, 어휘와 독해를 바탕으로 글의 내용을 이해하고 자신의 생각을 표현하는 힘을 학생의 수준과 학습 속도에 맞춰 지도","글을 읽고 핵심 내용을 파악하는 힘을 기르고, 국어뿐 아니라 다른 과목의 문제를 이해하는 데 필요한 기초 문해력과 학습 습관 형성",친근형,elementary_korean
98,https://kimstutoring.co.kr,bucheon-middle-korean,publish,ko,경기도,부천,국어,중학생,부천 중학생 국어과외,부천 중학생 국어과외,"중학생 국어 과외 공부를 다시 시작하려는 분께 부천 1:1 수업이 맞는 출발점을 찾아드립니다. 지역과 일정에 따라 1:1 방문수업 또는 화상수업으로 진행하며, 문학·비문학 독해와 문법을 기본으로 학교별… 방식으로 수업하고 있습니다.",학교 내신과 국어 기본기를 함께 준비할 1:1 중등 국어과외 탐색,"핵심 고민은 “문학과 비문학 지문을 감으로 풀거나 문법 개념이 부족하고, 학교 시험의 서술형·수행평가 대비가 어려움”입니다.","문학, 비문학, 문법, 어휘, 학교별 내신, 서술형, 수행평가, 오답관리","지역과 일정에 따라 1:1 방문수업 또는 화상수업으로 진행하며, 문학·비문학 독해와 문법을 기본으로 학교별 내신, 서술형과 수행평가까지 학생의 취약 부분에 맞춰 지도","지문을 근거로 읽고 문제를 해결하는 방법을 익히며, 부족한 영역을 파악해 내신과 고등 국어 학습에 필요한 기본기 강화",코칭형,middle_korean
99,https://kimstutoring.co.kr,bucheon-high-korean,publish,ko,경기도,부천,국어,고등학생,부천 고등학생 국어과외,부천 고등학생 국어과외,"부천에서 고등학생 국어 과외 수업을 찾고 계신다면 지금 필요한 내용부터 시작할 수 있습니다. 지역과 일정에 따라 1:1 방문수업 또는 화상수업으로 진행하며, 문학과 독서의 지문 분석부터 학교별 내신,… 방식으로 수업하고 있습니다.",내신과 모의고사·수능을 함께 대비할 1:1 고등 국어과외 탐색,"핵심 고민은 “긴 지문의 핵심을 빠르게 파악하기 어렵거나 문학·독서·문법 영역별 편차가 크고, 모의고사에서 시간 관리와…”입니다.","문학, 독서, 화법과 언어, 작문, 학교별 내신, 모의고사, 수능, 취약영역, 오답분석","지역과 일정에 따라 1:1 방문수업 또는 화상수업으로 진행하며, 문학과 독서의 지문 분석부터 학교별 내신, 모의고사와 수능 대비, 취약영역 및 오답분석까지 현재 실력과 목표에 맞춰 지도","지문을 분석하는 기준과 문제 접근 방법을 익히고, 취약영역과 반복되는 오답을 점검하면서 내신·모의고사·수능 학습의 방향을 구체화",전문형,high_korean
100,https://kimstutoring.co.kr,incheon-elementary-english,publish,ko,인천광역시,인천,영어,초등학생,인천 초등학생 영어과외,인천 초등학생 영어과외,"초등학생 영어 과외 공부를 다시 시작하려는 분께 인천 1:1 수업이 맞는 출발점을 찾아드립니다. 지역과 일정에 따라 1:1 방문수업 또는 화상수업으로 진행하며, 기초 어휘와 문장 이해, 읽기 학습을 학생의… 방식으로 수업하고 있습니다.",초등학생 수준에 맞춰 영어 기초와 꾸준한 학습 습관을 기르는 1:1 온라인 과외 찾기,핵심 고민은 “기초 어휘가 부족하고 짧은 문장의 뜻을 이해하거나 꾸준히 읽는 데 어려움이 있음”입니다.,"기초 어휘, 문장 이해, 짧은 글 읽기, 학습 습관","지역과 일정에 따라 1:1 방문수업 또는 화상수업으로 진행하며, 기초 어휘와 문장 이해, 읽기 학습을 학생의 수준과 학습 속도에 맞춰 지도",익숙한 어휘로 짧은 문장의 뜻을 파악하고 스스로 읽고 복습하는 습관 형성,친근형,elementary_english
101,https://kimstutoring.co.kr,incheon-middle-english,publish,ko,인천광역시,인천,영어,중학생,인천 중학생 영어과외,인천 중학생 영어과외,"인천에서 배우는 중학생 영어 과외, 실제로 쓰려는 상황에 맞춰 수업 내용을 정합니다. 지역과 일정에 따라 1:1 방문수업 또는 화상수업으로 진행하며, 어휘·문법·독해를 기본으로 학교별 내신과… 방식으로 수업하고 있습니다.",중학생 영어 문법과 독해를 보완하고 학교별 내신과 서술형 및 수행평가를 준비하는 온라인 과외 찾기,핵심 고민은 “어휘와 문법을 배워도 지문에 적용하기 어렵고 서술형 답안과 수행평가 준비가 막막함”입니다.,"어휘, 문법, 독해, 학교별 내신, 서술형, 수행평가","지역과 일정에 따라 1:1 방문수업 또는 화상수업으로 진행하며, 어휘·문법·독해를 기본으로 학교별 내신과 서술형, 수행평가까지 학생의 취약 부분에 맞춰 지도",문법 근거를 설명하며 지문을 읽고 학교 평가 기준에 맞춰 답안을 작성하는 능력 향상,코칭형,middle_english
102,https://kimstutoring.co.kr,incheon-high-english,publish,ko,인천광역시,인천,영어,고등학생,인천 고등학생 영어과외,인천 고등학생 영어과외,"인천에서 고등학생 영어 과외 수업을 찾고 계신다면 지금 필요한 내용부터 시작할 수 있습니다. 지역과 일정에 따라 1:1 방문수업 또는 화상수업으로 진행하며, 어휘·구문독해부터 학교별 내신, 모의고사와 수능… 방식으로 수업하고 있습니다.",고등학생 영어 내신과 모의고사 및 수능 준비를 현재 수준에 맞춰 병행하는 온라인 과외 찾기,핵심 고민은 “긴 문장의 구조를 파악하기 어렵고 내신과 모의고사 지문을 읽는 데 시간이 오래 걸림”입니다.,"어휘, 구문독해, 학교별 내신, 모의고사, 수능","지역과 일정에 따라 1:1 방문수업 또는 화상수업으로 진행하며, 어휘·구문독해부터 학교별 내신, 모의고사와 수능 대비까지 현재 실력과 목표에 맞춰 지도",복잡한 문장의 구조를 파악하고 지문의 근거를 바탕으로 답을 선택하는 독해 능력 향상,전문형,high_english
103,https://kimstutoring.co.kr,incheon-elementary-math,publish,ko,인천광역시,인천,수학,초등학생,인천 초등학생 수학과외,인천 초등학생 수학과외,"인천에서 배우는 초등학생 수학 과외, 실제로 쓰려는 상황에 맞춰 수업 내용을 정합니다. 지역과 일정에 따라 1:1 방문수업 또는 화상수업으로 진행하며, 연산과 기초개념을 탄탄히 다지고 문제를 이해하는… 방식으로 수업하고 있습니다.",초등학생 수학 연산과 기초개념을 다지고 문제 이해와 풀이 습관을 기르는 온라인 과외 찾기,핵심 고민은 “계산 실수가 반복되고 문장형 문제에서 무엇을 구해야 하는지 파악하기 어려움”입니다.,"연산, 기초개념, 문제 이해, 풀이 습관","지역과 일정에 따라 1:1 방문수업 또는 화상수업으로 진행하며, 연산과 기초개념을 탄탄히 다지고 문제를 이해하는 과정과 올바른 풀이 습관을 학생 수준에 맞춰 지도",계산 과정을 점검하고 문제의 조건을 이해하며 풀이 순서를 정리하는 습관 형성,친근형,elementary_math
104,https://kimstutoring.co.kr,incheon-middle-math,publish,ko,인천광역시,인천,수학,중학생,인천 중학생 수학과외,인천 중학생 수학과외,"인천에서 배우는 중학생 수학 과외, 실제로 쓰려는 상황에 맞춰 수업 내용을 정합니다. 지역과 일정에 따라 1:1 방문수업 또는 화상수업으로 진행하며, 개념 이해와 유형별 문제풀이를 연결하고 학교별… 방식으로 수업하고 있습니다.",중학생 수학 개념과 유형별 문제풀이를 연결하고 내신 및 서술형을 준비하는 온라인 과외 찾기,핵심 고민은 “개념을 외워도 문제 유형이 바뀌면 적용하기 어렵고 같은 오답과 풀이 과정 누락이 반복됨”입니다.,"개념, 유형별 문제풀이, 학교별 내신, 서술형, 오답관리","지역과 일정에 따라 1:1 방문수업 또는 화상수업으로 진행하며, 개념 이해와 유형별 문제풀이를 연결하고 학교별 내신, 서술형, 오답관리까지 취약 단원에 맞춰 지도",문제에 맞는 개념을 선택하고 풀이 근거를 순서대로 쓰며 반복되는 실수를 줄이는 능력 향상,코칭형,middle_math
105,https://kimstutoring.co.kr,incheon-high-math,publish,ko,인천광역시,인천,수학,고등학생,인천 고등학생 수학과외,인천 고등학생 수학과외,"인천 고등학생 수학 과외 수업은 정해진 진도보다 현재 실력과 배우는 이유를 중요하게 봅니다. 지역과 일정에 따라 1:1 방문수업 또는 화상수업으로 진행하며, 개념과 유형별 문제풀이부터 학교별 내신,… 방식으로 수업하고 있습니다.",고등학생 수학 취약단원을 보완하면서 내신과 모의고사 및 수능을 준비하는 온라인 과외 찾기,핵심 고민은 “개념 사이의 연결이 약하고 복합 문제의 접근 방법을 찾기 어려우며 취약단원에서 오답이 반복됨”입니다.,"개념, 유형별 문제풀이, 학교별 내신, 모의고사, 수능, 취약단원, 오답분석","지역과 일정에 따라 1:1 방문수업 또는 화상수업으로 진행하며, 개념과 유형별 문제풀이부터 학교별 내신, 모의고사와 수능 대비, 취약단원 및 오답분석까지 목표에 맞춰 지도",취약단원의 개념을 연결하고 문제 조건에 맞는 풀이 전략을 선택하며 오답 원인을 스스로 설명하는 능력 향상,전문형,high_math
106,https://kimstutoring.co.kr,incheon-elementary-korean,publish,ko,인천광역시,인천,국어,초등학생,인천 초등학생 국어과외,인천 초등학생 국어과외,"인천 초등학생 국어 과외 수업은 정해진 진도보다 현재 실력과 배우는 이유를 중요하게 봅니다. 지역과 일정에 따라 1:1 방문수업 또는 화상수업으로 진행하며, 어휘와 독해를 바탕으로 글의 내용을 이해하고… 방식으로 수업하고 있습니다.",초등학생의 국어 기초와 문해력을 잡아줄 1:1 국어과외 탐색,핵심 고민은 “글을 읽어도 내용을 정확히 이해하지 못하거나 어휘력이 부족해 문제의 뜻을 파악하는 데 어려움”입니다.,"어휘, 독해, 문장 이해, 글의 중심내용 파악, 기초 문해력, 글쓰기, 학습 습관","지역과 일정에 따라 1:1 방문수업 또는 화상수업으로 진행하며, 어휘와 독해를 바탕으로 글의 내용을 이해하고 자신의 생각을 표현하는 힘을 학생의 수준과 학습 속도에 맞춰 지도","글을 읽고 핵심 내용을 파악하는 힘을 기르고, 국어뿐 아니라 다른 과목의 문제를 이해하는 데 필요한 기초 문해력과 학습 습관 형성",친근형,elementary_korean
107,https://kimstutoring.co.kr,incheon-middle-korean,publish,ko,인천광역시,인천,국어,중학생,인천 중학생 국어과외,인천 중학생 국어과외,"인천에서 배우는 중학생 국어 과외, 실제로 쓰려는 상황에 맞춰 수업 내용을 정합니다. 지역과 일정에 따라 1:1 방문수업 또는 화상수업으로 진행하며, 문학·비문학 독해와 문법을 기본으로 학교별… 방식으로 수업하고 있습니다.",학교 내신과 국어 기본기를 함께 준비할 1:1 중등 국어과외 탐색,"핵심 고민은 “문학과 비문학 지문을 감으로 풀거나 문법 개념이 부족하고, 학교 시험의 서술형·수행평가 대비가 어려움”입니다.","문학, 비문학, 문법, 어휘, 학교별 내신, 서술형, 수행평가, 오답관리","지역과 일정에 따라 1:1 방문수업 또는 화상수업으로 진행하며, 문학·비문학 독해와 문법을 기본으로 학교별 내신, 서술형과 수행평가까지 학생의 취약 부분에 맞춰 지도","지문을 근거로 읽고 문제를 해결하는 방법을 익히며, 부족한 영역을 파악해 내신과 고등 국어 학습에 필요한 기본기 강화",코칭형,middle_korean
108,https://kimstutoring.co.kr,incheon-high-korean,publish,ko,인천광역시,인천,국어,고등학생,인천 고등학생 국어과외,인천 고등학생 국어과외,"인천 고등학생 국어 과외 수업은 정해진 진도보다 현재 실력과 배우는 이유를 중요하게 봅니다. 지역과 일정에 따라 1:1 방문수업 또는 화상수업으로 진행하며, 문학과 독서의 지문 분석부터 학교별 내신,… 방식으로 수업하고 있습니다.",내신과 모의고사·수능을 함께 대비할 1:1 고등 국어과외 탐색,"핵심 고민은 “긴 지문의 핵심을 빠르게 파악하기 어렵거나 문학·독서·문법 영역별 편차가 크고, 모의고사에서 시간 관리와…”입니다.","문학, 독서, 화법과 언어, 작문, 학교별 내신, 모의고사, 수능, 취약영역, 오답분석","지역과 일정에 따라 1:1 방문수업 또는 화상수업으로 진행하며, 문학과 독서의 지문 분석부터 학교별 내신, 모의고사와 수능 대비, 취약영역 및 오답분석까지 현재 실력과 목표에 맞춰 지도","지문을 분석하는 기준과 문제 접근 방법을 익히고, 취약영역과 반복되는 오답을 점검하면서 내신·모의고사·수능 학습의 방향을 구체화",전문형,high_korean
109,https://kimstutoring.co.kr,bupyeong-elementary-english,publish,ko,인천광역시,부평,영어,초등학생,부평 초등학생 영어과외,부평 초등학생 영어과외,"초등학생 영어 과외 공부를 처음 시작한다면 부평에서도 기초부터 1:1로 배울 수 있습니다. 지역과 일정에 따라 1:1 방문수업 또는 화상수업으로 진행하며, 기초 어휘와 문장 이해, 읽기 학습을 학생의… 방식으로 수업하고 있습니다.",초등학생 수준에 맞춰 영어 기초와 꾸준한 학습 습관을 기르는 1:1 온라인 과외 찾기,핵심 고민은 “기초 어휘가 부족하고 짧은 문장의 뜻을 이해하거나 꾸준히 읽는 데 어려움이 있음”입니다.,"기초 어휘, 문장 이해, 짧은 글 읽기, 학습 습관","지역과 일정에 따라 1:1 방문수업 또는 화상수업으로 진행하며, 기초 어휘와 문장 이해, 읽기 학습을 학생의 수준과 학습 속도에 맞춰 지도",익숙한 어휘로 짧은 문장의 뜻을 파악하고 스스로 읽고 복습하는 습관 형성,친근형,elementary_english
110,https://kimstutoring.co.kr,bupyeong-middle-english,publish,ko,인천광역시,부평,영어,중학생,부평 중학생 영어과외,부평 중학생 영어과외,"중학생 영어 과외 때문에 고민이 있다면 부평 수업에서 지금 필요한 연습부터 함께 해볼 수 있습니다. 지역과 일정에 따라 1:1 방문수업 또는 화상수업으로 진행하며, 어휘·문법·독해를 기본으로 학교별 내신과… 방식으로 수업하고 있습니다.",중학생 영어 문법과 독해를 보완하고 학교별 내신과 서술형 및 수행평가를 준비하는 온라인 과외 찾기,핵심 고민은 “어휘와 문법을 배워도 지문에 적용하기 어렵고 서술형 답안과 수행평가 준비가 막막함”입니다.,"어휘, 문법, 독해, 학교별 내신, 서술형, 수행평가","지역과 일정에 따라 1:1 방문수업 또는 화상수업으로 진행하며, 어휘·문법·독해를 기본으로 학교별 내신과 서술형, 수행평가까지 학생의 취약 부분에 맞춰 지도",문법 근거를 설명하며 지문을 읽고 학교 평가 기준에 맞춰 답안을 작성하는 능력 향상,코칭형,middle_english
111,https://kimstutoring.co.kr,bupyeong-high-english,publish,ko,인천광역시,부평,영어,고등학생,부평 고등학생 영어과외,부평 고등학생 영어과외,"고등학생 영어 과외 공부를 처음 시작한다면 부평에서도 기초부터 1:1로 배울 수 있습니다. 지역과 일정에 따라 1:1 방문수업 또는 화상수업으로 진행하며, 어휘·구문독해부터 학교별 내신, 모의고사와 수능… 방식으로 수업하고 있습니다.",고등학생 영어 내신과 모의고사 및 수능 준비를 현재 수준에 맞춰 병행하는 온라인 과외 찾기,핵심 고민은 “긴 문장의 구조를 파악하기 어렵고 내신과 모의고사 지문을 읽는 데 시간이 오래 걸림”입니다.,"어휘, 구문독해, 학교별 내신, 모의고사, 수능","지역과 일정에 따라 1:1 방문수업 또는 화상수업으로 진행하며, 어휘·구문독해부터 학교별 내신, 모의고사와 수능 대비까지 현재 실력과 목표에 맞춰 지도",복잡한 문장의 구조를 파악하고 지문의 근거를 바탕으로 답을 선택하는 독해 능력 향상,전문형,high_english
112,https://kimstutoring.co.kr,bupyeong-elementary-math,publish,ko,인천광역시,부평,수학,초등학생,부평 초등학생 수학과외,부평 초등학생 수학과외,"초등학생 수학 과외 때문에 고민이 있다면 부평 수업에서 지금 필요한 연습부터 함께 해볼 수 있습니다. 지역과 일정에 따라 1:1 방문수업 또는 화상수업으로 진행하며, 연산과 기초개념을 탄탄히 다지고 문제를 이해하는… 방식으로 수업하고 있습니다.",초등학생 수학 연산과 기초개념을 다지고 문제 이해와 풀이 습관을 기르는 온라인 과외 찾기,핵심 고민은 “계산 실수가 반복되고 문장형 문제에서 무엇을 구해야 하는지 파악하기 어려움”입니다.,"연산, 기초개념, 문제 이해, 풀이 습관","지역과 일정에 따라 1:1 방문수업 또는 화상수업으로 진행하며, 연산과 기초개념을 탄탄히 다지고 문제를 이해하는 과정과 올바른 풀이 습관을 학생 수준에 맞춰 지도",계산 과정을 점검하고 문제의 조건을 이해하며 풀이 순서를 정리하는 습관 형성,친근형,elementary_math
113,https://kimstutoring.co.kr,bupyeong-middle-math,publish,ko,인천광역시,부평,수학,중학생,부평 중학생 수학과외,부평 중학생 수학과외,"중학생 수학 과외 때문에 고민이 있다면 부평 수업에서 지금 필요한 연습부터 함께 해볼 수 있습니다. 지역과 일정에 따라 1:1 방문수업 또는 화상수업으로 진행하며, 개념 이해와 유형별 문제풀이를 연결하고 학교별… 방식으로 수업하고 있습니다.",중학생 수학 개념과 유형별 문제풀이를 연결하고 내신 및 서술형을 준비하는 온라인 과외 찾기,핵심 고민은 “개념을 외워도 문제 유형이 바뀌면 적용하기 어렵고 같은 오답과 풀이 과정 누락이 반복됨”입니다.,"개념, 유형별 문제풀이, 학교별 내신, 서술형, 오답관리","지역과 일정에 따라 1:1 방문수업 또는 화상수업으로 진행하며, 개념 이해와 유형별 문제풀이를 연결하고 학교별 내신, 서술형, 오답관리까지 취약 단원에 맞춰 지도",문제에 맞는 개념을 선택하고 풀이 근거를 순서대로 쓰며 반복되는 실수를 줄이는 능력 향상,코칭형,middle_math
114,https://kimstutoring.co.kr,bupyeong-high-math,publish,ko,인천광역시,부평,수학,고등학생,부평 고등학생 수학과외,부평 고등학생 수학과외,"부평에서 고등학생 수학 과외 실력을 늘리고 싶다면 자주 막히는 부분부터 직접 다뤄봅니다. 지역과 일정에 따라 1:1 방문수업 또는 화상수업으로 진행하며, 개념과 유형별 문제풀이부터 학교별 내신,… 방식으로 수업하고 있습니다.",고등학생 수학 취약단원을 보완하면서 내신과 모의고사 및 수능을 준비하는 온라인 과외 찾기,핵심 고민은 “개념 사이의 연결이 약하고 복합 문제의 접근 방법을 찾기 어려우며 취약단원에서 오답이 반복됨”입니다.,"개념, 유형별 문제풀이, 학교별 내신, 모의고사, 수능, 취약단원, 오답분석","지역과 일정에 따라 1:1 방문수업 또는 화상수업으로 진행하며, 개념과 유형별 문제풀이부터 학교별 내신, 모의고사와 수능 대비, 취약단원 및 오답분석까지 목표에 맞춰 지도",취약단원의 개념을 연결하고 문제 조건에 맞는 풀이 전략을 선택하며 오답 원인을 스스로 설명하는 능력 향상,전문형,high_math
115,https://kimstutoring.co.kr,bupyeong-elementary-korean,publish,ko,인천광역시,부평,국어,초등학생,부평 초등학생 국어과외,부평 초등학생 국어과외,"부평에서 초등학생 국어 과외 실력을 늘리고 싶다면 자주 막히는 부분부터 직접 다뤄봅니다. 지역과 일정에 따라 1:1 방문수업 또는 화상수업으로 진행하며, 어휘와 독해를 바탕으로 글의 내용을 이해하고… 방식으로 수업하고 있습니다.",초등학생의 국어 기초와 문해력을 잡아줄 1:1 국어과외 탐색,핵심 고민은 “글을 읽어도 내용을 정확히 이해하지 못하거나 어휘력이 부족해 문제의 뜻을 파악하는 데 어려움”입니다.,"어휘, 독해, 문장 이해, 글의 중심내용 파악, 기초 문해력, 글쓰기, 학습 습관","지역과 일정에 따라 1:1 방문수업 또는 화상수업으로 진행하며, 어휘와 독해를 바탕으로 글의 내용을 이해하고 자신의 생각을 표현하는 힘을 학생의 수준과 학습 속도에 맞춰 지도","글을 읽고 핵심 내용을 파악하는 힘을 기르고, 국어뿐 아니라 다른 과목의 문제를 이해하는 데 필요한 기초 문해력과 학습 습관 형성",친근형,elementary_korean
116,https://kimstutoring.co.kr,bupyeong-middle-korean,publish,ko,인천광역시,부평,국어,중학생,부평 중학생 국어과외,부평 중학생 국어과외,"중학생 국어 과외 때문에 고민이 있다면 부평 수업에서 지금 필요한 연습부터 함께 해볼 수 있습니다. 지역과 일정에 따라 1:1 방문수업 또는 화상수업으로 진행하며, 문학·비문학 독해와 문법을 기본으로 학교별… 방식으로 수업하고 있습니다.",학교 내신과 국어 기본기를 함께 준비할 1:1 중등 국어과외 탐색,"핵심 고민은 “문학과 비문학 지문을 감으로 풀거나 문법 개념이 부족하고, 학교 시험의 서술형·수행평가 대비가 어려움”입니다.","문학, 비문학, 문법, 어휘, 학교별 내신, 서술형, 수행평가, 오답관리","지역과 일정에 따라 1:1 방문수업 또는 화상수업으로 진행하며, 문학·비문학 독해와 문법을 기본으로 학교별 내신, 서술형과 수행평가까지 학생의 취약 부분에 맞춰 지도","지문을 근거로 읽고 문제를 해결하는 방법을 익히며, 부족한 영역을 파악해 내신과 고등 국어 학습에 필요한 기본기 강화",코칭형,middle_korean
117,https://kimstutoring.co.kr,bupyeong-high-korean,publish,ko,인천광역시,부평,국어,고등학생,부평 고등학생 국어과외,부평 고등학생 국어과외,"부평에서 고등학생 국어 과외 실력을 늘리고 싶다면 자주 막히는 부분부터 직접 다뤄봅니다. 지역과 일정에 따라 1:1 방문수업 또는 화상수업으로 진행하며, 문학과 독서의 지문 분석부터 학교별 내신,… 방식으로 수업하고 있습니다.",내신과 모의고사·수능을 함께 대비할 1:1 고등 국어과외 탐색,"핵심 고민은 “긴 지문의 핵심을 빠르게 파악하기 어렵거나 문학·독서·문법 영역별 편차가 크고, 모의고사에서 시간 관리와…”입니다.","문학, 독서, 화법과 언어, 작문, 학교별 내신, 모의고사, 수능, 취약영역, 오답분석","지역과 일정에 따라 1:1 방문수업 또는 화상수업으로 진행하며, 문학과 독서의 지문 분석부터 학교별 내신, 모의고사와 수능 대비, 취약영역 및 오답분석까지 현재 실력과 목표에 맞춰 지도","지문을 분석하는 기준과 문제 접근 방법을 익히고, 취약영역과 반복되는 오답을 점검하면서 내신·모의고사·수능 학습의 방향을 구체화",전문형,high_korean
118,https://kimstutoring.co.kr,siheung-elementary-english,publish,ko,경기도,시흥,영어,초등학생,시흥 초등학생 영어과외,시흥 초등학생 영어과외,"시흥에서 초등학생 영어 과외 실력을 늘리고 싶다면 자주 막히는 부분부터 직접 다뤄봅니다. 지역과 일정에 따라 1:1 방문수업 또는 화상수업으로 진행하며, 기초 어휘와 문장 이해, 읽기 학습을 학생의… 방식으로 수업하고 있습니다.",초등학생 수준에 맞춰 영어 기초와 꾸준한 학습 습관을 기르는 1:1 온라인 과외 찾기,핵심 고민은 “기초 어휘가 부족하고 짧은 문장의 뜻을 이해하거나 꾸준히 읽는 데 어려움이 있음”입니다.,"기초 어휘, 문장 이해, 짧은 글 읽기, 학습 습관","지역과 일정에 따라 1:1 방문수업 또는 화상수업으로 진행하며, 기초 어휘와 문장 이해, 읽기 학습을 학생의 수준과 학습 속도에 맞춰 지도",익숙한 어휘로 짧은 문장의 뜻을 파악하고 스스로 읽고 복습하는 습관 형성,친근형,elementary_english
119,https://kimstutoring.co.kr,siheung-middle-english,publish,ko,경기도,시흥,영어,중학생,시흥 중학생 영어과외,시흥 중학생 영어과외,"중학생 영어 과외 공부를 처음 시작한다면 시흥에서도 기초부터 1:1로 배울 수 있습니다. 지역과 일정에 따라 1:1 방문수업 또는 화상수업으로 진행하며, 어휘·문법·독해를 기본으로 학교별 내신과… 방식으로 수업하고 있습니다.",중학생 영어 문법과 독해를 보완하고 학교별 내신과 서술형 및 수행평가를 준비하는 온라인 과외 찾기,핵심 고민은 “어휘와 문법을 배워도 지문에 적용하기 어렵고 서술형 답안과 수행평가 준비가 막막함”입니다.,"어휘, 문법, 독해, 학교별 내신, 서술형, 수행평가","지역과 일정에 따라 1:1 방문수업 또는 화상수업으로 진행하며, 어휘·문법·독해를 기본으로 학교별 내신과 서술형, 수행평가까지 학생의 취약 부분에 맞춰 지도",문법 근거를 설명하며 지문을 읽고 학교 평가 기준에 맞춰 답안을 작성하는 능력 향상,코칭형,middle_english
120,https://kimstutoring.co.kr,siheung-high-english,publish,ko,경기도,시흥,영어,고등학생,시흥 고등학생 영어과외,시흥 고등학생 영어과외,"시흥에서 고등학생 영어 과외 실력을 늘리고 싶다면 자주 막히는 부분부터 직접 다뤄봅니다. 지역과 일정에 따라 1:1 방문수업 또는 화상수업으로 진행하며, 어휘·구문독해부터 학교별 내신, 모의고사와 수능… 방식으로 수업하고 있습니다.",고등학생 영어 내신과 모의고사 및 수능 준비를 현재 수준에 맞춰 병행하는 온라인 과외 찾기,핵심 고민은 “긴 문장의 구조를 파악하기 어렵고 내신과 모의고사 지문을 읽는 데 시간이 오래 걸림”입니다.,"어휘, 구문독해, 학교별 내신, 모의고사, 수능","지역과 일정에 따라 1:1 방문수업 또는 화상수업으로 진행하며, 어휘·구문독해부터 학교별 내신, 모의고사와 수능 대비까지 현재 실력과 목표에 맞춰 지도",복잡한 문장의 구조를 파악하고 지문의 근거를 바탕으로 답을 선택하는 독해 능력 향상,전문형,high_english
121,https://kimstutoring.co.kr,siheung-elementary-math,publish,ko,경기도,시흥,수학,초등학생,시흥 초등학생 수학과외,시흥 초등학생 수학과외,"초등학생 수학 과외 공부를 처음 시작한다면 시흥에서도 기초부터 1:1로 배울 수 있습니다. 지역과 일정에 따라 1:1 방문수업 또는 화상수업으로 진행하며, 연산과 기초개념을 탄탄히 다지고 문제를 이해하는… 방식으로 수업하고 있습니다.",초등학생 수학 연산과 기초개념을 다지고 문제 이해와 풀이 습관을 기르는 온라인 과외 찾기,핵심 고민은 “계산 실수가 반복되고 문장형 문제에서 무엇을 구해야 하는지 파악하기 어려움”입니다.,"연산, 기초개념, 문제 이해, 풀이 습관","지역과 일정에 따라 1:1 방문수업 또는 화상수업으로 진행하며, 연산과 기초개념을 탄탄히 다지고 문제를 이해하는 과정과 올바른 풀이 습관을 학생 수준에 맞춰 지도",계산 과정을 점검하고 문제의 조건을 이해하며 풀이 순서를 정리하는 습관 형성,친근형,elementary_math
122,https://kimstutoring.co.kr,siheung-middle-math,publish,ko,경기도,시흥,수학,중학생,시흥 중학생 수학과외,시흥 중학생 수학과외,"중학생 수학 과외 공부를 처음 시작한다면 시흥에서도 기초부터 1:1로 배울 수 있습니다. 지역과 일정에 따라 1:1 방문수업 또는 화상수업으로 진행하며, 개념 이해와 유형별 문제풀이를 연결하고 학교별… 방식으로 수업하고 있습니다.",중학생 수학 개념과 유형별 문제풀이를 연결하고 내신 및 서술형을 준비하는 온라인 과외 찾기,핵심 고민은 “개념을 외워도 문제 유형이 바뀌면 적용하기 어렵고 같은 오답과 풀이 과정 누락이 반복됨”입니다.,"개념, 유형별 문제풀이, 학교별 내신, 서술형, 오답관리","지역과 일정에 따라 1:1 방문수업 또는 화상수업으로 진행하며, 개념 이해와 유형별 문제풀이를 연결하고 학교별 내신, 서술형, 오답관리까지 취약 단원에 맞춰 지도",문제에 맞는 개념을 선택하고 풀이 근거를 순서대로 쓰며 반복되는 실수를 줄이는 능력 향상,코칭형,middle_math
123,https://kimstutoring.co.kr,siheung-high-math,publish,ko,경기도,시흥,수학,고등학생,시흥 고등학생 수학과외,시흥 고등학생 수학과외,"시흥 고등학생 수학 과외 수업을 고민 중이라면 잘하는 부분과 보완할 부분을 나누어 시작합니다. 지역과 일정에 따라 1:1 방문수업 또는 화상수업으로 진행하며, 개념과 유형별 문제풀이부터 학교별 내신,… 방식으로 수업하고 있습니다.",고등학생 수학 취약단원을 보완하면서 내신과 모의고사 및 수능을 준비하는 온라인 과외 찾기,핵심 고민은 “개념 사이의 연결이 약하고 복합 문제의 접근 방법을 찾기 어려우며 취약단원에서 오답이 반복됨”입니다.,"개념, 유형별 문제풀이, 학교별 내신, 모의고사, 수능, 취약단원, 오답분석","지역과 일정에 따라 1:1 방문수업 또는 화상수업으로 진행하며, 개념과 유형별 문제풀이부터 학교별 내신, 모의고사와 수능 대비, 취약단원 및 오답분석까지 목표에 맞춰 지도",취약단원의 개념을 연결하고 문제 조건에 맞는 풀이 전략을 선택하며 오답 원인을 스스로 설명하는 능력 향상,전문형,high_math
124,https://kimstutoring.co.kr,siheung-elementary-korean,publish,ko,경기도,시흥,국어,초등학생,시흥 초등학생 국어과외,시흥 초등학생 국어과외,"시흥 초등학생 국어 과외 수업을 고민 중이라면 잘하는 부분과 보완할 부분을 나누어 시작합니다. 지역과 일정에 따라 1:1 방문수업 또는 화상수업으로 진행하며, 어휘와 독해를 바탕으로 글의 내용을 이해하고… 방식으로 수업하고 있습니다.",초등학생의 국어 기초와 문해력을 잡아줄 1:1 국어과외 탐색,핵심 고민은 “글을 읽어도 내용을 정확히 이해하지 못하거나 어휘력이 부족해 문제의 뜻을 파악하는 데 어려움”입니다.,"어휘, 독해, 문장 이해, 글의 중심내용 파악, 기초 문해력, 글쓰기, 학습 습관","지역과 일정에 따라 1:1 방문수업 또는 화상수업으로 진행하며, 어휘와 독해를 바탕으로 글의 내용을 이해하고 자신의 생각을 표현하는 힘을 학생의 수준과 학습 속도에 맞춰 지도","글을 읽고 핵심 내용을 파악하는 힘을 기르고, 국어뿐 아니라 다른 과목의 문제를 이해하는 데 필요한 기초 문해력과 학습 습관 형성",친근형,elementary_korean
125,https://kimstutoring.co.kr,siheung-middle-korean,publish,ko,경기도,시흥,국어,중학생,시흥 중학생 국어과외,시흥 중학생 국어과외,"중학생 국어 과외 공부를 처음 시작한다면 시흥에서도 기초부터 1:1로 배울 수 있습니다. 지역과 일정에 따라 1:1 방문수업 또는 화상수업으로 진행하며, 문학·비문학 독해와 문법을 기본으로 학교별… 방식으로 수업하고 있습니다.",학교 내신과 국어 기본기를 함께 준비할 1:1 중등 국어과외 탐색,"핵심 고민은 “문학과 비문학 지문을 감으로 풀거나 문법 개념이 부족하고, 학교 시험의 서술형·수행평가 대비가 어려움”입니다.","문학, 비문학, 문법, 어휘, 학교별 내신, 서술형, 수행평가, 오답관리","지역과 일정에 따라 1:1 방문수업 또는 화상수업으로 진행하며, 문학·비문학 독해와 문법을 기본으로 학교별 내신, 서술형과 수행평가까지 학생의 취약 부분에 맞춰 지도","지문을 근거로 읽고 문제를 해결하는 방법을 익히며, 부족한 영역을 파악해 내신과 고등 국어 학습에 필요한 기본기 강화",코칭형,middle_korean
126,https://kimstutoring.co.kr,siheung-high-korean,publish,ko,경기도,시흥,국어,고등학생,시흥 고등학생 국어과외,시흥 고등학생 국어과외,"시흥 고등학생 국어 과외 수업을 고민 중이라면 잘하는 부분과 보완할 부분을 나누어 시작합니다. 지역과 일정에 따라 1:1 방문수업 또는 화상수업으로 진행하며, 문학과 독서의 지문 분석부터 학교별 내신,… 방식으로 수업하고 있습니다.",내신과 모의고사·수능을 함께 대비할 1:1 고등 국어과외 탐색,"핵심 고민은 “긴 지문의 핵심을 빠르게 파악하기 어렵거나 문학·독서·문법 영역별 편차가 크고, 모의고사에서 시간 관리와…”입니다.","문학, 독서, 화법과 언어, 작문, 학교별 내신, 모의고사, 수능, 취약영역, 오답분석","지역과 일정에 따라 1:1 방문수업 또는 화상수업으로 진행하며, 문학과 독서의 지문 분석부터 학교별 내신, 모의고사와 수능 대비, 취약영역 및 오답분석까지 현재 실력과 목표에 맞춰 지도","지문을 분석하는 기준과 문제 접근 방법을 익히고, 취약영역과 반복되는 오답을 점검하면서 내신·모의고사·수능 학습의 방향을 구체화",전문형,high_korean
127,https://kimstutoring.co.kr,ansan-elementary-english,publish,ko,경기도,안산,영어,초등학생,안산 초등학생 영어과외,안산 초등학생 영어과외,"초등학생 영어 과외 공부를 처음 시작한다면 안산에서도 기초부터 1:1로 배울 수 있습니다. 지역과 일정에 따라 1:1 방문수업 또는 화상수업으로 진행하며, 기초 어휘와 문장 이해, 읽기 학습을 학생의… 방식으로 수업하고 있습니다.",초등학생 수준에 맞춰 영어 기초와 꾸준한 학습 습관을 기르는 1:1 온라인 과외 찾기,핵심 고민은 “기초 어휘가 부족하고 짧은 문장의 뜻을 이해하거나 꾸준히 읽는 데 어려움이 있음”입니다.,"기초 어휘, 문장 이해, 짧은 글 읽기, 학습 습관","지역과 일정에 따라 1:1 방문수업 또는 화상수업으로 진행하며, 기초 어휘와 문장 이해, 읽기 학습을 학생의 수준과 학습 속도에 맞춰 지도",익숙한 어휘로 짧은 문장의 뜻을 파악하고 스스로 읽고 복습하는 습관 형성,친근형,elementary_english
128,https://kimstutoring.co.kr,ansan-middle-english,publish,ko,경기도,안산,영어,중학생,안산 중학생 영어과외,안산 중학생 영어과외,"중학생 영어 과외 때문에 고민이 있다면 안산 수업에서 지금 필요한 연습부터 함께 해볼 수 있습니다. 지역과 일정에 따라 1:1 방문수업 또는 화상수업으로 진행하며, 어휘·문법·독해를 기본으로 학교별 내신과… 방식으로 수업하고 있습니다.",중학생 영어 문법과 독해를 보완하고 학교별 내신과 서술형 및 수행평가를 준비하는 온라인 과외 찾기,핵심 고민은 “어휘와 문법을 배워도 지문에 적용하기 어렵고 서술형 답안과 수행평가 준비가 막막함”입니다.,"어휘, 문법, 독해, 학교별 내신, 서술형, 수행평가","지역과 일정에 따라 1:1 방문수업 또는 화상수업으로 진행하며, 어휘·문법·독해를 기본으로 학교별 내신과 서술형, 수행평가까지 학생의 취약 부분에 맞춰 지도",문법 근거를 설명하며 지문을 읽고 학교 평가 기준에 맞춰 답안을 작성하는 능력 향상,코칭형,middle_english
129,https://kimstutoring.co.kr,ansan-high-english,publish,ko,경기도,안산,영어,고등학생,안산 고등학생 영어과외,안산 고등학생 영어과외,"고등학생 영어 과외 공부를 처음 시작한다면 안산에서도 기초부터 1:1로 배울 수 있습니다. 지역과 일정에 따라 1:1 방문수업 또는 화상수업으로 진행하며, 어휘·구문독해부터 학교별 내신, 모의고사와 수능… 방식으로 수업하고 있습니다.",고등학생 영어 내신과 모의고사 및 수능 준비를 현재 수준에 맞춰 병행하는 온라인 과외 찾기,핵심 고민은 “긴 문장의 구조를 파악하기 어렵고 내신과 모의고사 지문을 읽는 데 시간이 오래 걸림”입니다.,"어휘, 구문독해, 학교별 내신, 모의고사, 수능","지역과 일정에 따라 1:1 방문수업 또는 화상수업으로 진행하며, 어휘·구문독해부터 학교별 내신, 모의고사와 수능 대비까지 현재 실력과 목표에 맞춰 지도",복잡한 문장의 구조를 파악하고 지문의 근거를 바탕으로 답을 선택하는 독해 능력 향상,전문형,high_english
130,https://kimstutoring.co.kr,ansan-elementary-math,publish,ko,경기도,안산,수학,초등학생,안산 초등학생 수학과외,안산 초등학생 수학과외,"초등학생 수학 과외 때문에 고민이 있다면 안산 수업에서 지금 필요한 연습부터 함께 해볼 수 있습니다. 지역과 일정에 따라 1:1 방문수업 또는 화상수업으로 진행하며, 연산과 기초개념을 탄탄히 다지고 문제를 이해하는… 방식으로 수업하고 있습니다.",초등학생 수학 연산과 기초개념을 다지고 문제 이해와 풀이 습관을 기르는 온라인 과외 찾기,핵심 고민은 “계산 실수가 반복되고 문장형 문제에서 무엇을 구해야 하는지 파악하기 어려움”입니다.,"연산, 기초개념, 문제 이해, 풀이 습관","지역과 일정에 따라 1:1 방문수업 또는 화상수업으로 진행하며, 연산과 기초개념을 탄탄히 다지고 문제를 이해하는 과정과 올바른 풀이 습관을 학생 수준에 맞춰 지도",계산 과정을 점검하고 문제의 조건을 이해하며 풀이 순서를 정리하는 습관 형성,친근형,elementary_math
131,https://kimstutoring.co.kr,ansan-middle-math,publish,ko,경기도,안산,수학,중학생,안산 중학생 수학과외,안산 중학생 수학과외,"중학생 수학 과외 때문에 고민이 있다면 안산 수업에서 지금 필요한 연습부터 함께 해볼 수 있습니다. 지역과 일정에 따라 1:1 방문수업 또는 화상수업으로 진행하며, 개념 이해와 유형별 문제풀이를 연결하고 학교별… 방식으로 수업하고 있습니다.",중학생 수학 개념과 유형별 문제풀이를 연결하고 내신 및 서술형을 준비하는 온라인 과외 찾기,핵심 고민은 “개념을 외워도 문제 유형이 바뀌면 적용하기 어렵고 같은 오답과 풀이 과정 누락이 반복됨”입니다.,"개념, 유형별 문제풀이, 학교별 내신, 서술형, 오답관리","지역과 일정에 따라 1:1 방문수업 또는 화상수업으로 진행하며, 개념 이해와 유형별 문제풀이를 연결하고 학교별 내신, 서술형, 오답관리까지 취약 단원에 맞춰 지도",문제에 맞는 개념을 선택하고 풀이 근거를 순서대로 쓰며 반복되는 실수를 줄이는 능력 향상,코칭형,middle_math
132,https://kimstutoring.co.kr,ansan-high-math,publish,ko,경기도,안산,수학,고등학생,안산 고등학생 수학과외,안산 고등학생 수학과외,"안산에서 고등학생 수학 과외 실력을 늘리고 싶다면 자주 막히는 부분부터 직접 다뤄봅니다. 지역과 일정에 따라 1:1 방문수업 또는 화상수업으로 진행하며, 개념과 유형별 문제풀이부터 학교별 내신,… 방식으로 수업하고 있습니다.",고등학생 수학 취약단원을 보완하면서 내신과 모의고사 및 수능을 준비하는 온라인 과외 찾기,핵심 고민은 “개념 사이의 연결이 약하고 복합 문제의 접근 방법을 찾기 어려우며 취약단원에서 오답이 반복됨”입니다.,"개념, 유형별 문제풀이, 학교별 내신, 모의고사, 수능, 취약단원, 오답분석","지역과 일정에 따라 1:1 방문수업 또는 화상수업으로 진행하며, 개념과 유형별 문제풀이부터 학교별 내신, 모의고사와 수능 대비, 취약단원 및 오답분석까지 목표에 맞춰 지도",취약단원의 개념을 연결하고 문제 조건에 맞는 풀이 전략을 선택하며 오답 원인을 스스로 설명하는 능력 향상,전문형,high_math
133,https://kimstutoring.co.kr,ansan-elementary-korean,publish,ko,경기도,안산,국어,초등학생,안산 초등학생 국어과외,안산 초등학생 국어과외,"안산에서 초등학생 국어 과외 실력을 늘리고 싶다면 자주 막히는 부분부터 직접 다뤄봅니다. 지역과 일정에 따라 1:1 방문수업 또는 화상수업으로 진행하며, 어휘와 독해를 바탕으로 글의 내용을 이해하고… 방식으로 수업하고 있습니다.",초등학생의 국어 기초와 문해력을 잡아줄 1:1 국어과외 탐색,핵심 고민은 “글을 읽어도 내용을 정확히 이해하지 못하거나 어휘력이 부족해 문제의 뜻을 파악하는 데 어려움”입니다.,"어휘, 독해, 문장 이해, 글의 중심내용 파악, 기초 문해력, 글쓰기, 학습 습관","지역과 일정에 따라 1:1 방문수업 또는 화상수업으로 진행하며, 어휘와 독해를 바탕으로 글의 내용을 이해하고 자신의 생각을 표현하는 힘을 학생의 수준과 학습 속도에 맞춰 지도","글을 읽고 핵심 내용을 파악하는 힘을 기르고, 국어뿐 아니라 다른 과목의 문제를 이해하는 데 필요한 기초 문해력과 학습 습관 형성",친근형,elementary_korean
134,https://kimstutoring.co.kr,ansan-middle-korean,publish,ko,경기도,안산,국어,중학생,안산 중학생 국어과외,안산 중학생 국어과외,"중학생 국어 과외 때문에 고민이 있다면 안산 수업에서 지금 필요한 연습부터 함께 해볼 수 있습니다. 지역과 일정에 따라 1:1 방문수업 또는 화상수업으로 진행하며, 문학·비문학 독해와 문법을 기본으로 학교별… 방식으로 수업하고 있습니다.",학교 내신과 국어 기본기를 함께 준비할 1:1 중등 국어과외 탐색,"핵심 고민은 “문학과 비문학 지문을 감으로 풀거나 문법 개념이 부족하고, 학교 시험의 서술형·수행평가 대비가 어려움”입니다.","문학, 비문학, 문법, 어휘, 학교별 내신, 서술형, 수행평가, 오답관리","지역과 일정에 따라 1:1 방문수업 또는 화상수업으로 진행하며, 문학·비문학 독해와 문법을 기본으로 학교별 내신, 서술형과 수행평가까지 학생의 취약 부분에 맞춰 지도","지문을 근거로 읽고 문제를 해결하는 방법을 익히며, 부족한 영역을 파악해 내신과 고등 국어 학습에 필요한 기본기 강화",코칭형,middle_korean
135,https://kimstutoring.co.kr,ansan-high-korean,publish,ko,경기도,안산,국어,고등학생,안산 고등학생 국어과외,안산 고등학생 국어과외,"안산에서 고등학생 국어 과외 실력을 늘리고 싶다면 자주 막히는 부분부터 직접 다뤄봅니다. 지역과 일정에 따라 1:1 방문수업 또는 화상수업으로 진행하며, 문학과 독서의 지문 분석부터 학교별 내신,… 방식으로 수업하고 있습니다.",내신과 모의고사·수능을 함께 대비할 1:1 고등 국어과외 탐색,"핵심 고민은 “긴 지문의 핵심을 빠르게 파악하기 어렵거나 문학·독서·문법 영역별 편차가 크고, 모의고사에서 시간 관리와…”입니다.","문학, 독서, 화법과 언어, 작문, 학교별 내신, 모의고사, 수능, 취약영역, 오답분석","지역과 일정에 따라 1:1 방문수업 또는 화상수업으로 진행하며, 문학과 독서의 지문 분석부터 학교별 내신, 모의고사와 수능 대비, 취약영역 및 오답분석까지 현재 실력과 목표에 맞춰 지도","지문을 분석하는 기준과 문제 접근 방법을 익히고, 취약영역과 반복되는 오답을 점검하면서 내신·모의고사·수능 학습의 방향을 구체화",전문형,high_korean
136,https://kimstutoring.co.kr,anyang-elementary-english,publish,ko,경기도,안양,영어,초등학생,안양 초등학생 영어과외,안양 초등학생 영어과외,"안양 초등학생 영어 과외 수업은 정해진 진도보다 현재 실력과 배우는 이유를 중요하게 봅니다. 지역과 일정에 따라 1:1 방문수업 또는 화상수업으로 진행하며, 기초 어휘와 문장 이해, 읽기 학습을 학생의… 방식으로 수업하고 있습니다.",초등학생 수준에 맞춰 영어 기초와 꾸준한 학습 습관을 기르는 1:1 온라인 과외 찾기,핵심 고민은 “기초 어휘가 부족하고 짧은 문장의 뜻을 이해하거나 꾸준히 읽는 데 어려움이 있음”입니다.,"기초 어휘, 문장 이해, 짧은 글 읽기, 학습 습관","지역과 일정에 따라 1:1 방문수업 또는 화상수업으로 진행하며, 기초 어휘와 문장 이해, 읽기 학습을 학생의 수준과 학습 속도에 맞춰 지도",익숙한 어휘로 짧은 문장의 뜻을 파악하고 스스로 읽고 복습하는 습관 형성,친근형,elementary_english
137,https://kimstutoring.co.kr,anyang-middle-english,publish,ko,경기도,안양,영어,중학생,안양 중학생 영어과외,안양 중학생 영어과외,"중학생 영어 과외 공부를 다시 시작하려는 분께 안양 1:1 수업이 맞는 출발점을 찾아드립니다. 지역과 일정에 따라 1:1 방문수업 또는 화상수업으로 진행하며, 어휘·문법·독해를 기본으로 학교별 내신과… 방식으로 수업하고 있습니다.",중학생 영어 문법과 독해를 보완하고 학교별 내신과 서술형 및 수행평가를 준비하는 온라인 과외 찾기,핵심 고민은 “어휘와 문법을 배워도 지문에 적용하기 어렵고 서술형 답안과 수행평가 준비가 막막함”입니다.,"어휘, 문법, 독해, 학교별 내신, 서술형, 수행평가","지역과 일정에 따라 1:1 방문수업 또는 화상수업으로 진행하며, 어휘·문법·독해를 기본으로 학교별 내신과 서술형, 수행평가까지 학생의 취약 부분에 맞춰 지도",문법 근거를 설명하며 지문을 읽고 학교 평가 기준에 맞춰 답안을 작성하는 능력 향상,코칭형,middle_english
138,https://kimstutoring.co.kr,anyang-high-english,publish,ko,경기도,안양,영어,고등학생,안양 고등학생 영어과외,안양 고등학생 영어과외,"안양에서 배우는 고등학생 영어 과외, 실제로 쓰려는 상황에 맞춰 수업 내용을 정합니다. 지역과 일정에 따라 1:1 방문수업 또는 화상수업으로 진행하며, 어휘·구문독해부터 학교별 내신, 모의고사와 수능… 방식으로 수업하고 있습니다.",고등학생 영어 내신과 모의고사 및 수능 준비를 현재 수준에 맞춰 병행하는 온라인 과외 찾기,핵심 고민은 “긴 문장의 구조를 파악하기 어렵고 내신과 모의고사 지문을 읽는 데 시간이 오래 걸림”입니다.,"어휘, 구문독해, 학교별 내신, 모의고사, 수능","지역과 일정에 따라 1:1 방문수업 또는 화상수업으로 진행하며, 어휘·구문독해부터 학교별 내신, 모의고사와 수능 대비까지 현재 실력과 목표에 맞춰 지도",복잡한 문장의 구조를 파악하고 지문의 근거를 바탕으로 답을 선택하는 독해 능력 향상,전문형,high_english
139,https://kimstutoring.co.kr,anyang-elementary-math,publish,ko,경기도,안양,수학,초등학생,안양 초등학생 수학과외,안양 초등학생 수학과외,"초등학생 수학 과외 공부를 다시 시작하려는 분께 안양 1:1 수업이 맞는 출발점을 찾아드립니다. 지역과 일정에 따라 1:1 방문수업 또는 화상수업으로 진행하며, 연산과 기초개념을 탄탄히 다지고 문제를 이해하는… 방식으로 수업하고 있습니다.",초등학생 수학 연산과 기초개념을 다지고 문제 이해와 풀이 습관을 기르는 온라인 과외 찾기,핵심 고민은 “계산 실수가 반복되고 문장형 문제에서 무엇을 구해야 하는지 파악하기 어려움”입니다.,"연산, 기초개념, 문제 이해, 풀이 습관","지역과 일정에 따라 1:1 방문수업 또는 화상수업으로 진행하며, 연산과 기초개념을 탄탄히 다지고 문제를 이해하는 과정과 올바른 풀이 습관을 학생 수준에 맞춰 지도",계산 과정을 점검하고 문제의 조건을 이해하며 풀이 순서를 정리하는 습관 형성,친근형,elementary_math
140,https://kimstutoring.co.kr,anyang-middle-math,publish,ko,경기도,안양,수학,중학생,안양 중학생 수학과외,안양 중학생 수학과외,"중학생 수학 과외 공부를 다시 시작하려는 분께 안양 1:1 수업이 맞는 출발점을 찾아드립니다. 지역과 일정에 따라 1:1 방문수업 또는 화상수업으로 진행하며, 개념 이해와 유형별 문제풀이를 연결하고 학교별… 방식으로 수업하고 있습니다.",중학생 수학 개념과 유형별 문제풀이를 연결하고 내신 및 서술형을 준비하는 온라인 과외 찾기,핵심 고민은 “개념을 외워도 문제 유형이 바뀌면 적용하기 어렵고 같은 오답과 풀이 과정 누락이 반복됨”입니다.,"개념, 유형별 문제풀이, 학교별 내신, 서술형, 오답관리","지역과 일정에 따라 1:1 방문수업 또는 화상수업으로 진행하며, 개념 이해와 유형별 문제풀이를 연결하고 학교별 내신, 서술형, 오답관리까지 취약 단원에 맞춰 지도",문제에 맞는 개념을 선택하고 풀이 근거를 순서대로 쓰며 반복되는 실수를 줄이는 능력 향상,코칭형,middle_math
141,https://kimstutoring.co.kr,anyang-high-math,publish,ko,경기도,안양,수학,고등학생,안양 고등학생 수학과외,안양 고등학생 수학과외,"안양에서 고등학생 수학 과외 수업을 찾고 계신다면 지금 필요한 내용부터 시작할 수 있습니다. 지역과 일정에 따라 1:1 방문수업 또는 화상수업으로 진행하며, 개념과 유형별 문제풀이부터 학교별 내신,… 방식으로 수업하고 있습니다.",고등학생 수학 취약단원을 보완하면서 내신과 모의고사 및 수능을 준비하는 온라인 과외 찾기,핵심 고민은 “개념 사이의 연결이 약하고 복합 문제의 접근 방법을 찾기 어려우며 취약단원에서 오답이 반복됨”입니다.,"개념, 유형별 문제풀이, 학교별 내신, 모의고사, 수능, 취약단원, 오답분석","지역과 일정에 따라 1:1 방문수업 또는 화상수업으로 진행하며, 개념과 유형별 문제풀이부터 학교별 내신, 모의고사와 수능 대비, 취약단원 및 오답분석까지 목표에 맞춰 지도",취약단원의 개념을 연결하고 문제 조건에 맞는 풀이 전략을 선택하며 오답 원인을 스스로 설명하는 능력 향상,전문형,high_math
142,https://kimstutoring.co.kr,anyang-elementary-korean,publish,ko,경기도,안양,국어,초등학생,안양 초등학생 국어과외,안양 초등학생 국어과외,"안양에서 초등학생 국어 과외 수업을 찾고 계신다면 지금 필요한 내용부터 시작할 수 있습니다. 지역과 일정에 따라 1:1 방문수업 또는 화상수업으로 진행하며, 어휘와 독해를 바탕으로 글의 내용을 이해하고… 방식으로 수업하고 있습니다.",초등학생의 국어 기초와 문해력을 잡아줄 1:1 국어과외 탐색,핵심 고민은 “글을 읽어도 내용을 정확히 이해하지 못하거나 어휘력이 부족해 문제의 뜻을 파악하는 데 어려움”입니다.,"어휘, 독해, 문장 이해, 글의 중심내용 파악, 기초 문해력, 글쓰기, 학습 습관","지역과 일정에 따라 1:1 방문수업 또는 화상수업으로 진행하며, 어휘와 독해를 바탕으로 글의 내용을 이해하고 자신의 생각을 표현하는 힘을 학생의 수준과 학습 속도에 맞춰 지도","글을 읽고 핵심 내용을 파악하는 힘을 기르고, 국어뿐 아니라 다른 과목의 문제를 이해하는 데 필요한 기초 문해력과 학습 습관 형성",친근형,elementary_korean
143,https://kimstutoring.co.kr,anyang-middle-korean,publish,ko,경기도,안양,국어,중학생,안양 중학생 국어과외,안양 중학생 국어과외,"중학생 국어 과외 공부를 다시 시작하려는 분께 안양 1:1 수업이 맞는 출발점을 찾아드립니다. 지역과 일정에 따라 1:1 방문수업 또는 화상수업으로 진행하며, 문학·비문학 독해와 문법을 기본으로 학교별… 방식으로 수업하고 있습니다.",학교 내신과 국어 기본기를 함께 준비할 1:1 중등 국어과외 탐색,"핵심 고민은 “문학과 비문학 지문을 감으로 풀거나 문법 개념이 부족하고, 학교 시험의 서술형·수행평가 대비가 어려움”입니다.","문학, 비문학, 문법, 어휘, 학교별 내신, 서술형, 수행평가, 오답관리","지역과 일정에 따라 1:1 방문수업 또는 화상수업으로 진행하며, 문학·비문학 독해와 문법을 기본으로 학교별 내신, 서술형과 수행평가까지 학생의 취약 부분에 맞춰 지도","지문을 근거로 읽고 문제를 해결하는 방법을 익히며, 부족한 영역을 파악해 내신과 고등 국어 학습에 필요한 기본기 강화",코칭형,middle_korean
144,https://kimstutoring.co.kr,anyang-high-korean,publish,ko,경기도,안양,국어,고등학생,안양 고등학생 국어과외,안양 고등학생 국어과외,"안양에서 고등학생 국어 과외 수업을 찾고 계신다면 지금 필요한 내용부터 시작할 수 있습니다. 지역과 일정에 따라 1:1 방문수업 또는 화상수업으로 진행하며, 문학과 독서의 지문 분석부터 학교별 내신,… 방식으로 수업하고 있습니다.",내신과 모의고사·수능을 함께 대비할 1:1 고등 국어과외 탐색,"핵심 고민은 “긴 지문의 핵심을 빠르게 파악하기 어렵거나 문학·독서·문법 영역별 편차가 크고, 모의고사에서 시간 관리와…”입니다.","문학, 독서, 화법과 언어, 작문, 학교별 내신, 모의고사, 수능, 취약영역, 오답분석","지역과 일정에 따라 1:1 방문수업 또는 화상수업으로 진행하며, 문학과 독서의 지문 분석부터 학교별 내신, 모의고사와 수능 대비, 취약영역 및 오답분석까지 현재 실력과 목표에 맞춰 지도","지문을 분석하는 기준과 문제 접근 방법을 익히고, 취약영역과 반복되는 오답을 점검하면서 내신·모의고사·수능 학습의 방향을 구체화",전문형,high_korean
145,https://kimstutoring.co.kr,gwacheon-elementary-english,publish,ko,경기도,과천,영어,초등학생,과천 초등학생 영어과외,과천 초등학생 영어과외,"초등학생 영어 과외 공부를 다시 시작하려는 분께 과천 1:1 수업이 맞는 출발점을 찾아드립니다. 지역과 일정에 따라 1:1 방문수업 또는 화상수업으로 진행하며, 기초 어휘와 문장 이해, 읽기 학습을 학생의… 방식으로 수업하고 있습니다.",초등학생 수준에 맞춰 영어 기초와 꾸준한 학습 습관을 기르는 1:1 온라인 과외 찾기,핵심 고민은 “기초 어휘가 부족하고 짧은 문장의 뜻을 이해하거나 꾸준히 읽는 데 어려움이 있음”입니다.,"기초 어휘, 문장 이해, 짧은 글 읽기, 학습 습관","지역과 일정에 따라 1:1 방문수업 또는 화상수업으로 진행하며, 기초 어휘와 문장 이해, 읽기 학습을 학생의 수준과 학습 속도에 맞춰 지도",익숙한 어휘로 짧은 문장의 뜻을 파악하고 스스로 읽고 복습하는 습관 형성,친근형,elementary_english
146,https://kimstutoring.co.kr,gwacheon-middle-english,publish,ko,경기도,과천,영어,중학생,과천 중학생 영어과외,과천 중학생 영어과외,"과천에서 배우는 중학생 영어 과외, 실제로 쓰려는 상황에 맞춰 수업 내용을 정합니다. 지역과 일정에 따라 1:1 방문수업 또는 화상수업으로 진행하며, 어휘·문법·독해를 기본으로 학교별 내신과… 방식으로 수업하고 있습니다.",중학생 영어 문법과 독해를 보완하고 학교별 내신과 서술형 및 수행평가를 준비하는 온라인 과외 찾기,핵심 고민은 “어휘와 문법을 배워도 지문에 적용하기 어렵고 서술형 답안과 수행평가 준비가 막막함”입니다.,"어휘, 문법, 독해, 학교별 내신, 서술형, 수행평가","지역과 일정에 따라 1:1 방문수업 또는 화상수업으로 진행하며, 어휘·문법·독해를 기본으로 학교별 내신과 서술형, 수행평가까지 학생의 취약 부분에 맞춰 지도",문법 근거를 설명하며 지문을 읽고 학교 평가 기준에 맞춰 답안을 작성하는 능력 향상,코칭형,middle_english
147,https://kimstutoring.co.kr,gwacheon-high-english,publish,ko,경기도,과천,영어,고등학생,과천 고등학생 영어과외,과천 고등학생 영어과외,"과천에서 고등학생 영어 과외 수업을 찾고 계신다면 지금 필요한 내용부터 시작할 수 있습니다. 지역과 일정에 따라 1:1 방문수업 또는 화상수업으로 진행하며, 어휘·구문독해부터 학교별 내신, 모의고사와 수능… 방식으로 수업하고 있습니다.",고등학생 영어 내신과 모의고사 및 수능 준비를 현재 수준에 맞춰 병행하는 온라인 과외 찾기,핵심 고민은 “긴 문장의 구조를 파악하기 어렵고 내신과 모의고사 지문을 읽는 데 시간이 오래 걸림”입니다.,"어휘, 구문독해, 학교별 내신, 모의고사, 수능","지역과 일정에 따라 1:1 방문수업 또는 화상수업으로 진행하며, 어휘·구문독해부터 학교별 내신, 모의고사와 수능 대비까지 현재 실력과 목표에 맞춰 지도",복잡한 문장의 구조를 파악하고 지문의 근거를 바탕으로 답을 선택하는 독해 능력 향상,전문형,high_english
148,https://kimstutoring.co.kr,gwacheon-elementary-math,publish,ko,경기도,과천,수학,초등학생,과천 초등학생 수학과외,과천 초등학생 수학과외,"과천에서 배우는 초등학생 수학 과외, 실제로 쓰려는 상황에 맞춰 수업 내용을 정합니다. 지역과 일정에 따라 1:1 방문수업 또는 화상수업으로 진행하며, 연산과 기초개념을 탄탄히 다지고 문제를 이해하는… 방식으로 수업하고 있습니다.",초등학생 수학 연산과 기초개념을 다지고 문제 이해와 풀이 습관을 기르는 온라인 과외 찾기,핵심 고민은 “계산 실수가 반복되고 문장형 문제에서 무엇을 구해야 하는지 파악하기 어려움”입니다.,"연산, 기초개념, 문제 이해, 풀이 습관","지역과 일정에 따라 1:1 방문수업 또는 화상수업으로 진행하며, 연산과 기초개념을 탄탄히 다지고 문제를 이해하는 과정과 올바른 풀이 습관을 학생 수준에 맞춰 지도",계산 과정을 점검하고 문제의 조건을 이해하며 풀이 순서를 정리하는 습관 형성,친근형,elementary_math
149,https://kimstutoring.co.kr,gwacheon-middle-math,publish,ko,경기도,과천,수학,중학생,과천 중학생 수학과외,과천 중학생 수학과외,"과천에서 배우는 중학생 수학 과외, 실제로 쓰려는 상황에 맞춰 수업 내용을 정합니다. 지역과 일정에 따라 1:1 방문수업 또는 화상수업으로 진행하며, 개념 이해와 유형별 문제풀이를 연결하고 학교별… 방식으로 수업하고 있습니다.",중학생 수학 개념과 유형별 문제풀이를 연결하고 내신 및 서술형을 준비하는 온라인 과외 찾기,핵심 고민은 “개념을 외워도 문제 유형이 바뀌면 적용하기 어렵고 같은 오답과 풀이 과정 누락이 반복됨”입니다.,"개념, 유형별 문제풀이, 학교별 내신, 서술형, 오답관리","지역과 일정에 따라 1:1 방문수업 또는 화상수업으로 진행하며, 개념 이해와 유형별 문제풀이를 연결하고 학교별 내신, 서술형, 오답관리까지 취약 단원에 맞춰 지도",문제에 맞는 개념을 선택하고 풀이 근거를 순서대로 쓰며 반복되는 실수를 줄이는 능력 향상,코칭형,middle_math
150,https://kimstutoring.co.kr,gwacheon-high-math,publish,ko,경기도,과천,수학,고등학생,과천 고등학생 수학과외,과천 고등학생 수학과외,"과천 고등학생 수학 과외 수업은 정해진 진도보다 현재 실력과 배우는 이유를 중요하게 봅니다. 지역과 일정에 따라 1:1 방문수업 또는 화상수업으로 진행하며, 개념과 유형별 문제풀이부터 학교별 내신,… 방식으로 수업하고 있습니다.",고등학생 수학 취약단원을 보완하면서 내신과 모의고사 및 수능을 준비하는 온라인 과외 찾기,핵심 고민은 “개념 사이의 연결이 약하고 복합 문제의 접근 방법을 찾기 어려우며 취약단원에서 오답이 반복됨”입니다.,"개념, 유형별 문제풀이, 학교별 내신, 모의고사, 수능, 취약단원, 오답분석","지역과 일정에 따라 1:1 방문수업 또는 화상수업으로 진행하며, 개념과 유형별 문제풀이부터 학교별 내신, 모의고사와 수능 대비, 취약단원 및 오답분석까지 목표에 맞춰 지도",취약단원의 개념을 연결하고 문제 조건에 맞는 풀이 전략을 선택하며 오답 원인을 스스로 설명하는 능력 향상,전문형,high_math
151,https://kimstutoring.co.kr,gwacheon-elementary-korean,publish,ko,경기도,과천,국어,초등학생,과천 초등학생 국어과외,과천 초등학생 국어과외,"과천 초등학생 국어 과외 수업은 정해진 진도보다 현재 실력과 배우는 이유를 중요하게 봅니다. 지역과 일정에 따라 1:1 방문수업 또는 화상수업으로 진행하며, 어휘와 독해를 바탕으로 글의 내용을 이해하고… 방식으로 수업하고 있습니다.",초등학생의 국어 기초와 문해력을 잡아줄 1:1 국어과외 탐색,핵심 고민은 “글을 읽어도 내용을 정확히 이해하지 못하거나 어휘력이 부족해 문제의 뜻을 파악하는 데 어려움”입니다.,"어휘, 독해, 문장 이해, 글의 중심내용 파악, 기초 문해력, 글쓰기, 학습 습관","지역과 일정에 따라 1:1 방문수업 또는 화상수업으로 진행하며, 어휘와 독해를 바탕으로 글의 내용을 이해하고 자신의 생각을 표현하는 힘을 학생의 수준과 학습 속도에 맞춰 지도","글을 읽고 핵심 내용을 파악하는 힘을 기르고, 국어뿐 아니라 다른 과목의 문제를 이해하는 데 필요한 기초 문해력과 학습 습관 형성",친근형,elementary_korean
152,https://kimstutoring.co.kr,gwacheon-middle-korean,publish,ko,경기도,과천,국어,중학생,과천 중학생 국어과외,과천 중학생 국어과외,"과천에서 배우는 중학생 국어 과외, 실제로 쓰려는 상황에 맞춰 수업 내용을 정합니다. 지역과 일정에 따라 1:1 방문수업 또는 화상수업으로 진행하며, 문학·비문학 독해와 문법을 기본으로 학교별… 방식으로 수업하고 있습니다.",학교 내신과 국어 기본기를 함께 준비할 1:1 중등 국어과외 탐색,"핵심 고민은 “문학과 비문학 지문을 감으로 풀거나 문법 개념이 부족하고, 학교 시험의 서술형·수행평가 대비가 어려움”입니다.","문학, 비문학, 문법, 어휘, 학교별 내신, 서술형, 수행평가, 오답관리","지역과 일정에 따라 1:1 방문수업 또는 화상수업으로 진행하며, 문학·비문학 독해와 문법을 기본으로 학교별 내신, 서술형과 수행평가까지 학생의 취약 부분에 맞춰 지도","지문을 근거로 읽고 문제를 해결하는 방법을 익히며, 부족한 영역을 파악해 내신과 고등 국어 학습에 필요한 기본기 강화",코칭형,middle_korean
153,https://kimstutoring.co.kr,gwacheon-high-korean,publish,ko,경기도,과천,국어,고등학생,과천 고등학생 국어과외,과천 고등학생 국어과외,"과천 고등학생 국어 과외 수업은 정해진 진도보다 현재 실력과 배우는 이유를 중요하게 봅니다. 지역과 일정에 따라 1:1 방문수업 또는 화상수업으로 진행하며, 문학과 독서의 지문 분석부터 학교별 내신,… 방식으로 수업하고 있습니다.",내신과 모의고사·수능을 함께 대비할 1:1 고등 국어과외 탐색,"핵심 고민은 “긴 지문의 핵심을 빠르게 파악하기 어렵거나 문학·독서·문법 영역별 편차가 크고, 모의고사에서 시간 관리와…”입니다.","문학, 독서, 화법과 언어, 작문, 학교별 내신, 모의고사, 수능, 취약영역, 오답분석","지역과 일정에 따라 1:1 방문수업 또는 화상수업으로 진행하며, 문학과 독서의 지문 분석부터 학교별 내신, 모의고사와 수능 대비, 취약영역 및 오답분석까지 현재 실력과 목표에 맞춰 지도","지문을 분석하는 기준과 문제 접근 방법을 익히고, 취약영역과 반복되는 오답을 점검하면서 내신·모의고사·수능 학습의 방향을 구체화",전문형,high_korean
154,https://kimstutoring.co.kr,gwangmyeong-elementary-english,publish,ko,경기도,광명,영어,초등학생,광명 초등학생 영어과외,광명 초등학생 영어과외,"초등학생 영어 과외 공부를 처음 시작한다면 광명에서도 기초부터 1:1로 배울 수 있습니다. 지역과 일정에 따라 1:1 방문수업 또는 화상수업으로 진행하며, 기초 어휘와 문장 이해, 읽기 학습을 학생의… 방식으로 수업하고 있습니다.",초등학생 수준에 맞춰 영어 기초와 꾸준한 학습 습관을 기르는 1:1 온라인 과외 찾기,핵심 고민은 “기초 어휘가 부족하고 짧은 문장의 뜻을 이해하거나 꾸준히 읽는 데 어려움이 있음”입니다.,"기초 어휘, 문장 이해, 짧은 글 읽기, 학습 습관","지역과 일정에 따라 1:1 방문수업 또는 화상수업으로 진행하며, 기초 어휘와 문장 이해, 읽기 학습을 학생의 수준과 학습 속도에 맞춰 지도",익숙한 어휘로 짧은 문장의 뜻을 파악하고 스스로 읽고 복습하는 습관 형성,친근형,elementary_english
155,https://kimstutoring.co.kr,gwangmyeong-middle-english,publish,ko,경기도,광명,영어,중학생,광명 중학생 영어과외,광명 중학생 영어과외,"중학생 영어 과외 때문에 고민이 있다면 광명 수업에서 지금 필요한 연습부터 함께 해볼 수 있습니다. 지역과 일정에 따라 1:1 방문수업 또는 화상수업으로 진행하며, 어휘·문법·독해를 기본으로 학교별 내신과… 방식으로 수업하고 있습니다.",중학생 영어 문법과 독해를 보완하고 학교별 내신과 서술형 및 수행평가를 준비하는 온라인 과외 찾기,핵심 고민은 “어휘와 문법을 배워도 지문에 적용하기 어렵고 서술형 답안과 수행평가 준비가 막막함”입니다.,"어휘, 문법, 독해, 학교별 내신, 서술형, 수행평가","지역과 일정에 따라 1:1 방문수업 또는 화상수업으로 진행하며, 어휘·문법·독해를 기본으로 학교별 내신과 서술형, 수행평가까지 학생의 취약 부분에 맞춰 지도",문법 근거를 설명하며 지문을 읽고 학교 평가 기준에 맞춰 답안을 작성하는 능력 향상,코칭형,middle_english
156,https://kimstutoring.co.kr,gwangmyeong-high-english,publish,ko,경기도,광명,영어,고등학생,광명 고등학생 영어과외,광명 고등학생 영어과외,"고등학생 영어 과외 공부를 처음 시작한다면 광명에서도 기초부터 1:1로 배울 수 있습니다. 지역과 일정에 따라 1:1 방문수업 또는 화상수업으로 진행하며, 어휘·구문독해부터 학교별 내신, 모의고사와 수능… 방식으로 수업하고 있습니다.",고등학생 영어 내신과 모의고사 및 수능 준비를 현재 수준에 맞춰 병행하는 온라인 과외 찾기,핵심 고민은 “긴 문장의 구조를 파악하기 어렵고 내신과 모의고사 지문을 읽는 데 시간이 오래 걸림”입니다.,"어휘, 구문독해, 학교별 내신, 모의고사, 수능","지역과 일정에 따라 1:1 방문수업 또는 화상수업으로 진행하며, 어휘·구문독해부터 학교별 내신, 모의고사와 수능 대비까지 현재 실력과 목표에 맞춰 지도",복잡한 문장의 구조를 파악하고 지문의 근거를 바탕으로 답을 선택하는 독해 능력 향상,전문형,high_english
157,https://kimstutoring.co.kr,gwangmyeong-elementary-math,publish,ko,경기도,광명,수학,초등학생,광명 초등학생 수학과외,광명 초등학생 수학과외,"초등학생 수학 과외 때문에 고민이 있다면 광명 수업에서 지금 필요한 연습부터 함께 해볼 수 있습니다. 지역과 일정에 따라 1:1 방문수업 또는 화상수업으로 진행하며, 연산과 기초개념을 탄탄히 다지고 문제를 이해하는… 방식으로 수업하고 있습니다.",초등학생 수학 연산과 기초개념을 다지고 문제 이해와 풀이 습관을 기르는 온라인 과외 찾기,핵심 고민은 “계산 실수가 반복되고 문장형 문제에서 무엇을 구해야 하는지 파악하기 어려움”입니다.,"연산, 기초개념, 문제 이해, 풀이 습관","지역과 일정에 따라 1:1 방문수업 또는 화상수업으로 진행하며, 연산과 기초개념을 탄탄히 다지고 문제를 이해하는 과정과 올바른 풀이 습관을 학생 수준에 맞춰 지도",계산 과정을 점검하고 문제의 조건을 이해하며 풀이 순서를 정리하는 습관 형성,친근형,elementary_math
158,https://kimstutoring.co.kr,gwangmyeong-middle-math,publish,ko,경기도,광명,수학,중학생,광명 중학생 수학과외,광명 중학생 수학과외,"중학생 수학 과외 때문에 고민이 있다면 광명 수업에서 지금 필요한 연습부터 함께 해볼 수 있습니다. 지역과 일정에 따라 1:1 방문수업 또는 화상수업으로 진행하며, 개념 이해와 유형별 문제풀이를 연결하고 학교별… 방식으로 수업하고 있습니다.",중학생 수학 개념과 유형별 문제풀이를 연결하고 내신 및 서술형을 준비하는 온라인 과외 찾기,핵심 고민은 “개념을 외워도 문제 유형이 바뀌면 적용하기 어렵고 같은 오답과 풀이 과정 누락이 반복됨”입니다.,"개념, 유형별 문제풀이, 학교별 내신, 서술형, 오답관리","지역과 일정에 따라 1:1 방문수업 또는 화상수업으로 진행하며, 개념 이해와 유형별 문제풀이를 연결하고 학교별 내신, 서술형, 오답관리까지 취약 단원에 맞춰 지도",문제에 맞는 개념을 선택하고 풀이 근거를 순서대로 쓰며 반복되는 실수를 줄이는 능력 향상,코칭형,middle_math
159,https://kimstutoring.co.kr,gwangmyeong-high-math,publish,ko,경기도,광명,수학,고등학생,광명 고등학생 수학과외,광명 고등학생 수학과외,"광명에서 고등학생 수학 과외 실력을 늘리고 싶다면 자주 막히는 부분부터 직접 다뤄봅니다. 지역과 일정에 따라 1:1 방문수업 또는 화상수업으로 진행하며, 개념과 유형별 문제풀이부터 학교별 내신,… 방식으로 수업하고 있습니다.",고등학생 수학 취약단원을 보완하면서 내신과 모의고사 및 수능을 준비하는 온라인 과외 찾기,핵심 고민은 “개념 사이의 연결이 약하고 복합 문제의 접근 방법을 찾기 어려우며 취약단원에서 오답이 반복됨”입니다.,"개념, 유형별 문제풀이, 학교별 내신, 모의고사, 수능, 취약단원, 오답분석","지역과 일정에 따라 1:1 방문수업 또는 화상수업으로 진행하며, 개념과 유형별 문제풀이부터 학교별 내신, 모의고사와 수능 대비, 취약단원 및 오답분석까지 목표에 맞춰 지도",취약단원의 개념을 연결하고 문제 조건에 맞는 풀이 전략을 선택하며 오답 원인을 스스로 설명하는 능력 향상,전문형,high_math
160,https://kimstutoring.co.kr,gwangmyeong-elementary-korean,publish,ko,경기도,광명,국어,초등학생,광명 초등학생 국어과외,광명 초등학생 국어과외,"광명에서 초등학생 국어 과외 실력을 늘리고 싶다면 자주 막히는 부분부터 직접 다뤄봅니다. 지역과 일정에 따라 1:1 방문수업 또는 화상수업으로 진행하며, 어휘와 독해를 바탕으로 글의 내용을 이해하고… 방식으로 수업하고 있습니다.",초등학생의 국어 기초와 문해력을 잡아줄 1:1 국어과외 탐색,핵심 고민은 “글을 읽어도 내용을 정확히 이해하지 못하거나 어휘력이 부족해 문제의 뜻을 파악하는 데 어려움”입니다.,"어휘, 독해, 문장 이해, 글의 중심내용 파악, 기초 문해력, 글쓰기, 학습 습관","지역과 일정에 따라 1:1 방문수업 또는 화상수업으로 진행하며, 어휘와 독해를 바탕으로 글의 내용을 이해하고 자신의 생각을 표현하는 힘을 학생의 수준과 학습 속도에 맞춰 지도","글을 읽고 핵심 내용을 파악하는 힘을 기르고, 국어뿐 아니라 다른 과목의 문제를 이해하는 데 필요한 기초 문해력과 학습 습관 형성",친근형,elementary_korean
161,https://kimstutoring.co.kr,gwangmyeong-middle-korean,publish,ko,경기도,광명,국어,중학생,광명 중학생 국어과외,광명 중학생 국어과외,"중학생 국어 과외 때문에 고민이 있다면 광명 수업에서 지금 필요한 연습부터 함께 해볼 수 있습니다. 지역과 일정에 따라 1:1 방문수업 또는 화상수업으로 진행하며, 문학·비문학 독해와 문법을 기본으로 학교별… 방식으로 수업하고 있습니다.",학교 내신과 국어 기본기를 함께 준비할 1:1 중등 국어과외 탐색,"핵심 고민은 “문학과 비문학 지문을 감으로 풀거나 문법 개념이 부족하고, 학교 시험의 서술형·수행평가 대비가 어려움”입니다.","문학, 비문학, 문법, 어휘, 학교별 내신, 서술형, 수행평가, 오답관리","지역과 일정에 따라 1:1 방문수업 또는 화상수업으로 진행하며, 문학·비문학 독해와 문법을 기본으로 학교별 내신, 서술형과 수행평가까지 학생의 취약 부분에 맞춰 지도","지문을 근거로 읽고 문제를 해결하는 방법을 익히며, 부족한 영역을 파악해 내신과 고등 국어 학습에 필요한 기본기 강화",코칭형,middle_korean
162,https://kimstutoring.co.kr,gwangmyeong-high-korean,publish,ko,경기도,광명,국어,고등학생,광명 고등학생 국어과외,광명 고등학생 국어과외,"광명에서 고등학생 국어 과외 실력을 늘리고 싶다면 자주 막히는 부분부터 직접 다뤄봅니다. 지역과 일정에 따라 1:1 방문수업 또는 화상수업으로 진행하며, 문학과 독서의 지문 분석부터 학교별 내신,… 방식으로 수업하고 있습니다.",내신과 모의고사·수능을 함께 대비할 1:1 고등 국어과외 탐색,"핵심 고민은 “긴 지문의 핵심을 빠르게 파악하기 어렵거나 문학·독서·문법 영역별 편차가 크고, 모의고사에서 시간 관리와…”입니다.","문학, 독서, 화법과 언어, 작문, 학교별 내신, 모의고사, 수능, 취약영역, 오답분석","지역과 일정에 따라 1:1 방문수업 또는 화상수업으로 진행하며, 문학과 독서의 지문 분석부터 학교별 내신, 모의고사와 수능 대비, 취약영역 및 오답분석까지 현재 실력과 목표에 맞춰 지도","지문을 분석하는 기준과 문제 접근 방법을 익히고, 취약영역과 반복되는 오답을 점검하면서 내신·모의고사·수능 학습의 방향을 구체화",전문형,high_korean
163,https://kimstutoring.co.kr,uiwang-elementary-english,publish,ko,경기도,의왕,영어,초등학생,의왕 초등학생 영어과외,의왕 초등학생 영어과외,"초등학생 영어 과외 공부를 처음 시작한다면 의왕에서도 기초부터 1:1로 배울 수 있습니다. 지역과 일정에 따라 1:1 방문수업 또는 화상수업으로 진행하며, 기초 어휘와 문장 이해, 읽기 학습을 학생의… 방식으로 수업하고 있습니다.",초등학생 수준에 맞춰 영어 기초와 꾸준한 학습 습관을 기르는 1:1 온라인 과외 찾기,핵심 고민은 “기초 어휘가 부족하고 짧은 문장의 뜻을 이해하거나 꾸준히 읽는 데 어려움이 있음”입니다.,"기초 어휘, 문장 이해, 짧은 글 읽기, 학습 습관","지역과 일정에 따라 1:1 방문수업 또는 화상수업으로 진행하며, 기초 어휘와 문장 이해, 읽기 학습을 학생의 수준과 학습 속도에 맞춰 지도",익숙한 어휘로 짧은 문장의 뜻을 파악하고 스스로 읽고 복습하는 습관 형성,친근형,elementary_english
164,https://kimstutoring.co.kr,uiwang-middle-english,publish,ko,경기도,의왕,영어,중학생,의왕 중학생 영어과외,의왕 중학생 영어과외,"중학생 영어 과외 때문에 고민이 있다면 의왕 수업에서 지금 필요한 연습부터 함께 해볼 수 있습니다. 지역과 일정에 따라 1:1 방문수업 또는 화상수업으로 진행하며, 어휘·문법·독해를 기본으로 학교별 내신과… 방식으로 수업하고 있습니다.",중학생 영어 문법과 독해를 보완하고 학교별 내신과 서술형 및 수행평가를 준비하는 온라인 과외 찾기,핵심 고민은 “어휘와 문법을 배워도 지문에 적용하기 어렵고 서술형 답안과 수행평가 준비가 막막함”입니다.,"어휘, 문법, 독해, 학교별 내신, 서술형, 수행평가","지역과 일정에 따라 1:1 방문수업 또는 화상수업으로 진행하며, 어휘·문법·독해를 기본으로 학교별 내신과 서술형, 수행평가까지 학생의 취약 부분에 맞춰 지도",문법 근거를 설명하며 지문을 읽고 학교 평가 기준에 맞춰 답안을 작성하는 능력 향상,코칭형,middle_english
165,https://kimstutoring.co.kr,uiwang-high-english,publish,ko,경기도,의왕,영어,고등학생,의왕 고등학생 영어과외,의왕 고등학생 영어과외,"고등학생 영어 과외 공부를 처음 시작한다면 의왕에서도 기초부터 1:1로 배울 수 있습니다. 지역과 일정에 따라 1:1 방문수업 또는 화상수업으로 진행하며, 어휘·구문독해부터 학교별 내신, 모의고사와 수능… 방식으로 수업하고 있습니다.",고등학생 영어 내신과 모의고사 및 수능 준비를 현재 수준에 맞춰 병행하는 온라인 과외 찾기,핵심 고민은 “긴 문장의 구조를 파악하기 어렵고 내신과 모의고사 지문을 읽는 데 시간이 오래 걸림”입니다.,"어휘, 구문독해, 학교별 내신, 모의고사, 수능","지역과 일정에 따라 1:1 방문수업 또는 화상수업으로 진행하며, 어휘·구문독해부터 학교별 내신, 모의고사와 수능 대비까지 현재 실력과 목표에 맞춰 지도",복잡한 문장의 구조를 파악하고 지문의 근거를 바탕으로 답을 선택하는 독해 능력 향상,전문형,high_english
166,https://kimstutoring.co.kr,uiwang-elementary-math,publish,ko,경기도,의왕,수학,초등학생,의왕 초등학생 수학과외,의왕 초등학생 수학과외,"초등학생 수학 과외 때문에 고민이 있다면 의왕 수업에서 지금 필요한 연습부터 함께 해볼 수 있습니다. 지역과 일정에 따라 1:1 방문수업 또는 화상수업으로 진행하며, 연산과 기초개념을 탄탄히 다지고 문제를 이해하는… 방식으로 수업하고 있습니다.",초등학생 수학 연산과 기초개념을 다지고 문제 이해와 풀이 습관을 기르는 온라인 과외 찾기,핵심 고민은 “계산 실수가 반복되고 문장형 문제에서 무엇을 구해야 하는지 파악하기 어려움”입니다.,"연산, 기초개념, 문제 이해, 풀이 습관","지역과 일정에 따라 1:1 방문수업 또는 화상수업으로 진행하며, 연산과 기초개념을 탄탄히 다지고 문제를 이해하는 과정과 올바른 풀이 습관을 학생 수준에 맞춰 지도",계산 과정을 점검하고 문제의 조건을 이해하며 풀이 순서를 정리하는 습관 형성,친근형,elementary_math
167,https://kimstutoring.co.kr,uiwang-middle-math,publish,ko,경기도,의왕,수학,중학생,의왕 중학생 수학과외,의왕 중학생 수학과외,"중학생 수학 과외 때문에 고민이 있다면 의왕 수업에서 지금 필요한 연습부터 함께 해볼 수 있습니다. 지역과 일정에 따라 1:1 방문수업 또는 화상수업으로 진행하며, 개념 이해와 유형별 문제풀이를 연결하고 학교별… 방식으로 수업하고 있습니다.",중학생 수학 개념과 유형별 문제풀이를 연결하고 내신 및 서술형을 준비하는 온라인 과외 찾기,핵심 고민은 “개념을 외워도 문제 유형이 바뀌면 적용하기 어렵고 같은 오답과 풀이 과정 누락이 반복됨”입니다.,"개념, 유형별 문제풀이, 학교별 내신, 서술형, 오답관리","지역과 일정에 따라 1:1 방문수업 또는 화상수업으로 진행하며, 개념 이해와 유형별 문제풀이를 연결하고 학교별 내신, 서술형, 오답관리까지 취약 단원에 맞춰 지도",문제에 맞는 개념을 선택하고 풀이 근거를 순서대로 쓰며 반복되는 실수를 줄이는 능력 향상,코칭형,middle_math
168,https://kimstutoring.co.kr,uiwang-high-math,publish,ko,경기도,의왕,수학,고등학생,의왕 고등학생 수학과외,의왕 고등학생 수학과외,"의왕에서 고등학생 수학 과외 실력을 늘리고 싶다면 자주 막히는 부분부터 직접 다뤄봅니다. 지역과 일정에 따라 1:1 방문수업 또는 화상수업으로 진행하며, 개념과 유형별 문제풀이부터 학교별 내신,… 방식으로 수업하고 있습니다.",고등학생 수학 취약단원을 보완하면서 내신과 모의고사 및 수능을 준비하는 온라인 과외 찾기,핵심 고민은 “개념 사이의 연결이 약하고 복합 문제의 접근 방법을 찾기 어려우며 취약단원에서 오답이 반복됨”입니다.,"개념, 유형별 문제풀이, 학교별 내신, 모의고사, 수능, 취약단원, 오답분석","지역과 일정에 따라 1:1 방문수업 또는 화상수업으로 진행하며, 개념과 유형별 문제풀이부터 학교별 내신, 모의고사와 수능 대비, 취약단원 및 오답분석까지 목표에 맞춰 지도",취약단원의 개념을 연결하고 문제 조건에 맞는 풀이 전략을 선택하며 오답 원인을 스스로 설명하는 능력 향상,전문형,high_math
169,https://kimstutoring.co.kr,uiwang-elementary-korean,publish,ko,경기도,의왕,국어,초등학생,의왕 초등학생 국어과외,의왕 초등학생 국어과외,"의왕에서 초등학생 국어 과외 실력을 늘리고 싶다면 자주 막히는 부분부터 직접 다뤄봅니다. 지역과 일정에 따라 1:1 방문수업 또는 화상수업으로 진행하며, 어휘와 독해를 바탕으로 글의 내용을 이해하고… 방식으로 수업하고 있습니다.",초등학생의 국어 기초와 문해력을 잡아줄 1:1 국어과외 탐색,핵심 고민은 “글을 읽어도 내용을 정확히 이해하지 못하거나 어휘력이 부족해 문제의 뜻을 파악하는 데 어려움”입니다.,"어휘, 독해, 문장 이해, 글의 중심내용 파악, 기초 문해력, 글쓰기, 학습 습관","지역과 일정에 따라 1:1 방문수업 또는 화상수업으로 진행하며, 어휘와 독해를 바탕으로 글의 내용을 이해하고 자신의 생각을 표현하는 힘을 학생의 수준과 학습 속도에 맞춰 지도","글을 읽고 핵심 내용을 파악하는 힘을 기르고, 국어뿐 아니라 다른 과목의 문제를 이해하는 데 필요한 기초 문해력과 학습 습관 형성",친근형,elementary_korean
170,https://kimstutoring.co.kr,uiwang-middle-korean,publish,ko,경기도,의왕,국어,중학생,의왕 중학생 국어과외,의왕 중학생 국어과외,"중학생 국어 과외 때문에 고민이 있다면 의왕 수업에서 지금 필요한 연습부터 함께 해볼 수 있습니다. 지역과 일정에 따라 1:1 방문수업 또는 화상수업으로 진행하며, 문학·비문학 독해와 문법을 기본으로 학교별… 방식으로 수업하고 있습니다.",학교 내신과 국어 기본기를 함께 준비할 1:1 중등 국어과외 탐색,"핵심 고민은 “문학과 비문학 지문을 감으로 풀거나 문법 개념이 부족하고, 학교 시험의 서술형·수행평가 대비가 어려움”입니다.","문학, 비문학, 문법, 어휘, 학교별 내신, 서술형, 수행평가, 오답관리","지역과 일정에 따라 1:1 방문수업 또는 화상수업으로 진행하며, 문학·비문학 독해와 문법을 기본으로 학교별 내신, 서술형과 수행평가까지 학생의 취약 부분에 맞춰 지도","지문을 근거로 읽고 문제를 해결하는 방법을 익히며, 부족한 영역을 파악해 내신과 고등 국어 학습에 필요한 기본기 강화",코칭형,middle_korean
171,https://kimstutoring.co.kr,uiwang-high-korean,publish,ko,경기도,의왕,국어,고등학생,의왕 고등학생 국어과외,의왕 고등학생 국어과외,"의왕에서 고등학생 국어 과외 실력을 늘리고 싶다면 자주 막히는 부분부터 직접 다뤄봅니다. 지역과 일정에 따라 1:1 방문수업 또는 화상수업으로 진행하며, 문학과 독서의 지문 분석부터 학교별 내신,… 방식으로 수업하고 있습니다.",내신과 모의고사·수능을 함께 대비할 1:1 고등 국어과외 탐색,"핵심 고민은 “긴 지문의 핵심을 빠르게 파악하기 어렵거나 문학·독서·문법 영역별 편차가 크고, 모의고사에서 시간 관리와…”입니다.","문학, 독서, 화법과 언어, 작문, 학교별 내신, 모의고사, 수능, 취약영역, 오답분석","지역과 일정에 따라 1:1 방문수업 또는 화상수업으로 진행하며, 문학과 독서의 지문 분석부터 학교별 내신, 모의고사와 수능 대비, 취약영역 및 오답분석까지 현재 실력과 목표에 맞춰 지도","지문을 분석하는 기준과 문제 접근 방법을 익히고, 취약영역과 반복되는 오답을 점검하면서 내신·모의고사·수능 학습의 방향을 구체화",전문형,high_korean
172,https://kimstutoring.co.kr,seongnam-elementary-english,publish,ko,경기도,성남,영어,초등학생,성남 초등학생 영어과외,성남 초등학생 영어과외,"성남에서 배우는 초등학생 영어 과외, 실제로 쓰려는 상황에 맞춰 수업 내용을 정합니다. 지역과 일정에 따라 1:1 방문수업 또는 화상수업으로 진행하며, 기초 어휘와 문장 이해, 읽기 학습을 학생의… 방식으로 수업하고 있습니다.",초등학생 수준에 맞춰 영어 기초와 꾸준한 학습 습관을 기르는 1:1 온라인 과외 찾기,핵심 고민은 “기초 어휘가 부족하고 짧은 문장의 뜻을 이해하거나 꾸준히 읽는 데 어려움이 있음”입니다.,"기초 어휘, 문장 이해, 짧은 글 읽기, 학습 습관","지역과 일정에 따라 1:1 방문수업 또는 화상수업으로 진행하며, 기초 어휘와 문장 이해, 읽기 학습을 학생의 수준과 학습 속도에 맞춰 지도",익숙한 어휘로 짧은 문장의 뜻을 파악하고 스스로 읽고 복습하는 습관 형성,친근형,elementary_english
173,https://kimstutoring.co.kr,seongnam-middle-english,publish,ko,경기도,성남,영어,중학생,성남 중학생 영어과외,성남 중학생 영어과외,"성남에서 중학생 영어 과외 수업을 찾고 계신다면 지금 필요한 내용부터 시작할 수 있습니다. 지역과 일정에 따라 1:1 방문수업 또는 화상수업으로 진행하며, 어휘·문법·독해를 기본으로 학교별 내신과… 방식으로 수업하고 있습니다.",중학생 영어 문법과 독해를 보완하고 학교별 내신과 서술형 및 수행평가를 준비하는 온라인 과외 찾기,핵심 고민은 “어휘와 문법을 배워도 지문에 적용하기 어렵고 서술형 답안과 수행평가 준비가 막막함”입니다.,"어휘, 문법, 독해, 학교별 내신, 서술형, 수행평가","지역과 일정에 따라 1:1 방문수업 또는 화상수업으로 진행하며, 어휘·문법·독해를 기본으로 학교별 내신과 서술형, 수행평가까지 학생의 취약 부분에 맞춰 지도",문법 근거를 설명하며 지문을 읽고 학교 평가 기준에 맞춰 답안을 작성하는 능력 향상,코칭형,middle_english
174,https://kimstutoring.co.kr,seongnam-high-english,publish,ko,경기도,성남,영어,고등학생,성남 고등학생 영어과외,성남 고등학생 영어과외,"성남 고등학생 영어 과외 수업은 정해진 진도보다 현재 실력과 배우는 이유를 중요하게 봅니다. 지역과 일정에 따라 1:1 방문수업 또는 화상수업으로 진행하며, 어휘·구문독해부터 학교별 내신, 모의고사와 수능… 방식으로 수업하고 있습니다.",고등학생 영어 내신과 모의고사 및 수능 준비를 현재 수준에 맞춰 병행하는 온라인 과외 찾기,핵심 고민은 “긴 문장의 구조를 파악하기 어렵고 내신과 모의고사 지문을 읽는 데 시간이 오래 걸림”입니다.,"어휘, 구문독해, 학교별 내신, 모의고사, 수능","지역과 일정에 따라 1:1 방문수업 또는 화상수업으로 진행하며, 어휘·구문독해부터 학교별 내신, 모의고사와 수능 대비까지 현재 실력과 목표에 맞춰 지도",복잡한 문장의 구조를 파악하고 지문의 근거를 바탕으로 답을 선택하는 독해 능력 향상,전문형,high_english
175,https://kimstutoring.co.kr,seongnam-elementary-math,publish,ko,경기도,성남,수학,초등학생,성남 초등학생 수학과외,성남 초등학생 수학과외,"성남에서 초등학생 수학 과외 수업을 찾고 계신다면 지금 필요한 내용부터 시작할 수 있습니다. 지역과 일정에 따라 1:1 방문수업 또는 화상수업으로 진행하며, 연산과 기초개념을 탄탄히 다지고 문제를 이해하는… 방식으로 수업하고 있습니다.",초등학생 수학 연산과 기초개념을 다지고 문제 이해와 풀이 습관을 기르는 온라인 과외 찾기,핵심 고민은 “계산 실수가 반복되고 문장형 문제에서 무엇을 구해야 하는지 파악하기 어려움”입니다.,"연산, 기초개념, 문제 이해, 풀이 습관","지역과 일정에 따라 1:1 방문수업 또는 화상수업으로 진행하며, 연산과 기초개념을 탄탄히 다지고 문제를 이해하는 과정과 올바른 풀이 습관을 학생 수준에 맞춰 지도",계산 과정을 점검하고 문제의 조건을 이해하며 풀이 순서를 정리하는 습관 형성,친근형,elementary_math
176,https://kimstutoring.co.kr,seongnam-middle-math,publish,ko,경기도,성남,수학,중학생,성남 중학생 수학과외,성남 중학생 수학과외,"성남에서 중학생 수학 과외 수업을 찾고 계신다면 지금 필요한 내용부터 시작할 수 있습니다. 지역과 일정에 따라 1:1 방문수업 또는 화상수업으로 진행하며, 개념 이해와 유형별 문제풀이를 연결하고 학교별… 방식으로 수업하고 있습니다.",중학생 수학 개념과 유형별 문제풀이를 연결하고 내신 및 서술형을 준비하는 온라인 과외 찾기,핵심 고민은 “개념을 외워도 문제 유형이 바뀌면 적용하기 어렵고 같은 오답과 풀이 과정 누락이 반복됨”입니다.,"개념, 유형별 문제풀이, 학교별 내신, 서술형, 오답관리","지역과 일정에 따라 1:1 방문수업 또는 화상수업으로 진행하며, 개념 이해와 유형별 문제풀이를 연결하고 학교별 내신, 서술형, 오답관리까지 취약 단원에 맞춰 지도",문제에 맞는 개념을 선택하고 풀이 근거를 순서대로 쓰며 반복되는 실수를 줄이는 능력 향상,코칭형,middle_math
177,https://kimstutoring.co.kr,seongnam-high-math,publish,ko,경기도,성남,수학,고등학생,성남 고등학생 수학과외,성남 고등학생 수학과외,"고등학생 수학 과외 공부를 다시 시작하려는 분께 성남 1:1 수업이 맞는 출발점을 찾아드립니다. 지역과 일정에 따라 1:1 방문수업 또는 화상수업으로 진행하며, 개념과 유형별 문제풀이부터 학교별 내신,… 방식으로 수업하고 있습니다.",고등학생 수학 취약단원을 보완하면서 내신과 모의고사 및 수능을 준비하는 온라인 과외 찾기,핵심 고민은 “개념 사이의 연결이 약하고 복합 문제의 접근 방법을 찾기 어려우며 취약단원에서 오답이 반복됨”입니다.,"개념, 유형별 문제풀이, 학교별 내신, 모의고사, 수능, 취약단원, 오답분석","지역과 일정에 따라 1:1 방문수업 또는 화상수업으로 진행하며, 개념과 유형별 문제풀이부터 학교별 내신, 모의고사와 수능 대비, 취약단원 및 오답분석까지 목표에 맞춰 지도",취약단원의 개념을 연결하고 문제 조건에 맞는 풀이 전략을 선택하며 오답 원인을 스스로 설명하는 능력 향상,전문형,high_math
178,https://kimstutoring.co.kr,seongnam-elementary-korean,publish,ko,경기도,성남,국어,초등학생,성남 초등학생 국어과외,성남 초등학생 국어과외,"초등학생 국어 과외 공부를 다시 시작하려는 분께 성남 1:1 수업이 맞는 출발점을 찾아드립니다. 지역과 일정에 따라 1:1 방문수업 또는 화상수업으로 진행하며, 어휘와 독해를 바탕으로 글의 내용을 이해하고… 방식으로 수업하고 있습니다.",초등학생의 국어 기초와 문해력을 잡아줄 1:1 국어과외 탐색,핵심 고민은 “글을 읽어도 내용을 정확히 이해하지 못하거나 어휘력이 부족해 문제의 뜻을 파악하는 데 어려움”입니다.,"어휘, 독해, 문장 이해, 글의 중심내용 파악, 기초 문해력, 글쓰기, 학습 습관","지역과 일정에 따라 1:1 방문수업 또는 화상수업으로 진행하며, 어휘와 독해를 바탕으로 글의 내용을 이해하고 자신의 생각을 표현하는 힘을 학생의 수준과 학습 속도에 맞춰 지도","글을 읽고 핵심 내용을 파악하는 힘을 기르고, 국어뿐 아니라 다른 과목의 문제를 이해하는 데 필요한 기초 문해력과 학습 습관 형성",친근형,elementary_korean
179,https://kimstutoring.co.kr,seongnam-middle-korean,publish,ko,경기도,성남,국어,중학생,성남 중학생 국어과외,성남 중학생 국어과외,"성남에서 중학생 국어 과외 수업을 찾고 계신다면 지금 필요한 내용부터 시작할 수 있습니다. 지역과 일정에 따라 1:1 방문수업 또는 화상수업으로 진행하며, 문학·비문학 독해와 문법을 기본으로 학교별… 방식으로 수업하고 있습니다.",학교 내신과 국어 기본기를 함께 준비할 1:1 중등 국어과외 탐색,"핵심 고민은 “문학과 비문학 지문을 감으로 풀거나 문법 개념이 부족하고, 학교 시험의 서술형·수행평가 대비가 어려움”입니다.","문학, 비문학, 문법, 어휘, 학교별 내신, 서술형, 수행평가, 오답관리","지역과 일정에 따라 1:1 방문수업 또는 화상수업으로 진행하며, 문학·비문학 독해와 문법을 기본으로 학교별 내신, 서술형과 수행평가까지 학생의 취약 부분에 맞춰 지도","지문을 근거로 읽고 문제를 해결하는 방법을 익히며, 부족한 영역을 파악해 내신과 고등 국어 학습에 필요한 기본기 강화",코칭형,middle_korean
180,https://kimstutoring.co.kr,seongnam-high-korean,publish,ko,경기도,성남,국어,고등학생,성남 고등학생 국어과외,성남 고등학생 국어과외,"고등학생 국어 과외 공부를 다시 시작하려는 분께 성남 1:1 수업이 맞는 출발점을 찾아드립니다. 지역과 일정에 따라 1:1 방문수업 또는 화상수업으로 진행하며, 문학과 독서의 지문 분석부터 학교별 내신,… 방식으로 수업하고 있습니다.",내신과 모의고사·수능을 함께 대비할 1:1 고등 국어과외 탐색,"핵심 고민은 “긴 지문의 핵심을 빠르게 파악하기 어렵거나 문학·독서·문법 영역별 편차가 크고, 모의고사에서 시간 관리와…”입니다.","문학, 독서, 화법과 언어, 작문, 학교별 내신, 모의고사, 수능, 취약영역, 오답분석","지역과 일정에 따라 1:1 방문수업 또는 화상수업으로 진행하며, 문학과 독서의 지문 분석부터 학교별 내신, 모의고사와 수능 대비, 취약영역 및 오답분석까지 현재 실력과 목표에 맞춰 지도","지문을 분석하는 기준과 문제 접근 방법을 익히고, 취약영역과 반복되는 오답을 점검하면서 내신·모의고사·수능 학습의 방향을 구체화",전문형,high_korean
181,https://kimstutoring.co.kr,bundang-elementary-english,publish,ko,경기도,분당,영어,초등학생,분당 초등학생 영어과외,분당 초등학생 영어과외,"초등학생 영어 과외 때문에 고민이 있다면 분당 수업에서 지금 필요한 연습부터 함께 해볼 수 있습니다. 지역과 일정에 따라 1:1 방문수업 또는 화상수업으로 진행하며, 기초 어휘와 문장 이해, 읽기 학습을 학생의… 방식으로 수업하고 있습니다.",초등학생 수준에 맞춰 영어 기초와 꾸준한 학습 습관을 기르는 1:1 온라인 과외 찾기,핵심 고민은 “기초 어휘가 부족하고 짧은 문장의 뜻을 이해하거나 꾸준히 읽는 데 어려움이 있음”입니다.,"기초 어휘, 문장 이해, 짧은 글 읽기, 학습 습관","지역과 일정에 따라 1:1 방문수업 또는 화상수업으로 진행하며, 기초 어휘와 문장 이해, 읽기 학습을 학생의 수준과 학습 속도에 맞춰 지도",익숙한 어휘로 짧은 문장의 뜻을 파악하고 스스로 읽고 복습하는 습관 형성,친근형,elementary_english
182,https://kimstutoring.co.kr,bundang-middle-english,publish,ko,경기도,분당,영어,중학생,분당 중학생 영어과외,분당 중학생 영어과외,"분당 중학생 영어 과외 수업을 고민 중이라면 잘하는 부분과 보완할 부분을 나누어 시작합니다. 지역과 일정에 따라 1:1 방문수업 또는 화상수업으로 진행하며, 어휘·문법·독해를 기본으로 학교별 내신과… 방식으로 수업하고 있습니다.",중학생 영어 문법과 독해를 보완하고 학교별 내신과 서술형 및 수행평가를 준비하는 온라인 과외 찾기,핵심 고민은 “어휘와 문법을 배워도 지문에 적용하기 어렵고 서술형 답안과 수행평가 준비가 막막함”입니다.,"어휘, 문법, 독해, 학교별 내신, 서술형, 수행평가","지역과 일정에 따라 1:1 방문수업 또는 화상수업으로 진행하며, 어휘·문법·독해를 기본으로 학교별 내신과 서술형, 수행평가까지 학생의 취약 부분에 맞춰 지도",문법 근거를 설명하며 지문을 읽고 학교 평가 기준에 맞춰 답안을 작성하는 능력 향상,코칭형,middle_english
183,https://kimstutoring.co.kr,bundang-high-english,publish,ko,경기도,분당,영어,고등학생,분당 고등학생 영어과외,분당 고등학생 영어과외,"고등학생 영어 과외 때문에 고민이 있다면 분당 수업에서 지금 필요한 연습부터 함께 해볼 수 있습니다. 지역과 일정에 따라 1:1 방문수업 또는 화상수업으로 진행하며, 어휘·구문독해부터 학교별 내신, 모의고사와 수능… 방식으로 수업하고 있습니다.",고등학생 영어 내신과 모의고사 및 수능 준비를 현재 수준에 맞춰 병행하는 온라인 과외 찾기,핵심 고민은 “긴 문장의 구조를 파악하기 어렵고 내신과 모의고사 지문을 읽는 데 시간이 오래 걸림”입니다.,"어휘, 구문독해, 학교별 내신, 모의고사, 수능","지역과 일정에 따라 1:1 방문수업 또는 화상수업으로 진행하며, 어휘·구문독해부터 학교별 내신, 모의고사와 수능 대비까지 현재 실력과 목표에 맞춰 지도",복잡한 문장의 구조를 파악하고 지문의 근거를 바탕으로 답을 선택하는 독해 능력 향상,전문형,high_english
184,https://kimstutoring.co.kr,bundang-elementary-math,publish,ko,경기도,분당,수학,초등학생,분당 초등학생 수학과외,분당 초등학생 수학과외,"분당 초등학생 수학 과외 수업을 고민 중이라면 잘하는 부분과 보완할 부분을 나누어 시작합니다. 지역과 일정에 따라 1:1 방문수업 또는 화상수업으로 진행하며, 연산과 기초개념을 탄탄히 다지고 문제를 이해하는… 방식으로 수업하고 있습니다.",초등학생 수학 연산과 기초개념을 다지고 문제 이해와 풀이 습관을 기르는 온라인 과외 찾기,핵심 고민은 “계산 실수가 반복되고 문장형 문제에서 무엇을 구해야 하는지 파악하기 어려움”입니다.,"연산, 기초개념, 문제 이해, 풀이 습관","지역과 일정에 따라 1:1 방문수업 또는 화상수업으로 진행하며, 연산과 기초개념을 탄탄히 다지고 문제를 이해하는 과정과 올바른 풀이 습관을 학생 수준에 맞춰 지도",계산 과정을 점검하고 문제의 조건을 이해하며 풀이 순서를 정리하는 습관 형성,친근형,elementary_math
185,https://kimstutoring.co.kr,bundang-middle-math,publish,ko,경기도,분당,수학,중학생,분당 중학생 수학과외,분당 중학생 수학과외,"분당 중학생 수학 과외 수업을 고민 중이라면 잘하는 부분과 보완할 부분을 나누어 시작합니다. 지역과 일정에 따라 1:1 방문수업 또는 화상수업으로 진행하며, 개념 이해와 유형별 문제풀이를 연결하고 학교별… 방식으로 수업하고 있습니다.",중학생 수학 개념과 유형별 문제풀이를 연결하고 내신 및 서술형을 준비하는 온라인 과외 찾기,핵심 고민은 “개념을 외워도 문제 유형이 바뀌면 적용하기 어렵고 같은 오답과 풀이 과정 누락이 반복됨”입니다.,"개념, 유형별 문제풀이, 학교별 내신, 서술형, 오답관리","지역과 일정에 따라 1:1 방문수업 또는 화상수업으로 진행하며, 개념 이해와 유형별 문제풀이를 연결하고 학교별 내신, 서술형, 오답관리까지 취약 단원에 맞춰 지도",문제에 맞는 개념을 선택하고 풀이 근거를 순서대로 쓰며 반복되는 실수를 줄이는 능력 향상,코칭형,middle_math
186,https://kimstutoring.co.kr,bundang-high-math,publish,ko,경기도,분당,수학,고등학생,분당 고등학생 수학과외,분당 고등학생 수학과외,"고등학생 수학 과외 공부를 처음 시작한다면 분당에서도 기초부터 1:1로 배울 수 있습니다. 지역과 일정에 따라 1:1 방문수업 또는 화상수업으로 진행하며, 개념과 유형별 문제풀이부터 학교별 내신,… 방식으로 수업하고 있습니다.",고등학생 수학 취약단원을 보완하면서 내신과 모의고사 및 수능을 준비하는 온라인 과외 찾기,핵심 고민은 “개념 사이의 연결이 약하고 복합 문제의 접근 방법을 찾기 어려우며 취약단원에서 오답이 반복됨”입니다.,"개념, 유형별 문제풀이, 학교별 내신, 모의고사, 수능, 취약단원, 오답분석","지역과 일정에 따라 1:1 방문수업 또는 화상수업으로 진행하며, 개념과 유형별 문제풀이부터 학교별 내신, 모의고사와 수능 대비, 취약단원 및 오답분석까지 목표에 맞춰 지도",취약단원의 개념을 연결하고 문제 조건에 맞는 풀이 전략을 선택하며 오답 원인을 스스로 설명하는 능력 향상,전문형,high_math
187,https://kimstutoring.co.kr,bundang-elementary-korean,publish,ko,경기도,분당,국어,초등학생,분당 초등학생 국어과외,분당 초등학생 국어과외,"초등학생 국어 과외 공부를 처음 시작한다면 분당에서도 기초부터 1:1로 배울 수 있습니다. 지역과 일정에 따라 1:1 방문수업 또는 화상수업으로 진행하며, 어휘와 독해를 바탕으로 글의 내용을 이해하고… 방식으로 수업하고 있습니다.",초등학생의 국어 기초와 문해력을 잡아줄 1:1 국어과외 탐색,핵심 고민은 “글을 읽어도 내용을 정확히 이해하지 못하거나 어휘력이 부족해 문제의 뜻을 파악하는 데 어려움”입니다.,"어휘, 독해, 문장 이해, 글의 중심내용 파악, 기초 문해력, 글쓰기, 학습 습관","지역과 일정에 따라 1:1 방문수업 또는 화상수업으로 진행하며, 어휘와 독해를 바탕으로 글의 내용을 이해하고 자신의 생각을 표현하는 힘을 학생의 수준과 학습 속도에 맞춰 지도","글을 읽고 핵심 내용을 파악하는 힘을 기르고, 국어뿐 아니라 다른 과목의 문제를 이해하는 데 필요한 기초 문해력과 학습 습관 형성",친근형,elementary_korean
188,https://kimstutoring.co.kr,bundang-middle-korean,publish,ko,경기도,분당,국어,중학생,분당 중학생 국어과외,분당 중학생 국어과외,"분당 중학생 국어 과외 수업을 고민 중이라면 잘하는 부분과 보완할 부분을 나누어 시작합니다. 지역과 일정에 따라 1:1 방문수업 또는 화상수업으로 진행하며, 문학·비문학 독해와 문법을 기본으로 학교별… 방식으로 수업하고 있습니다.",학교 내신과 국어 기본기를 함께 준비할 1:1 중등 국어과외 탐색,"핵심 고민은 “문학과 비문학 지문을 감으로 풀거나 문법 개념이 부족하고, 학교 시험의 서술형·수행평가 대비가 어려움”입니다.","문학, 비문학, 문법, 어휘, 학교별 내신, 서술형, 수행평가, 오답관리","지역과 일정에 따라 1:1 방문수업 또는 화상수업으로 진행하며, 문학·비문학 독해와 문법을 기본으로 학교별 내신, 서술형과 수행평가까지 학생의 취약 부분에 맞춰 지도","지문을 근거로 읽고 문제를 해결하는 방법을 익히며, 부족한 영역을 파악해 내신과 고등 국어 학습에 필요한 기본기 강화",코칭형,middle_korean
189,https://kimstutoring.co.kr,bundang-high-korean,publish,ko,경기도,분당,국어,고등학생,분당 고등학생 국어과외,분당 고등학생 국어과외,"고등학생 국어 과외 공부를 처음 시작한다면 분당에서도 기초부터 1:1로 배울 수 있습니다. 지역과 일정에 따라 1:1 방문수업 또는 화상수업으로 진행하며, 문학과 독서의 지문 분석부터 학교별 내신,… 방식으로 수업하고 있습니다.",내신과 모의고사·수능을 함께 대비할 1:1 고등 국어과외 탐색,"핵심 고민은 “긴 지문의 핵심을 빠르게 파악하기 어렵거나 문학·독서·문법 영역별 편차가 크고, 모의고사에서 시간 관리와…”입니다.","문학, 독서, 화법과 언어, 작문, 학교별 내신, 모의고사, 수능, 취약영역, 오답분석","지역과 일정에 따라 1:1 방문수업 또는 화상수업으로 진행하며, 문학과 독서의 지문 분석부터 학교별 내신, 모의고사와 수능 대비, 취약영역 및 오답분석까지 현재 실력과 목표에 맞춰 지도","지문을 분석하는 기준과 문제 접근 방법을 익히고, 취약영역과 반복되는 오답을 점검하면서 내신·모의고사·수능 학습의 방향을 구체화",전문형,high_korean
190,https://kimstutoring.co.kr,pangyo-elementary-english,publish,ko,경기도,판교,영어,초등학생,판교 초등학생 영어과외,판교 초등학생 영어과외,"판교에서 초등학생 영어 과외 수업을 찾고 계신다면 지금 필요한 내용부터 시작할 수 있습니다. 지역과 일정에 따라 1:1 방문수업 또는 화상수업으로 진행하며, 기초 어휘와 문장 이해, 읽기 학습을 학생의… 방식으로 수업하고 있습니다.",초등학생 수준에 맞춰 영어 기초와 꾸준한 학습 습관을 기르는 1:1 온라인 과외 찾기,핵심 고민은 “기초 어휘가 부족하고 짧은 문장의 뜻을 이해하거나 꾸준히 읽는 데 어려움이 있음”입니다.,"기초 어휘, 문장 이해, 짧은 글 읽기, 학습 습관","지역과 일정에 따라 1:1 방문수업 또는 화상수업으로 진행하며, 기초 어휘와 문장 이해, 읽기 학습을 학생의 수준과 학습 속도에 맞춰 지도",익숙한 어휘로 짧은 문장의 뜻을 파악하고 스스로 읽고 복습하는 습관 형성,친근형,elementary_english
191,https://kimstutoring.co.kr,pangyo-middle-english,publish,ko,경기도,판교,영어,중학생,판교 중학생 영어과외,판교 중학생 영어과외,"판교 중학생 영어 과외 수업은 정해진 진도보다 현재 실력과 배우는 이유를 중요하게 봅니다. 지역과 일정에 따라 1:1 방문수업 또는 화상수업으로 진행하며, 어휘·문법·독해를 기본으로 학교별 내신과… 방식으로 수업하고 있습니다.",중학생 영어 문법과 독해를 보완하고 학교별 내신과 서술형 및 수행평가를 준비하는 온라인 과외 찾기,핵심 고민은 “어휘와 문법을 배워도 지문에 적용하기 어렵고 서술형 답안과 수행평가 준비가 막막함”입니다.,"어휘, 문법, 독해, 학교별 내신, 서술형, 수행평가","지역과 일정에 따라 1:1 방문수업 또는 화상수업으로 진행하며, 어휘·문법·독해를 기본으로 학교별 내신과 서술형, 수행평가까지 학생의 취약 부분에 맞춰 지도",문법 근거를 설명하며 지문을 읽고 학교 평가 기준에 맞춰 답안을 작성하는 능력 향상,코칭형,middle_english
192,https://kimstutoring.co.kr,pangyo-high-english,publish,ko,경기도,판교,영어,고등학생,판교 고등학생 영어과외,판교 고등학생 영어과외,"고등학생 영어 과외 공부를 다시 시작하려는 분께 판교 1:1 수업이 맞는 출발점을 찾아드립니다. 지역과 일정에 따라 1:1 방문수업 또는 화상수업으로 진행하며, 어휘·구문독해부터 학교별 내신, 모의고사와 수능… 방식으로 수업하고 있습니다.",고등학생 영어 내신과 모의고사 및 수능 준비를 현재 수준에 맞춰 병행하는 온라인 과외 찾기,핵심 고민은 “긴 문장의 구조를 파악하기 어렵고 내신과 모의고사 지문을 읽는 데 시간이 오래 걸림”입니다.,"어휘, 구문독해, 학교별 내신, 모의고사, 수능","지역과 일정에 따라 1:1 방문수업 또는 화상수업으로 진행하며, 어휘·구문독해부터 학교별 내신, 모의고사와 수능 대비까지 현재 실력과 목표에 맞춰 지도",복잡한 문장의 구조를 파악하고 지문의 근거를 바탕으로 답을 선택하는 독해 능력 향상,전문형,high_english
193,https://kimstutoring.co.kr,pangyo-elementary-math,publish,ko,경기도,판교,수학,초등학생,판교 초등학생 수학과외,판교 초등학생 수학과외,"판교 초등학생 수학 과외 수업은 정해진 진도보다 현재 실력과 배우는 이유를 중요하게 봅니다. 지역과 일정에 따라 1:1 방문수업 또는 화상수업으로 진행하며, 연산과 기초개념을 탄탄히 다지고 문제를 이해하는… 방식으로 수업하고 있습니다.",초등학생 수학 연산과 기초개념을 다지고 문제 이해와 풀이 습관을 기르는 온라인 과외 찾기,핵심 고민은 “계산 실수가 반복되고 문장형 문제에서 무엇을 구해야 하는지 파악하기 어려움”입니다.,"연산, 기초개념, 문제 이해, 풀이 습관","지역과 일정에 따라 1:1 방문수업 또는 화상수업으로 진행하며, 연산과 기초개념을 탄탄히 다지고 문제를 이해하는 과정과 올바른 풀이 습관을 학생 수준에 맞춰 지도",계산 과정을 점검하고 문제의 조건을 이해하며 풀이 순서를 정리하는 습관 형성,친근형,elementary_math
194,https://kimstutoring.co.kr,pangyo-middle-math,publish,ko,경기도,판교,수학,중학생,판교 중학생 수학과외,판교 중학생 수학과외,"판교 중학생 수학 과외 수업은 정해진 진도보다 현재 실력과 배우는 이유를 중요하게 봅니다. 지역과 일정에 따라 1:1 방문수업 또는 화상수업으로 진행하며, 개념 이해와 유형별 문제풀이를 연결하고 학교별… 방식으로 수업하고 있습니다.",중학생 수학 개념과 유형별 문제풀이를 연결하고 내신 및 서술형을 준비하는 온라인 과외 찾기,핵심 고민은 “개념을 외워도 문제 유형이 바뀌면 적용하기 어렵고 같은 오답과 풀이 과정 누락이 반복됨”입니다.,"개념, 유형별 문제풀이, 학교별 내신, 서술형, 오답관리","지역과 일정에 따라 1:1 방문수업 또는 화상수업으로 진행하며, 개념 이해와 유형별 문제풀이를 연결하고 학교별 내신, 서술형, 오답관리까지 취약 단원에 맞춰 지도",문제에 맞는 개념을 선택하고 풀이 근거를 순서대로 쓰며 반복되는 실수를 줄이는 능력 향상,코칭형,middle_math
195,https://kimstutoring.co.kr,pangyo-high-math,publish,ko,경기도,판교,수학,고등학생,판교 고등학생 수학과외,판교 고등학생 수학과외,"판교에서 배우는 고등학생 수학 과외, 실제로 쓰려는 상황에 맞춰 수업 내용을 정합니다. 지역과 일정에 따라 1:1 방문수업 또는 화상수업으로 진행하며, 개념과 유형별 문제풀이부터 학교별 내신,… 방식으로 수업하고 있습니다.",고등학생 수학 취약단원을 보완하면서 내신과 모의고사 및 수능을 준비하는 온라인 과외 찾기,핵심 고민은 “개념 사이의 연결이 약하고 복합 문제의 접근 방법을 찾기 어려우며 취약단원에서 오답이 반복됨”입니다.,"개념, 유형별 문제풀이, 학교별 내신, 모의고사, 수능, 취약단원, 오답분석","지역과 일정에 따라 1:1 방문수업 또는 화상수업으로 진행하며, 개념과 유형별 문제풀이부터 학교별 내신, 모의고사와 수능 대비, 취약단원 및 오답분석까지 목표에 맞춰 지도",취약단원의 개념을 연결하고 문제 조건에 맞는 풀이 전략을 선택하며 오답 원인을 스스로 설명하는 능력 향상,전문형,high_math
196,https://kimstutoring.co.kr,pangyo-elementary-korean,publish,ko,경기도,판교,국어,초등학생,판교 초등학생 국어과외,판교 초등학생 국어과외,"판교에서 배우는 초등학생 국어 과외, 실제로 쓰려는 상황에 맞춰 수업 내용을 정합니다. 지역과 일정에 따라 1:1 방문수업 또는 화상수업으로 진행하며, 어휘와 독해를 바탕으로 글의 내용을 이해하고… 방식으로 수업하고 있습니다.",초등학생의 국어 기초와 문해력을 잡아줄 1:1 국어과외 탐색,핵심 고민은 “글을 읽어도 내용을 정확히 이해하지 못하거나 어휘력이 부족해 문제의 뜻을 파악하는 데 어려움”입니다.,"어휘, 독해, 문장 이해, 글의 중심내용 파악, 기초 문해력, 글쓰기, 학습 습관","지역과 일정에 따라 1:1 방문수업 또는 화상수업으로 진행하며, 어휘와 독해를 바탕으로 글의 내용을 이해하고 자신의 생각을 표현하는 힘을 학생의 수준과 학습 속도에 맞춰 지도","글을 읽고 핵심 내용을 파악하는 힘을 기르고, 국어뿐 아니라 다른 과목의 문제를 이해하는 데 필요한 기초 문해력과 학습 습관 형성",친근형,elementary_korean
197,https://kimstutoring.co.kr,pangyo-middle-korean,publish,ko,경기도,판교,국어,중학생,판교 중학생 국어과외,판교 중학생 국어과외,"판교 중학생 국어 과외 수업은 정해진 진도보다 현재 실력과 배우는 이유를 중요하게 봅니다. 지역과 일정에 따라 1:1 방문수업 또는 화상수업으로 진행하며, 문학·비문학 독해와 문법을 기본으로 학교별… 방식으로 수업하고 있습니다.",학교 내신과 국어 기본기를 함께 준비할 1:1 중등 국어과외 탐색,"핵심 고민은 “문학과 비문학 지문을 감으로 풀거나 문법 개념이 부족하고, 학교 시험의 서술형·수행평가 대비가 어려움”입니다.","문학, 비문학, 문법, 어휘, 학교별 내신, 서술형, 수행평가, 오답관리","지역과 일정에 따라 1:1 방문수업 또는 화상수업으로 진행하며, 문학·비문학 독해와 문법을 기본으로 학교별 내신, 서술형과 수행평가까지 학생의 취약 부분에 맞춰 지도","지문을 근거로 읽고 문제를 해결하는 방법을 익히며, 부족한 영역을 파악해 내신과 고등 국어 학습에 필요한 기본기 강화",코칭형,middle_korean
198,https://kimstutoring.co.kr,pangyo-high-korean,publish,ko,경기도,판교,국어,고등학생,판교 고등학생 국어과외,판교 고등학생 국어과외,"판교에서 배우는 고등학생 국어 과외, 실제로 쓰려는 상황에 맞춰 수업 내용을 정합니다. 지역과 일정에 따라 1:1 방문수업 또는 화상수업으로 진행하며, 문학과 독서의 지문 분석부터 학교별 내신,… 방식으로 수업하고 있습니다.",내신과 모의고사·수능을 함께 대비할 1:1 고등 국어과외 탐색,"핵심 고민은 “긴 지문의 핵심을 빠르게 파악하기 어렵거나 문학·독서·문법 영역별 편차가 크고, 모의고사에서 시간 관리와…”입니다.","문학, 독서, 화법과 언어, 작문, 학교별 내신, 모의고사, 수능, 취약영역, 오답분석","지역과 일정에 따라 1:1 방문수업 또는 화상수업으로 진행하며, 문학과 독서의 지문 분석부터 학교별 내신, 모의고사와 수능 대비, 취약영역 및 오답분석까지 현재 실력과 목표에 맞춰 지도","지문을 분석하는 기준과 문제 접근 방법을 익히고, 취약영역과 반복되는 오답을 점검하면서 내신·모의고사·수능 학습의 방향을 구체화",전문형,high_korean
199,https://kimstutoring.co.kr,gwangju-si-elementary-english,publish,ko,경기도,경기광주,영어,초등학생,경기광주 초등학생 영어과외,경기광주 초등학생 영어과외,"경기광주에서 배우는 초등학생 영어 과외, 실제로 쓰려는 상황에 맞춰 수업 내용을 정합니다. 지역과 일정에 따라 1:1 방문수업 또는 화상수업으로 진행하며, 기초 어휘와 문장 이해, 읽기 학습을 학생의… 방식으로 수업하고 있습니다.",초등학생 수준에 맞춰 영어 기초와 꾸준한 학습 습관을 기르는 1:1 온라인 과외 찾기,핵심 고민은 “기초 어휘가 부족하고 짧은 문장의 뜻을 이해하거나 꾸준히 읽는 데 어려움이 있음”입니다.,"기초 어휘, 문장 이해, 짧은 글 읽기, 학습 습관","지역과 일정에 따라 1:1 방문수업 또는 화상수업으로 진행하며, 기초 어휘와 문장 이해, 읽기 학습을 학생의 수준과 학습 속도에 맞춰 지도",익숙한 어휘로 짧은 문장의 뜻을 파악하고 스스로 읽고 복습하는 습관 형성,친근형,elementary_english
200,https://kimstutoring.co.kr,gwangju-si-middle-english,publish,ko,경기도,경기광주,영어,중학생,경기광주 중학생 영어과외,경기광주 중학생 영어과외,"경기광주에서 중학생 영어 과외 수업을 찾고 계신다면 지금 필요한 내용부터 시작할 수 있습니다. 지역과 일정에 따라 1:1 방문수업 또는 화상수업으로 진행하며, 어휘·문법·독해를 기본으로 학교별 내신과… 방식으로 수업하고 있습니다.",중학생 영어 문법과 독해를 보완하고 학교별 내신과 서술형 및 수행평가를 준비하는 온라인 과외 찾기,핵심 고민은 “어휘와 문법을 배워도 지문에 적용하기 어렵고 서술형 답안과 수행평가 준비가 막막함”입니다.,"어휘, 문법, 독해, 학교별 내신, 서술형, 수행평가","지역과 일정에 따라 1:1 방문수업 또는 화상수업으로 진행하며, 어휘·문법·독해를 기본으로 학교별 내신과 서술형, 수행평가까지 학생의 취약 부분에 맞춰 지도",문법 근거를 설명하며 지문을 읽고 학교 평가 기준에 맞춰 답안을 작성하는 능력 향상,코칭형,middle_english
201,https://kimstutoring.co.kr,gwangju-si-high-english,publish,ko,경기도,경기광주,영어,고등학생,경기광주 고등학생 영어과외,경기광주 고등학생 영어과외,"경기광주 고등학생 영어 과외 수업은 정해진 진도보다 현재 실력과 배우는 이유를 중요하게 봅니다. 지역과 일정에 따라 1:1 방문수업 또는 화상수업으로 진행하며, 어휘·구문독해부터 학교별 내신, 모의고사와 수능… 방식으로 수업하고 있습니다.",고등학생 영어 내신과 모의고사 및 수능 준비를 현재 수준에 맞춰 병행하는 온라인 과외 찾기,핵심 고민은 “긴 문장의 구조를 파악하기 어렵고 내신과 모의고사 지문을 읽는 데 시간이 오래 걸림”입니다.,"어휘, 구문독해, 학교별 내신, 모의고사, 수능","지역과 일정에 따라 1:1 방문수업 또는 화상수업으로 진행하며, 어휘·구문독해부터 학교별 내신, 모의고사와 수능 대비까지 현재 실력과 목표에 맞춰 지도",복잡한 문장의 구조를 파악하고 지문의 근거를 바탕으로 답을 선택하는 독해 능력 향상,전문형,high_english
202,https://kimstutoring.co.kr,gwangju-si-elementary-math,publish,ko,경기도,경기광주,수학,초등학생,경기광주 초등학생 수학과외,경기광주 초등학생 수학과외,"경기광주에서 초등학생 수학 과외 수업을 찾고 계신다면 지금 필요한 내용부터 시작할 수 있습니다. 지역과 일정에 따라 1:1 방문수업 또는 화상수업으로 진행하며, 연산과 기초개념을 탄탄히 다지고 문제를 이해하는… 방식으로 수업하고 있습니다.",초등학생 수학 연산과 기초개념을 다지고 문제 이해와 풀이 습관을 기르는 온라인 과외 찾기,핵심 고민은 “계산 실수가 반복되고 문장형 문제에서 무엇을 구해야 하는지 파악하기 어려움”입니다.,"연산, 기초개념, 문제 이해, 풀이 습관","지역과 일정에 따라 1:1 방문수업 또는 화상수업으로 진행하며, 연산과 기초개념을 탄탄히 다지고 문제를 이해하는 과정과 올바른 풀이 습관을 학생 수준에 맞춰 지도",계산 과정을 점검하고 문제의 조건을 이해하며 풀이 순서를 정리하는 습관 형성,친근형,elementary_math
203,https://kimstutoring.co.kr,gwangju-si-middle-math,publish,ko,경기도,경기광주,수학,중학생,경기광주 중학생 수학과외,경기광주 중학생 수학과외,"경기광주에서 중학생 수학 과외 수업을 찾고 계신다면 지금 필요한 내용부터 시작할 수 있습니다. 지역과 일정에 따라 1:1 방문수업 또는 화상수업으로 진행하며, 개념 이해와 유형별 문제풀이를 연결하고 학교별… 방식으로 수업하고 있습니다.",중학생 수학 개념과 유형별 문제풀이를 연결하고 내신 및 서술형을 준비하는 온라인 과외 찾기,핵심 고민은 “개념을 외워도 문제 유형이 바뀌면 적용하기 어렵고 같은 오답과 풀이 과정 누락이 반복됨”입니다.,"개념, 유형별 문제풀이, 학교별 내신, 서술형, 오답관리","지역과 일정에 따라 1:1 방문수업 또는 화상수업으로 진행하며, 개념 이해와 유형별 문제풀이를 연결하고 학교별 내신, 서술형, 오답관리까지 취약 단원에 맞춰 지도",문제에 맞는 개념을 선택하고 풀이 근거를 순서대로 쓰며 반복되는 실수를 줄이는 능력 향상,코칭형,middle_math
204,https://kimstutoring.co.kr,gwangju-si-high-math,publish,ko,경기도,경기광주,수학,고등학생,경기광주 고등학생 수학과외,경기광주 고등학생 수학과외,"고등학생 수학 과외 공부를 다시 시작하려는 분께 경기광주 1:1 수업이 맞는 출발점을 찾아드립니다. 지역과 일정에 따라 1:1 방문수업 또는 화상수업으로 진행하며, 개념과 유형별 문제풀이부터 학교별 내신,… 방식으로 수업하고 있습니다.",고등학생 수학 취약단원을 보완하면서 내신과 모의고사 및 수능을 준비하는 온라인 과외 찾기,핵심 고민은 “개념 사이의 연결이 약하고 복합 문제의 접근 방법을 찾기 어려우며 취약단원에서 오답이 반복됨”입니다.,"개념, 유형별 문제풀이, 학교별 내신, 모의고사, 수능, 취약단원, 오답분석","지역과 일정에 따라 1:1 방문수업 또는 화상수업으로 진행하며, 개념과 유형별 문제풀이부터 학교별 내신, 모의고사와 수능 대비, 취약단원 및 오답분석까지 목표에 맞춰 지도",취약단원의 개념을 연결하고 문제 조건에 맞는 풀이 전략을 선택하며 오답 원인을 스스로 설명하는 능력 향상,전문형,high_math
205,https://kimstutoring.co.kr,gwangju-si-elementary-korean,publish,ko,경기도,경기광주,국어,초등학생,경기광주 초등학생 국어과외,경기광주 초등학생 국어과외,"초등학생 국어 과외 공부를 다시 시작하려는 분께 경기광주 1:1 수업이 맞는 출발점을 찾아드립니다. 지역과 일정에 따라 1:1 방문수업 또는 화상수업으로 진행하며, 어휘와 독해를 바탕으로 글의 내용을 이해하고… 방식으로 수업하고 있습니다.",초등학생의 국어 기초와 문해력을 잡아줄 1:1 국어과외 탐색,핵심 고민은 “글을 읽어도 내용을 정확히 이해하지 못하거나 어휘력이 부족해 문제의 뜻을 파악하는 데 어려움”입니다.,"어휘, 독해, 문장 이해, 글의 중심내용 파악, 기초 문해력, 글쓰기, 학습 습관","지역과 일정에 따라 1:1 방문수업 또는 화상수업으로 진행하며, 어휘와 독해를 바탕으로 글의 내용을 이해하고 자신의 생각을 표현하는 힘을 학생의 수준과 학습 속도에 맞춰 지도","글을 읽고 핵심 내용을 파악하는 힘을 기르고, 국어뿐 아니라 다른 과목의 문제를 이해하는 데 필요한 기초 문해력과 학습 습관 형성",친근형,elementary_korean
206,https://kimstutoring.co.kr,gwangju-si-middle-korean,publish,ko,경기도,경기광주,국어,중학생,경기광주 중학생 국어과외,경기광주 중학생 국어과외,"경기광주에서 중학생 국어 과외 수업을 찾고 계신다면 지금 필요한 내용부터 시작할 수 있습니다. 지역과 일정에 따라 1:1 방문수업 또는 화상수업으로 진행하며, 문학·비문학 독해와 문법을 기본으로 학교별… 방식으로 수업하고 있습니다.",학교 내신과 국어 기본기를 함께 준비할 1:1 중등 국어과외 탐색,"핵심 고민은 “문학과 비문학 지문을 감으로 풀거나 문법 개념이 부족하고, 학교 시험의 서술형·수행평가 대비가 어려움”입니다.","문학, 비문학, 문법, 어휘, 학교별 내신, 서술형, 수행평가, 오답관리","지역과 일정에 따라 1:1 방문수업 또는 화상수업으로 진행하며, 문학·비문학 독해와 문법을 기본으로 학교별 내신, 서술형과 수행평가까지 학생의 취약 부분에 맞춰 지도","지문을 근거로 읽고 문제를 해결하는 방법을 익히며, 부족한 영역을 파악해 내신과 고등 국어 학습에 필요한 기본기 강화",코칭형,middle_korean
207,https://kimstutoring.co.kr,gwangju-si-high-korean,publish,ko,경기도,경기광주,국어,고등학생,경기광주 고등학생 국어과외,경기광주 고등학생 국어과외,"고등학생 국어 과외 공부를 다시 시작하려는 분께 경기광주 1:1 수업이 맞는 출발점을 찾아드립니다. 지역과 일정에 따라 1:1 방문수업 또는 화상수업으로 진행하며, 문학과 독서의 지문 분석부터 학교별 내신,… 방식으로 수업하고 있습니다.",내신과 모의고사·수능을 함께 대비할 1:1 고등 국어과외 탐색,"핵심 고민은 “긴 지문의 핵심을 빠르게 파악하기 어렵거나 문학·독서·문법 영역별 편차가 크고, 모의고사에서 시간 관리와…”입니다.","문학, 독서, 화법과 언어, 작문, 학교별 내신, 모의고사, 수능, 취약영역, 오답분석","지역과 일정에 따라 1:1 방문수업 또는 화상수업으로 진행하며, 문학과 독서의 지문 분석부터 학교별 내신, 모의고사와 수능 대비, 취약영역 및 오답분석까지 현재 실력과 목표에 맞춰 지도","지문을 분석하는 기준과 문제 접근 방법을 익히고, 취약영역과 반복되는 오답을 점검하면서 내신·모의고사·수능 학습의 방향을 구체화",전문형,high_korean
208,https://kimstutoring.co.kr,icheon-elementary-english,publish,ko,경기도,이천,영어,초등학생,이천 초등학생 영어과외,이천 초등학생 영어과외,"이천에서 배우는 초등학생 영어 과외, 실제로 쓰려는 상황에 맞춰 수업 내용을 정합니다. 지역과 일정에 따라 1:1 방문수업 또는 화상수업으로 진행하며, 기초 어휘와 문장 이해, 읽기 학습을 학생의… 방식으로 수업하고 있습니다.",초등학생 수준에 맞춰 영어 기초와 꾸준한 학습 습관을 기르는 1:1 온라인 과외 찾기,핵심 고민은 “기초 어휘가 부족하고 짧은 문장의 뜻을 이해하거나 꾸준히 읽는 데 어려움이 있음”입니다.,"기초 어휘, 문장 이해, 짧은 글 읽기, 학습 습관","지역과 일정에 따라 1:1 방문수업 또는 화상수업으로 진행하며, 기초 어휘와 문장 이해, 읽기 학습을 학생의 수준과 학습 속도에 맞춰 지도",익숙한 어휘로 짧은 문장의 뜻을 파악하고 스스로 읽고 복습하는 습관 형성,친근형,elementary_english
209,https://kimstutoring.co.kr,icheon-middle-english,publish,ko,경기도,이천,영어,중학생,이천 중학생 영어과외,이천 중학생 영어과외,"이천에서 중학생 영어 과외 수업을 찾고 계신다면 지금 필요한 내용부터 시작할 수 있습니다. 지역과 일정에 따라 1:1 방문수업 또는 화상수업으로 진행하며, 어휘·문법·독해를 기본으로 학교별 내신과… 방식으로 수업하고 있습니다.",중학생 영어 문법과 독해를 보완하고 학교별 내신과 서술형 및 수행평가를 준비하는 온라인 과외 찾기,핵심 고민은 “어휘와 문법을 배워도 지문에 적용하기 어렵고 서술형 답안과 수행평가 준비가 막막함”입니다.,"어휘, 문법, 독해, 학교별 내신, 서술형, 수행평가","지역과 일정에 따라 1:1 방문수업 또는 화상수업으로 진행하며, 어휘·문법·독해를 기본으로 학교별 내신과 서술형, 수행평가까지 학생의 취약 부분에 맞춰 지도",문법 근거를 설명하며 지문을 읽고 학교 평가 기준에 맞춰 답안을 작성하는 능력 향상,코칭형,middle_english
210,https://kimstutoring.co.kr,icheon-high-english,publish,ko,경기도,이천,영어,고등학생,이천 고등학생 영어과외,이천 고등학생 영어과외,"이천 고등학생 영어 과외 수업은 정해진 진도보다 현재 실력과 배우는 이유를 중요하게 봅니다. 지역과 일정에 따라 1:1 방문수업 또는 화상수업으로 진행하며, 어휘·구문독해부터 학교별 내신, 모의고사와 수능… 방식으로 수업하고 있습니다.",고등학생 영어 내신과 모의고사 및 수능 준비를 현재 수준에 맞춰 병행하는 온라인 과외 찾기,핵심 고민은 “긴 문장의 구조를 파악하기 어렵고 내신과 모의고사 지문을 읽는 데 시간이 오래 걸림”입니다.,"어휘, 구문독해, 학교별 내신, 모의고사, 수능","지역과 일정에 따라 1:1 방문수업 또는 화상수업으로 진행하며, 어휘·구문독해부터 학교별 내신, 모의고사와 수능 대비까지 현재 실력과 목표에 맞춰 지도",복잡한 문장의 구조를 파악하고 지문의 근거를 바탕으로 답을 선택하는 독해 능력 향상,전문형,high_english
211,https://kimstutoring.co.kr,icheon-elementary-math,publish,ko,경기도,이천,수학,초등학생,이천 초등학생 수학과외,이천 초등학생 수학과외,"이천에서 초등학생 수학 과외 수업을 찾고 계신다면 지금 필요한 내용부터 시작할 수 있습니다. 지역과 일정에 따라 1:1 방문수업 또는 화상수업으로 진행하며, 연산과 기초개념을 탄탄히 다지고 문제를 이해하는… 방식으로 수업하고 있습니다.",초등학생 수학 연산과 기초개념을 다지고 문제 이해와 풀이 습관을 기르는 온라인 과외 찾기,핵심 고민은 “계산 실수가 반복되고 문장형 문제에서 무엇을 구해야 하는지 파악하기 어려움”입니다.,"연산, 기초개념, 문제 이해, 풀이 습관","지역과 일정에 따라 1:1 방문수업 또는 화상수업으로 진행하며, 연산과 기초개념을 탄탄히 다지고 문제를 이해하는 과정과 올바른 풀이 습관을 학생 수준에 맞춰 지도",계산 과정을 점검하고 문제의 조건을 이해하며 풀이 순서를 정리하는 습관 형성,친근형,elementary_math
212,https://kimstutoring.co.kr,icheon-middle-math,publish,ko,경기도,이천,수학,중학생,이천 중학생 수학과외,이천 중학생 수학과외,"이천에서 중학생 수학 과외 수업을 찾고 계신다면 지금 필요한 내용부터 시작할 수 있습니다. 지역과 일정에 따라 1:1 방문수업 또는 화상수업으로 진행하며, 개념 이해와 유형별 문제풀이를 연결하고 학교별… 방식으로 수업하고 있습니다.",중학생 수학 개념과 유형별 문제풀이를 연결하고 내신 및 서술형을 준비하는 온라인 과외 찾기,핵심 고민은 “개념을 외워도 문제 유형이 바뀌면 적용하기 어렵고 같은 오답과 풀이 과정 누락이 반복됨”입니다.,"개념, 유형별 문제풀이, 학교별 내신, 서술형, 오답관리","지역과 일정에 따라 1:1 방문수업 또는 화상수업으로 진행하며, 개념 이해와 유형별 문제풀이를 연결하고 학교별 내신, 서술형, 오답관리까지 취약 단원에 맞춰 지도",문제에 맞는 개념을 선택하고 풀이 근거를 순서대로 쓰며 반복되는 실수를 줄이는 능력 향상,코칭형,middle_math
213,https://kimstutoring.co.kr,icheon-high-math,publish,ko,경기도,이천,수학,고등학생,이천 고등학생 수학과외,이천 고등학생 수학과외,"고등학생 수학 과외 공부를 다시 시작하려는 분께 이천 1:1 수업이 맞는 출발점을 찾아드립니다. 지역과 일정에 따라 1:1 방문수업 또는 화상수업으로 진행하며, 개념과 유형별 문제풀이부터 학교별 내신,… 방식으로 수업하고 있습니다.",고등학생 수학 취약단원을 보완하면서 내신과 모의고사 및 수능을 준비하는 온라인 과외 찾기,핵심 고민은 “개념 사이의 연결이 약하고 복합 문제의 접근 방법을 찾기 어려우며 취약단원에서 오답이 반복됨”입니다.,"개념, 유형별 문제풀이, 학교별 내신, 모의고사, 수능, 취약단원, 오답분석","지역과 일정에 따라 1:1 방문수업 또는 화상수업으로 진행하며, 개념과 유형별 문제풀이부터 학교별 내신, 모의고사와 수능 대비, 취약단원 및 오답분석까지 목표에 맞춰 지도",취약단원의 개념을 연결하고 문제 조건에 맞는 풀이 전략을 선택하며 오답 원인을 스스로 설명하는 능력 향상,전문형,high_math
214,https://kimstutoring.co.kr,icheon-elementary-korean,publish,ko,경기도,이천,국어,초등학생,이천 초등학생 국어과외,이천 초등학생 국어과외,"초등학생 국어 과외 공부를 다시 시작하려는 분께 이천 1:1 수업이 맞는 출발점을 찾아드립니다. 지역과 일정에 따라 1:1 방문수업 또는 화상수업으로 진행하며, 어휘와 독해를 바탕으로 글의 내용을 이해하고… 방식으로 수업하고 있습니다.",초등학생의 국어 기초와 문해력을 잡아줄 1:1 국어과외 탐색,핵심 고민은 “글을 읽어도 내용을 정확히 이해하지 못하거나 어휘력이 부족해 문제의 뜻을 파악하는 데 어려움”입니다.,"어휘, 독해, 문장 이해, 글의 중심내용 파악, 기초 문해력, 글쓰기, 학습 습관","지역과 일정에 따라 1:1 방문수업 또는 화상수업으로 진행하며, 어휘와 독해를 바탕으로 글의 내용을 이해하고 자신의 생각을 표현하는 힘을 학생의 수준과 학습 속도에 맞춰 지도","글을 읽고 핵심 내용을 파악하는 힘을 기르고, 국어뿐 아니라 다른 과목의 문제를 이해하는 데 필요한 기초 문해력과 학습 습관 형성",친근형,elementary_korean
215,https://kimstutoring.co.kr,icheon-middle-korean,publish,ko,경기도,이천,국어,중학생,이천 중학생 국어과외,이천 중학생 국어과외,"이천에서 중학생 국어 과외 수업을 찾고 계신다면 지금 필요한 내용부터 시작할 수 있습니다. 지역과 일정에 따라 1:1 방문수업 또는 화상수업으로 진행하며, 문학·비문학 독해와 문법을 기본으로 학교별… 방식으로 수업하고 있습니다.",학교 내신과 국어 기본기를 함께 준비할 1:1 중등 국어과외 탐색,"핵심 고민은 “문학과 비문학 지문을 감으로 풀거나 문법 개념이 부족하고, 학교 시험의 서술형·수행평가 대비가 어려움”입니다.","문학, 비문학, 문법, 어휘, 학교별 내신, 서술형, 수행평가, 오답관리","지역과 일정에 따라 1:1 방문수업 또는 화상수업으로 진행하며, 문학·비문학 독해와 문법을 기본으로 학교별 내신, 서술형과 수행평가까지 학생의 취약 부분에 맞춰 지도","지문을 근거로 읽고 문제를 해결하는 방법을 익히며, 부족한 영역을 파악해 내신과 고등 국어 학습에 필요한 기본기 강화",코칭형,middle_korean
216,https://kimstutoring.co.kr,icheon-high-korean,publish,ko,경기도,이천,국어,고등학생,이천 고등학생 국어과외,이천 고등학생 국어과외,"고등학생 국어 과외 공부를 다시 시작하려는 분께 이천 1:1 수업이 맞는 출발점을 찾아드립니다. 지역과 일정에 따라 1:1 방문수업 또는 화상수업으로 진행하며, 문학과 독서의 지문 분석부터 학교별 내신,… 방식으로 수업하고 있습니다.",내신과 모의고사·수능을 함께 대비할 1:1 고등 국어과외 탐색,"핵심 고민은 “긴 지문의 핵심을 빠르게 파악하기 어렵거나 문학·독서·문법 영역별 편차가 크고, 모의고사에서 시간 관리와…”입니다.","문학, 독서, 화법과 언어, 작문, 학교별 내신, 모의고사, 수능, 취약영역, 오답분석","지역과 일정에 따라 1:1 방문수업 또는 화상수업으로 진행하며, 문학과 독서의 지문 분석부터 학교별 내신, 모의고사와 수능 대비, 취약영역 및 오답분석까지 현재 실력과 목표에 맞춰 지도","지문을 분석하는 기준과 문제 접근 방법을 익히고, 취약영역과 반복되는 오답을 점검하면서 내신·모의고사·수능 학습의 방향을 구체화",전문형,high_korean
217,https://kimstutoring.co.kr,yongin-elementary-english,publish,ko,경기도,용인,영어,초등학생,용인 초등학생 영어과외,용인 초등학생 영어과외,"초등학생 영어 과외 공부를 다시 시작하려는 분께 용인 1:1 수업이 맞는 출발점을 찾아드립니다. 지역과 일정에 따라 1:1 방문수업 또는 화상수업으로 진행하며, 기초 어휘와 문장 이해, 읽기 학습을 학생의… 방식으로 수업하고 있습니다.",초등학생 수준에 맞춰 영어 기초와 꾸준한 학습 습관을 기르는 1:1 온라인 과외 찾기,핵심 고민은 “기초 어휘가 부족하고 짧은 문장의 뜻을 이해하거나 꾸준히 읽는 데 어려움이 있음”입니다.,"기초 어휘, 문장 이해, 짧은 글 읽기, 학습 습관","지역과 일정에 따라 1:1 방문수업 또는 화상수업으로 진행하며, 기초 어휘와 문장 이해, 읽기 학습을 학생의 수준과 학습 속도에 맞춰 지도",익숙한 어휘로 짧은 문장의 뜻을 파악하고 스스로 읽고 복습하는 습관 형성,친근형,elementary_english
218,https://kimstutoring.co.kr,yongin-middle-english,publish,ko,경기도,용인,영어,중학생,용인 중학생 영어과외,용인 중학생 영어과외,"용인에서 배우는 중학생 영어 과외, 실제로 쓰려는 상황에 맞춰 수업 내용을 정합니다. 지역과 일정에 따라 1:1 방문수업 또는 화상수업으로 진행하며, 어휘·문법·독해를 기본으로 학교별 내신과… 방식으로 수업하고 있습니다.",중학생 영어 문법과 독해를 보완하고 학교별 내신과 서술형 및 수행평가를 준비하는 온라인 과외 찾기,핵심 고민은 “어휘와 문법을 배워도 지문에 적용하기 어렵고 서술형 답안과 수행평가 준비가 막막함”입니다.,"어휘, 문법, 독해, 학교별 내신, 서술형, 수행평가","지역과 일정에 따라 1:1 방문수업 또는 화상수업으로 진행하며, 어휘·문법·독해를 기본으로 학교별 내신과 서술형, 수행평가까지 학생의 취약 부분에 맞춰 지도",문법 근거를 설명하며 지문을 읽고 학교 평가 기준에 맞춰 답안을 작성하는 능력 향상,코칭형,middle_english
219,https://kimstutoring.co.kr,yongin-high-english,publish,ko,경기도,용인,영어,고등학생,용인 고등학생 영어과외,용인 고등학생 영어과외,"용인에서 고등학생 영어 과외 수업을 찾고 계신다면 지금 필요한 내용부터 시작할 수 있습니다. 지역과 일정에 따라 1:1 방문수업 또는 화상수업으로 진행하며, 어휘·구문독해부터 학교별 내신, 모의고사와 수능… 방식으로 수업하고 있습니다.",고등학생 영어 내신과 모의고사 및 수능 준비를 현재 수준에 맞춰 병행하는 온라인 과외 찾기,핵심 고민은 “긴 문장의 구조를 파악하기 어렵고 내신과 모의고사 지문을 읽는 데 시간이 오래 걸림”입니다.,"어휘, 구문독해, 학교별 내신, 모의고사, 수능","지역과 일정에 따라 1:1 방문수업 또는 화상수업으로 진행하며, 어휘·구문독해부터 학교별 내신, 모의고사와 수능 대비까지 현재 실력과 목표에 맞춰 지도",복잡한 문장의 구조를 파악하고 지문의 근거를 바탕으로 답을 선택하는 독해 능력 향상,전문형,high_english
220,https://kimstutoring.co.kr,yongin-elementary-math,publish,ko,경기도,용인,수학,초등학생,용인 초등학생 수학과외,용인 초등학생 수학과외,"용인에서 배우는 초등학생 수학 과외, 실제로 쓰려는 상황에 맞춰 수업 내용을 정합니다. 지역과 일정에 따라 1:1 방문수업 또는 화상수업으로 진행하며, 연산과 기초개념을 탄탄히 다지고 문제를 이해하는… 방식으로 수업하고 있습니다.",초등학생 수학 연산과 기초개념을 다지고 문제 이해와 풀이 습관을 기르는 온라인 과외 찾기,핵심 고민은 “계산 실수가 반복되고 문장형 문제에서 무엇을 구해야 하는지 파악하기 어려움”입니다.,"연산, 기초개념, 문제 이해, 풀이 습관","지역과 일정에 따라 1:1 방문수업 또는 화상수업으로 진행하며, 연산과 기초개념을 탄탄히 다지고 문제를 이해하는 과정과 올바른 풀이 습관을 학생 수준에 맞춰 지도",계산 과정을 점검하고 문제의 조건을 이해하며 풀이 순서를 정리하는 습관 형성,친근형,elementary_math
221,https://kimstutoring.co.kr,yongin-middle-math,publish,ko,경기도,용인,수학,중학생,용인 중학생 수학과외,용인 중학생 수학과외,"용인에서 배우는 중학생 수학 과외, 실제로 쓰려는 상황에 맞춰 수업 내용을 정합니다. 지역과 일정에 따라 1:1 방문수업 또는 화상수업으로 진행하며, 개념 이해와 유형별 문제풀이를 연결하고 학교별… 방식으로 수업하고 있습니다.",중학생 수학 개념과 유형별 문제풀이를 연결하고 내신 및 서술형을 준비하는 온라인 과외 찾기,핵심 고민은 “개념을 외워도 문제 유형이 바뀌면 적용하기 어렵고 같은 오답과 풀이 과정 누락이 반복됨”입니다.,"개념, 유형별 문제풀이, 학교별 내신, 서술형, 오답관리","지역과 일정에 따라 1:1 방문수업 또는 화상수업으로 진행하며, 개념 이해와 유형별 문제풀이를 연결하고 학교별 내신, 서술형, 오답관리까지 취약 단원에 맞춰 지도",문제에 맞는 개념을 선택하고 풀이 근거를 순서대로 쓰며 반복되는 실수를 줄이는 능력 향상,코칭형,middle_math
222,https://kimstutoring.co.kr,yongin-high-math,publish,ko,경기도,용인,수학,고등학생,용인 고등학생 수학과외,용인 고등학생 수학과외,"용인 고등학생 수학 과외 수업은 정해진 진도보다 현재 실력과 배우는 이유를 중요하게 봅니다. 지역과 일정에 따라 1:1 방문수업 또는 화상수업으로 진행하며, 개념과 유형별 문제풀이부터 학교별 내신,… 방식으로 수업하고 있습니다.",고등학생 수학 취약단원을 보완하면서 내신과 모의고사 및 수능을 준비하는 온라인 과외 찾기,핵심 고민은 “개념 사이의 연결이 약하고 복합 문제의 접근 방법을 찾기 어려우며 취약단원에서 오답이 반복됨”입니다.,"개념, 유형별 문제풀이, 학교별 내신, 모의고사, 수능, 취약단원, 오답분석","지역과 일정에 따라 1:1 방문수업 또는 화상수업으로 진행하며, 개념과 유형별 문제풀이부터 학교별 내신, 모의고사와 수능 대비, 취약단원 및 오답분석까지 목표에 맞춰 지도",취약단원의 개념을 연결하고 문제 조건에 맞는 풀이 전략을 선택하며 오답 원인을 스스로 설명하는 능력 향상,전문형,high_math
223,https://kimstutoring.co.kr,yongin-elementary-korean,publish,ko,경기도,용인,국어,초등학생,용인 초등학생 국어과외,용인 초등학생 국어과외,"용인 초등학생 국어 과외 수업은 정해진 진도보다 현재 실력과 배우는 이유를 중요하게 봅니다. 지역과 일정에 따라 1:1 방문수업 또는 화상수업으로 진행하며, 어휘와 독해를 바탕으로 글의 내용을 이해하고… 방식으로 수업하고 있습니다.",초등학생의 국어 기초와 문해력을 잡아줄 1:1 국어과외 탐색,핵심 고민은 “글을 읽어도 내용을 정확히 이해하지 못하거나 어휘력이 부족해 문제의 뜻을 파악하는 데 어려움”입니다.,"어휘, 독해, 문장 이해, 글의 중심내용 파악, 기초 문해력, 글쓰기, 학습 습관","지역과 일정에 따라 1:1 방문수업 또는 화상수업으로 진행하며, 어휘와 독해를 바탕으로 글의 내용을 이해하고 자신의 생각을 표현하는 힘을 학생의 수준과 학습 속도에 맞춰 지도","글을 읽고 핵심 내용을 파악하는 힘을 기르고, 국어뿐 아니라 다른 과목의 문제를 이해하는 데 필요한 기초 문해력과 학습 습관 형성",친근형,elementary_korean
224,https://kimstutoring.co.kr,yongin-middle-korean,publish,ko,경기도,용인,국어,중학생,용인 중학생 국어과외,용인 중학생 국어과외,"용인에서 배우는 중학생 국어 과외, 실제로 쓰려는 상황에 맞춰 수업 내용을 정합니다. 지역과 일정에 따라 1:1 방문수업 또는 화상수업으로 진행하며, 문학·비문학 독해와 문법을 기본으로 학교별… 방식으로 수업하고 있습니다.",학교 내신과 국어 기본기를 함께 준비할 1:1 중등 국어과외 탐색,"핵심 고민은 “문학과 비문학 지문을 감으로 풀거나 문법 개념이 부족하고, 학교 시험의 서술형·수행평가 대비가 어려움”입니다.","문학, 비문학, 문법, 어휘, 학교별 내신, 서술형, 수행평가, 오답관리","지역과 일정에 따라 1:1 방문수업 또는 화상수업으로 진행하며, 문학·비문학 독해와 문법을 기본으로 학교별 내신, 서술형과 수행평가까지 학생의 취약 부분에 맞춰 지도","지문을 근거로 읽고 문제를 해결하는 방법을 익히며, 부족한 영역을 파악해 내신과 고등 국어 학습에 필요한 기본기 강화",코칭형,middle_korean
225,https://kimstutoring.co.kr,yongin-high-korean,publish,ko,경기도,용인,국어,고등학생,용인 고등학생 국어과외,용인 고등학생 국어과외,"용인 고등학생 국어 과외 수업은 정해진 진도보다 현재 실력과 배우는 이유를 중요하게 봅니다. 지역과 일정에 따라 1:1 방문수업 또는 화상수업으로 진행하며, 문학과 독서의 지문 분석부터 학교별 내신,… 방식으로 수업하고 있습니다.",내신과 모의고사·수능을 함께 대비할 1:1 고등 국어과외 탐색,"핵심 고민은 “긴 지문의 핵심을 빠르게 파악하기 어렵거나 문학·독서·문법 영역별 편차가 크고, 모의고사에서 시간 관리와…”입니다.","문학, 독서, 화법과 언어, 작문, 학교별 내신, 모의고사, 수능, 취약영역, 오답분석","지역과 일정에 따라 1:1 방문수업 또는 화상수업으로 진행하며, 문학과 독서의 지문 분석부터 학교별 내신, 모의고사와 수능 대비, 취약영역 및 오답분석까지 현재 실력과 목표에 맞춰 지도","지문을 분석하는 기준과 문제 접근 방법을 익히고, 취약영역과 반복되는 오답을 점검하면서 내신·모의고사·수능 학습의 방향을 구체화",전문형,high_korean
226,https://kimstutoring.co.kr,yeoju-elementary-english,publish,ko,경기도,여주,영어,초등학생,여주 초등학생 영어과외,여주 초등학생 영어과외,"여주에서 초등학생 영어 과외 수업을 찾고 계신다면 지금 필요한 내용부터 시작할 수 있습니다. 지역과 일정에 따라 1:1 방문수업 또는 화상수업으로 진행하며, 기초 어휘와 문장 이해, 읽기 학습을 학생의… 방식으로 수업하고 있습니다.",초등학생 수준에 맞춰 영어 기초와 꾸준한 학습 습관을 기르는 1:1 온라인 과외 찾기,핵심 고민은 “기초 어휘가 부족하고 짧은 문장의 뜻을 이해하거나 꾸준히 읽는 데 어려움이 있음”입니다.,"기초 어휘, 문장 이해, 짧은 글 읽기, 학습 습관","지역과 일정에 따라 1:1 방문수업 또는 화상수업으로 진행하며, 기초 어휘와 문장 이해, 읽기 학습을 학생의 수준과 학습 속도에 맞춰 지도",익숙한 어휘로 짧은 문장의 뜻을 파악하고 스스로 읽고 복습하는 습관 형성,친근형,elementary_english
227,https://kimstutoring.co.kr,yeoju-middle-english,publish,ko,경기도,여주,영어,중학생,여주 중학생 영어과외,여주 중학생 영어과외,"여주 중학생 영어 과외 수업은 정해진 진도보다 현재 실력과 배우는 이유를 중요하게 봅니다. 지역과 일정에 따라 1:1 방문수업 또는 화상수업으로 진행하며, 어휘·문법·독해를 기본으로 학교별 내신과… 방식으로 수업하고 있습니다.",중학생 영어 문법과 독해를 보완하고 학교별 내신과 서술형 및 수행평가를 준비하는 온라인 과외 찾기,핵심 고민은 “어휘와 문법을 배워도 지문에 적용하기 어렵고 서술형 답안과 수행평가 준비가 막막함”입니다.,"어휘, 문법, 독해, 학교별 내신, 서술형, 수행평가","지역과 일정에 따라 1:1 방문수업 또는 화상수업으로 진행하며, 어휘·문법·독해를 기본으로 학교별 내신과 서술형, 수행평가까지 학생의 취약 부분에 맞춰 지도",문법 근거를 설명하며 지문을 읽고 학교 평가 기준에 맞춰 답안을 작성하는 능력 향상,코칭형,middle_english
228,https://kimstutoring.co.kr,yeoju-high-english,publish,ko,경기도,여주,영어,고등학생,여주 고등학생 영어과외,여주 고등학생 영어과외,"고등학생 영어 과외 공부를 다시 시작하려는 분께 여주 1:1 수업이 맞는 출발점을 찾아드립니다. 지역과 일정에 따라 1:1 방문수업 또는 화상수업으로 진행하며, 어휘·구문독해부터 학교별 내신, 모의고사와 수능… 방식으로 수업하고 있습니다.",고등학생 영어 내신과 모의고사 및 수능 준비를 현재 수준에 맞춰 병행하는 온라인 과외 찾기,핵심 고민은 “긴 문장의 구조를 파악하기 어렵고 내신과 모의고사 지문을 읽는 데 시간이 오래 걸림”입니다.,"어휘, 구문독해, 학교별 내신, 모의고사, 수능","지역과 일정에 따라 1:1 방문수업 또는 화상수업으로 진행하며, 어휘·구문독해부터 학교별 내신, 모의고사와 수능 대비까지 현재 실력과 목표에 맞춰 지도",복잡한 문장의 구조를 파악하고 지문의 근거를 바탕으로 답을 선택하는 독해 능력 향상,전문형,high_english
229,https://kimstutoring.co.kr,yeoju-elementary-math,publish,ko,경기도,여주,수학,초등학생,여주 초등학생 수학과외,여주 초등학생 수학과외,"여주 초등학생 수학 과외 수업은 정해진 진도보다 현재 실력과 배우는 이유를 중요하게 봅니다. 지역과 일정에 따라 1:1 방문수업 또는 화상수업으로 진행하며, 연산과 기초개념을 탄탄히 다지고 문제를 이해하는… 방식으로 수업하고 있습니다.",초등학생 수학 연산과 기초개념을 다지고 문제 이해와 풀이 습관을 기르는 온라인 과외 찾기,핵심 고민은 “계산 실수가 반복되고 문장형 문제에서 무엇을 구해야 하는지 파악하기 어려움”입니다.,"연산, 기초개념, 문제 이해, 풀이 습관","지역과 일정에 따라 1:1 방문수업 또는 화상수업으로 진행하며, 연산과 기초개념을 탄탄히 다지고 문제를 이해하는 과정과 올바른 풀이 습관을 학생 수준에 맞춰 지도",계산 과정을 점검하고 문제의 조건을 이해하며 풀이 순서를 정리하는 습관 형성,친근형,elementary_math
230,https://kimstutoring.co.kr,yeoju-middle-math,publish,ko,경기도,여주,수학,중학생,여주 중학생 수학과외,여주 중학생 수학과외,"여주 중학생 수학 과외 수업은 정해진 진도보다 현재 실력과 배우는 이유를 중요하게 봅니다. 지역과 일정에 따라 1:1 방문수업 또는 화상수업으로 진행하며, 개념 이해와 유형별 문제풀이를 연결하고 학교별… 방식으로 수업하고 있습니다.",중학생 수학 개념과 유형별 문제풀이를 연결하고 내신 및 서술형을 준비하는 온라인 과외 찾기,핵심 고민은 “개념을 외워도 문제 유형이 바뀌면 적용하기 어렵고 같은 오답과 풀이 과정 누락이 반복됨”입니다.,"개념, 유형별 문제풀이, 학교별 내신, 서술형, 오답관리","지역과 일정에 따라 1:1 방문수업 또는 화상수업으로 진행하며, 개념 이해와 유형별 문제풀이를 연결하고 학교별 내신, 서술형, 오답관리까지 취약 단원에 맞춰 지도",문제에 맞는 개념을 선택하고 풀이 근거를 순서대로 쓰며 반복되는 실수를 줄이는 능력 향상,코칭형,middle_math
231,https://kimstutoring.co.kr,yeoju-high-math,publish,ko,경기도,여주,수학,고등학생,여주 고등학생 수학과외,여주 고등학생 수학과외,"여주에서 배우는 고등학생 수학 과외, 실제로 쓰려는 상황에 맞춰 수업 내용을 정합니다. 지역과 일정에 따라 1:1 방문수업 또는 화상수업으로 진행하며, 개념과 유형별 문제풀이부터 학교별 내신,… 방식으로 수업하고 있습니다.",고등학생 수학 취약단원을 보완하면서 내신과 모의고사 및 수능을 준비하는 온라인 과외 찾기,핵심 고민은 “개념 사이의 연결이 약하고 복합 문제의 접근 방법을 찾기 어려우며 취약단원에서 오답이 반복됨”입니다.,"개념, 유형별 문제풀이, 학교별 내신, 모의고사, 수능, 취약단원, 오답분석","지역과 일정에 따라 1:1 방문수업 또는 화상수업으로 진행하며, 개념과 유형별 문제풀이부터 학교별 내신, 모의고사와 수능 대비, 취약단원 및 오답분석까지 목표에 맞춰 지도",취약단원의 개념을 연결하고 문제 조건에 맞는 풀이 전략을 선택하며 오답 원인을 스스로 설명하는 능력 향상,전문형,high_math
232,https://kimstutoring.co.kr,yeoju-elementary-korean,publish,ko,경기도,여주,국어,초등학생,여주 초등학생 국어과외,여주 초등학생 국어과외,"여주에서 배우는 초등학생 국어 과외, 실제로 쓰려는 상황에 맞춰 수업 내용을 정합니다. 지역과 일정에 따라 1:1 방문수업 또는 화상수업으로 진행하며, 어휘와 독해를 바탕으로 글의 내용을 이해하고… 방식으로 수업하고 있습니다.",초등학생의 국어 기초와 문해력을 잡아줄 1:1 국어과외 탐색,핵심 고민은 “글을 읽어도 내용을 정확히 이해하지 못하거나 어휘력이 부족해 문제의 뜻을 파악하는 데 어려움”입니다.,"어휘, 독해, 문장 이해, 글의 중심내용 파악, 기초 문해력, 글쓰기, 학습 습관","지역과 일정에 따라 1:1 방문수업 또는 화상수업으로 진행하며, 어휘와 독해를 바탕으로 글의 내용을 이해하고 자신의 생각을 표현하는 힘을 학생의 수준과 학습 속도에 맞춰 지도","글을 읽고 핵심 내용을 파악하는 힘을 기르고, 국어뿐 아니라 다른 과목의 문제를 이해하는 데 필요한 기초 문해력과 학습 습관 형성",친근형,elementary_korean
233,https://kimstutoring.co.kr,yeoju-middle-korean,publish,ko,경기도,여주,국어,중학생,여주 중학생 국어과외,여주 중학생 국어과외,"여주 중학생 국어 과외 수업은 정해진 진도보다 현재 실력과 배우는 이유를 중요하게 봅니다. 지역과 일정에 따라 1:1 방문수업 또는 화상수업으로 진행하며, 문학·비문학 독해와 문법을 기본으로 학교별… 방식으로 수업하고 있습니다.",학교 내신과 국어 기본기를 함께 준비할 1:1 중등 국어과외 탐색,"핵심 고민은 “문학과 비문학 지문을 감으로 풀거나 문법 개념이 부족하고, 학교 시험의 서술형·수행평가 대비가 어려움”입니다.","문학, 비문학, 문법, 어휘, 학교별 내신, 서술형, 수행평가, 오답관리","지역과 일정에 따라 1:1 방문수업 또는 화상수업으로 진행하며, 문학·비문학 독해와 문법을 기본으로 학교별 내신, 서술형과 수행평가까지 학생의 취약 부분에 맞춰 지도","지문을 근거로 읽고 문제를 해결하는 방법을 익히며, 부족한 영역을 파악해 내신과 고등 국어 학습에 필요한 기본기 강화",코칭형,middle_korean
234,https://kimstutoring.co.kr,yeoju-high-korean,publish,ko,경기도,여주,국어,고등학생,여주 고등학생 국어과외,여주 고등학생 국어과외,"여주에서 배우는 고등학생 국어 과외, 실제로 쓰려는 상황에 맞춰 수업 내용을 정합니다. 지역과 일정에 따라 1:1 방문수업 또는 화상수업으로 진행하며, 문학과 독서의 지문 분석부터 학교별 내신,… 방식으로 수업하고 있습니다.",내신과 모의고사·수능을 함께 대비할 1:1 고등 국어과외 탐색,"핵심 고민은 “긴 지문의 핵심을 빠르게 파악하기 어렵거나 문학·독서·문법 영역별 편차가 크고, 모의고사에서 시간 관리와…”입니다.","문학, 독서, 화법과 언어, 작문, 학교별 내신, 모의고사, 수능, 취약영역, 오답분석","지역과 일정에 따라 1:1 방문수업 또는 화상수업으로 진행하며, 문학과 독서의 지문 분석부터 학교별 내신, 모의고사와 수능 대비, 취약영역 및 오답분석까지 현재 실력과 목표에 맞춰 지도","지문을 분석하는 기준과 문제 접근 방법을 익히고, 취약영역과 반복되는 오답을 점검하면서 내신·모의고사·수능 학습의 방향을 구체화",전문형,high_korean
235,https://kimstutoring.co.kr,songdo-elementary-english,publish,ko,인천광역시,송도,영어,초등학생,송도 초등학생 영어과외,송도 초등학생 영어과외,"송도에서 초등학생 영어 과외 수업을 찾고 계신다면 지금 필요한 내용부터 시작할 수 있습니다. 지역과 일정에 따라 1:1 방문수업 또는 화상수업으로 진행하며, 기초 어휘와 문장 이해, 읽기 학습을 학생의… 방식으로 수업하고 있습니다.",초등학생 수준에 맞춰 영어 기초와 꾸준한 학습 습관을 기르는 1:1 온라인 과외 찾기,핵심 고민은 “기초 어휘가 부족하고 짧은 문장의 뜻을 이해하거나 꾸준히 읽는 데 어려움이 있음”입니다.,"기초 어휘, 문장 이해, 짧은 글 읽기, 학습 습관","지역과 일정에 따라 1:1 방문수업 또는 화상수업으로 진행하며, 기초 어휘와 문장 이해, 읽기 학습을 학생의 수준과 학습 속도에 맞춰 지도",익숙한 어휘로 짧은 문장의 뜻을 파악하고 스스로 읽고 복습하는 습관 형성,친근형,elementary_english
236,https://kimstutoring.co.kr,songdo-middle-english,publish,ko,인천광역시,송도,영어,중학생,송도 중학생 영어과외,송도 중학생 영어과외,"송도 중학생 영어 과외 수업은 정해진 진도보다 현재 실력과 배우는 이유를 중요하게 봅니다. 지역과 일정에 따라 1:1 방문수업 또는 화상수업으로 진행하며, 어휘·문법·독해를 기본으로 학교별 내신과… 방식으로 수업하고 있습니다.",중학생 영어 문법과 독해를 보완하고 학교별 내신과 서술형 및 수행평가를 준비하는 온라인 과외 찾기,핵심 고민은 “어휘와 문법을 배워도 지문에 적용하기 어렵고 서술형 답안과 수행평가 준비가 막막함”입니다.,"어휘, 문법, 독해, 학교별 내신, 서술형, 수행평가","지역과 일정에 따라 1:1 방문수업 또는 화상수업으로 진행하며, 어휘·문법·독해를 기본으로 학교별 내신과 서술형, 수행평가까지 학생의 취약 부분에 맞춰 지도",문법 근거를 설명하며 지문을 읽고 학교 평가 기준에 맞춰 답안을 작성하는 능력 향상,코칭형,middle_english
237,https://kimstutoring.co.kr,songdo-high-english,publish,ko,인천광역시,송도,영어,고등학생,송도 고등학생 영어과외,송도 고등학생 영어과외,"고등학생 영어 과외 공부를 다시 시작하려는 분께 송도 1:1 수업이 맞는 출발점을 찾아드립니다. 지역과 일정에 따라 1:1 방문수업 또는 화상수업으로 진행하며, 어휘·구문독해부터 학교별 내신, 모의고사와 수능… 방식으로 수업하고 있습니다.",고등학생 영어 내신과 모의고사 및 수능 준비를 현재 수준에 맞춰 병행하는 온라인 과외 찾기,핵심 고민은 “긴 문장의 구조를 파악하기 어렵고 내신과 모의고사 지문을 읽는 데 시간이 오래 걸림”입니다.,"어휘, 구문독해, 학교별 내신, 모의고사, 수능","지역과 일정에 따라 1:1 방문수업 또는 화상수업으로 진행하며, 어휘·구문독해부터 학교별 내신, 모의고사와 수능 대비까지 현재 실력과 목표에 맞춰 지도",복잡한 문장의 구조를 파악하고 지문의 근거를 바탕으로 답을 선택하는 독해 능력 향상,전문형,high_english
238,https://kimstutoring.co.kr,songdo-elementary-math,publish,ko,인천광역시,송도,수학,초등학생,송도 초등학생 수학과외,송도 초등학생 수학과외,"송도 초등학생 수학 과외 수업은 정해진 진도보다 현재 실력과 배우는 이유를 중요하게 봅니다. 지역과 일정에 따라 1:1 방문수업 또는 화상수업으로 진행하며, 연산과 기초개념을 탄탄히 다지고 문제를 이해하는… 방식으로 수업하고 있습니다.",초등학생 수학 연산과 기초개념을 다지고 문제 이해와 풀이 습관을 기르는 온라인 과외 찾기,핵심 고민은 “계산 실수가 반복되고 문장형 문제에서 무엇을 구해야 하는지 파악하기 어려움”입니다.,"연산, 기초개념, 문제 이해, 풀이 습관","지역과 일정에 따라 1:1 방문수업 또는 화상수업으로 진행하며, 연산과 기초개념을 탄탄히 다지고 문제를 이해하는 과정과 올바른 풀이 습관을 학생 수준에 맞춰 지도",계산 과정을 점검하고 문제의 조건을 이해하며 풀이 순서를 정리하는 습관 형성,친근형,elementary_math
239,https://kimstutoring.co.kr,songdo-middle-math,publish,ko,인천광역시,송도,수학,중학생,송도 중학생 수학과외,송도 중학생 수학과외,"송도 중학생 수학 과외 수업은 정해진 진도보다 현재 실력과 배우는 이유를 중요하게 봅니다. 지역과 일정에 따라 1:1 방문수업 또는 화상수업으로 진행하며, 개념 이해와 유형별 문제풀이를 연결하고 학교별… 방식으로 수업하고 있습니다.",중학생 수학 개념과 유형별 문제풀이를 연결하고 내신 및 서술형을 준비하는 온라인 과외 찾기,핵심 고민은 “개념을 외워도 문제 유형이 바뀌면 적용하기 어렵고 같은 오답과 풀이 과정 누락이 반복됨”입니다.,"개념, 유형별 문제풀이, 학교별 내신, 서술형, 오답관리","지역과 일정에 따라 1:1 방문수업 또는 화상수업으로 진행하며, 개념 이해와 유형별 문제풀이를 연결하고 학교별 내신, 서술형, 오답관리까지 취약 단원에 맞춰 지도",문제에 맞는 개념을 선택하고 풀이 근거를 순서대로 쓰며 반복되는 실수를 줄이는 능력 향상,코칭형,middle_math
240,https://kimstutoring.co.kr,songdo-high-math,publish,ko,인천광역시,송도,수학,고등학생,송도 고등학생 수학과외,송도 고등학생 수학과외,"송도에서 배우는 고등학생 수학 과외, 실제로 쓰려는 상황에 맞춰 수업 내용을 정합니다. 지역과 일정에 따라 1:1 방문수업 또는 화상수업으로 진행하며, 개념과 유형별 문제풀이부터 학교별 내신,… 방식으로 수업하고 있습니다.",고등학생 수학 취약단원을 보완하면서 내신과 모의고사 및 수능을 준비하는 온라인 과외 찾기,핵심 고민은 “개념 사이의 연결이 약하고 복합 문제의 접근 방법을 찾기 어려우며 취약단원에서 오답이 반복됨”입니다.,"개념, 유형별 문제풀이, 학교별 내신, 모의고사, 수능, 취약단원, 오답분석","지역과 일정에 따라 1:1 방문수업 또는 화상수업으로 진행하며, 개념과 유형별 문제풀이부터 학교별 내신, 모의고사와 수능 대비, 취약단원 및 오답분석까지 목표에 맞춰 지도",취약단원의 개념을 연결하고 문제 조건에 맞는 풀이 전략을 선택하며 오답 원인을 스스로 설명하는 능력 향상,전문형,high_math
241,https://kimstutoring.co.kr,songdo-elementary-korean,publish,ko,인천광역시,송도,국어,초등학생,송도 초등학생 국어과외,송도 초등학생 국어과외,"송도에서 배우는 초등학생 국어 과외, 실제로 쓰려는 상황에 맞춰 수업 내용을 정합니다. 지역과 일정에 따라 1:1 방문수업 또는 화상수업으로 진행하며, 어휘와 독해를 바탕으로 글의 내용을 이해하고… 방식으로 수업하고 있습니다.",초등학생의 국어 기초와 문해력을 잡아줄 1:1 국어과외 탐색,핵심 고민은 “글을 읽어도 내용을 정확히 이해하지 못하거나 어휘력이 부족해 문제의 뜻을 파악하는 데 어려움”입니다.,"어휘, 독해, 문장 이해, 글의 중심내용 파악, 기초 문해력, 글쓰기, 학습 습관","지역과 일정에 따라 1:1 방문수업 또는 화상수업으로 진행하며, 어휘와 독해를 바탕으로 글의 내용을 이해하고 자신의 생각을 표현하는 힘을 학생의 수준과 학습 속도에 맞춰 지도","글을 읽고 핵심 내용을 파악하는 힘을 기르고, 국어뿐 아니라 다른 과목의 문제를 이해하는 데 필요한 기초 문해력과 학습 습관 형성",친근형,elementary_korean
242,https://kimstutoring.co.kr,songdo-middle-korean,publish,ko,인천광역시,송도,국어,중학생,송도 중학생 국어과외,송도 중학생 국어과외,"송도 중학생 국어 과외 수업은 정해진 진도보다 현재 실력과 배우는 이유를 중요하게 봅니다. 지역과 일정에 따라 1:1 방문수업 또는 화상수업으로 진행하며, 문학·비문학 독해와 문법을 기본으로 학교별… 방식으로 수업하고 있습니다.",학교 내신과 국어 기본기를 함께 준비할 1:1 중등 국어과외 탐색,"핵심 고민은 “문학과 비문학 지문을 감으로 풀거나 문법 개념이 부족하고, 학교 시험의 서술형·수행평가 대비가 어려움”입니다.","문학, 비문학, 문법, 어휘, 학교별 내신, 서술형, 수행평가, 오답관리","지역과 일정에 따라 1:1 방문수업 또는 화상수업으로 진행하며, 문학·비문학 독해와 문법을 기본으로 학교별 내신, 서술형과 수행평가까지 학생의 취약 부분에 맞춰 지도","지문을 근거로 읽고 문제를 해결하는 방법을 익히며, 부족한 영역을 파악해 내신과 고등 국어 학습에 필요한 기본기 강화",코칭형,middle_korean
243,https://kimstutoring.co.kr,songdo-high-korean,publish,ko,인천광역시,송도,국어,고등학생,송도 고등학생 국어과외,송도 고등학생 국어과외,"송도에서 배우는 고등학생 국어 과외, 실제로 쓰려는 상황에 맞춰 수업 내용을 정합니다. 지역과 일정에 따라 1:1 방문수업 또는 화상수업으로 진행하며, 문학과 독서의 지문 분석부터 학교별 내신,… 방식으로 수업하고 있습니다.",내신과 모의고사·수능을 함께 대비할 1:1 고등 국어과외 탐색,"핵심 고민은 “긴 지문의 핵심을 빠르게 파악하기 어렵거나 문학·독서·문법 영역별 편차가 크고, 모의고사에서 시간 관리와…”입니다.","문학, 독서, 화법과 언어, 작문, 학교별 내신, 모의고사, 수능, 취약영역, 오답분석","지역과 일정에 따라 1:1 방문수업 또는 화상수업으로 진행하며, 문학과 독서의 지문 분석부터 학교별 내신, 모의고사와 수능 대비, 취약영역 및 오답분석까지 현재 실력과 목표에 맞춰 지도","지문을 분석하는 기준과 문제 접근 방법을 익히고, 취약영역과 반복되는 오답을 점검하면서 내신·모의고사·수능 학습의 방향을 구체화",전문형,high_korean
244,https://kimstutoring.co.kr,cheongna-elementary-english,publish,ko,인천광역시,청라,영어,초등학생,청라 초등학생 영어과외,청라 초등학생 영어과외,"초등학생 영어 과외 공부를 처음 시작한다면 청라에서도 기초부터 1:1로 배울 수 있습니다. 지역과 일정에 따라 1:1 방문수업 또는 화상수업으로 진행하며, 기초 어휘와 문장 이해, 읽기 학습을 학생의… 방식으로 수업하고 있습니다.",초등학생 수준에 맞춰 영어 기초와 꾸준한 학습 습관을 기르는 1:1 온라인 과외 찾기,핵심 고민은 “기초 어휘가 부족하고 짧은 문장의 뜻을 이해하거나 꾸준히 읽는 데 어려움이 있음”입니다.,"기초 어휘, 문장 이해, 짧은 글 읽기, 학습 습관","지역과 일정에 따라 1:1 방문수업 또는 화상수업으로 진행하며, 기초 어휘와 문장 이해, 읽기 학습을 학생의 수준과 학습 속도에 맞춰 지도",익숙한 어휘로 짧은 문장의 뜻을 파악하고 스스로 읽고 복습하는 습관 형성,친근형,elementary_english
245,https://kimstutoring.co.kr,cheongna-middle-english,publish,ko,인천광역시,청라,영어,중학생,청라 중학생 영어과외,청라 중학생 영어과외,"중학생 영어 과외 때문에 고민이 있다면 청라 수업에서 지금 필요한 연습부터 함께 해볼 수 있습니다. 지역과 일정에 따라 1:1 방문수업 또는 화상수업으로 진행하며, 어휘·문법·독해를 기본으로 학교별 내신과… 방식으로 수업하고 있습니다.",중학생 영어 문법과 독해를 보완하고 학교별 내신과 서술형 및 수행평가를 준비하는 온라인 과외 찾기,핵심 고민은 “어휘와 문법을 배워도 지문에 적용하기 어렵고 서술형 답안과 수행평가 준비가 막막함”입니다.,"어휘, 문법, 독해, 학교별 내신, 서술형, 수행평가","지역과 일정에 따라 1:1 방문수업 또는 화상수업으로 진행하며, 어휘·문법·독해를 기본으로 학교별 내신과 서술형, 수행평가까지 학생의 취약 부분에 맞춰 지도",문법 근거를 설명하며 지문을 읽고 학교 평가 기준에 맞춰 답안을 작성하는 능력 향상,코칭형,middle_english
246,https://kimstutoring.co.kr,cheongna-high-english,publish,ko,인천광역시,청라,영어,고등학생,청라 고등학생 영어과외,청라 고등학생 영어과외,"고등학생 영어 과외 공부를 처음 시작한다면 청라에서도 기초부터 1:1로 배울 수 있습니다. 지역과 일정에 따라 1:1 방문수업 또는 화상수업으로 진행하며, 어휘·구문독해부터 학교별 내신, 모의고사와 수능… 방식으로 수업하고 있습니다.",고등학생 영어 내신과 모의고사 및 수능 준비를 현재 수준에 맞춰 병행하는 온라인 과외 찾기,핵심 고민은 “긴 문장의 구조를 파악하기 어렵고 내신과 모의고사 지문을 읽는 데 시간이 오래 걸림”입니다.,"어휘, 구문독해, 학교별 내신, 모의고사, 수능","지역과 일정에 따라 1:1 방문수업 또는 화상수업으로 진행하며, 어휘·구문독해부터 학교별 내신, 모의고사와 수능 대비까지 현재 실력과 목표에 맞춰 지도",복잡한 문장의 구조를 파악하고 지문의 근거를 바탕으로 답을 선택하는 독해 능력 향상,전문형,high_english
247,https://kimstutoring.co.kr,cheongna-elementary-math,publish,ko,인천광역시,청라,수학,초등학생,청라 초등학생 수학과외,청라 초등학생 수학과외,"초등학생 수학 과외 때문에 고민이 있다면 청라 수업에서 지금 필요한 연습부터 함께 해볼 수 있습니다. 지역과 일정에 따라 1:1 방문수업 또는 화상수업으로 진행하며, 연산과 기초개념을 탄탄히 다지고 문제를 이해하는… 방식으로 수업하고 있습니다.",초등학생 수학 연산과 기초개념을 다지고 문제 이해와 풀이 습관을 기르는 온라인 과외 찾기,핵심 고민은 “계산 실수가 반복되고 문장형 문제에서 무엇을 구해야 하는지 파악하기 어려움”입니다.,"연산, 기초개념, 문제 이해, 풀이 습관","지역과 일정에 따라 1:1 방문수업 또는 화상수업으로 진행하며, 연산과 기초개념을 탄탄히 다지고 문제를 이해하는 과정과 올바른 풀이 습관을 학생 수준에 맞춰 지도",계산 과정을 점검하고 문제의 조건을 이해하며 풀이 순서를 정리하는 습관 형성,친근형,elementary_math
248,https://kimstutoring.co.kr,cheongna-middle-math,publish,ko,인천광역시,청라,수학,중학생,청라 중학생 수학과외,청라 중학생 수학과외,"중학생 수학 과외 때문에 고민이 있다면 청라 수업에서 지금 필요한 연습부터 함께 해볼 수 있습니다. 지역과 일정에 따라 1:1 방문수업 또는 화상수업으로 진행하며, 개념 이해와 유형별 문제풀이를 연결하고 학교별… 방식으로 수업하고 있습니다.",중학생 수학 개념과 유형별 문제풀이를 연결하고 내신 및 서술형을 준비하는 온라인 과외 찾기,핵심 고민은 “개념을 외워도 문제 유형이 바뀌면 적용하기 어렵고 같은 오답과 풀이 과정 누락이 반복됨”입니다.,"개념, 유형별 문제풀이, 학교별 내신, 서술형, 오답관리","지역과 일정에 따라 1:1 방문수업 또는 화상수업으로 진행하며, 개념 이해와 유형별 문제풀이를 연결하고 학교별 내신, 서술형, 오답관리까지 취약 단원에 맞춰 지도",문제에 맞는 개념을 선택하고 풀이 근거를 순서대로 쓰며 반복되는 실수를 줄이는 능력 향상,코칭형,middle_math
249,https://kimstutoring.co.kr,cheongna-high-math,publish,ko,인천광역시,청라,수학,고등학생,청라 고등학생 수학과외,청라 고등학생 수학과외,"청라에서 고등학생 수학 과외 실력을 늘리고 싶다면 자주 막히는 부분부터 직접 다뤄봅니다. 지역과 일정에 따라 1:1 방문수업 또는 화상수업으로 진행하며, 개념과 유형별 문제풀이부터 학교별 내신,… 방식으로 수업하고 있습니다.",고등학생 수학 취약단원을 보완하면서 내신과 모의고사 및 수능을 준비하는 온라인 과외 찾기,핵심 고민은 “개념 사이의 연결이 약하고 복합 문제의 접근 방법을 찾기 어려우며 취약단원에서 오답이 반복됨”입니다.,"개념, 유형별 문제풀이, 학교별 내신, 모의고사, 수능, 취약단원, 오답분석","지역과 일정에 따라 1:1 방문수업 또는 화상수업으로 진행하며, 개념과 유형별 문제풀이부터 학교별 내신, 모의고사와 수능 대비, 취약단원 및 오답분석까지 목표에 맞춰 지도",취약단원의 개념을 연결하고 문제 조건에 맞는 풀이 전략을 선택하며 오답 원인을 스스로 설명하는 능력 향상,전문형,high_math
250,https://kimstutoring.co.kr,cheongna-elementary-korean,publish,ko,인천광역시,청라,국어,초등학생,청라 초등학생 국어과외,청라 초등학생 국어과외,"청라에서 초등학생 국어 과외 실력을 늘리고 싶다면 자주 막히는 부분부터 직접 다뤄봅니다. 지역과 일정에 따라 1:1 방문수업 또는 화상수업으로 진행하며, 어휘와 독해를 바탕으로 글의 내용을 이해하고… 방식으로 수업하고 있습니다.",초등학생의 국어 기초와 문해력을 잡아줄 1:1 국어과외 탐색,핵심 고민은 “글을 읽어도 내용을 정확히 이해하지 못하거나 어휘력이 부족해 문제의 뜻을 파악하는 데 어려움”입니다.,"어휘, 독해, 문장 이해, 글의 중심내용 파악, 기초 문해력, 글쓰기, 학습 습관","지역과 일정에 따라 1:1 방문수업 또는 화상수업으로 진행하며, 어휘와 독해를 바탕으로 글의 내용을 이해하고 자신의 생각을 표현하는 힘을 학생의 수준과 학습 속도에 맞춰 지도","글을 읽고 핵심 내용을 파악하는 힘을 기르고, 국어뿐 아니라 다른 과목의 문제를 이해하는 데 필요한 기초 문해력과 학습 습관 형성",친근형,elementary_korean
251,https://kimstutoring.co.kr,cheongna-middle-korean,publish,ko,인천광역시,청라,국어,중학생,청라 중학생 국어과외,청라 중학생 국어과외,"중학생 국어 과외 때문에 고민이 있다면 청라 수업에서 지금 필요한 연습부터 함께 해볼 수 있습니다. 지역과 일정에 따라 1:1 방문수업 또는 화상수업으로 진행하며, 문학·비문학 독해와 문법을 기본으로 학교별… 방식으로 수업하고 있습니다.",학교 내신과 국어 기본기를 함께 준비할 1:1 중등 국어과외 탐색,"핵심 고민은 “문학과 비문학 지문을 감으로 풀거나 문법 개념이 부족하고, 학교 시험의 서술형·수행평가 대비가 어려움”입니다.","문학, 비문학, 문법, 어휘, 학교별 내신, 서술형, 수행평가, 오답관리","지역과 일정에 따라 1:1 방문수업 또는 화상수업으로 진행하며, 문학·비문학 독해와 문법을 기본으로 학교별 내신, 서술형과 수행평가까지 학생의 취약 부분에 맞춰 지도","지문을 근거로 읽고 문제를 해결하는 방법을 익히며, 부족한 영역을 파악해 내신과 고등 국어 학습에 필요한 기본기 강화",코칭형,middle_korean
252,https://kimstutoring.co.kr,cheongna-high-korean,publish,ko,인천광역시,청라,국어,고등학생,청라 고등학생 국어과외,청라 고등학생 국어과외,"청라에서 고등학생 국어 과외 실력을 늘리고 싶다면 자주 막히는 부분부터 직접 다뤄봅니다. 지역과 일정에 따라 1:1 방문수업 또는 화상수업으로 진행하며, 문학과 독서의 지문 분석부터 학교별 내신,… 방식으로 수업하고 있습니다.",내신과 모의고사·수능을 함께 대비할 1:1 고등 국어과외 탐색,"핵심 고민은 “긴 지문의 핵심을 빠르게 파악하기 어렵거나 문학·독서·문법 영역별 편차가 크고, 모의고사에서 시간 관리와…”입니다.","문학, 독서, 화법과 언어, 작문, 학교별 내신, 모의고사, 수능, 취약영역, 오답분석","지역과 일정에 따라 1:1 방문수업 또는 화상수업으로 진행하며, 문학과 독서의 지문 분석부터 학교별 내신, 모의고사와 수능 대비, 취약영역 및 오답분석까지 현재 실력과 목표에 맞춰 지도","지문을 분석하는 기준과 문제 접근 방법을 익히고, 취약영역과 반복되는 오답을 점검하면서 내신·모의고사·수능 학습의 방향을 구체화",전문형,high_korean
253,https://kimstutoring.co.kr,hwaseong-elementary-english,publish,ko,경기도,화성,영어,초등학생,화성 초등학생 영어과외,화성 초등학생 영어과외,"화성에서 배우는 초등학생 영어 과외, 실제로 쓰려는 상황에 맞춰 수업 내용을 정합니다. 지역과 일정에 따라 1:1 방문수업 또는 화상수업으로 진행하며, 기초 어휘와 문장 이해, 읽기 학습을 학생의… 방식으로 수업하고 있습니다.",초등학생 수준에 맞춰 영어 기초와 꾸준한 학습 습관을 기르는 1:1 온라인 과외 찾기,핵심 고민은 “기초 어휘가 부족하고 짧은 문장의 뜻을 이해하거나 꾸준히 읽는 데 어려움이 있음”입니다.,"기초 어휘, 문장 이해, 짧은 글 읽기, 학습 습관","지역과 일정에 따라 1:1 방문수업 또는 화상수업으로 진행하며, 기초 어휘와 문장 이해, 읽기 학습을 학생의 수준과 학습 속도에 맞춰 지도",익숙한 어휘로 짧은 문장의 뜻을 파악하고 스스로 읽고 복습하는 습관 형성,친근형,elementary_english
254,https://kimstutoring.co.kr,hwaseong-middle-english,publish,ko,경기도,화성,영어,중학생,화성 중학생 영어과외,화성 중학생 영어과외,"화성에서 중학생 영어 과외 수업을 찾고 계신다면 지금 필요한 내용부터 시작할 수 있습니다. 지역과 일정에 따라 1:1 방문수업 또는 화상수업으로 진행하며, 어휘·문법·독해를 기본으로 학교별 내신과… 방식으로 수업하고 있습니다.",중학생 영어 문법과 독해를 보완하고 학교별 내신과 서술형 및 수행평가를 준비하는 온라인 과외 찾기,핵심 고민은 “어휘와 문법을 배워도 지문에 적용하기 어렵고 서술형 답안과 수행평가 준비가 막막함”입니다.,"어휘, 문법, 독해, 학교별 내신, 서술형, 수행평가","지역과 일정에 따라 1:1 방문수업 또는 화상수업으로 진행하며, 어휘·문법·독해를 기본으로 학교별 내신과 서술형, 수행평가까지 학생의 취약 부분에 맞춰 지도",문법 근거를 설명하며 지문을 읽고 학교 평가 기준에 맞춰 답안을 작성하는 능력 향상,코칭형,middle_english
255,https://kimstutoring.co.kr,hwaseong-high-english,publish,ko,경기도,화성,영어,고등학생,화성 고등학생 영어과외,화성 고등학생 영어과외,"화성 고등학생 영어 과외 수업은 정해진 진도보다 현재 실력과 배우는 이유를 중요하게 봅니다. 지역과 일정에 따라 1:1 방문수업 또는 화상수업으로 진행하며, 어휘·구문독해부터 학교별 내신, 모의고사와 수능… 방식으로 수업하고 있습니다.",고등학생 영어 내신과 모의고사 및 수능 준비를 현재 수준에 맞춰 병행하는 온라인 과외 찾기,핵심 고민은 “긴 문장의 구조를 파악하기 어렵고 내신과 모의고사 지문을 읽는 데 시간이 오래 걸림”입니다.,"어휘, 구문독해, 학교별 내신, 모의고사, 수능","지역과 일정에 따라 1:1 방문수업 또는 화상수업으로 진행하며, 어휘·구문독해부터 학교별 내신, 모의고사와 수능 대비까지 현재 실력과 목표에 맞춰 지도",복잡한 문장의 구조를 파악하고 지문의 근거를 바탕으로 답을 선택하는 독해 능력 향상,전문형,high_english
256,https://kimstutoring.co.kr,hwaseong-elementary-math,publish,ko,경기도,화성,수학,초등학생,화성 초등학생 수학과외,화성 초등학생 수학과외,"화성에서 초등학생 수학 과외 수업을 찾고 계신다면 지금 필요한 내용부터 시작할 수 있습니다. 지역과 일정에 따라 1:1 방문수업 또는 화상수업으로 진행하며, 연산과 기초개념을 탄탄히 다지고 문제를 이해하는… 방식으로 수업하고 있습니다.",초등학생 수학 연산과 기초개념을 다지고 문제 이해와 풀이 습관을 기르는 온라인 과외 찾기,핵심 고민은 “계산 실수가 반복되고 문장형 문제에서 무엇을 구해야 하는지 파악하기 어려움”입니다.,"연산, 기초개념, 문제 이해, 풀이 습관","지역과 일정에 따라 1:1 방문수업 또는 화상수업으로 진행하며, 연산과 기초개념을 탄탄히 다지고 문제를 이해하는 과정과 올바른 풀이 습관을 학생 수준에 맞춰 지도",계산 과정을 점검하고 문제의 조건을 이해하며 풀이 순서를 정리하는 습관 형성,친근형,elementary_math
257,https://kimstutoring.co.kr,hwaseong-middle-math,publish,ko,경기도,화성,수학,중학생,화성 중학생 수학과외,화성 중학생 수학과외,"화성에서 중학생 수학 과외 수업을 찾고 계신다면 지금 필요한 내용부터 시작할 수 있습니다. 지역과 일정에 따라 1:1 방문수업 또는 화상수업으로 진행하며, 개념 이해와 유형별 문제풀이를 연결하고 학교별… 방식으로 수업하고 있습니다.",중학생 수학 개념과 유형별 문제풀이를 연결하고 내신 및 서술형을 준비하는 온라인 과외 찾기,핵심 고민은 “개념을 외워도 문제 유형이 바뀌면 적용하기 어렵고 같은 오답과 풀이 과정 누락이 반복됨”입니다.,"개념, 유형별 문제풀이, 학교별 내신, 서술형, 오답관리","지역과 일정에 따라 1:1 방문수업 또는 화상수업으로 진행하며, 개념 이해와 유형별 문제풀이를 연결하고 학교별 내신, 서술형, 오답관리까지 취약 단원에 맞춰 지도",문제에 맞는 개념을 선택하고 풀이 근거를 순서대로 쓰며 반복되는 실수를 줄이는 능력 향상,코칭형,middle_math
258,https://kimstutoring.co.kr,hwaseong-high-math,publish,ko,경기도,화성,수학,고등학생,화성 고등학생 수학과외,화성 고등학생 수학과외,"고등학생 수학 과외 공부를 다시 시작하려는 분께 화성 1:1 수업이 맞는 출발점을 찾아드립니다. 지역과 일정에 따라 1:1 방문수업 또는 화상수업으로 진행하며, 개념과 유형별 문제풀이부터 학교별 내신,… 방식으로 수업하고 있습니다.",고등학생 수학 취약단원을 보완하면서 내신과 모의고사 및 수능을 준비하는 온라인 과외 찾기,핵심 고민은 “개념 사이의 연결이 약하고 복합 문제의 접근 방법을 찾기 어려우며 취약단원에서 오답이 반복됨”입니다.,"개념, 유형별 문제풀이, 학교별 내신, 모의고사, 수능, 취약단원, 오답분석","지역과 일정에 따라 1:1 방문수업 또는 화상수업으로 진행하며, 개념과 유형별 문제풀이부터 학교별 내신, 모의고사와 수능 대비, 취약단원 및 오답분석까지 목표에 맞춰 지도",취약단원의 개념을 연결하고 문제 조건에 맞는 풀이 전략을 선택하며 오답 원인을 스스로 설명하는 능력 향상,전문형,high_math
259,https://kimstutoring.co.kr,hwaseong-elementary-korean,publish,ko,경기도,화성,국어,초등학생,화성 초등학생 국어과외,화성 초등학생 국어과외,"초등학생 국어 과외 공부를 다시 시작하려는 분께 화성 1:1 수업이 맞는 출발점을 찾아드립니다. 지역과 일정에 따라 1:1 방문수업 또는 화상수업으로 진행하며, 어휘와 독해를 바탕으로 글의 내용을 이해하고… 방식으로 수업하고 있습니다.",초등학생의 국어 기초와 문해력을 잡아줄 1:1 국어과외 탐색,핵심 고민은 “글을 읽어도 내용을 정확히 이해하지 못하거나 어휘력이 부족해 문제의 뜻을 파악하는 데 어려움”입니다.,"어휘, 독해, 문장 이해, 글의 중심내용 파악, 기초 문해력, 글쓰기, 학습 습관","지역과 일정에 따라 1:1 방문수업 또는 화상수업으로 진행하며, 어휘와 독해를 바탕으로 글의 내용을 이해하고 자신의 생각을 표현하는 힘을 학생의 수준과 학습 속도에 맞춰 지도","글을 읽고 핵심 내용을 파악하는 힘을 기르고, 국어뿐 아니라 다른 과목의 문제를 이해하는 데 필요한 기초 문해력과 학습 습관 형성",친근형,elementary_korean
260,https://kimstutoring.co.kr,hwaseong-middle-korean,publish,ko,경기도,화성,국어,중학생,화성 중학생 국어과외,화성 중학생 국어과외,"화성에서 중학생 국어 과외 수업을 찾고 계신다면 지금 필요한 내용부터 시작할 수 있습니다. 지역과 일정에 따라 1:1 방문수업 또는 화상수업으로 진행하며, 문학·비문학 독해와 문법을 기본으로 학교별… 방식으로 수업하고 있습니다.",학교 내신과 국어 기본기를 함께 준비할 1:1 중등 국어과외 탐색,"핵심 고민은 “문학과 비문학 지문을 감으로 풀거나 문법 개념이 부족하고, 학교 시험의 서술형·수행평가 대비가 어려움”입니다.","문학, 비문학, 문법, 어휘, 학교별 내신, 서술형, 수행평가, 오답관리","지역과 일정에 따라 1:1 방문수업 또는 화상수업으로 진행하며, 문학·비문학 독해와 문법을 기본으로 학교별 내신, 서술형과 수행평가까지 학생의 취약 부분에 맞춰 지도","지문을 근거로 읽고 문제를 해결하는 방법을 익히며, 부족한 영역을 파악해 내신과 고등 국어 학습에 필요한 기본기 강화",코칭형,middle_korean
261,https://kimstutoring.co.kr,hwaseong-high-korean,publish,ko,경기도,화성,국어,고등학생,화성 고등학생 국어과외,화성 고등학생 국어과외,"고등학생 국어 과외 공부를 다시 시작하려는 분께 화성 1:1 수업이 맞는 출발점을 찾아드립니다. 지역과 일정에 따라 1:1 방문수업 또는 화상수업으로 진행하며, 문학과 독서의 지문 분석부터 학교별 내신,… 방식으로 수업하고 있습니다.",내신과 모의고사·수능을 함께 대비할 1:1 고등 국어과외 탐색,"핵심 고민은 “긴 지문의 핵심을 빠르게 파악하기 어렵거나 문학·독서·문법 영역별 편차가 크고, 모의고사에서 시간 관리와…”입니다.","문학, 독서, 화법과 언어, 작문, 학교별 내신, 모의고사, 수능, 취약영역, 오답분석","지역과 일정에 따라 1:1 방문수업 또는 화상수업으로 진행하며, 문학과 독서의 지문 분석부터 학교별 내신, 모의고사와 수능 대비, 취약영역 및 오답분석까지 현재 실력과 목표에 맞춰 지도","지문을 분석하는 기준과 문제 접근 방법을 익히고, 취약영역과 반복되는 오답을 점검하면서 내신·모의고사·수능 학습의 방향을 구체화",전문형,high_korean
262,https://kimstutoring.co.kr,dongtan-elementary-english,publish,ko,경기도,동탄,영어,초등학생,동탄 초등학생 영어과외,동탄 초등학생 영어과외,"초등학생 영어 과외 때문에 고민이 있다면 동탄 수업에서 지금 필요한 연습부터 함께 해볼 수 있습니다. 지역과 일정에 따라 1:1 방문수업 또는 화상수업으로 진행하며, 기초 어휘와 문장 이해, 읽기 학습을 학생의… 방식으로 수업하고 있습니다.",초등학생 수준에 맞춰 영어 기초와 꾸준한 학습 습관을 기르는 1:1 온라인 과외 찾기,핵심 고민은 “기초 어휘가 부족하고 짧은 문장의 뜻을 이해하거나 꾸준히 읽는 데 어려움이 있음”입니다.,"기초 어휘, 문장 이해, 짧은 글 읽기, 학습 습관","지역과 일정에 따라 1:1 방문수업 또는 화상수업으로 진행하며, 기초 어휘와 문장 이해, 읽기 학습을 학생의 수준과 학습 속도에 맞춰 지도",익숙한 어휘로 짧은 문장의 뜻을 파악하고 스스로 읽고 복습하는 습관 형성,친근형,elementary_english
263,https://kimstutoring.co.kr,dongtan-middle-english,publish,ko,경기도,동탄,영어,중학생,동탄 중학생 영어과외,동탄 중학생 영어과외,"동탄 중학생 영어 과외 수업을 고민 중이라면 잘하는 부분과 보완할 부분을 나누어 시작합니다. 지역과 일정에 따라 1:1 방문수업 또는 화상수업으로 진행하며, 어휘·문법·독해를 기본으로 학교별 내신과… 방식으로 수업하고 있습니다.",중학생 영어 문법과 독해를 보완하고 학교별 내신과 서술형 및 수행평가를 준비하는 온라인 과외 찾기,핵심 고민은 “어휘와 문법을 배워도 지문에 적용하기 어렵고 서술형 답안과 수행평가 준비가 막막함”입니다.,"어휘, 문법, 독해, 학교별 내신, 서술형, 수행평가","지역과 일정에 따라 1:1 방문수업 또는 화상수업으로 진행하며, 어휘·문법·독해를 기본으로 학교별 내신과 서술형, 수행평가까지 학생의 취약 부분에 맞춰 지도",문법 근거를 설명하며 지문을 읽고 학교 평가 기준에 맞춰 답안을 작성하는 능력 향상,코칭형,middle_english
264,https://kimstutoring.co.kr,dongtan-high-english,publish,ko,경기도,동탄,영어,고등학생,동탄 고등학생 영어과외,동탄 고등학생 영어과외,"고등학생 영어 과외 때문에 고민이 있다면 동탄 수업에서 지금 필요한 연습부터 함께 해볼 수 있습니다. 지역과 일정에 따라 1:1 방문수업 또는 화상수업으로 진행하며, 어휘·구문독해부터 학교별 내신, 모의고사와 수능… 방식으로 수업하고 있습니다.",고등학생 영어 내신과 모의고사 및 수능 준비를 현재 수준에 맞춰 병행하는 온라인 과외 찾기,핵심 고민은 “긴 문장의 구조를 파악하기 어렵고 내신과 모의고사 지문을 읽는 데 시간이 오래 걸림”입니다.,"어휘, 구문독해, 학교별 내신, 모의고사, 수능","지역과 일정에 따라 1:1 방문수업 또는 화상수업으로 진행하며, 어휘·구문독해부터 학교별 내신, 모의고사와 수능 대비까지 현재 실력과 목표에 맞춰 지도",복잡한 문장의 구조를 파악하고 지문의 근거를 바탕으로 답을 선택하는 독해 능력 향상,전문형,high_english
265,https://kimstutoring.co.kr,dongtan-elementary-math,publish,ko,경기도,동탄,수학,초등학생,동탄 초등학생 수학과외,동탄 초등학생 수학과외,"동탄 초등학생 수학 과외 수업을 고민 중이라면 잘하는 부분과 보완할 부분을 나누어 시작합니다. 지역과 일정에 따라 1:1 방문수업 또는 화상수업으로 진행하며, 연산과 기초개념을 탄탄히 다지고 문제를 이해하는… 방식으로 수업하고 있습니다.",초등학생 수학 연산과 기초개념을 다지고 문제 이해와 풀이 습관을 기르는 온라인 과외 찾기,핵심 고민은 “계산 실수가 반복되고 문장형 문제에서 무엇을 구해야 하는지 파악하기 어려움”입니다.,"연산, 기초개념, 문제 이해, 풀이 습관","지역과 일정에 따라 1:1 방문수업 또는 화상수업으로 진행하며, 연산과 기초개념을 탄탄히 다지고 문제를 이해하는 과정과 올바른 풀이 습관을 학생 수준에 맞춰 지도",계산 과정을 점검하고 문제의 조건을 이해하며 풀이 순서를 정리하는 습관 형성,친근형,elementary_math
266,https://kimstutoring.co.kr,dongtan-middle-math,publish,ko,경기도,동탄,수학,중학생,동탄 중학생 수학과외,동탄 중학생 수학과외,"동탄 중학생 수학 과외 수업을 고민 중이라면 잘하는 부분과 보완할 부분을 나누어 시작합니다. 지역과 일정에 따라 1:1 방문수업 또는 화상수업으로 진행하며, 개념 이해와 유형별 문제풀이를 연결하고 학교별… 방식으로 수업하고 있습니다.",중학생 수학 개념과 유형별 문제풀이를 연결하고 내신 및 서술형을 준비하는 온라인 과외 찾기,핵심 고민은 “개념을 외워도 문제 유형이 바뀌면 적용하기 어렵고 같은 오답과 풀이 과정 누락이 반복됨”입니다.,"개념, 유형별 문제풀이, 학교별 내신, 서술형, 오답관리","지역과 일정에 따라 1:1 방문수업 또는 화상수업으로 진행하며, 개념 이해와 유형별 문제풀이를 연결하고 학교별 내신, 서술형, 오답관리까지 취약 단원에 맞춰 지도",문제에 맞는 개념을 선택하고 풀이 근거를 순서대로 쓰며 반복되는 실수를 줄이는 능력 향상,코칭형,middle_math
267,https://kimstutoring.co.kr,dongtan-high-math,publish,ko,경기도,동탄,수학,고등학생,동탄 고등학생 수학과외,동탄 고등학생 수학과외,"고등학생 수학 과외 공부를 처음 시작한다면 동탄에서도 기초부터 1:1로 배울 수 있습니다. 지역과 일정에 따라 1:1 방문수업 또는 화상수업으로 진행하며, 개념과 유형별 문제풀이부터 학교별 내신,… 방식으로 수업하고 있습니다.",고등학생 수학 취약단원을 보완하면서 내신과 모의고사 및 수능을 준비하는 온라인 과외 찾기,핵심 고민은 “개념 사이의 연결이 약하고 복합 문제의 접근 방법을 찾기 어려우며 취약단원에서 오답이 반복됨”입니다.,"개념, 유형별 문제풀이, 학교별 내신, 모의고사, 수능, 취약단원, 오답분석","지역과 일정에 따라 1:1 방문수업 또는 화상수업으로 진행하며, 개념과 유형별 문제풀이부터 학교별 내신, 모의고사와 수능 대비, 취약단원 및 오답분석까지 목표에 맞춰 지도",취약단원의 개념을 연결하고 문제 조건에 맞는 풀이 전략을 선택하며 오답 원인을 스스로 설명하는 능력 향상,전문형,high_math
268,https://kimstutoring.co.kr,dongtan-elementary-korean,publish,ko,경기도,동탄,국어,초등학생,동탄 초등학생 국어과외,동탄 초등학생 국어과외,"초등학생 국어 과외 공부를 처음 시작한다면 동탄에서도 기초부터 1:1로 배울 수 있습니다. 지역과 일정에 따라 1:1 방문수업 또는 화상수업으로 진행하며, 어휘와 독해를 바탕으로 글의 내용을 이해하고… 방식으로 수업하고 있습니다.",초등학생의 국어 기초와 문해력을 잡아줄 1:1 국어과외 탐색,핵심 고민은 “글을 읽어도 내용을 정확히 이해하지 못하거나 어휘력이 부족해 문제의 뜻을 파악하는 데 어려움”입니다.,"어휘, 독해, 문장 이해, 글의 중심내용 파악, 기초 문해력, 글쓰기, 학습 습관","지역과 일정에 따라 1:1 방문수업 또는 화상수업으로 진행하며, 어휘와 독해를 바탕으로 글의 내용을 이해하고 자신의 생각을 표현하는 힘을 학생의 수준과 학습 속도에 맞춰 지도","글을 읽고 핵심 내용을 파악하는 힘을 기르고, 국어뿐 아니라 다른 과목의 문제를 이해하는 데 필요한 기초 문해력과 학습 습관 형성",친근형,elementary_korean
269,https://kimstutoring.co.kr,dongtan-middle-korean,publish,ko,경기도,동탄,국어,중학생,동탄 중학생 국어과외,동탄 중학생 국어과외,"동탄 중학생 국어 과외 수업을 고민 중이라면 잘하는 부분과 보완할 부분을 나누어 시작합니다. 지역과 일정에 따라 1:1 방문수업 또는 화상수업으로 진행하며, 문학·비문학 독해와 문법을 기본으로 학교별… 방식으로 수업하고 있습니다.",학교 내신과 국어 기본기를 함께 준비할 1:1 중등 국어과외 탐색,"핵심 고민은 “문학과 비문학 지문을 감으로 풀거나 문법 개념이 부족하고, 학교 시험의 서술형·수행평가 대비가 어려움”입니다.","문학, 비문학, 문법, 어휘, 학교별 내신, 서술형, 수행평가, 오답관리","지역과 일정에 따라 1:1 방문수업 또는 화상수업으로 진행하며, 문학·비문학 독해와 문법을 기본으로 학교별 내신, 서술형과 수행평가까지 학생의 취약 부분에 맞춰 지도","지문을 근거로 읽고 문제를 해결하는 방법을 익히며, 부족한 영역을 파악해 내신과 고등 국어 학습에 필요한 기본기 강화",코칭형,middle_korean
270,https://kimstutoring.co.kr,dongtan-high-korean,publish,ko,경기도,동탄,국어,고등학생,동탄 고등학생 국어과외,동탄 고등학생 국어과외,"고등학생 국어 과외 공부를 처음 시작한다면 동탄에서도 기초부터 1:1로 배울 수 있습니다. 지역과 일정에 따라 1:1 방문수업 또는 화상수업으로 진행하며, 문학과 독서의 지문 분석부터 학교별 내신,… 방식으로 수업하고 있습니다.",내신과 모의고사·수능을 함께 대비할 1:1 고등 국어과외 탐색,"핵심 고민은 “긴 지문의 핵심을 빠르게 파악하기 어렵거나 문학·독서·문법 영역별 편차가 크고, 모의고사에서 시간 관리와…”입니다.","문학, 독서, 화법과 언어, 작문, 학교별 내신, 모의고사, 수능, 취약영역, 오답분석","지역과 일정에 따라 1:1 방문수업 또는 화상수업으로 진행하며, 문학과 독서의 지문 분석부터 학교별 내신, 모의고사와 수능 대비, 취약영역 및 오답분석까지 현재 실력과 목표에 맞춰 지도","지문을 분석하는 기준과 문제 접근 방법을 익히고, 취약영역과 반복되는 오답을 점검하면서 내신·모의고사·수능 학습의 방향을 구체화",전문형,high_korean
271,https://kimstutoring.co.kr,osan-elementary-english,publish,ko,경기도,오산,영어,초등학생,오산 초등학생 영어과외,오산 초등학생 영어과외,"초등학생 영어 과외 공부를 처음 시작한다면 오산에서도 기초부터 1:1로 배울 수 있습니다. 지역과 일정에 따라 1:1 방문수업 또는 화상수업으로 진행하며, 기초 어휘와 문장 이해, 읽기 학습을 학생의… 방식으로 수업하고 있습니다.",초등학생 수준에 맞춰 영어 기초와 꾸준한 학습 습관을 기르는 1:1 온라인 과외 찾기,핵심 고민은 “기초 어휘가 부족하고 짧은 문장의 뜻을 이해하거나 꾸준히 읽는 데 어려움이 있음”입니다.,"기초 어휘, 문장 이해, 짧은 글 읽기, 학습 습관","지역과 일정에 따라 1:1 방문수업 또는 화상수업으로 진행하며, 기초 어휘와 문장 이해, 읽기 학습을 학생의 수준과 학습 속도에 맞춰 지도",익숙한 어휘로 짧은 문장의 뜻을 파악하고 스스로 읽고 복습하는 습관 형성,친근형,elementary_english
272,https://kimstutoring.co.kr,osan-middle-english,publish,ko,경기도,오산,영어,중학생,오산 중학생 영어과외,오산 중학생 영어과외,"중학생 영어 과외 때문에 고민이 있다면 오산 수업에서 지금 필요한 연습부터 함께 해볼 수 있습니다. 지역과 일정에 따라 1:1 방문수업 또는 화상수업으로 진행하며, 어휘·문법·독해를 기본으로 학교별 내신과… 방식으로 수업하고 있습니다.",중학생 영어 문법과 독해를 보완하고 학교별 내신과 서술형 및 수행평가를 준비하는 온라인 과외 찾기,핵심 고민은 “어휘와 문법을 배워도 지문에 적용하기 어렵고 서술형 답안과 수행평가 준비가 막막함”입니다.,"어휘, 문법, 독해, 학교별 내신, 서술형, 수행평가","지역과 일정에 따라 1:1 방문수업 또는 화상수업으로 진행하며, 어휘·문법·독해를 기본으로 학교별 내신과 서술형, 수행평가까지 학생의 취약 부분에 맞춰 지도",문법 근거를 설명하며 지문을 읽고 학교 평가 기준에 맞춰 답안을 작성하는 능력 향상,코칭형,middle_english
273,https://kimstutoring.co.kr,osan-high-english,publish,ko,경기도,오산,영어,고등학생,오산 고등학생 영어과외,오산 고등학생 영어과외,"고등학생 영어 과외 공부를 처음 시작한다면 오산에서도 기초부터 1:1로 배울 수 있습니다. 지역과 일정에 따라 1:1 방문수업 또는 화상수업으로 진행하며, 어휘·구문독해부터 학교별 내신, 모의고사와 수능… 방식으로 수업하고 있습니다.",고등학생 영어 내신과 모의고사 및 수능 준비를 현재 수준에 맞춰 병행하는 온라인 과외 찾기,핵심 고민은 “긴 문장의 구조를 파악하기 어렵고 내신과 모의고사 지문을 읽는 데 시간이 오래 걸림”입니다.,"어휘, 구문독해, 학교별 내신, 모의고사, 수능","지역과 일정에 따라 1:1 방문수업 또는 화상수업으로 진행하며, 어휘·구문독해부터 학교별 내신, 모의고사와 수능 대비까지 현재 실력과 목표에 맞춰 지도",복잡한 문장의 구조를 파악하고 지문의 근거를 바탕으로 답을 선택하는 독해 능력 향상,전문형,high_english
274,https://kimstutoring.co.kr,osan-elementary-math,publish,ko,경기도,오산,수학,초등학생,오산 초등학생 수학과외,오산 초등학생 수학과외,"초등학생 수학 과외 때문에 고민이 있다면 오산 수업에서 지금 필요한 연습부터 함께 해볼 수 있습니다. 지역과 일정에 따라 1:1 방문수업 또는 화상수업으로 진행하며, 연산과 기초개념을 탄탄히 다지고 문제를 이해하는… 방식으로 수업하고 있습니다.",초등학생 수학 연산과 기초개념을 다지고 문제 이해와 풀이 습관을 기르는 온라인 과외 찾기,핵심 고민은 “계산 실수가 반복되고 문장형 문제에서 무엇을 구해야 하는지 파악하기 어려움”입니다.,"연산, 기초개념, 문제 이해, 풀이 습관","지역과 일정에 따라 1:1 방문수업 또는 화상수업으로 진행하며, 연산과 기초개념을 탄탄히 다지고 문제를 이해하는 과정과 올바른 풀이 습관을 학생 수준에 맞춰 지도",계산 과정을 점검하고 문제의 조건을 이해하며 풀이 순서를 정리하는 습관 형성,친근형,elementary_math
275,https://kimstutoring.co.kr,osan-middle-math,publish,ko,경기도,오산,수학,중학생,오산 중학생 수학과외,오산 중학생 수학과외,"중학생 수학 과외 때문에 고민이 있다면 오산 수업에서 지금 필요한 연습부터 함께 해볼 수 있습니다. 지역과 일정에 따라 1:1 방문수업 또는 화상수업으로 진행하며, 개념 이해와 유형별 문제풀이를 연결하고 학교별… 방식으로 수업하고 있습니다.",중학생 수학 개념과 유형별 문제풀이를 연결하고 내신 및 서술형을 준비하는 온라인 과외 찾기,핵심 고민은 “개념을 외워도 문제 유형이 바뀌면 적용하기 어렵고 같은 오답과 풀이 과정 누락이 반복됨”입니다.,"개념, 유형별 문제풀이, 학교별 내신, 서술형, 오답관리","지역과 일정에 따라 1:1 방문수업 또는 화상수업으로 진행하며, 개념 이해와 유형별 문제풀이를 연결하고 학교별 내신, 서술형, 오답관리까지 취약 단원에 맞춰 지도",문제에 맞는 개념을 선택하고 풀이 근거를 순서대로 쓰며 반복되는 실수를 줄이는 능력 향상,코칭형,middle_math
276,https://kimstutoring.co.kr,osan-high-math,publish,ko,경기도,오산,수학,고등학생,오산 고등학생 수학과외,오산 고등학생 수학과외,"오산에서 고등학생 수학 과외 실력을 늘리고 싶다면 자주 막히는 부분부터 직접 다뤄봅니다. 지역과 일정에 따라 1:1 방문수업 또는 화상수업으로 진행하며, 개념과 유형별 문제풀이부터 학교별 내신,… 방식으로 수업하고 있습니다.",고등학생 수학 취약단원을 보완하면서 내신과 모의고사 및 수능을 준비하는 온라인 과외 찾기,핵심 고민은 “개념 사이의 연결이 약하고 복합 문제의 접근 방법을 찾기 어려우며 취약단원에서 오답이 반복됨”입니다.,"개념, 유형별 문제풀이, 학교별 내신, 모의고사, 수능, 취약단원, 오답분석","지역과 일정에 따라 1:1 방문수업 또는 화상수업으로 진행하며, 개념과 유형별 문제풀이부터 학교별 내신, 모의고사와 수능 대비, 취약단원 및 오답분석까지 목표에 맞춰 지도",취약단원의 개념을 연결하고 문제 조건에 맞는 풀이 전략을 선택하며 오답 원인을 스스로 설명하는 능력 향상,전문형,high_math
277,https://kimstutoring.co.kr,osan-elementary-korean,publish,ko,경기도,오산,국어,초등학생,오산 초등학생 국어과외,오산 초등학생 국어과외,"오산에서 초등학생 국어 과외 실력을 늘리고 싶다면 자주 막히는 부분부터 직접 다뤄봅니다. 지역과 일정에 따라 1:1 방문수업 또는 화상수업으로 진행하며, 어휘와 독해를 바탕으로 글의 내용을 이해하고… 방식으로 수업하고 있습니다.",초등학생의 국어 기초와 문해력을 잡아줄 1:1 국어과외 탐색,핵심 고민은 “글을 읽어도 내용을 정확히 이해하지 못하거나 어휘력이 부족해 문제의 뜻을 파악하는 데 어려움”입니다.,"어휘, 독해, 문장 이해, 글의 중심내용 파악, 기초 문해력, 글쓰기, 학습 습관","지역과 일정에 따라 1:1 방문수업 또는 화상수업으로 진행하며, 어휘와 독해를 바탕으로 글의 내용을 이해하고 자신의 생각을 표현하는 힘을 학생의 수준과 학습 속도에 맞춰 지도","글을 읽고 핵심 내용을 파악하는 힘을 기르고, 국어뿐 아니라 다른 과목의 문제를 이해하는 데 필요한 기초 문해력과 학습 습관 형성",친근형,elementary_korean
278,https://kimstutoring.co.kr,osan-middle-korean,publish,ko,경기도,오산,국어,중학생,오산 중학생 국어과외,오산 중학생 국어과외,"중학생 국어 과외 때문에 고민이 있다면 오산 수업에서 지금 필요한 연습부터 함께 해볼 수 있습니다. 지역과 일정에 따라 1:1 방문수업 또는 화상수업으로 진행하며, 문학·비문학 독해와 문법을 기본으로 학교별… 방식으로 수업하고 있습니다.",학교 내신과 국어 기본기를 함께 준비할 1:1 중등 국어과외 탐색,"핵심 고민은 “문학과 비문학 지문을 감으로 풀거나 문법 개념이 부족하고, 학교 시험의 서술형·수행평가 대비가 어려움”입니다.","문학, 비문학, 문법, 어휘, 학교별 내신, 서술형, 수행평가, 오답관리","지역과 일정에 따라 1:1 방문수업 또는 화상수업으로 진행하며, 문학·비문학 독해와 문법을 기본으로 학교별 내신, 서술형과 수행평가까지 학생의 취약 부분에 맞춰 지도","지문을 근거로 읽고 문제를 해결하는 방법을 익히며, 부족한 영역을 파악해 내신과 고등 국어 학습에 필요한 기본기 강화",코칭형,middle_korean
279,https://kimstutoring.co.kr,osan-high-korean,publish,ko,경기도,오산,국어,고등학생,오산 고등학생 국어과외,오산 고등학생 국어과외,"오산에서 고등학생 국어 과외 실력을 늘리고 싶다면 자주 막히는 부분부터 직접 다뤄봅니다. 지역과 일정에 따라 1:1 방문수업 또는 화상수업으로 진행하며, 문학과 독서의 지문 분석부터 학교별 내신,… 방식으로 수업하고 있습니다.",내신과 모의고사·수능을 함께 대비할 1:1 고등 국어과외 탐색,"핵심 고민은 “긴 지문의 핵심을 빠르게 파악하기 어렵거나 문학·독서·문법 영역별 편차가 크고, 모의고사에서 시간 관리와…”입니다.","문학, 독서, 화법과 언어, 작문, 학교별 내신, 모의고사, 수능, 취약영역, 오답분석","지역과 일정에 따라 1:1 방문수업 또는 화상수업으로 진행하며, 문학과 독서의 지문 분석부터 학교별 내신, 모의고사와 수능 대비, 취약영역 및 오답분석까지 현재 실력과 목표에 맞춰 지도","지문을 분석하는 기준과 문제 접근 방법을 익히고, 취약영역과 반복되는 오답을 점검하면서 내신·모의고사·수능 학습의 방향을 구체화",전문형,high_korean
280,https://kimstutoring.co.kr,suwon-elementary-english,publish,ko,경기도,수원,영어,초등학생,수원 초등학생 영어과외,수원 초등학생 영어과외,"수원에서 배우는 초등학생 영어 과외, 실제로 쓰려는 상황에 맞춰 수업 내용을 정합니다. 지역과 일정에 따라 1:1 방문수업 또는 화상수업으로 진행하며, 기초 어휘와 문장 이해, 읽기 학습을 학생의… 방식으로 수업하고 있습니다.",초등학생 수준에 맞춰 영어 기초와 꾸준한 학습 습관을 기르는 1:1 온라인 과외 찾기,핵심 고민은 “기초 어휘가 부족하고 짧은 문장의 뜻을 이해하거나 꾸준히 읽는 데 어려움이 있음”입니다.,"기초 어휘, 문장 이해, 짧은 글 읽기, 학습 습관","지역과 일정에 따라 1:1 방문수업 또는 화상수업으로 진행하며, 기초 어휘와 문장 이해, 읽기 학습을 학생의 수준과 학습 속도에 맞춰 지도",익숙한 어휘로 짧은 문장의 뜻을 파악하고 스스로 읽고 복습하는 습관 형성,친근형,elementary_english
281,https://kimstutoring.co.kr,suwon-middle-english,publish,ko,경기도,수원,영어,중학생,수원 중학생 영어과외,수원 중학생 영어과외,"수원에서 중학생 영어 과외 수업을 찾고 계신다면 지금 필요한 내용부터 시작할 수 있습니다. 지역과 일정에 따라 1:1 방문수업 또는 화상수업으로 진행하며, 어휘·문법·독해를 기본으로 학교별 내신과… 방식으로 수업하고 있습니다.",중학생 영어 문법과 독해를 보완하고 학교별 내신과 서술형 및 수행평가를 준비하는 온라인 과외 찾기,핵심 고민은 “어휘와 문법을 배워도 지문에 적용하기 어렵고 서술형 답안과 수행평가 준비가 막막함”입니다.,"어휘, 문법, 독해, 학교별 내신, 서술형, 수행평가","지역과 일정에 따라 1:1 방문수업 또는 화상수업으로 진행하며, 어휘·문법·독해를 기본으로 학교별 내신과 서술형, 수행평가까지 학생의 취약 부분에 맞춰 지도",문법 근거를 설명하며 지문을 읽고 학교 평가 기준에 맞춰 답안을 작성하는 능력 향상,코칭형,middle_english
282,https://kimstutoring.co.kr,suwon-high-english,publish,ko,경기도,수원,영어,고등학생,수원 고등학생 영어과외,수원 고등학생 영어과외,"수원 고등학생 영어 과외 수업은 정해진 진도보다 현재 실력과 배우는 이유를 중요하게 봅니다. 지역과 일정에 따라 1:1 방문수업 또는 화상수업으로 진행하며, 어휘·구문독해부터 학교별 내신, 모의고사와 수능… 방식으로 수업하고 있습니다.",고등학생 영어 내신과 모의고사 및 수능 준비를 현재 수준에 맞춰 병행하는 온라인 과외 찾기,핵심 고민은 “긴 문장의 구조를 파악하기 어렵고 내신과 모의고사 지문을 읽는 데 시간이 오래 걸림”입니다.,"어휘, 구문독해, 학교별 내신, 모의고사, 수능","지역과 일정에 따라 1:1 방문수업 또는 화상수업으로 진행하며, 어휘·구문독해부터 학교별 내신, 모의고사와 수능 대비까지 현재 실력과 목표에 맞춰 지도",복잡한 문장의 구조를 파악하고 지문의 근거를 바탕으로 답을 선택하는 독해 능력 향상,전문형,high_english
283,https://kimstutoring.co.kr,suwon-elementary-math,publish,ko,경기도,수원,수학,초등학생,수원 초등학생 수학과외,수원 초등학생 수학과외,"수원에서 초등학생 수학 과외 수업을 찾고 계신다면 지금 필요한 내용부터 시작할 수 있습니다. 지역과 일정에 따라 1:1 방문수업 또는 화상수업으로 진행하며, 연산과 기초개념을 탄탄히 다지고 문제를 이해하는… 방식으로 수업하고 있습니다.",초등학생 수학 연산과 기초개념을 다지고 문제 이해와 풀이 습관을 기르는 온라인 과외 찾기,핵심 고민은 “계산 실수가 반복되고 문장형 문제에서 무엇을 구해야 하는지 파악하기 어려움”입니다.,"연산, 기초개념, 문제 이해, 풀이 습관","지역과 일정에 따라 1:1 방문수업 또는 화상수업으로 진행하며, 연산과 기초개념을 탄탄히 다지고 문제를 이해하는 과정과 올바른 풀이 습관을 학생 수준에 맞춰 지도",계산 과정을 점검하고 문제의 조건을 이해하며 풀이 순서를 정리하는 습관 형성,친근형,elementary_math
284,https://kimstutoring.co.kr,suwon-middle-math,publish,ko,경기도,수원,수학,중학생,수원 중학생 수학과외,수원 중학생 수학과외,"수원에서 중학생 수학 과외 수업을 찾고 계신다면 지금 필요한 내용부터 시작할 수 있습니다. 지역과 일정에 따라 1:1 방문수업 또는 화상수업으로 진행하며, 개념 이해와 유형별 문제풀이를 연결하고 학교별… 방식으로 수업하고 있습니다.",중학생 수학 개념과 유형별 문제풀이를 연결하고 내신 및 서술형을 준비하는 온라인 과외 찾기,핵심 고민은 “개념을 외워도 문제 유형이 바뀌면 적용하기 어렵고 같은 오답과 풀이 과정 누락이 반복됨”입니다.,"개념, 유형별 문제풀이, 학교별 내신, 서술형, 오답관리","지역과 일정에 따라 1:1 방문수업 또는 화상수업으로 진행하며, 개념 이해와 유형별 문제풀이를 연결하고 학교별 내신, 서술형, 오답관리까지 취약 단원에 맞춰 지도",문제에 맞는 개념을 선택하고 풀이 근거를 순서대로 쓰며 반복되는 실수를 줄이는 능력 향상,코칭형,middle_math
285,https://kimstutoring.co.kr,suwon-high-math,publish,ko,경기도,수원,수학,고등학생,수원 고등학생 수학과외,수원 고등학생 수학과외,"고등학생 수학 과외 공부를 다시 시작하려는 분께 수원 1:1 수업이 맞는 출발점을 찾아드립니다. 지역과 일정에 따라 1:1 방문수업 또는 화상수업으로 진행하며, 개념과 유형별 문제풀이부터 학교별 내신,… 방식으로 수업하고 있습니다.",고등학생 수학 취약단원을 보완하면서 내신과 모의고사 및 수능을 준비하는 온라인 과외 찾기,핵심 고민은 “개념 사이의 연결이 약하고 복합 문제의 접근 방법을 찾기 어려우며 취약단원에서 오답이 반복됨”입니다.,"개념, 유형별 문제풀이, 학교별 내신, 모의고사, 수능, 취약단원, 오답분석","지역과 일정에 따라 1:1 방문수업 또는 화상수업으로 진행하며, 개념과 유형별 문제풀이부터 학교별 내신, 모의고사와 수능 대비, 취약단원 및 오답분석까지 목표에 맞춰 지도",취약단원의 개념을 연결하고 문제 조건에 맞는 풀이 전략을 선택하며 오답 원인을 스스로 설명하는 능력 향상,전문형,high_math
286,https://kimstutoring.co.kr,suwon-elementary-korean,publish,ko,경기도,수원,국어,초등학생,수원 초등학생 국어과외,수원 초등학생 국어과외,"초등학생 국어 과외 공부를 다시 시작하려는 분께 수원 1:1 수업이 맞는 출발점을 찾아드립니다. 지역과 일정에 따라 1:1 방문수업 또는 화상수업으로 진행하며, 어휘와 독해를 바탕으로 글의 내용을 이해하고… 방식으로 수업하고 있습니다.",초등학생의 국어 기초와 문해력을 잡아줄 1:1 국어과외 탐색,핵심 고민은 “글을 읽어도 내용을 정확히 이해하지 못하거나 어휘력이 부족해 문제의 뜻을 파악하는 데 어려움”입니다.,"어휘, 독해, 문장 이해, 글의 중심내용 파악, 기초 문해력, 글쓰기, 학습 습관","지역과 일정에 따라 1:1 방문수업 또는 화상수업으로 진행하며, 어휘와 독해를 바탕으로 글의 내용을 이해하고 자신의 생각을 표현하는 힘을 학생의 수준과 학습 속도에 맞춰 지도","글을 읽고 핵심 내용을 파악하는 힘을 기르고, 국어뿐 아니라 다른 과목의 문제를 이해하는 데 필요한 기초 문해력과 학습 습관 형성",친근형,elementary_korean
287,https://kimstutoring.co.kr,suwon-middle-korean,publish,ko,경기도,수원,국어,중학생,수원 중학생 국어과외,수원 중학생 국어과외,"수원에서 중학생 국어 과외 수업을 찾고 계신다면 지금 필요한 내용부터 시작할 수 있습니다. 지역과 일정에 따라 1:1 방문수업 또는 화상수업으로 진행하며, 문학·비문학 독해와 문법을 기본으로 학교별… 방식으로 수업하고 있습니다.",학교 내신과 국어 기본기를 함께 준비할 1:1 중등 국어과외 탐색,"핵심 고민은 “문학과 비문학 지문을 감으로 풀거나 문법 개념이 부족하고, 학교 시험의 서술형·수행평가 대비가 어려움”입니다.","문학, 비문학, 문법, 어휘, 학교별 내신, 서술형, 수행평가, 오답관리","지역과 일정에 따라 1:1 방문수업 또는 화상수업으로 진행하며, 문학·비문학 독해와 문법을 기본으로 학교별 내신, 서술형과 수행평가까지 학생의 취약 부분에 맞춰 지도","지문을 근거로 읽고 문제를 해결하는 방법을 익히며, 부족한 영역을 파악해 내신과 고등 국어 학습에 필요한 기본기 강화",코칭형,middle_korean
288,https://kimstutoring.co.kr,suwon-high-korean,publish,ko,경기도,수원,국어,고등학생,수원 고등학생 국어과외,수원 고등학생 국어과외,"고등학생 국어 과외 공부를 다시 시작하려는 분께 수원 1:1 수업이 맞는 출발점을 찾아드립니다. 지역과 일정에 따라 1:1 방문수업 또는 화상수업으로 진행하며, 문학과 독서의 지문 분석부터 학교별 내신,… 방식으로 수업하고 있습니다.",내신과 모의고사·수능을 함께 대비할 1:1 고등 국어과외 탐색,"핵심 고민은 “긴 지문의 핵심을 빠르게 파악하기 어렵거나 문학·독서·문법 영역별 편차가 크고, 모의고사에서 시간 관리와…”입니다.","문학, 독서, 화법과 언어, 작문, 학교별 내신, 모의고사, 수능, 취약영역, 오답분석","지역과 일정에 따라 1:1 방문수업 또는 화상수업으로 진행하며, 문학과 독서의 지문 분석부터 학교별 내신, 모의고사와 수능 대비, 취약영역 및 오답분석까지 현재 실력과 목표에 맞춰 지도","지문을 분석하는 기준과 문제 접근 방법을 익히고, 취약영역과 반복되는 오답을 점검하면서 내신·모의고사·수능 학습의 방향을 구체화",전문형,high_korean
289,https://kimstutoring.co.kr,pyeongtaek-elementary-english,publish,ko,경기도,평택,영어,초등학생,평택 초등학생 영어과외,평택 초등학생 영어과외,"초등학생 영어 과외 때문에 고민이 있다면 평택 수업에서 지금 필요한 연습부터 함께 해볼 수 있습니다. 지역과 일정에 따라 1:1 방문수업 또는 화상수업으로 진행하며, 기초 어휘와 문장 이해, 읽기 학습을 학생의… 방식으로 수업하고 있습니다.",초등학생 수준에 맞춰 영어 기초와 꾸준한 학습 습관을 기르는 1:1 온라인 과외 찾기,핵심 고민은 “기초 어휘가 부족하고 짧은 문장의 뜻을 이해하거나 꾸준히 읽는 데 어려움이 있음”입니다.,"기초 어휘, 문장 이해, 짧은 글 읽기, 학습 습관","지역과 일정에 따라 1:1 방문수업 또는 화상수업으로 진행하며, 기초 어휘와 문장 이해, 읽기 학습을 학생의 수준과 학습 속도에 맞춰 지도",익숙한 어휘로 짧은 문장의 뜻을 파악하고 스스로 읽고 복습하는 습관 형성,친근형,elementary_english
290,https://kimstutoring.co.kr,pyeongtaek-middle-english,publish,ko,경기도,평택,영어,중학생,평택 중학생 영어과외,평택 중학생 영어과외,"평택 중학생 영어 과외 수업을 고민 중이라면 잘하는 부분과 보완할 부분을 나누어 시작합니다. 지역과 일정에 따라 1:1 방문수업 또는 화상수업으로 진행하며, 어휘·문법·독해를 기본으로 학교별 내신과… 방식으로 수업하고 있습니다.",중학생 영어 문법과 독해를 보완하고 학교별 내신과 서술형 및 수행평가를 준비하는 온라인 과외 찾기,핵심 고민은 “어휘와 문법을 배워도 지문에 적용하기 어렵고 서술형 답안과 수행평가 준비가 막막함”입니다.,"어휘, 문법, 독해, 학교별 내신, 서술형, 수행평가","지역과 일정에 따라 1:1 방문수업 또는 화상수업으로 진행하며, 어휘·문법·독해를 기본으로 학교별 내신과 서술형, 수행평가까지 학생의 취약 부분에 맞춰 지도",문법 근거를 설명하며 지문을 읽고 학교 평가 기준에 맞춰 답안을 작성하는 능력 향상,코칭형,middle_english
291,https://kimstutoring.co.kr,pyeongtaek-high-english,publish,ko,경기도,평택,영어,고등학생,평택 고등학생 영어과외,평택 고등학생 영어과외,"고등학생 영어 과외 때문에 고민이 있다면 평택 수업에서 지금 필요한 연습부터 함께 해볼 수 있습니다. 지역과 일정에 따라 1:1 방문수업 또는 화상수업으로 진행하며, 어휘·구문독해부터 학교별 내신, 모의고사와 수능… 방식으로 수업하고 있습니다.",고등학생 영어 내신과 모의고사 및 수능 준비를 현재 수준에 맞춰 병행하는 온라인 과외 찾기,핵심 고민은 “긴 문장의 구조를 파악하기 어렵고 내신과 모의고사 지문을 읽는 데 시간이 오래 걸림”입니다.,"어휘, 구문독해, 학교별 내신, 모의고사, 수능","지역과 일정에 따라 1:1 방문수업 또는 화상수업으로 진행하며, 어휘·구문독해부터 학교별 내신, 모의고사와 수능 대비까지 현재 실력과 목표에 맞춰 지도",복잡한 문장의 구조를 파악하고 지문의 근거를 바탕으로 답을 선택하는 독해 능력 향상,전문형,high_english
292,https://kimstutoring.co.kr,pyeongtaek-elementary-math,publish,ko,경기도,평택,수학,초등학생,평택 초등학생 수학과외,평택 초등학생 수학과외,"평택 초등학생 수학 과외 수업을 고민 중이라면 잘하는 부분과 보완할 부분을 나누어 시작합니다. 지역과 일정에 따라 1:1 방문수업 또는 화상수업으로 진행하며, 연산과 기초개념을 탄탄히 다지고 문제를 이해하는… 방식으로 수업하고 있습니다.",초등학생 수학 연산과 기초개념을 다지고 문제 이해와 풀이 습관을 기르는 온라인 과외 찾기,핵심 고민은 “계산 실수가 반복되고 문장형 문제에서 무엇을 구해야 하는지 파악하기 어려움”입니다.,"연산, 기초개념, 문제 이해, 풀이 습관","지역과 일정에 따라 1:1 방문수업 또는 화상수업으로 진행하며, 연산과 기초개념을 탄탄히 다지고 문제를 이해하는 과정과 올바른 풀이 습관을 학생 수준에 맞춰 지도",계산 과정을 점검하고 문제의 조건을 이해하며 풀이 순서를 정리하는 습관 형성,친근형,elementary_math
293,https://kimstutoring.co.kr,pyeongtaek-middle-math,publish,ko,경기도,평택,수학,중학생,평택 중학생 수학과외,평택 중학생 수학과외,"평택 중학생 수학 과외 수업을 고민 중이라면 잘하는 부분과 보완할 부분을 나누어 시작합니다. 지역과 일정에 따라 1:1 방문수업 또는 화상수업으로 진행하며, 개념 이해와 유형별 문제풀이를 연결하고 학교별… 방식으로 수업하고 있습니다.",중학생 수학 개념과 유형별 문제풀이를 연결하고 내신 및 서술형을 준비하는 온라인 과외 찾기,핵심 고민은 “개념을 외워도 문제 유형이 바뀌면 적용하기 어렵고 같은 오답과 풀이 과정 누락이 반복됨”입니다.,"개념, 유형별 문제풀이, 학교별 내신, 서술형, 오답관리","지역과 일정에 따라 1:1 방문수업 또는 화상수업으로 진행하며, 개념 이해와 유형별 문제풀이를 연결하고 학교별 내신, 서술형, 오답관리까지 취약 단원에 맞춰 지도",문제에 맞는 개념을 선택하고 풀이 근거를 순서대로 쓰며 반복되는 실수를 줄이는 능력 향상,코칭형,middle_math
294,https://kimstutoring.co.kr,pyeongtaek-high-math,publish,ko,경기도,평택,수학,고등학생,평택 고등학생 수학과외,평택 고등학생 수학과외,"고등학생 수학 과외 공부를 처음 시작한다면 평택에서도 기초부터 1:1로 배울 수 있습니다. 지역과 일정에 따라 1:1 방문수업 또는 화상수업으로 진행하며, 개념과 유형별 문제풀이부터 학교별 내신,… 방식으로 수업하고 있습니다.",고등학생 수학 취약단원을 보완하면서 내신과 모의고사 및 수능을 준비하는 온라인 과외 찾기,핵심 고민은 “개념 사이의 연결이 약하고 복합 문제의 접근 방법을 찾기 어려우며 취약단원에서 오답이 반복됨”입니다.,"개념, 유형별 문제풀이, 학교별 내신, 모의고사, 수능, 취약단원, 오답분석","지역과 일정에 따라 1:1 방문수업 또는 화상수업으로 진행하며, 개념과 유형별 문제풀이부터 학교별 내신, 모의고사와 수능 대비, 취약단원 및 오답분석까지 목표에 맞춰 지도",취약단원의 개념을 연결하고 문제 조건에 맞는 풀이 전략을 선택하며 오답 원인을 스스로 설명하는 능력 향상,전문형,high_math
295,https://kimstutoring.co.kr,pyeongtaek-elementary-korean,publish,ko,경기도,평택,국어,초등학생,평택 초등학생 국어과외,평택 초등학생 국어과외,"초등학생 국어 과외 공부를 처음 시작한다면 평택에서도 기초부터 1:1로 배울 수 있습니다. 지역과 일정에 따라 1:1 방문수업 또는 화상수업으로 진행하며, 어휘와 독해를 바탕으로 글의 내용을 이해하고… 방식으로 수업하고 있습니다.",초등학생의 국어 기초와 문해력을 잡아줄 1:1 국어과외 탐색,핵심 고민은 “글을 읽어도 내용을 정확히 이해하지 못하거나 어휘력이 부족해 문제의 뜻을 파악하는 데 어려움”입니다.,"어휘, 독해, 문장 이해, 글의 중심내용 파악, 기초 문해력, 글쓰기, 학습 습관","지역과 일정에 따라 1:1 방문수업 또는 화상수업으로 진행하며, 어휘와 독해를 바탕으로 글의 내용을 이해하고 자신의 생각을 표현하는 힘을 학생의 수준과 학습 속도에 맞춰 지도","글을 읽고 핵심 내용을 파악하는 힘을 기르고, 국어뿐 아니라 다른 과목의 문제를 이해하는 데 필요한 기초 문해력과 학습 습관 형성",친근형,elementary_korean
296,https://kimstutoring.co.kr,pyeongtaek-middle-korean,publish,ko,경기도,평택,국어,중학생,평택 중학생 국어과외,평택 중학생 국어과외,"평택 중학생 국어 과외 수업을 고민 중이라면 잘하는 부분과 보완할 부분을 나누어 시작합니다. 지역과 일정에 따라 1:1 방문수업 또는 화상수업으로 진행하며, 문학·비문학 독해와 문법을 기본으로 학교별… 방식으로 수업하고 있습니다.",학교 내신과 국어 기본기를 함께 준비할 1:1 중등 국어과외 탐색,"핵심 고민은 “문학과 비문학 지문을 감으로 풀거나 문법 개념이 부족하고, 학교 시험의 서술형·수행평가 대비가 어려움”입니다.","문학, 비문학, 문법, 어휘, 학교별 내신, 서술형, 수행평가, 오답관리","지역과 일정에 따라 1:1 방문수업 또는 화상수업으로 진행하며, 문학·비문학 독해와 문법을 기본으로 학교별 내신, 서술형과 수행평가까지 학생의 취약 부분에 맞춰 지도","지문을 근거로 읽고 문제를 해결하는 방법을 익히며, 부족한 영역을 파악해 내신과 고등 국어 학습에 필요한 기본기 강화",코칭형,middle_korean
297,https://kimstutoring.co.kr,pyeongtaek-high-korean,publish,ko,경기도,평택,국어,고등학생,평택 고등학생 국어과외,평택 고등학생 국어과외,"고등학생 국어 과외 공부를 처음 시작한다면 평택에서도 기초부터 1:1로 배울 수 있습니다. 지역과 일정에 따라 1:1 방문수업 또는 화상수업으로 진행하며, 문학과 독서의 지문 분석부터 학교별 내신,… 방식으로 수업하고 있습니다.",내신과 모의고사·수능을 함께 대비할 1:1 고등 국어과외 탐색,"핵심 고민은 “긴 지문의 핵심을 빠르게 파악하기 어렵거나 문학·독서·문법 영역별 편차가 크고, 모의고사에서 시간 관리와…”입니다.","문학, 독서, 화법과 언어, 작문, 학교별 내신, 모의고사, 수능, 취약영역, 오답분석","지역과 일정에 따라 1:1 방문수업 또는 화상수업으로 진행하며, 문학과 독서의 지문 분석부터 학교별 내신, 모의고사와 수능 대비, 취약영역 및 오답분석까지 현재 실력과 목표에 맞춰 지도","지문을 분석하는 기준과 문제 접근 방법을 익히고, 취약영역과 반복되는 오답을 점검하면서 내신·모의고사·수능 학습의 방향을 구체화",전문형,high_korean
298,https://kimstutoring.co.kr,anseong-elementary-english,publish,ko,경기도,안성,영어,초등학생,안성 초등학생 영어과외,안성 초등학생 영어과외,"안성 초등학생 영어 과외 수업을 고민 중이라면 잘하는 부분과 보완할 부분을 나누어 시작합니다. 지역과 일정에 따라 1:1 방문수업 또는 화상수업으로 진행하며, 기초 어휘와 문장 이해, 읽기 학습을 학생의… 방식으로 수업하고 있습니다.",초등학생 수준에 맞춰 영어 기초와 꾸준한 학습 습관을 기르는 1:1 온라인 과외 찾기,핵심 고민은 “기초 어휘가 부족하고 짧은 문장의 뜻을 이해하거나 꾸준히 읽는 데 어려움이 있음”입니다.,"기초 어휘, 문장 이해, 짧은 글 읽기, 학습 습관","지역과 일정에 따라 1:1 방문수업 또는 화상수업으로 진행하며, 기초 어휘와 문장 이해, 읽기 학습을 학생의 수준과 학습 속도에 맞춰 지도",익숙한 어휘로 짧은 문장의 뜻을 파악하고 스스로 읽고 복습하는 습관 형성,친근형,elementary_english
299,https://kimstutoring.co.kr,anseong-middle-english,publish,ko,경기도,안성,영어,중학생,안성 중학생 영어과외,안성 중학생 영어과외,"안성에서 중학생 영어 과외 실력을 늘리고 싶다면 자주 막히는 부분부터 직접 다뤄봅니다. 지역과 일정에 따라 1:1 방문수업 또는 화상수업으로 진행하며, 어휘·문법·독해를 기본으로 학교별 내신과… 방식으로 수업하고 있습니다.",중학생 영어 문법과 독해를 보완하고 학교별 내신과 서술형 및 수행평가를 준비하는 온라인 과외 찾기,핵심 고민은 “어휘와 문법을 배워도 지문에 적용하기 어렵고 서술형 답안과 수행평가 준비가 막막함”입니다.,"어휘, 문법, 독해, 학교별 내신, 서술형, 수행평가","지역과 일정에 따라 1:1 방문수업 또는 화상수업으로 진행하며, 어휘·문법·독해를 기본으로 학교별 내신과 서술형, 수행평가까지 학생의 취약 부분에 맞춰 지도",문법 근거를 설명하며 지문을 읽고 학교 평가 기준에 맞춰 답안을 작성하는 능력 향상,코칭형,middle_english
300,https://kimstutoring.co.kr,anseong-high-english,publish,ko,경기도,안성,영어,고등학생,안성 고등학생 영어과외,안성 고등학생 영어과외,"안성 고등학생 영어 과외 수업을 고민 중이라면 잘하는 부분과 보완할 부분을 나누어 시작합니다. 지역과 일정에 따라 1:1 방문수업 또는 화상수업으로 진행하며, 어휘·구문독해부터 학교별 내신, 모의고사와 수능… 방식으로 수업하고 있습니다.",고등학생 영어 내신과 모의고사 및 수능 준비를 현재 수준에 맞춰 병행하는 온라인 과외 찾기,핵심 고민은 “긴 문장의 구조를 파악하기 어렵고 내신과 모의고사 지문을 읽는 데 시간이 오래 걸림”입니다.,"어휘, 구문독해, 학교별 내신, 모의고사, 수능","지역과 일정에 따라 1:1 방문수업 또는 화상수업으로 진행하며, 어휘·구문독해부터 학교별 내신, 모의고사와 수능 대비까지 현재 실력과 목표에 맞춰 지도",복잡한 문장의 구조를 파악하고 지문의 근거를 바탕으로 답을 선택하는 독해 능력 향상,전문형,high_english
301,https://kimstutoring.co.kr,anseong-elementary-math,publish,ko,경기도,안성,수학,초등학생,안성 초등학생 수학과외,안성 초등학생 수학과외,"안성에서 초등학생 수학 과외 실력을 늘리고 싶다면 자주 막히는 부분부터 직접 다뤄봅니다. 지역과 일정에 따라 1:1 방문수업 또는 화상수업으로 진행하며, 연산과 기초개념을 탄탄히 다지고 문제를 이해하는… 방식으로 수업하고 있습니다.",초등학생 수학 연산과 기초개념을 다지고 문제 이해와 풀이 습관을 기르는 온라인 과외 찾기,핵심 고민은 “계산 실수가 반복되고 문장형 문제에서 무엇을 구해야 하는지 파악하기 어려움”입니다.,"연산, 기초개념, 문제 이해, 풀이 습관","지역과 일정에 따라 1:1 방문수업 또는 화상수업으로 진행하며, 연산과 기초개념을 탄탄히 다지고 문제를 이해하는 과정과 올바른 풀이 습관을 학생 수준에 맞춰 지도",계산 과정을 점검하고 문제의 조건을 이해하며 풀이 순서를 정리하는 습관 형성,친근형,elementary_math
302,https://kimstutoring.co.kr,anseong-middle-math,publish,ko,경기도,안성,수학,중학생,안성 중학생 수학과외,안성 중학생 수학과외,"안성에서 중학생 수학 과외 실력을 늘리고 싶다면 자주 막히는 부분부터 직접 다뤄봅니다. 지역과 일정에 따라 1:1 방문수업 또는 화상수업으로 진행하며, 개념 이해와 유형별 문제풀이를 연결하고 학교별… 방식으로 수업하고 있습니다.",중학생 수학 개념과 유형별 문제풀이를 연결하고 내신 및 서술형을 준비하는 온라인 과외 찾기,핵심 고민은 “개념을 외워도 문제 유형이 바뀌면 적용하기 어렵고 같은 오답과 풀이 과정 누락이 반복됨”입니다.,"개념, 유형별 문제풀이, 학교별 내신, 서술형, 오답관리","지역과 일정에 따라 1:1 방문수업 또는 화상수업으로 진행하며, 개념 이해와 유형별 문제풀이를 연결하고 학교별 내신, 서술형, 오답관리까지 취약 단원에 맞춰 지도",문제에 맞는 개념을 선택하고 풀이 근거를 순서대로 쓰며 반복되는 실수를 줄이는 능력 향상,코칭형,middle_math
303,https://kimstutoring.co.kr,anseong-high-math,publish,ko,경기도,안성,수학,고등학생,안성 고등학생 수학과외,안성 고등학생 수학과외,"고등학생 수학 과외 때문에 고민이 있다면 안성 수업에서 지금 필요한 연습부터 함께 해볼 수 있습니다. 지역과 일정에 따라 1:1 방문수업 또는 화상수업으로 진행하며, 개념과 유형별 문제풀이부터 학교별 내신,… 방식으로 수업하고 있습니다.",고등학생 수학 취약단원을 보완하면서 내신과 모의고사 및 수능을 준비하는 온라인 과외 찾기,핵심 고민은 “개념 사이의 연결이 약하고 복합 문제의 접근 방법을 찾기 어려우며 취약단원에서 오답이 반복됨”입니다.,"개념, 유형별 문제풀이, 학교별 내신, 모의고사, 수능, 취약단원, 오답분석","지역과 일정에 따라 1:1 방문수업 또는 화상수업으로 진행하며, 개념과 유형별 문제풀이부터 학교별 내신, 모의고사와 수능 대비, 취약단원 및 오답분석까지 목표에 맞춰 지도",취약단원의 개념을 연결하고 문제 조건에 맞는 풀이 전략을 선택하며 오답 원인을 스스로 설명하는 능력 향상,전문형,high_math
304,https://kimstutoring.co.kr,anseong-elementary-korean,publish,ko,경기도,안성,국어,초등학생,안성 초등학생 국어과외,안성 초등학생 국어과외,"초등학생 국어 과외 때문에 고민이 있다면 안성 수업에서 지금 필요한 연습부터 함께 해볼 수 있습니다. 지역과 일정에 따라 1:1 방문수업 또는 화상수업으로 진행하며, 어휘와 독해를 바탕으로 글의 내용을 이해하고… 방식으로 수업하고 있습니다.",초등학생의 국어 기초와 문해력을 잡아줄 1:1 국어과외 탐색,핵심 고민은 “글을 읽어도 내용을 정확히 이해하지 못하거나 어휘력이 부족해 문제의 뜻을 파악하는 데 어려움”입니다.,"어휘, 독해, 문장 이해, 글의 중심내용 파악, 기초 문해력, 글쓰기, 학습 습관","지역과 일정에 따라 1:1 방문수업 또는 화상수업으로 진행하며, 어휘와 독해를 바탕으로 글의 내용을 이해하고 자신의 생각을 표현하는 힘을 학생의 수준과 학습 속도에 맞춰 지도","글을 읽고 핵심 내용을 파악하는 힘을 기르고, 국어뿐 아니라 다른 과목의 문제를 이해하는 데 필요한 기초 문해력과 학습 습관 형성",친근형,elementary_korean
305,https://kimstutoring.co.kr,anseong-middle-korean,publish,ko,경기도,안성,국어,중학생,안성 중학생 국어과외,안성 중학생 국어과외,"안성에서 중학생 국어 과외 실력을 늘리고 싶다면 자주 막히는 부분부터 직접 다뤄봅니다. 지역과 일정에 따라 1:1 방문수업 또는 화상수업으로 진행하며, 문학·비문학 독해와 문법을 기본으로 학교별… 방식으로 수업하고 있습니다.",학교 내신과 국어 기본기를 함께 준비할 1:1 중등 국어과외 탐색,"핵심 고민은 “문학과 비문학 지문을 감으로 풀거나 문법 개념이 부족하고, 학교 시험의 서술형·수행평가 대비가 어려움”입니다.","문학, 비문학, 문법, 어휘, 학교별 내신, 서술형, 수행평가, 오답관리","지역과 일정에 따라 1:1 방문수업 또는 화상수업으로 진행하며, 문학·비문학 독해와 문법을 기본으로 학교별 내신, 서술형과 수행평가까지 학생의 취약 부분에 맞춰 지도","지문을 근거로 읽고 문제를 해결하는 방법을 익히며, 부족한 영역을 파악해 내신과 고등 국어 학습에 필요한 기본기 강화",코칭형,middle_korean
306,https://kimstutoring.co.kr,anseong-high-korean,publish,ko,경기도,안성,국어,고등학생,안성 고등학생 국어과외,안성 고등학생 국어과외,"고등학생 국어 과외 때문에 고민이 있다면 안성 수업에서 지금 필요한 연습부터 함께 해볼 수 있습니다. 지역과 일정에 따라 1:1 방문수업 또는 화상수업으로 진행하며, 문학과 독서의 지문 분석부터 학교별 내신,… 방식으로 수업하고 있습니다.",내신과 모의고사·수능을 함께 대비할 1:1 고등 국어과외 탐색,"핵심 고민은 “긴 지문의 핵심을 빠르게 파악하기 어렵거나 문학·독서·문법 영역별 편차가 크고, 모의고사에서 시간 관리와…”입니다.","문학, 독서, 화법과 언어, 작문, 학교별 내신, 모의고사, 수능, 취약영역, 오답분석","지역과 일정에 따라 1:1 방문수업 또는 화상수업으로 진행하며, 문학과 독서의 지문 분석부터 학교별 내신, 모의고사와 수능 대비, 취약영역 및 오답분석까지 현재 실력과 목표에 맞춰 지도","지문을 분석하는 기준과 문제 접근 방법을 익히고, 취약영역과 반복되는 오답을 점검하면서 내신·모의고사·수능 학습의 방향을 구체화",전문형,high_korean
307,https://kimstutoring.co.kr,cheonan-elementary-english,publish,ko,충청남도,천안,영어,초등학생,천안 초등학생 영어과외,천안 초등학생 영어과외,"천안 초등학생 영어 과외 수업은 정해진 진도보다 현재 실력과 배우는 이유를 중요하게 봅니다. 지역과 일정에 따라 1:1 방문수업 또는 화상수업으로 진행하며, 기초 어휘와 문장 이해, 읽기 학습을 학생의… 방식으로 수업하고 있습니다.",초등학생 수준에 맞춰 영어 기초와 꾸준한 학습 습관을 기르는 1:1 온라인 과외 찾기,핵심 고민은 “기초 어휘가 부족하고 짧은 문장의 뜻을 이해하거나 꾸준히 읽는 데 어려움이 있음”입니다.,"기초 어휘, 문장 이해, 짧은 글 읽기, 학습 습관","지역과 일정에 따라 1:1 방문수업 또는 화상수업으로 진행하며, 기초 어휘와 문장 이해, 읽기 학습을 학생의 수준과 학습 속도에 맞춰 지도",익숙한 어휘로 짧은 문장의 뜻을 파악하고 스스로 읽고 복습하는 습관 형성,친근형,elementary_english
308,https://kimstutoring.co.kr,cheonan-middle-english,publish,ko,충청남도,천안,영어,중학생,천안 중학생 영어과외,천안 중학생 영어과외,"중학생 영어 과외 공부를 다시 시작하려는 분께 천안 1:1 수업이 맞는 출발점을 찾아드립니다. 지역과 일정에 따라 1:1 방문수업 또는 화상수업으로 진행하며, 어휘·문법·독해를 기본으로 학교별 내신과… 방식으로 수업하고 있습니다.",중학생 영어 문법과 독해를 보완하고 학교별 내신과 서술형 및 수행평가를 준비하는 온라인 과외 찾기,핵심 고민은 “어휘와 문법을 배워도 지문에 적용하기 어렵고 서술형 답안과 수행평가 준비가 막막함”입니다.,"어휘, 문법, 독해, 학교별 내신, 서술형, 수행평가","지역과 일정에 따라 1:1 방문수업 또는 화상수업으로 진행하며, 어휘·문법·독해를 기본으로 학교별 내신과 서술형, 수행평가까지 학생의 취약 부분에 맞춰 지도",문법 근거를 설명하며 지문을 읽고 학교 평가 기준에 맞춰 답안을 작성하는 능력 향상,코칭형,middle_english
309,https://kimstutoring.co.kr,cheonan-high-english,publish,ko,충청남도,천안,영어,고등학생,천안 고등학생 영어과외,천안 고등학생 영어과외,"천안에서 배우는 고등학생 영어 과외, 실제로 쓰려는 상황에 맞춰 수업 내용을 정합니다. 지역과 일정에 따라 1:1 방문수업 또는 화상수업으로 진행하며, 어휘·구문독해부터 학교별 내신, 모의고사와 수능… 방식으로 수업하고 있습니다.",고등학생 영어 내신과 모의고사 및 수능 준비를 현재 수준에 맞춰 병행하는 온라인 과외 찾기,핵심 고민은 “긴 문장의 구조를 파악하기 어렵고 내신과 모의고사 지문을 읽는 데 시간이 오래 걸림”입니다.,"어휘, 구문독해, 학교별 내신, 모의고사, 수능","지역과 일정에 따라 1:1 방문수업 또는 화상수업으로 진행하며, 어휘·구문독해부터 학교별 내신, 모의고사와 수능 대비까지 현재 실력과 목표에 맞춰 지도",복잡한 문장의 구조를 파악하고 지문의 근거를 바탕으로 답을 선택하는 독해 능력 향상,전문형,high_english
310,https://kimstutoring.co.kr,cheonan-elementary-math,publish,ko,충청남도,천안,수학,초등학생,천안 초등학생 수학과외,천안 초등학생 수학과외,"초등학생 수학 과외 공부를 다시 시작하려는 분께 천안 1:1 수업이 맞는 출발점을 찾아드립니다. 지역과 일정에 따라 1:1 방문수업 또는 화상수업으로 진행하며, 연산과 기초개념을 탄탄히 다지고 문제를 이해하는… 방식으로 수업하고 있습니다.",초등학생 수학 연산과 기초개념을 다지고 문제 이해와 풀이 습관을 기르는 온라인 과외 찾기,핵심 고민은 “계산 실수가 반복되고 문장형 문제에서 무엇을 구해야 하는지 파악하기 어려움”입니다.,"연산, 기초개념, 문제 이해, 풀이 습관","지역과 일정에 따라 1:1 방문수업 또는 화상수업으로 진행하며, 연산과 기초개념을 탄탄히 다지고 문제를 이해하는 과정과 올바른 풀이 습관을 학생 수준에 맞춰 지도",계산 과정을 점검하고 문제의 조건을 이해하며 풀이 순서를 정리하는 습관 형성,친근형,elementary_math
311,https://kimstutoring.co.kr,cheonan-middle-math,publish,ko,충청남도,천안,수학,중학생,천안 중학생 수학과외,천안 중학생 수학과외,"중학생 수학 과외 공부를 다시 시작하려는 분께 천안 1:1 수업이 맞는 출발점을 찾아드립니다. 지역과 일정에 따라 1:1 방문수업 또는 화상수업으로 진행하며, 개념 이해와 유형별 문제풀이를 연결하고 학교별… 방식으로 수업하고 있습니다.",중학생 수학 개념과 유형별 문제풀이를 연결하고 내신 및 서술형을 준비하는 온라인 과외 찾기,핵심 고민은 “개념을 외워도 문제 유형이 바뀌면 적용하기 어렵고 같은 오답과 풀이 과정 누락이 반복됨”입니다.,"개념, 유형별 문제풀이, 학교별 내신, 서술형, 오답관리","지역과 일정에 따라 1:1 방문수업 또는 화상수업으로 진행하며, 개념 이해와 유형별 문제풀이를 연결하고 학교별 내신, 서술형, 오답관리까지 취약 단원에 맞춰 지도",문제에 맞는 개념을 선택하고 풀이 근거를 순서대로 쓰며 반복되는 실수를 줄이는 능력 향상,코칭형,middle_math
312,https://kimstutoring.co.kr,cheonan-high-math,publish,ko,충청남도,천안,수학,고등학생,천안 고등학생 수학과외,천안 고등학생 수학과외,"천안에서 고등학생 수학 과외 수업을 찾고 계신다면 지금 필요한 내용부터 시작할 수 있습니다. 지역과 일정에 따라 1:1 방문수업 또는 화상수업으로 진행하며, 개념과 유형별 문제풀이부터 학교별 내신,… 방식으로 수업하고 있습니다.",고등학생 수학 취약단원을 보완하면서 내신과 모의고사 및 수능을 준비하는 온라인 과외 찾기,핵심 고민은 “개념 사이의 연결이 약하고 복합 문제의 접근 방법을 찾기 어려우며 취약단원에서 오답이 반복됨”입니다.,"개념, 유형별 문제풀이, 학교별 내신, 모의고사, 수능, 취약단원, 오답분석","지역과 일정에 따라 1:1 방문수업 또는 화상수업으로 진행하며, 개념과 유형별 문제풀이부터 학교별 내신, 모의고사와 수능 대비, 취약단원 및 오답분석까지 목표에 맞춰 지도",취약단원의 개념을 연결하고 문제 조건에 맞는 풀이 전략을 선택하며 오답 원인을 스스로 설명하는 능력 향상,전문형,high_math
313,https://kimstutoring.co.kr,cheonan-elementary-korean,publish,ko,충청남도,천안,국어,초등학생,천안 초등학생 국어과외,천안 초등학생 국어과외,"천안에서 초등학생 국어 과외 수업을 찾고 계신다면 지금 필요한 내용부터 시작할 수 있습니다. 지역과 일정에 따라 1:1 방문수업 또는 화상수업으로 진행하며, 어휘와 독해를 바탕으로 글의 내용을 이해하고… 방식으로 수업하고 있습니다.",초등학생의 국어 기초와 문해력을 잡아줄 1:1 국어과외 탐색,핵심 고민은 “글을 읽어도 내용을 정확히 이해하지 못하거나 어휘력이 부족해 문제의 뜻을 파악하는 데 어려움”입니다.,"어휘, 독해, 문장 이해, 글의 중심내용 파악, 기초 문해력, 글쓰기, 학습 습관","지역과 일정에 따라 1:1 방문수업 또는 화상수업으로 진행하며, 어휘와 독해를 바탕으로 글의 내용을 이해하고 자신의 생각을 표현하는 힘을 학생의 수준과 학습 속도에 맞춰 지도","글을 읽고 핵심 내용을 파악하는 힘을 기르고, 국어뿐 아니라 다른 과목의 문제를 이해하는 데 필요한 기초 문해력과 학습 습관 형성",친근형,elementary_korean
314,https://kimstutoring.co.kr,cheonan-middle-korean,publish,ko,충청남도,천안,국어,중학생,천안 중학생 국어과외,천안 중학생 국어과외,"중학생 국어 과외 공부를 다시 시작하려는 분께 천안 1:1 수업이 맞는 출발점을 찾아드립니다. 지역과 일정에 따라 1:1 방문수업 또는 화상수업으로 진행하며, 문학·비문학 독해와 문법을 기본으로 학교별… 방식으로 수업하고 있습니다.",학교 내신과 국어 기본기를 함께 준비할 1:1 중등 국어과외 탐색,"핵심 고민은 “문학과 비문학 지문을 감으로 풀거나 문법 개념이 부족하고, 학교 시험의 서술형·수행평가 대비가 어려움”입니다.","문학, 비문학, 문법, 어휘, 학교별 내신, 서술형, 수행평가, 오답관리","지역과 일정에 따라 1:1 방문수업 또는 화상수업으로 진행하며, 문학·비문학 독해와 문법을 기본으로 학교별 내신, 서술형과 수행평가까지 학생의 취약 부분에 맞춰 지도","지문을 근거로 읽고 문제를 해결하는 방법을 익히며, 부족한 영역을 파악해 내신과 고등 국어 학습에 필요한 기본기 강화",코칭형,middle_korean
315,https://kimstutoring.co.kr,cheonan-high-korean,publish,ko,충청남도,천안,국어,고등학생,천안 고등학생 국어과외,천안 고등학생 국어과외,"천안에서 고등학생 국어 과외 수업을 찾고 계신다면 지금 필요한 내용부터 시작할 수 있습니다. 지역과 일정에 따라 1:1 방문수업 또는 화상수업으로 진행하며, 문학과 독서의 지문 분석부터 학교별 내신,… 방식으로 수업하고 있습니다.",내신과 모의고사·수능을 함께 대비할 1:1 고등 국어과외 탐색,"핵심 고민은 “긴 지문의 핵심을 빠르게 파악하기 어렵거나 문학·독서·문법 영역별 편차가 크고, 모의고사에서 시간 관리와…”입니다.","문학, 독서, 화법과 언어, 작문, 학교별 내신, 모의고사, 수능, 취약영역, 오답분석","지역과 일정에 따라 1:1 방문수업 또는 화상수업으로 진행하며, 문학과 독서의 지문 분석부터 학교별 내신, 모의고사와 수능 대비, 취약영역 및 오답분석까지 현재 실력과 목표에 맞춰 지도","지문을 분석하는 기준과 문제 접근 방법을 익히고, 취약영역과 반복되는 오답을 점검하면서 내신·모의고사·수능 학습의 방향을 구체화",전문형,high_korean
316,https://kimstutoring.co.kr,asan-elementary-english,publish,ko,충청남도,아산,영어,초등학생,아산 초등학생 영어과외,아산 초등학생 영어과외,"초등학생 영어 과외 때문에 고민이 있다면 아산 수업에서 지금 필요한 연습부터 함께 해볼 수 있습니다. 지역과 일정에 따라 1:1 방문수업 또는 화상수업으로 진행하며, 기초 어휘와 문장 이해, 읽기 학습을 학생의… 방식으로 수업하고 있습니다.",초등학생 수준에 맞춰 영어 기초와 꾸준한 학습 습관을 기르는 1:1 온라인 과외 찾기,핵심 고민은 “기초 어휘가 부족하고 짧은 문장의 뜻을 이해하거나 꾸준히 읽는 데 어려움이 있음”입니다.,"기초 어휘, 문장 이해, 짧은 글 읽기, 학습 습관","지역과 일정에 따라 1:1 방문수업 또는 화상수업으로 진행하며, 기초 어휘와 문장 이해, 읽기 학습을 학생의 수준과 학습 속도에 맞춰 지도",익숙한 어휘로 짧은 문장의 뜻을 파악하고 스스로 읽고 복습하는 습관 형성,친근형,elementary_english
317,https://kimstutoring.co.kr,asan-middle-english,publish,ko,충청남도,아산,영어,중학생,아산 중학생 영어과외,아산 중학생 영어과외,"아산 중학생 영어 과외 수업을 고민 중이라면 잘하는 부분과 보완할 부분을 나누어 시작합니다. 지역과 일정에 따라 1:1 방문수업 또는 화상수업으로 진행하며, 어휘·문법·독해를 기본으로 학교별 내신과… 방식으로 수업하고 있습니다.",중학생 영어 문법과 독해를 보완하고 학교별 내신과 서술형 및 수행평가를 준비하는 온라인 과외 찾기,핵심 고민은 “어휘와 문법을 배워도 지문에 적용하기 어렵고 서술형 답안과 수행평가 준비가 막막함”입니다.,"어휘, 문법, 독해, 학교별 내신, 서술형, 수행평가","지역과 일정에 따라 1:1 방문수업 또는 화상수업으로 진행하며, 어휘·문법·독해를 기본으로 학교별 내신과 서술형, 수행평가까지 학생의 취약 부분에 맞춰 지도",문법 근거를 설명하며 지문을 읽고 학교 평가 기준에 맞춰 답안을 작성하는 능력 향상,코칭형,middle_english
318,https://kimstutoring.co.kr,asan-high-english,publish,ko,충청남도,아산,영어,고등학생,아산 고등학생 영어과외,아산 고등학생 영어과외,"고등학생 영어 과외 때문에 고민이 있다면 아산 수업에서 지금 필요한 연습부터 함께 해볼 수 있습니다. 지역과 일정에 따라 1:1 방문수업 또는 화상수업으로 진행하며, 어휘·구문독해부터 학교별 내신, 모의고사와 수능… 방식으로 수업하고 있습니다.",고등학생 영어 내신과 모의고사 및 수능 준비를 현재 수준에 맞춰 병행하는 온라인 과외 찾기,핵심 고민은 “긴 문장의 구조를 파악하기 어렵고 내신과 모의고사 지문을 읽는 데 시간이 오래 걸림”입니다.,"어휘, 구문독해, 학교별 내신, 모의고사, 수능","지역과 일정에 따라 1:1 방문수업 또는 화상수업으로 진행하며, 어휘·구문독해부터 학교별 내신, 모의고사와 수능 대비까지 현재 실력과 목표에 맞춰 지도",복잡한 문장의 구조를 파악하고 지문의 근거를 바탕으로 답을 선택하는 독해 능력 향상,전문형,high_english
319,https://kimstutoring.co.kr,asan-elementary-math,publish,ko,충청남도,아산,수학,초등학생,아산 초등학생 수학과외,아산 초등학생 수학과외,"아산 초등학생 수학 과외 수업을 고민 중이라면 잘하는 부분과 보완할 부분을 나누어 시작합니다. 지역과 일정에 따라 1:1 방문수업 또는 화상수업으로 진행하며, 연산과 기초개념을 탄탄히 다지고 문제를 이해하는… 방식으로 수업하고 있습니다.",초등학생 수학 연산과 기초개념을 다지고 문제 이해와 풀이 습관을 기르는 온라인 과외 찾기,핵심 고민은 “계산 실수가 반복되고 문장형 문제에서 무엇을 구해야 하는지 파악하기 어려움”입니다.,"연산, 기초개념, 문제 이해, 풀이 습관","지역과 일정에 따라 1:1 방문수업 또는 화상수업으로 진행하며, 연산과 기초개념을 탄탄히 다지고 문제를 이해하는 과정과 올바른 풀이 습관을 학생 수준에 맞춰 지도",계산 과정을 점검하고 문제의 조건을 이해하며 풀이 순서를 정리하는 습관 형성,친근형,elementary_math
320,https://kimstutoring.co.kr,asan-middle-math,publish,ko,충청남도,아산,수학,중학생,아산 중학생 수학과외,아산 중학생 수학과외,"아산 중학생 수학 과외 수업을 고민 중이라면 잘하는 부분과 보완할 부분을 나누어 시작합니다. 지역과 일정에 따라 1:1 방문수업 또는 화상수업으로 진행하며, 개념 이해와 유형별 문제풀이를 연결하고 학교별… 방식으로 수업하고 있습니다.",중학생 수학 개념과 유형별 문제풀이를 연결하고 내신 및 서술형을 준비하는 온라인 과외 찾기,핵심 고민은 “개념을 외워도 문제 유형이 바뀌면 적용하기 어렵고 같은 오답과 풀이 과정 누락이 반복됨”입니다.,"개념, 유형별 문제풀이, 학교별 내신, 서술형, 오답관리","지역과 일정에 따라 1:1 방문수업 또는 화상수업으로 진행하며, 개념 이해와 유형별 문제풀이를 연결하고 학교별 내신, 서술형, 오답관리까지 취약 단원에 맞춰 지도",문제에 맞는 개념을 선택하고 풀이 근거를 순서대로 쓰며 반복되는 실수를 줄이는 능력 향상,코칭형,middle_math
321,https://kimstutoring.co.kr,asan-high-math,publish,ko,충청남도,아산,수학,고등학생,아산 고등학생 수학과외,아산 고등학생 수학과외,"고등학생 수학 과외 공부를 처음 시작한다면 아산에서도 기초부터 1:1로 배울 수 있습니다. 지역과 일정에 따라 1:1 방문수업 또는 화상수업으로 진행하며, 개념과 유형별 문제풀이부터 학교별 내신,… 방식으로 수업하고 있습니다.",고등학생 수학 취약단원을 보완하면서 내신과 모의고사 및 수능을 준비하는 온라인 과외 찾기,핵심 고민은 “개념 사이의 연결이 약하고 복합 문제의 접근 방법을 찾기 어려우며 취약단원에서 오답이 반복됨”입니다.,"개념, 유형별 문제풀이, 학교별 내신, 모의고사, 수능, 취약단원, 오답분석","지역과 일정에 따라 1:1 방문수업 또는 화상수업으로 진행하며, 개념과 유형별 문제풀이부터 학교별 내신, 모의고사와 수능 대비, 취약단원 및 오답분석까지 목표에 맞춰 지도",취약단원의 개념을 연결하고 문제 조건에 맞는 풀이 전략을 선택하며 오답 원인을 스스로 설명하는 능력 향상,전문형,high_math
322,https://kimstutoring.co.kr,asan-elementary-korean,publish,ko,충청남도,아산,국어,초등학생,아산 초등학생 국어과외,아산 초등학생 국어과외,"초등학생 국어 과외 공부를 처음 시작한다면 아산에서도 기초부터 1:1로 배울 수 있습니다. 지역과 일정에 따라 1:1 방문수업 또는 화상수업으로 진행하며, 어휘와 독해를 바탕으로 글의 내용을 이해하고… 방식으로 수업하고 있습니다.",초등학생의 국어 기초와 문해력을 잡아줄 1:1 국어과외 탐색,핵심 고민은 “글을 읽어도 내용을 정확히 이해하지 못하거나 어휘력이 부족해 문제의 뜻을 파악하는 데 어려움”입니다.,"어휘, 독해, 문장 이해, 글의 중심내용 파악, 기초 문해력, 글쓰기, 학습 습관","지역과 일정에 따라 1:1 방문수업 또는 화상수업으로 진행하며, 어휘와 독해를 바탕으로 글의 내용을 이해하고 자신의 생각을 표현하는 힘을 학생의 수준과 학습 속도에 맞춰 지도","글을 읽고 핵심 내용을 파악하는 힘을 기르고, 국어뿐 아니라 다른 과목의 문제를 이해하는 데 필요한 기초 문해력과 학습 습관 형성",친근형,elementary_korean
323,https://kimstutoring.co.kr,asan-middle-korean,publish,ko,충청남도,아산,국어,중학생,아산 중학생 국어과외,아산 중학생 국어과외,"아산 중학생 국어 과외 수업을 고민 중이라면 잘하는 부분과 보완할 부분을 나누어 시작합니다. 지역과 일정에 따라 1:1 방문수업 또는 화상수업으로 진행하며, 문학·비문학 독해와 문법을 기본으로 학교별… 방식으로 수업하고 있습니다.",학교 내신과 국어 기본기를 함께 준비할 1:1 중등 국어과외 탐색,"핵심 고민은 “문학과 비문학 지문을 감으로 풀거나 문법 개념이 부족하고, 학교 시험의 서술형·수행평가 대비가 어려움”입니다.","문학, 비문학, 문법, 어휘, 학교별 내신, 서술형, 수행평가, 오답관리","지역과 일정에 따라 1:1 방문수업 또는 화상수업으로 진행하며, 문학·비문학 독해와 문법을 기본으로 학교별 내신, 서술형과 수행평가까지 학생의 취약 부분에 맞춰 지도","지문을 근거로 읽고 문제를 해결하는 방법을 익히며, 부족한 영역을 파악해 내신과 고등 국어 학습에 필요한 기본기 강화",코칭형,middle_korean
324,https://kimstutoring.co.kr,asan-high-korean,publish,ko,충청남도,아산,국어,고등학생,아산 고등학생 국어과외,아산 고등학생 국어과외,"고등학생 국어 과외 공부를 처음 시작한다면 아산에서도 기초부터 1:1로 배울 수 있습니다. 지역과 일정에 따라 1:1 방문수업 또는 화상수업으로 진행하며, 문학과 독서의 지문 분석부터 학교별 내신,… 방식으로 수업하고 있습니다.",내신과 모의고사·수능을 함께 대비할 1:1 고등 국어과외 탐색,"핵심 고민은 “긴 지문의 핵심을 빠르게 파악하기 어렵거나 문학·독서·문법 영역별 편차가 크고, 모의고사에서 시간 관리와…”입니다.","문학, 독서, 화법과 언어, 작문, 학교별 내신, 모의고사, 수능, 취약영역, 오답분석","지역과 일정에 따라 1:1 방문수업 또는 화상수업으로 진행하며, 문학과 독서의 지문 분석부터 학교별 내신, 모의고사와 수능 대비, 취약영역 및 오답분석까지 현재 실력과 목표에 맞춰 지도","지문을 분석하는 기준과 문제 접근 방법을 익히고, 취약영역과 반복되는 오답을 점검하면서 내신·모의고사·수능 학습의 방향을 구체화",전문형,high_korean
325,https://kimstutoring.co.kr,dangjin-elementary-english,publish,ko,충청남도,당진,영어,초등학생,당진 초등학생 영어과외,당진 초등학생 영어과외,"초등학생 영어 과외 때문에 고민이 있다면 당진 수업에서 지금 필요한 연습부터 함께 해볼 수 있습니다. 지역과 일정에 따라 1:1 방문수업 또는 화상수업으로 진행하며, 기초 어휘와 문장 이해, 읽기 학습을 학생의… 방식으로 수업하고 있습니다.",초등학생 수준에 맞춰 영어 기초와 꾸준한 학습 습관을 기르는 1:1 온라인 과외 찾기,핵심 고민은 “기초 어휘가 부족하고 짧은 문장의 뜻을 이해하거나 꾸준히 읽는 데 어려움이 있음”입니다.,"기초 어휘, 문장 이해, 짧은 글 읽기, 학습 습관","지역과 일정에 따라 1:1 방문수업 또는 화상수업으로 진행하며, 기초 어휘와 문장 이해, 읽기 학습을 학생의 수준과 학습 속도에 맞춰 지도",익숙한 어휘로 짧은 문장의 뜻을 파악하고 스스로 읽고 복습하는 습관 형성,친근형,elementary_english
326,https://kimstutoring.co.kr,dangjin-middle-english,publish,ko,충청남도,당진,영어,중학생,당진 중학생 영어과외,당진 중학생 영어과외,"당진 중학생 영어 과외 수업을 고민 중이라면 잘하는 부분과 보완할 부분을 나누어 시작합니다. 지역과 일정에 따라 1:1 방문수업 또는 화상수업으로 진행하며, 어휘·문법·독해를 기본으로 학교별 내신과… 방식으로 수업하고 있습니다.",중학생 영어 문법과 독해를 보완하고 학교별 내신과 서술형 및 수행평가를 준비하는 온라인 과외 찾기,핵심 고민은 “어휘와 문법을 배워도 지문에 적용하기 어렵고 서술형 답안과 수행평가 준비가 막막함”입니다.,"어휘, 문법, 독해, 학교별 내신, 서술형, 수행평가","지역과 일정에 따라 1:1 방문수업 또는 화상수업으로 진행하며, 어휘·문법·독해를 기본으로 학교별 내신과 서술형, 수행평가까지 학생의 취약 부분에 맞춰 지도",문법 근거를 설명하며 지문을 읽고 학교 평가 기준에 맞춰 답안을 작성하는 능력 향상,코칭형,middle_english
327,https://kimstutoring.co.kr,dangjin-high-english,publish,ko,충청남도,당진,영어,고등학생,당진 고등학생 영어과외,당진 고등학생 영어과외,"고등학생 영어 과외 때문에 고민이 있다면 당진 수업에서 지금 필요한 연습부터 함께 해볼 수 있습니다. 지역과 일정에 따라 1:1 방문수업 또는 화상수업으로 진행하며, 어휘·구문독해부터 학교별 내신, 모의고사와 수능… 방식으로 수업하고 있습니다.",고등학생 영어 내신과 모의고사 및 수능 준비를 현재 수준에 맞춰 병행하는 온라인 과외 찾기,핵심 고민은 “긴 문장의 구조를 파악하기 어렵고 내신과 모의고사 지문을 읽는 데 시간이 오래 걸림”입니다.,"어휘, 구문독해, 학교별 내신, 모의고사, 수능","지역과 일정에 따라 1:1 방문수업 또는 화상수업으로 진행하며, 어휘·구문독해부터 학교별 내신, 모의고사와 수능 대비까지 현재 실력과 목표에 맞춰 지도",복잡한 문장의 구조를 파악하고 지문의 근거를 바탕으로 답을 선택하는 독해 능력 향상,전문형,high_english
328,https://kimstutoring.co.kr,dangjin-elementary-math,publish,ko,충청남도,당진,수학,초등학생,당진 초등학생 수학과외,당진 초등학생 수학과외,"당진 초등학생 수학 과외 수업을 고민 중이라면 잘하는 부분과 보완할 부분을 나누어 시작합니다. 지역과 일정에 따라 1:1 방문수업 또는 화상수업으로 진행하며, 연산과 기초개념을 탄탄히 다지고 문제를 이해하는… 방식으로 수업하고 있습니다.",초등학생 수학 연산과 기초개념을 다지고 문제 이해와 풀이 습관을 기르는 온라인 과외 찾기,핵심 고민은 “계산 실수가 반복되고 문장형 문제에서 무엇을 구해야 하는지 파악하기 어려움”입니다.,"연산, 기초개념, 문제 이해, 풀이 습관","지역과 일정에 따라 1:1 방문수업 또는 화상수업으로 진행하며, 연산과 기초개념을 탄탄히 다지고 문제를 이해하는 과정과 올바른 풀이 습관을 학생 수준에 맞춰 지도",계산 과정을 점검하고 문제의 조건을 이해하며 풀이 순서를 정리하는 습관 형성,친근형,elementary_math
329,https://kimstutoring.co.kr,dangjin-middle-math,publish,ko,충청남도,당진,수학,중학생,당진 중학생 수학과외,당진 중학생 수학과외,"당진 중학생 수학 과외 수업을 고민 중이라면 잘하는 부분과 보완할 부분을 나누어 시작합니다. 지역과 일정에 따라 1:1 방문수업 또는 화상수업으로 진행하며, 개념 이해와 유형별 문제풀이를 연결하고 학교별… 방식으로 수업하고 있습니다.",중학생 수학 개념과 유형별 문제풀이를 연결하고 내신 및 서술형을 준비하는 온라인 과외 찾기,핵심 고민은 “개념을 외워도 문제 유형이 바뀌면 적용하기 어렵고 같은 오답과 풀이 과정 누락이 반복됨”입니다.,"개념, 유형별 문제풀이, 학교별 내신, 서술형, 오답관리","지역과 일정에 따라 1:1 방문수업 또는 화상수업으로 진행하며, 개념 이해와 유형별 문제풀이를 연결하고 학교별 내신, 서술형, 오답관리까지 취약 단원에 맞춰 지도",문제에 맞는 개념을 선택하고 풀이 근거를 순서대로 쓰며 반복되는 실수를 줄이는 능력 향상,코칭형,middle_math
330,https://kimstutoring.co.kr,dangjin-high-math,publish,ko,충청남도,당진,수학,고등학생,당진 고등학생 수학과외,당진 고등학생 수학과외,"고등학생 수학 과외 공부를 처음 시작한다면 당진에서도 기초부터 1:1로 배울 수 있습니다. 지역과 일정에 따라 1:1 방문수업 또는 화상수업으로 진행하며, 개념과 유형별 문제풀이부터 학교별 내신,… 방식으로 수업하고 있습니다.",고등학생 수학 취약단원을 보완하면서 내신과 모의고사 및 수능을 준비하는 온라인 과외 찾기,핵심 고민은 “개념 사이의 연결이 약하고 복합 문제의 접근 방법을 찾기 어려우며 취약단원에서 오답이 반복됨”입니다.,"개념, 유형별 문제풀이, 학교별 내신, 모의고사, 수능, 취약단원, 오답분석","지역과 일정에 따라 1:1 방문수업 또는 화상수업으로 진행하며, 개념과 유형별 문제풀이부터 학교별 내신, 모의고사와 수능 대비, 취약단원 및 오답분석까지 목표에 맞춰 지도",취약단원의 개념을 연결하고 문제 조건에 맞는 풀이 전략을 선택하며 오답 원인을 스스로 설명하는 능력 향상,전문형,high_math
331,https://kimstutoring.co.kr,dangjin-elementary-korean,publish,ko,충청남도,당진,국어,초등학생,당진 초등학생 국어과외,당진 초등학생 국어과외,"초등학생 국어 과외 공부를 처음 시작한다면 당진에서도 기초부터 1:1로 배울 수 있습니다. 지역과 일정에 따라 1:1 방문수업 또는 화상수업으로 진행하며, 어휘와 독해를 바탕으로 글의 내용을 이해하고… 방식으로 수업하고 있습니다.",초등학생의 국어 기초와 문해력을 잡아줄 1:1 국어과외 탐색,핵심 고민은 “글을 읽어도 내용을 정확히 이해하지 못하거나 어휘력이 부족해 문제의 뜻을 파악하는 데 어려움”입니다.,"어휘, 독해, 문장 이해, 글의 중심내용 파악, 기초 문해력, 글쓰기, 학습 습관","지역과 일정에 따라 1:1 방문수업 또는 화상수업으로 진행하며, 어휘와 독해를 바탕으로 글의 내용을 이해하고 자신의 생각을 표현하는 힘을 학생의 수준과 학습 속도에 맞춰 지도","글을 읽고 핵심 내용을 파악하는 힘을 기르고, 국어뿐 아니라 다른 과목의 문제를 이해하는 데 필요한 기초 문해력과 학습 습관 형성",친근형,elementary_korean
332,https://kimstutoring.co.kr,dangjin-middle-korean,publish,ko,충청남도,당진,국어,중학생,당진 중학생 국어과외,당진 중학생 국어과외,"당진 중학생 국어 과외 수업을 고민 중이라면 잘하는 부분과 보완할 부분을 나누어 시작합니다. 지역과 일정에 따라 1:1 방문수업 또는 화상수업으로 진행하며, 문학·비문학 독해와 문법을 기본으로 학교별… 방식으로 수업하고 있습니다.",학교 내신과 국어 기본기를 함께 준비할 1:1 중등 국어과외 탐색,"핵심 고민은 “문학과 비문학 지문을 감으로 풀거나 문법 개념이 부족하고, 학교 시험의 서술형·수행평가 대비가 어려움”입니다.","문학, 비문학, 문법, 어휘, 학교별 내신, 서술형, 수행평가, 오답관리","지역과 일정에 따라 1:1 방문수업 또는 화상수업으로 진행하며, 문학·비문학 독해와 문법을 기본으로 학교별 내신, 서술형과 수행평가까지 학생의 취약 부분에 맞춰 지도","지문을 근거로 읽고 문제를 해결하는 방법을 익히며, 부족한 영역을 파악해 내신과 고등 국어 학습에 필요한 기본기 강화",코칭형,middle_korean
333,https://kimstutoring.co.kr,dangjin-high-korean,publish,ko,충청남도,당진,국어,고등학생,당진 고등학생 국어과외,당진 고등학생 국어과외,"고등학생 국어 과외 공부를 처음 시작한다면 당진에서도 기초부터 1:1로 배울 수 있습니다. 지역과 일정에 따라 1:1 방문수업 또는 화상수업으로 진행하며, 문학과 독서의 지문 분석부터 학교별 내신,… 방식으로 수업하고 있습니다.",내신과 모의고사·수능을 함께 대비할 1:1 고등 국어과외 탐색,"핵심 고민은 “긴 지문의 핵심을 빠르게 파악하기 어렵거나 문학·독서·문법 영역별 편차가 크고, 모의고사에서 시간 관리와…”입니다.","문학, 독서, 화법과 언어, 작문, 학교별 내신, 모의고사, 수능, 취약영역, 오답분석","지역과 일정에 따라 1:1 방문수업 또는 화상수업으로 진행하며, 문학과 독서의 지문 분석부터 학교별 내신, 모의고사와 수능 대비, 취약영역 및 오답분석까지 현재 실력과 목표에 맞춰 지도","지문을 분석하는 기준과 문제 접근 방법을 익히고, 취약영역과 반복되는 오답을 점검하면서 내신·모의고사·수능 학습의 방향을 구체화",전문형,high_korean
334,https://kimstutoring.co.kr,seosan-elementary-english,publish,ko,충청남도,서산,영어,초등학생,서산 초등학생 영어과외,서산 초등학생 영어과외,"초등학생 영어 과외 공부를 처음 시작한다면 서산에서도 기초부터 1:1로 배울 수 있습니다. 지역과 일정에 따라 1:1 방문수업 또는 화상수업으로 진행하며, 기초 어휘와 문장 이해, 읽기 학습을 학생의… 방식으로 수업하고 있습니다.",초등학생 수준에 맞춰 영어 기초와 꾸준한 학습 습관을 기르는 1:1 온라인 과외 찾기,핵심 고민은 “기초 어휘가 부족하고 짧은 문장의 뜻을 이해하거나 꾸준히 읽는 데 어려움이 있음”입니다.,"기초 어휘, 문장 이해, 짧은 글 읽기, 학습 습관","지역과 일정에 따라 1:1 방문수업 또는 화상수업으로 진행하며, 기초 어휘와 문장 이해, 읽기 학습을 학생의 수준과 학습 속도에 맞춰 지도",익숙한 어휘로 짧은 문장의 뜻을 파악하고 스스로 읽고 복습하는 습관 형성,친근형,elementary_english
335,https://kimstutoring.co.kr,seosan-middle-english,publish,ko,충청남도,서산,영어,중학생,서산 중학생 영어과외,서산 중학생 영어과외,"중학생 영어 과외 때문에 고민이 있다면 서산 수업에서 지금 필요한 연습부터 함께 해볼 수 있습니다. 지역과 일정에 따라 1:1 방문수업 또는 화상수업으로 진행하며, 어휘·문법·독해를 기본으로 학교별 내신과… 방식으로 수업하고 있습니다.",중학생 영어 문법과 독해를 보완하고 학교별 내신과 서술형 및 수행평가를 준비하는 온라인 과외 찾기,핵심 고민은 “어휘와 문법을 배워도 지문에 적용하기 어렵고 서술형 답안과 수행평가 준비가 막막함”입니다.,"어휘, 문법, 독해, 학교별 내신, 서술형, 수행평가","지역과 일정에 따라 1:1 방문수업 또는 화상수업으로 진행하며, 어휘·문법·독해를 기본으로 학교별 내신과 서술형, 수행평가까지 학생의 취약 부분에 맞춰 지도",문법 근거를 설명하며 지문을 읽고 학교 평가 기준에 맞춰 답안을 작성하는 능력 향상,코칭형,middle_english
336,https://kimstutoring.co.kr,seosan-high-english,publish,ko,충청남도,서산,영어,고등학생,서산 고등학생 영어과외,서산 고등학생 영어과외,"고등학생 영어 과외 공부를 처음 시작한다면 서산에서도 기초부터 1:1로 배울 수 있습니다. 지역과 일정에 따라 1:1 방문수업 또는 화상수업으로 진행하며, 어휘·구문독해부터 학교별 내신, 모의고사와 수능… 방식으로 수업하고 있습니다.",고등학생 영어 내신과 모의고사 및 수능 준비를 현재 수준에 맞춰 병행하는 온라인 과외 찾기,핵심 고민은 “긴 문장의 구조를 파악하기 어렵고 내신과 모의고사 지문을 읽는 데 시간이 오래 걸림”입니다.,"어휘, 구문독해, 학교별 내신, 모의고사, 수능","지역과 일정에 따라 1:1 방문수업 또는 화상수업으로 진행하며, 어휘·구문독해부터 학교별 내신, 모의고사와 수능 대비까지 현재 실력과 목표에 맞춰 지도",복잡한 문장의 구조를 파악하고 지문의 근거를 바탕으로 답을 선택하는 독해 능력 향상,전문형,high_english
337,https://kimstutoring.co.kr,seosan-elementary-math,publish,ko,충청남도,서산,수학,초등학생,서산 초등학생 수학과외,서산 초등학생 수학과외,"초등학생 수학 과외 때문에 고민이 있다면 서산 수업에서 지금 필요한 연습부터 함께 해볼 수 있습니다. 지역과 일정에 따라 1:1 방문수업 또는 화상수업으로 진행하며, 연산과 기초개념을 탄탄히 다지고 문제를 이해하는… 방식으로 수업하고 있습니다.",초등학생 수학 연산과 기초개념을 다지고 문제 이해와 풀이 습관을 기르는 온라인 과외 찾기,핵심 고민은 “계산 실수가 반복되고 문장형 문제에서 무엇을 구해야 하는지 파악하기 어려움”입니다.,"연산, 기초개념, 문제 이해, 풀이 습관","지역과 일정에 따라 1:1 방문수업 또는 화상수업으로 진행하며, 연산과 기초개념을 탄탄히 다지고 문제를 이해하는 과정과 올바른 풀이 습관을 학생 수준에 맞춰 지도",계산 과정을 점검하고 문제의 조건을 이해하며 풀이 순서를 정리하는 습관 형성,친근형,elementary_math
338,https://kimstutoring.co.kr,seosan-middle-math,publish,ko,충청남도,서산,수학,중학생,서산 중학생 수학과외,서산 중학생 수학과외,"중학생 수학 과외 때문에 고민이 있다면 서산 수업에서 지금 필요한 연습부터 함께 해볼 수 있습니다. 지역과 일정에 따라 1:1 방문수업 또는 화상수업으로 진행하며, 개념 이해와 유형별 문제풀이를 연결하고 학교별… 방식으로 수업하고 있습니다.",중학생 수학 개념과 유형별 문제풀이를 연결하고 내신 및 서술형을 준비하는 온라인 과외 찾기,핵심 고민은 “개념을 외워도 문제 유형이 바뀌면 적용하기 어렵고 같은 오답과 풀이 과정 누락이 반복됨”입니다.,"개념, 유형별 문제풀이, 학교별 내신, 서술형, 오답관리","지역과 일정에 따라 1:1 방문수업 또는 화상수업으로 진행하며, 개념 이해와 유형별 문제풀이를 연결하고 학교별 내신, 서술형, 오답관리까지 취약 단원에 맞춰 지도",문제에 맞는 개념을 선택하고 풀이 근거를 순서대로 쓰며 반복되는 실수를 줄이는 능력 향상,코칭형,middle_math
339,https://kimstutoring.co.kr,seosan-high-math,publish,ko,충청남도,서산,수학,고등학생,서산 고등학생 수학과외,서산 고등학생 수학과외,"서산에서 고등학생 수학 과외 실력을 늘리고 싶다면 자주 막히는 부분부터 직접 다뤄봅니다. 지역과 일정에 따라 1:1 방문수업 또는 화상수업으로 진행하며, 개념과 유형별 문제풀이부터 학교별 내신,… 방식으로 수업하고 있습니다.",고등학생 수학 취약단원을 보완하면서 내신과 모의고사 및 수능을 준비하는 온라인 과외 찾기,핵심 고민은 “개념 사이의 연결이 약하고 복합 문제의 접근 방법을 찾기 어려우며 취약단원에서 오답이 반복됨”입니다.,"개념, 유형별 문제풀이, 학교별 내신, 모의고사, 수능, 취약단원, 오답분석","지역과 일정에 따라 1:1 방문수업 또는 화상수업으로 진행하며, 개념과 유형별 문제풀이부터 학교별 내신, 모의고사와 수능 대비, 취약단원 및 오답분석까지 목표에 맞춰 지도",취약단원의 개념을 연결하고 문제 조건에 맞는 풀이 전략을 선택하며 오답 원인을 스스로 설명하는 능력 향상,전문형,high_math
340,https://kimstutoring.co.kr,seosan-elementary-korean,publish,ko,충청남도,서산,국어,초등학생,서산 초등학생 국어과외,서산 초등학생 국어과외,"서산에서 초등학생 국어 과외 실력을 늘리고 싶다면 자주 막히는 부분부터 직접 다뤄봅니다. 지역과 일정에 따라 1:1 방문수업 또는 화상수업으로 진행하며, 어휘와 독해를 바탕으로 글의 내용을 이해하고… 방식으로 수업하고 있습니다.",초등학생의 국어 기초와 문해력을 잡아줄 1:1 국어과외 탐색,핵심 고민은 “글을 읽어도 내용을 정확히 이해하지 못하거나 어휘력이 부족해 문제의 뜻을 파악하는 데 어려움”입니다.,"어휘, 독해, 문장 이해, 글의 중심내용 파악, 기초 문해력, 글쓰기, 학습 습관","지역과 일정에 따라 1:1 방문수업 또는 화상수업으로 진행하며, 어휘와 독해를 바탕으로 글의 내용을 이해하고 자신의 생각을 표현하는 힘을 학생의 수준과 학습 속도에 맞춰 지도","글을 읽고 핵심 내용을 파악하는 힘을 기르고, 국어뿐 아니라 다른 과목의 문제를 이해하는 데 필요한 기초 문해력과 학습 습관 형성",친근형,elementary_korean
341,https://kimstutoring.co.kr,seosan-middle-korean,publish,ko,충청남도,서산,국어,중학생,서산 중학생 국어과외,서산 중학생 국어과외,"중학생 국어 과외 때문에 고민이 있다면 서산 수업에서 지금 필요한 연습부터 함께 해볼 수 있습니다. 지역과 일정에 따라 1:1 방문수업 또는 화상수업으로 진행하며, 문학·비문학 독해와 문법을 기본으로 학교별… 방식으로 수업하고 있습니다.",학교 내신과 국어 기본기를 함께 준비할 1:1 중등 국어과외 탐색,"핵심 고민은 “문학과 비문학 지문을 감으로 풀거나 문법 개념이 부족하고, 학교 시험의 서술형·수행평가 대비가 어려움”입니다.","문학, 비문학, 문법, 어휘, 학교별 내신, 서술형, 수행평가, 오답관리","지역과 일정에 따라 1:1 방문수업 또는 화상수업으로 진행하며, 문학·비문학 독해와 문법을 기본으로 학교별 내신, 서술형과 수행평가까지 학생의 취약 부분에 맞춰 지도","지문을 근거로 읽고 문제를 해결하는 방법을 익히며, 부족한 영역을 파악해 내신과 고등 국어 학습에 필요한 기본기 강화",코칭형,middle_korean
342,https://kimstutoring.co.kr,seosan-high-korean,publish,ko,충청남도,서산,국어,고등학생,서산 고등학생 국어과외,서산 고등학생 국어과외,"서산에서 고등학생 국어 과외 실력을 늘리고 싶다면 자주 막히는 부분부터 직접 다뤄봅니다. 지역과 일정에 따라 1:1 방문수업 또는 화상수업으로 진행하며, 문학과 독서의 지문 분석부터 학교별 내신,… 방식으로 수업하고 있습니다.",내신과 모의고사·수능을 함께 대비할 1:1 고등 국어과외 탐색,"핵심 고민은 “긴 지문의 핵심을 빠르게 파악하기 어렵거나 문학·독서·문법 영역별 편차가 크고, 모의고사에서 시간 관리와…”입니다.","문학, 독서, 화법과 언어, 작문, 학교별 내신, 모의고사, 수능, 취약영역, 오답분석","지역과 일정에 따라 1:1 방문수업 또는 화상수업으로 진행하며, 문학과 독서의 지문 분석부터 학교별 내신, 모의고사와 수능 대비, 취약영역 및 오답분석까지 현재 실력과 목표에 맞춰 지도","지문을 분석하는 기준과 문제 접근 방법을 익히고, 취약영역과 반복되는 오답을 점검하면서 내신·모의고사·수능 학습의 방향을 구체화",전문형,high_korean
343,https://kimstutoring.co.kr,sejong-elementary-english,publish,ko,세종특별자치시,세종,영어,초등학생,세종 초등학생 영어과외,세종 초등학생 영어과외,"세종에서 초등학생 영어 과외 수업을 찾고 계신다면 지금 필요한 내용부터 시작할 수 있습니다. 지역과 일정에 따라 1:1 방문수업 또는 화상수업으로 진행하며, 기초 어휘와 문장 이해, 읽기 학습을 학생의… 방식으로 수업하고 있습니다.",초등학생 수준에 맞춰 영어 기초와 꾸준한 학습 습관을 기르는 1:1 온라인 과외 찾기,핵심 고민은 “기초 어휘가 부족하고 짧은 문장의 뜻을 이해하거나 꾸준히 읽는 데 어려움이 있음”입니다.,"기초 어휘, 문장 이해, 짧은 글 읽기, 학습 습관","지역과 일정에 따라 1:1 방문수업 또는 화상수업으로 진행하며, 기초 어휘와 문장 이해, 읽기 학습을 학생의 수준과 학습 속도에 맞춰 지도",익숙한 어휘로 짧은 문장의 뜻을 파악하고 스스로 읽고 복습하는 습관 형성,친근형,elementary_english
344,https://kimstutoring.co.kr,sejong-middle-english,publish,ko,세종특별자치시,세종,영어,중학생,세종 중학생 영어과외,세종 중학생 영어과외,"세종 중학생 영어 과외 수업은 정해진 진도보다 현재 실력과 배우는 이유를 중요하게 봅니다. 지역과 일정에 따라 1:1 방문수업 또는 화상수업으로 진행하며, 어휘·문법·독해를 기본으로 학교별 내신과… 방식으로 수업하고 있습니다.",중학생 영어 문법과 독해를 보완하고 학교별 내신과 서술형 및 수행평가를 준비하는 온라인 과외 찾기,핵심 고민은 “어휘와 문법을 배워도 지문에 적용하기 어렵고 서술형 답안과 수행평가 준비가 막막함”입니다.,"어휘, 문법, 독해, 학교별 내신, 서술형, 수행평가","지역과 일정에 따라 1:1 방문수업 또는 화상수업으로 진행하며, 어휘·문법·독해를 기본으로 학교별 내신과 서술형, 수행평가까지 학생의 취약 부분에 맞춰 지도",문법 근거를 설명하며 지문을 읽고 학교 평가 기준에 맞춰 답안을 작성하는 능력 향상,코칭형,middle_english
345,https://kimstutoring.co.kr,sejong-high-english,publish,ko,세종특별자치시,세종,영어,고등학생,세종 고등학생 영어과외,세종 고등학생 영어과외,"고등학생 영어 과외 공부를 다시 시작하려는 분께 세종 1:1 수업이 맞는 출발점을 찾아드립니다. 지역과 일정에 따라 1:1 방문수업 또는 화상수업으로 진행하며, 어휘·구문독해부터 학교별 내신, 모의고사와 수능… 방식으로 수업하고 있습니다.",고등학생 영어 내신과 모의고사 및 수능 준비를 현재 수준에 맞춰 병행하는 온라인 과외 찾기,핵심 고민은 “긴 문장의 구조를 파악하기 어렵고 내신과 모의고사 지문을 읽는 데 시간이 오래 걸림”입니다.,"어휘, 구문독해, 학교별 내신, 모의고사, 수능","지역과 일정에 따라 1:1 방문수업 또는 화상수업으로 진행하며, 어휘·구문독해부터 학교별 내신, 모의고사와 수능 대비까지 현재 실력과 목표에 맞춰 지도",복잡한 문장의 구조를 파악하고 지문의 근거를 바탕으로 답을 선택하는 독해 능력 향상,전문형,high_english
346,https://kimstutoring.co.kr,sejong-elementary-math,publish,ko,세종특별자치시,세종,수학,초등학생,세종 초등학생 수학과외,세종 초등학생 수학과외,"세종 초등학생 수학 과외 수업은 정해진 진도보다 현재 실력과 배우는 이유를 중요하게 봅니다. 지역과 일정에 따라 1:1 방문수업 또는 화상수업으로 진행하며, 연산과 기초개념을 탄탄히 다지고 문제를 이해하는… 방식으로 수업하고 있습니다.",초등학생 수학 연산과 기초개념을 다지고 문제 이해와 풀이 습관을 기르는 온라인 과외 찾기,핵심 고민은 “계산 실수가 반복되고 문장형 문제에서 무엇을 구해야 하는지 파악하기 어려움”입니다.,"연산, 기초개념, 문제 이해, 풀이 습관","지역과 일정에 따라 1:1 방문수업 또는 화상수업으로 진행하며, 연산과 기초개념을 탄탄히 다지고 문제를 이해하는 과정과 올바른 풀이 습관을 학생 수준에 맞춰 지도",계산 과정을 점검하고 문제의 조건을 이해하며 풀이 순서를 정리하는 습관 형성,친근형,elementary_math
347,https://kimstutoring.co.kr,sejong-middle-math,publish,ko,세종특별자치시,세종,수학,중학생,세종 중학생 수학과외,세종 중학생 수학과외,"세종 중학생 수학 과외 수업은 정해진 진도보다 현재 실력과 배우는 이유를 중요하게 봅니다. 지역과 일정에 따라 1:1 방문수업 또는 화상수업으로 진행하며, 개념 이해와 유형별 문제풀이를 연결하고 학교별… 방식으로 수업하고 있습니다.",중학생 수학 개념과 유형별 문제풀이를 연결하고 내신 및 서술형을 준비하는 온라인 과외 찾기,핵심 고민은 “개념을 외워도 문제 유형이 바뀌면 적용하기 어렵고 같은 오답과 풀이 과정 누락이 반복됨”입니다.,"개념, 유형별 문제풀이, 학교별 내신, 서술형, 오답관리","지역과 일정에 따라 1:1 방문수업 또는 화상수업으로 진행하며, 개념 이해와 유형별 문제풀이를 연결하고 학교별 내신, 서술형, 오답관리까지 취약 단원에 맞춰 지도",문제에 맞는 개념을 선택하고 풀이 근거를 순서대로 쓰며 반복되는 실수를 줄이는 능력 향상,코칭형,middle_math
348,https://kimstutoring.co.kr,sejong-high-math,publish,ko,세종특별자치시,세종,수학,고등학생,세종 고등학생 수학과외,세종 고등학생 수학과외,"세종에서 배우는 고등학생 수학 과외, 실제로 쓰려는 상황에 맞춰 수업 내용을 정합니다. 지역과 일정에 따라 1:1 방문수업 또는 화상수업으로 진행하며, 개념과 유형별 문제풀이부터 학교별 내신,… 방식으로 수업하고 있습니다.",고등학생 수학 취약단원을 보완하면서 내신과 모의고사 및 수능을 준비하는 온라인 과외 찾기,핵심 고민은 “개념 사이의 연결이 약하고 복합 문제의 접근 방법을 찾기 어려우며 취약단원에서 오답이 반복됨”입니다.,"개념, 유형별 문제풀이, 학교별 내신, 모의고사, 수능, 취약단원, 오답분석","지역과 일정에 따라 1:1 방문수업 또는 화상수업으로 진행하며, 개념과 유형별 문제풀이부터 학교별 내신, 모의고사와 수능 대비, 취약단원 및 오답분석까지 목표에 맞춰 지도",취약단원의 개념을 연결하고 문제 조건에 맞는 풀이 전략을 선택하며 오답 원인을 스스로 설명하는 능력 향상,전문형,high_math
349,https://kimstutoring.co.kr,sejong-elementary-korean,publish,ko,세종특별자치시,세종,국어,초등학생,세종 초등학생 국어과외,세종 초등학생 국어과외,"세종에서 배우는 초등학생 국어 과외, 실제로 쓰려는 상황에 맞춰 수업 내용을 정합니다. 지역과 일정에 따라 1:1 방문수업 또는 화상수업으로 진행하며, 어휘와 독해를 바탕으로 글의 내용을 이해하고… 방식으로 수업하고 있습니다.",초등학생의 국어 기초와 문해력을 잡아줄 1:1 국어과외 탐색,핵심 고민은 “글을 읽어도 내용을 정확히 이해하지 못하거나 어휘력이 부족해 문제의 뜻을 파악하는 데 어려움”입니다.,"어휘, 독해, 문장 이해, 글의 중심내용 파악, 기초 문해력, 글쓰기, 학습 습관","지역과 일정에 따라 1:1 방문수업 또는 화상수업으로 진행하며, 어휘와 독해를 바탕으로 글의 내용을 이해하고 자신의 생각을 표현하는 힘을 학생의 수준과 학습 속도에 맞춰 지도","글을 읽고 핵심 내용을 파악하는 힘을 기르고, 국어뿐 아니라 다른 과목의 문제를 이해하는 데 필요한 기초 문해력과 학습 습관 형성",친근형,elementary_korean
350,https://kimstutoring.co.kr,sejong-middle-korean,publish,ko,세종특별자치시,세종,국어,중학생,세종 중학생 국어과외,세종 중학생 국어과외,"세종 중학생 국어 과외 수업은 정해진 진도보다 현재 실력과 배우는 이유를 중요하게 봅니다. 지역과 일정에 따라 1:1 방문수업 또는 화상수업으로 진행하며, 문학·비문학 독해와 문법을 기본으로 학교별… 방식으로 수업하고 있습니다.",학교 내신과 국어 기본기를 함께 준비할 1:1 중등 국어과외 탐색,"핵심 고민은 “문학과 비문학 지문을 감으로 풀거나 문법 개념이 부족하고, 학교 시험의 서술형·수행평가 대비가 어려움”입니다.","문학, 비문학, 문법, 어휘, 학교별 내신, 서술형, 수행평가, 오답관리","지역과 일정에 따라 1:1 방문수업 또는 화상수업으로 진행하며, 문학·비문학 독해와 문법을 기본으로 학교별 내신, 서술형과 수행평가까지 학생의 취약 부분에 맞춰 지도","지문을 근거로 읽고 문제를 해결하는 방법을 익히며, 부족한 영역을 파악해 내신과 고등 국어 학습에 필요한 기본기 강화",코칭형,middle_korean
351,https://kimstutoring.co.kr,sejong-high-korean,publish,ko,세종특별자치시,세종,국어,고등학생,세종 고등학생 국어과외,세종 고등학생 국어과외,"세종에서 배우는 고등학생 국어 과외, 실제로 쓰려는 상황에 맞춰 수업 내용을 정합니다. 지역과 일정에 따라 1:1 방문수업 또는 화상수업으로 진행하며, 문학과 독서의 지문 분석부터 학교별 내신,… 방식으로 수업하고 있습니다.",내신과 모의고사·수능을 함께 대비할 1:1 고등 국어과외 탐색,"핵심 고민은 “긴 지문의 핵심을 빠르게 파악하기 어렵거나 문학·독서·문법 영역별 편차가 크고, 모의고사에서 시간 관리와…”입니다.","문학, 독서, 화법과 언어, 작문, 학교별 내신, 모의고사, 수능, 취약영역, 오답분석","지역과 일정에 따라 1:1 방문수업 또는 화상수업으로 진행하며, 문학과 독서의 지문 분석부터 학교별 내신, 모의고사와 수능 대비, 취약영역 및 오답분석까지 현재 실력과 목표에 맞춰 지도","지문을 분석하는 기준과 문제 접근 방법을 익히고, 취약영역과 반복되는 오답을 점검하면서 내신·모의고사·수능 학습의 방향을 구체화",전문형,high_korean
352,https://kimstutoring.co.kr,cheongju-elementary-english,publish,ko,충청북도,청주,영어,초등학생,청주 초등학생 영어과외,청주 초등학생 영어과외,"초등학생 영어 과외 공부를 처음 시작한다면 청주에서도 기초부터 1:1로 배울 수 있습니다. 지역과 일정에 따라 1:1 방문수업 또는 화상수업으로 진행하며, 기초 어휘와 문장 이해, 읽기 학습을 학생의… 방식으로 수업하고 있습니다.",초등학생 수준에 맞춰 영어 기초와 꾸준한 학습 습관을 기르는 1:1 온라인 과외 찾기,핵심 고민은 “기초 어휘가 부족하고 짧은 문장의 뜻을 이해하거나 꾸준히 읽는 데 어려움이 있음”입니다.,"기초 어휘, 문장 이해, 짧은 글 읽기, 학습 습관","지역과 일정에 따라 1:1 방문수업 또는 화상수업으로 진행하며, 기초 어휘와 문장 이해, 읽기 학습을 학생의 수준과 학습 속도에 맞춰 지도",익숙한 어휘로 짧은 문장의 뜻을 파악하고 스스로 읽고 복습하는 습관 형성,친근형,elementary_english
353,https://kimstutoring.co.kr,cheongju-middle-english,publish,ko,충청북도,청주,영어,중학생,청주 중학생 영어과외,청주 중학생 영어과외,"중학생 영어 과외 때문에 고민이 있다면 청주 수업에서 지금 필요한 연습부터 함께 해볼 수 있습니다. 지역과 일정에 따라 1:1 방문수업 또는 화상수업으로 진행하며, 어휘·문법·독해를 기본으로 학교별 내신과… 방식으로 수업하고 있습니다.",중학생 영어 문법과 독해를 보완하고 학교별 내신과 서술형 및 수행평가를 준비하는 온라인 과외 찾기,핵심 고민은 “어휘와 문법을 배워도 지문에 적용하기 어렵고 서술형 답안과 수행평가 준비가 막막함”입니다.,"어휘, 문법, 독해, 학교별 내신, 서술형, 수행평가","지역과 일정에 따라 1:1 방문수업 또는 화상수업으로 진행하며, 어휘·문법·독해를 기본으로 학교별 내신과 서술형, 수행평가까지 학생의 취약 부분에 맞춰 지도",문법 근거를 설명하며 지문을 읽고 학교 평가 기준에 맞춰 답안을 작성하는 능력 향상,코칭형,middle_english
354,https://kimstutoring.co.kr,cheongju-high-english,publish,ko,충청북도,청주,영어,고등학생,청주 고등학생 영어과외,청주 고등학생 영어과외,"고등학생 영어 과외 공부를 처음 시작한다면 청주에서도 기초부터 1:1로 배울 수 있습니다. 지역과 일정에 따라 1:1 방문수업 또는 화상수업으로 진행하며, 어휘·구문독해부터 학교별 내신, 모의고사와 수능… 방식으로 수업하고 있습니다.",고등학생 영어 내신과 모의고사 및 수능 준비를 현재 수준에 맞춰 병행하는 온라인 과외 찾기,핵심 고민은 “긴 문장의 구조를 파악하기 어렵고 내신과 모의고사 지문을 읽는 데 시간이 오래 걸림”입니다.,"어휘, 구문독해, 학교별 내신, 모의고사, 수능","지역과 일정에 따라 1:1 방문수업 또는 화상수업으로 진행하며, 어휘·구문독해부터 학교별 내신, 모의고사와 수능 대비까지 현재 실력과 목표에 맞춰 지도",복잡한 문장의 구조를 파악하고 지문의 근거를 바탕으로 답을 선택하는 독해 능력 향상,전문형,high_english
355,https://kimstutoring.co.kr,cheongju-elementary-math,publish,ko,충청북도,청주,수학,초등학생,청주 초등학생 수학과외,청주 초등학생 수학과외,"초등학생 수학 과외 때문에 고민이 있다면 청주 수업에서 지금 필요한 연습부터 함께 해볼 수 있습니다. 지역과 일정에 따라 1:1 방문수업 또는 화상수업으로 진행하며, 연산과 기초개념을 탄탄히 다지고 문제를 이해하는… 방식으로 수업하고 있습니다.",초등학생 수학 연산과 기초개념을 다지고 문제 이해와 풀이 습관을 기르는 온라인 과외 찾기,핵심 고민은 “계산 실수가 반복되고 문장형 문제에서 무엇을 구해야 하는지 파악하기 어려움”입니다.,"연산, 기초개념, 문제 이해, 풀이 습관","지역과 일정에 따라 1:1 방문수업 또는 화상수업으로 진행하며, 연산과 기초개념을 탄탄히 다지고 문제를 이해하는 과정과 올바른 풀이 습관을 학생 수준에 맞춰 지도",계산 과정을 점검하고 문제의 조건을 이해하며 풀이 순서를 정리하는 습관 형성,친근형,elementary_math
356,https://kimstutoring.co.kr,cheongju-middle-math,publish,ko,충청북도,청주,수학,중학생,청주 중학생 수학과외,청주 중학생 수학과외,"중학생 수학 과외 때문에 고민이 있다면 청주 수업에서 지금 필요한 연습부터 함께 해볼 수 있습니다. 지역과 일정에 따라 1:1 방문수업 또는 화상수업으로 진행하며, 개념 이해와 유형별 문제풀이를 연결하고 학교별… 방식으로 수업하고 있습니다.",중학생 수학 개념과 유형별 문제풀이를 연결하고 내신 및 서술형을 준비하는 온라인 과외 찾기,핵심 고민은 “개념을 외워도 문제 유형이 바뀌면 적용하기 어렵고 같은 오답과 풀이 과정 누락이 반복됨”입니다.,"개념, 유형별 문제풀이, 학교별 내신, 서술형, 오답관리","지역과 일정에 따라 1:1 방문수업 또는 화상수업으로 진행하며, 개념 이해와 유형별 문제풀이를 연결하고 학교별 내신, 서술형, 오답관리까지 취약 단원에 맞춰 지도",문제에 맞는 개념을 선택하고 풀이 근거를 순서대로 쓰며 반복되는 실수를 줄이는 능력 향상,코칭형,middle_math
357,https://kimstutoring.co.kr,cheongju-high-math,publish,ko,충청북도,청주,수학,고등학생,청주 고등학생 수학과외,청주 고등학생 수학과외,"청주에서 고등학생 수학 과외 실력을 늘리고 싶다면 자주 막히는 부분부터 직접 다뤄봅니다. 지역과 일정에 따라 1:1 방문수업 또는 화상수업으로 진행하며, 개념과 유형별 문제풀이부터 학교별 내신,… 방식으로 수업하고 있습니다.",고등학생 수학 취약단원을 보완하면서 내신과 모의고사 및 수능을 준비하는 온라인 과외 찾기,핵심 고민은 “개념 사이의 연결이 약하고 복합 문제의 접근 방법을 찾기 어려우며 취약단원에서 오답이 반복됨”입니다.,"개념, 유형별 문제풀이, 학교별 내신, 모의고사, 수능, 취약단원, 오답분석","지역과 일정에 따라 1:1 방문수업 또는 화상수업으로 진행하며, 개념과 유형별 문제풀이부터 학교별 내신, 모의고사와 수능 대비, 취약단원 및 오답분석까지 목표에 맞춰 지도",취약단원의 개념을 연결하고 문제 조건에 맞는 풀이 전략을 선택하며 오답 원인을 스스로 설명하는 능력 향상,전문형,high_math
358,https://kimstutoring.co.kr,cheongju-elementary-korean,publish,ko,충청북도,청주,국어,초등학생,청주 초등학생 국어과외,청주 초등학생 국어과외,"청주에서 초등학생 국어 과외 실력을 늘리고 싶다면 자주 막히는 부분부터 직접 다뤄봅니다. 지역과 일정에 따라 1:1 방문수업 또는 화상수업으로 진행하며, 어휘와 독해를 바탕으로 글의 내용을 이해하고… 방식으로 수업하고 있습니다.",초등학생의 국어 기초와 문해력을 잡아줄 1:1 국어과외 탐색,핵심 고민은 “글을 읽어도 내용을 정확히 이해하지 못하거나 어휘력이 부족해 문제의 뜻을 파악하는 데 어려움”입니다.,"어휘, 독해, 문장 이해, 글의 중심내용 파악, 기초 문해력, 글쓰기, 학습 습관","지역과 일정에 따라 1:1 방문수업 또는 화상수업으로 진행하며, 어휘와 독해를 바탕으로 글의 내용을 이해하고 자신의 생각을 표현하는 힘을 학생의 수준과 학습 속도에 맞춰 지도","글을 읽고 핵심 내용을 파악하는 힘을 기르고, 국어뿐 아니라 다른 과목의 문제를 이해하는 데 필요한 기초 문해력과 학습 습관 형성",친근형,elementary_korean
359,https://kimstutoring.co.kr,cheongju-middle-korean,publish,ko,충청북도,청주,국어,중학생,청주 중학생 국어과외,청주 중학생 국어과외,"중학생 국어 과외 때문에 고민이 있다면 청주 수업에서 지금 필요한 연습부터 함께 해볼 수 있습니다. 지역과 일정에 따라 1:1 방문수업 또는 화상수업으로 진행하며, 문학·비문학 독해와 문법을 기본으로 학교별… 방식으로 수업하고 있습니다.",학교 내신과 국어 기본기를 함께 준비할 1:1 중등 국어과외 탐색,"핵심 고민은 “문학과 비문학 지문을 감으로 풀거나 문법 개념이 부족하고, 학교 시험의 서술형·수행평가 대비가 어려움”입니다.","문학, 비문학, 문법, 어휘, 학교별 내신, 서술형, 수행평가, 오답관리","지역과 일정에 따라 1:1 방문수업 또는 화상수업으로 진행하며, 문학·비문학 독해와 문법을 기본으로 학교별 내신, 서술형과 수행평가까지 학생의 취약 부분에 맞춰 지도","지문을 근거로 읽고 문제를 해결하는 방법을 익히며, 부족한 영역을 파악해 내신과 고등 국어 학습에 필요한 기본기 강화",코칭형,middle_korean
360,https://kimstutoring.co.kr,cheongju-high-korean,publish,ko,충청북도,청주,국어,고등학생,청주 고등학생 국어과외,청주 고등학생 국어과외,"청주에서 고등학생 국어 과외 실력을 늘리고 싶다면 자주 막히는 부분부터 직접 다뤄봅니다. 지역과 일정에 따라 1:1 방문수업 또는 화상수업으로 진행하며, 문학과 독서의 지문 분석부터 학교별 내신,… 방식으로 수업하고 있습니다.",내신과 모의고사·수능을 함께 대비할 1:1 고등 국어과외 탐색,"핵심 고민은 “긴 지문의 핵심을 빠르게 파악하기 어렵거나 문학·독서·문법 영역별 편차가 크고, 모의고사에서 시간 관리와…”입니다.","문학, 독서, 화법과 언어, 작문, 학교별 내신, 모의고사, 수능, 취약영역, 오답분석","지역과 일정에 따라 1:1 방문수업 또는 화상수업으로 진행하며, 문학과 독서의 지문 분석부터 학교별 내신, 모의고사와 수능 대비, 취약영역 및 오답분석까지 현재 실력과 목표에 맞춰 지도","지문을 분석하는 기준과 문제 접근 방법을 익히고, 취약영역과 반복되는 오답을 점검하면서 내신·모의고사·수능 학습의 방향을 구체화",전문형,high_korean
361,https://kimstutoring.co.kr,chungju-elementary-english,publish,ko,충청북도,충주,영어,초등학생,충주 초등학생 영어과외,충주 초등학생 영어과외,"충주 초등학생 영어 과외 수업은 정해진 진도보다 현재 실력과 배우는 이유를 중요하게 봅니다. 지역과 일정에 따라 1:1 방문수업 또는 화상수업으로 진행하며, 기초 어휘와 문장 이해, 읽기 학습을 학생의… 방식으로 수업하고 있습니다.",초등학생 수준에 맞춰 영어 기초와 꾸준한 학습 습관을 기르는 1:1 온라인 과외 찾기,핵심 고민은 “기초 어휘가 부족하고 짧은 문장의 뜻을 이해하거나 꾸준히 읽는 데 어려움이 있음”입니다.,"기초 어휘, 문장 이해, 짧은 글 읽기, 학습 습관","지역과 일정에 따라 1:1 방문수업 또는 화상수업으로 진행하며, 기초 어휘와 문장 이해, 읽기 학습을 학생의 수준과 학습 속도에 맞춰 지도",익숙한 어휘로 짧은 문장의 뜻을 파악하고 스스로 읽고 복습하는 습관 형성,친근형,elementary_english
362,https://kimstutoring.co.kr,chungju-middle-english,publish,ko,충청북도,충주,영어,중학생,충주 중학생 영어과외,충주 중학생 영어과외,"중학생 영어 과외 공부를 다시 시작하려는 분께 충주 1:1 수업이 맞는 출발점을 찾아드립니다. 지역과 일정에 따라 1:1 방문수업 또는 화상수업으로 진행하며, 어휘·문법·독해를 기본으로 학교별 내신과… 방식으로 수업하고 있습니다.",중학생 영어 문법과 독해를 보완하고 학교별 내신과 서술형 및 수행평가를 준비하는 온라인 과외 찾기,핵심 고민은 “어휘와 문법을 배워도 지문에 적용하기 어렵고 서술형 답안과 수행평가 준비가 막막함”입니다.,"어휘, 문법, 독해, 학교별 내신, 서술형, 수행평가","지역과 일정에 따라 1:1 방문수업 또는 화상수업으로 진행하며, 어휘·문법·독해를 기본으로 학교별 내신과 서술형, 수행평가까지 학생의 취약 부분에 맞춰 지도",문법 근거를 설명하며 지문을 읽고 학교 평가 기준에 맞춰 답안을 작성하는 능력 향상,코칭형,middle_english
363,https://kimstutoring.co.kr,chungju-high-english,publish,ko,충청북도,충주,영어,고등학생,충주 고등학생 영어과외,충주 고등학생 영어과외,"충주에서 배우는 고등학생 영어 과외, 실제로 쓰려는 상황에 맞춰 수업 내용을 정합니다. 지역과 일정에 따라 1:1 방문수업 또는 화상수업으로 진행하며, 어휘·구문독해부터 학교별 내신, 모의고사와 수능… 방식으로 수업하고 있습니다.",고등학생 영어 내신과 모의고사 및 수능 준비를 현재 수준에 맞춰 병행하는 온라인 과외 찾기,핵심 고민은 “긴 문장의 구조를 파악하기 어렵고 내신과 모의고사 지문을 읽는 데 시간이 오래 걸림”입니다.,"어휘, 구문독해, 학교별 내신, 모의고사, 수능","지역과 일정에 따라 1:1 방문수업 또는 화상수업으로 진행하며, 어휘·구문독해부터 학교별 내신, 모의고사와 수능 대비까지 현재 실력과 목표에 맞춰 지도",복잡한 문장의 구조를 파악하고 지문의 근거를 바탕으로 답을 선택하는 독해 능력 향상,전문형,high_english
364,https://kimstutoring.co.kr,chungju-elementary-math,publish,ko,충청북도,충주,수학,초등학생,충주 초등학생 수학과외,충주 초등학생 수학과외,"초등학생 수학 과외 공부를 다시 시작하려는 분께 충주 1:1 수업이 맞는 출발점을 찾아드립니다. 지역과 일정에 따라 1:1 방문수업 또는 화상수업으로 진행하며, 연산과 기초개념을 탄탄히 다지고 문제를 이해하는… 방식으로 수업하고 있습니다.",초등학생 수학 연산과 기초개념을 다지고 문제 이해와 풀이 습관을 기르는 온라인 과외 찾기,핵심 고민은 “계산 실수가 반복되고 문장형 문제에서 무엇을 구해야 하는지 파악하기 어려움”입니다.,"연산, 기초개념, 문제 이해, 풀이 습관","지역과 일정에 따라 1:1 방문수업 또는 화상수업으로 진행하며, 연산과 기초개념을 탄탄히 다지고 문제를 이해하는 과정과 올바른 풀이 습관을 학생 수준에 맞춰 지도",계산 과정을 점검하고 문제의 조건을 이해하며 풀이 순서를 정리하는 습관 형성,친근형,elementary_math
365,https://kimstutoring.co.kr,chungju-middle-math,publish,ko,충청북도,충주,수학,중학생,충주 중학생 수학과외,충주 중학생 수학과외,"중학생 수학 과외 공부를 다시 시작하려는 분께 충주 1:1 수업이 맞는 출발점을 찾아드립니다. 지역과 일정에 따라 1:1 방문수업 또는 화상수업으로 진행하며, 개념 이해와 유형별 문제풀이를 연결하고 학교별… 방식으로 수업하고 있습니다.",중학생 수학 개념과 유형별 문제풀이를 연결하고 내신 및 서술형을 준비하는 온라인 과외 찾기,핵심 고민은 “개념을 외워도 문제 유형이 바뀌면 적용하기 어렵고 같은 오답과 풀이 과정 누락이 반복됨”입니다.,"개념, 유형별 문제풀이, 학교별 내신, 서술형, 오답관리","지역과 일정에 따라 1:1 방문수업 또는 화상수업으로 진행하며, 개념 이해와 유형별 문제풀이를 연결하고 학교별 내신, 서술형, 오답관리까지 취약 단원에 맞춰 지도",문제에 맞는 개념을 선택하고 풀이 근거를 순서대로 쓰며 반복되는 실수를 줄이는 능력 향상,코칭형,middle_math
366,https://kimstutoring.co.kr,chungju-high-math,publish,ko,충청북도,충주,수학,고등학생,충주 고등학생 수학과외,충주 고등학생 수학과외,"충주에서 고등학생 수학 과외 수업을 찾고 계신다면 지금 필요한 내용부터 시작할 수 있습니다. 지역과 일정에 따라 1:1 방문수업 또는 화상수업으로 진행하며, 개념과 유형별 문제풀이부터 학교별 내신,… 방식으로 수업하고 있습니다.",고등학생 수학 취약단원을 보완하면서 내신과 모의고사 및 수능을 준비하는 온라인 과외 찾기,핵심 고민은 “개념 사이의 연결이 약하고 복합 문제의 접근 방법을 찾기 어려우며 취약단원에서 오답이 반복됨”입니다.,"개념, 유형별 문제풀이, 학교별 내신, 모의고사, 수능, 취약단원, 오답분석","지역과 일정에 따라 1:1 방문수업 또는 화상수업으로 진행하며, 개념과 유형별 문제풀이부터 학교별 내신, 모의고사와 수능 대비, 취약단원 및 오답분석까지 목표에 맞춰 지도",취약단원의 개념을 연결하고 문제 조건에 맞는 풀이 전략을 선택하며 오답 원인을 스스로 설명하는 능력 향상,전문형,high_math
367,https://kimstutoring.co.kr,chungju-elementary-korean,publish,ko,충청북도,충주,국어,초등학생,충주 초등학생 국어과외,충주 초등학생 국어과외,"충주에서 초등학생 국어 과외 수업을 찾고 계신다면 지금 필요한 내용부터 시작할 수 있습니다. 지역과 일정에 따라 1:1 방문수업 또는 화상수업으로 진행하며, 어휘와 독해를 바탕으로 글의 내용을 이해하고… 방식으로 수업하고 있습니다.",초등학생의 국어 기초와 문해력을 잡아줄 1:1 국어과외 탐색,핵심 고민은 “글을 읽어도 내용을 정확히 이해하지 못하거나 어휘력이 부족해 문제의 뜻을 파악하는 데 어려움”입니다.,"어휘, 독해, 문장 이해, 글의 중심내용 파악, 기초 문해력, 글쓰기, 학습 습관","지역과 일정에 따라 1:1 방문수업 또는 화상수업으로 진행하며, 어휘와 독해를 바탕으로 글의 내용을 이해하고 자신의 생각을 표현하는 힘을 학생의 수준과 학습 속도에 맞춰 지도","글을 읽고 핵심 내용을 파악하는 힘을 기르고, 국어뿐 아니라 다른 과목의 문제를 이해하는 데 필요한 기초 문해력과 학습 습관 형성",친근형,elementary_korean
368,https://kimstutoring.co.kr,chungju-middle-korean,publish,ko,충청북도,충주,국어,중학생,충주 중학생 국어과외,충주 중학생 국어과외,"중학생 국어 과외 공부를 다시 시작하려는 분께 충주 1:1 수업이 맞는 출발점을 찾아드립니다. 지역과 일정에 따라 1:1 방문수업 또는 화상수업으로 진행하며, 문학·비문학 독해와 문법을 기본으로 학교별… 방식으로 수업하고 있습니다.",학교 내신과 국어 기본기를 함께 준비할 1:1 중등 국어과외 탐색,"핵심 고민은 “문학과 비문학 지문을 감으로 풀거나 문법 개념이 부족하고, 학교 시험의 서술형·수행평가 대비가 어려움”입니다.","문학, 비문학, 문법, 어휘, 학교별 내신, 서술형, 수행평가, 오답관리","지역과 일정에 따라 1:1 방문수업 또는 화상수업으로 진행하며, 문학·비문학 독해와 문법을 기본으로 학교별 내신, 서술형과 수행평가까지 학생의 취약 부분에 맞춰 지도","지문을 근거로 읽고 문제를 해결하는 방법을 익히며, 부족한 영역을 파악해 내신과 고등 국어 학습에 필요한 기본기 강화",코칭형,middle_korean
369,https://kimstutoring.co.kr,chungju-high-korean,publish,ko,충청북도,충주,국어,고등학생,충주 고등학생 국어과외,충주 고등학생 국어과외,"충주에서 고등학생 국어 과외 수업을 찾고 계신다면 지금 필요한 내용부터 시작할 수 있습니다. 지역과 일정에 따라 1:1 방문수업 또는 화상수업으로 진행하며, 문학과 독서의 지문 분석부터 학교별 내신,… 방식으로 수업하고 있습니다.",내신과 모의고사·수능을 함께 대비할 1:1 고등 국어과외 탐색,"핵심 고민은 “긴 지문의 핵심을 빠르게 파악하기 어렵거나 문학·독서·문법 영역별 편차가 크고, 모의고사에서 시간 관리와…”입니다.","문학, 독서, 화법과 언어, 작문, 학교별 내신, 모의고사, 수능, 취약영역, 오답분석","지역과 일정에 따라 1:1 방문수업 또는 화상수업으로 진행하며, 문학과 독서의 지문 분석부터 학교별 내신, 모의고사와 수능 대비, 취약영역 및 오답분석까지 현재 실력과 목표에 맞춰 지도","지문을 분석하는 기준과 문제 접근 방법을 익히고, 취약영역과 반복되는 오답을 점검하면서 내신·모의고사·수능 학습의 방향을 구체화",전문형,high_korean
370,https://kimstutoring.co.kr,daejeon-elementary-english,publish,ko,대전광역시,대전,영어,초등학생,대전 초등학생 영어과외,대전 초등학생 영어과외,"대전에서 초등학생 영어 과외 수업을 찾고 계신다면 지금 필요한 내용부터 시작할 수 있습니다. 지역과 일정에 따라 1:1 방문수업 또는 화상수업으로 진행하며, 기초 어휘와 문장 이해, 읽기 학습을 학생의… 방식으로 수업하고 있습니다.",초등학생 수준에 맞춰 영어 기초와 꾸준한 학습 습관을 기르는 1:1 온라인 과외 찾기,핵심 고민은 “기초 어휘가 부족하고 짧은 문장의 뜻을 이해하거나 꾸준히 읽는 데 어려움이 있음”입니다.,"기초 어휘, 문장 이해, 짧은 글 읽기, 학습 습관","지역과 일정에 따라 1:1 방문수업 또는 화상수업으로 진행하며, 기초 어휘와 문장 이해, 읽기 학습을 학생의 수준과 학습 속도에 맞춰 지도",익숙한 어휘로 짧은 문장의 뜻을 파악하고 스스로 읽고 복습하는 습관 형성,친근형,elementary_english
371,https://kimstutoring.co.kr,daejeon-middle-english,publish,ko,대전광역시,대전,영어,중학생,대전 중학생 영어과외,대전 중학생 영어과외,"대전 중학생 영어 과외 수업은 정해진 진도보다 현재 실력과 배우는 이유를 중요하게 봅니다. 지역과 일정에 따라 1:1 방문수업 또는 화상수업으로 진행하며, 어휘·문법·독해를 기본으로 학교별 내신과… 방식으로 수업하고 있습니다.",중학생 영어 문법과 독해를 보완하고 학교별 내신과 서술형 및 수행평가를 준비하는 온라인 과외 찾기,핵심 고민은 “어휘와 문법을 배워도 지문에 적용하기 어렵고 서술형 답안과 수행평가 준비가 막막함”입니다.,"어휘, 문법, 독해, 학교별 내신, 서술형, 수행평가","지역과 일정에 따라 1:1 방문수업 또는 화상수업으로 진행하며, 어휘·문법·독해를 기본으로 학교별 내신과 서술형, 수행평가까지 학생의 취약 부분에 맞춰 지도",문법 근거를 설명하며 지문을 읽고 학교 평가 기준에 맞춰 답안을 작성하는 능력 향상,코칭형,middle_english
372,https://kimstutoring.co.kr,daejeon-high-english,publish,ko,대전광역시,대전,영어,고등학생,대전 고등학생 영어과외,대전 고등학생 영어과외,"고등학생 영어 과외 공부를 다시 시작하려는 분께 대전 1:1 수업이 맞는 출발점을 찾아드립니다. 지역과 일정에 따라 1:1 방문수업 또는 화상수업으로 진행하며, 어휘·구문독해부터 학교별 내신, 모의고사와 수능… 방식으로 수업하고 있습니다.",고등학생 영어 내신과 모의고사 및 수능 준비를 현재 수준에 맞춰 병행하는 온라인 과외 찾기,핵심 고민은 “긴 문장의 구조를 파악하기 어렵고 내신과 모의고사 지문을 읽는 데 시간이 오래 걸림”입니다.,"어휘, 구문독해, 학교별 내신, 모의고사, 수능","지역과 일정에 따라 1:1 방문수업 또는 화상수업으로 진행하며, 어휘·구문독해부터 학교별 내신, 모의고사와 수능 대비까지 현재 실력과 목표에 맞춰 지도",복잡한 문장의 구조를 파악하고 지문의 근거를 바탕으로 답을 선택하는 독해 능력 향상,전문형,high_english
373,https://kimstutoring.co.kr,daejeon-elementary-math,publish,ko,대전광역시,대전,수학,초등학생,대전 초등학생 수학과외,대전 초등학생 수학과외,"대전 초등학생 수학 과외 수업은 정해진 진도보다 현재 실력과 배우는 이유를 중요하게 봅니다. 지역과 일정에 따라 1:1 방문수업 또는 화상수업으로 진행하며, 연산과 기초개념을 탄탄히 다지고 문제를 이해하는… 방식으로 수업하고 있습니다.",초등학생 수학 연산과 기초개념을 다지고 문제 이해와 풀이 습관을 기르는 온라인 과외 찾기,핵심 고민은 “계산 실수가 반복되고 문장형 문제에서 무엇을 구해야 하는지 파악하기 어려움”입니다.,"연산, 기초개념, 문제 이해, 풀이 습관","지역과 일정에 따라 1:1 방문수업 또는 화상수업으로 진행하며, 연산과 기초개념을 탄탄히 다지고 문제를 이해하는 과정과 올바른 풀이 습관을 학생 수준에 맞춰 지도",계산 과정을 점검하고 문제의 조건을 이해하며 풀이 순서를 정리하는 습관 형성,친근형,elementary_math
374,https://kimstutoring.co.kr,daejeon-middle-math,publish,ko,대전광역시,대전,수학,중학생,대전 중학생 수학과외,대전 중학생 수학과외,"대전 중학생 수학 과외 수업은 정해진 진도보다 현재 실력과 배우는 이유를 중요하게 봅니다. 지역과 일정에 따라 1:1 방문수업 또는 화상수업으로 진행하며, 개념 이해와 유형별 문제풀이를 연결하고 학교별… 방식으로 수업하고 있습니다.",중학생 수학 개념과 유형별 문제풀이를 연결하고 내신 및 서술형을 준비하는 온라인 과외 찾기,핵심 고민은 “개념을 외워도 문제 유형이 바뀌면 적용하기 어렵고 같은 오답과 풀이 과정 누락이 반복됨”입니다.,"개념, 유형별 문제풀이, 학교별 내신, 서술형, 오답관리","지역과 일정에 따라 1:1 방문수업 또는 화상수업으로 진행하며, 개념 이해와 유형별 문제풀이를 연결하고 학교별 내신, 서술형, 오답관리까지 취약 단원에 맞춰 지도",문제에 맞는 개념을 선택하고 풀이 근거를 순서대로 쓰며 반복되는 실수를 줄이는 능력 향상,코칭형,middle_math
375,https://kimstutoring.co.kr,daejeon-high-math,publish,ko,대전광역시,대전,수학,고등학생,대전 고등학생 수학과외,대전 고등학생 수학과외,"대전에서 배우는 고등학생 수학 과외, 실제로 쓰려는 상황에 맞춰 수업 내용을 정합니다. 지역과 일정에 따라 1:1 방문수업 또는 화상수업으로 진행하며, 개념과 유형별 문제풀이부터 학교별 내신,… 방식으로 수업하고 있습니다.",고등학생 수학 취약단원을 보완하면서 내신과 모의고사 및 수능을 준비하는 온라인 과외 찾기,핵심 고민은 “개념 사이의 연결이 약하고 복합 문제의 접근 방법을 찾기 어려우며 취약단원에서 오답이 반복됨”입니다.,"개념, 유형별 문제풀이, 학교별 내신, 모의고사, 수능, 취약단원, 오답분석","지역과 일정에 따라 1:1 방문수업 또는 화상수업으로 진행하며, 개념과 유형별 문제풀이부터 학교별 내신, 모의고사와 수능 대비, 취약단원 및 오답분석까지 목표에 맞춰 지도",취약단원의 개념을 연결하고 문제 조건에 맞는 풀이 전략을 선택하며 오답 원인을 스스로 설명하는 능력 향상,전문형,high_math
376,https://kimstutoring.co.kr,daejeon-elementary-korean,publish,ko,대전광역시,대전,국어,초등학생,대전 초등학생 국어과외,대전 초등학생 국어과외,"대전에서 배우는 초등학생 국어 과외, 실제로 쓰려는 상황에 맞춰 수업 내용을 정합니다. 지역과 일정에 따라 1:1 방문수업 또는 화상수업으로 진행하며, 어휘와 독해를 바탕으로 글의 내용을 이해하고… 방식으로 수업하고 있습니다.",초등학생의 국어 기초와 문해력을 잡아줄 1:1 국어과외 탐색,핵심 고민은 “글을 읽어도 내용을 정확히 이해하지 못하거나 어휘력이 부족해 문제의 뜻을 파악하는 데 어려움”입니다.,"어휘, 독해, 문장 이해, 글의 중심내용 파악, 기초 문해력, 글쓰기, 학습 습관","지역과 일정에 따라 1:1 방문수업 또는 화상수업으로 진행하며, 어휘와 독해를 바탕으로 글의 내용을 이해하고 자신의 생각을 표현하는 힘을 학생의 수준과 학습 속도에 맞춰 지도","글을 읽고 핵심 내용을 파악하는 힘을 기르고, 국어뿐 아니라 다른 과목의 문제를 이해하는 데 필요한 기초 문해력과 학습 습관 형성",친근형,elementary_korean
377,https://kimstutoring.co.kr,daejeon-middle-korean,publish,ko,대전광역시,대전,국어,중학생,대전 중학생 국어과외,대전 중학생 국어과외,"대전 중학생 국어 과외 수업은 정해진 진도보다 현재 실력과 배우는 이유를 중요하게 봅니다. 지역과 일정에 따라 1:1 방문수업 또는 화상수업으로 진행하며, 문학·비문학 독해와 문법을 기본으로 학교별… 방식으로 수업하고 있습니다.",학교 내신과 국어 기본기를 함께 준비할 1:1 중등 국어과외 탐색,"핵심 고민은 “문학과 비문학 지문을 감으로 풀거나 문법 개념이 부족하고, 학교 시험의 서술형·수행평가 대비가 어려움”입니다.","문학, 비문학, 문법, 어휘, 학교별 내신, 서술형, 수행평가, 오답관리","지역과 일정에 따라 1:1 방문수업 또는 화상수업으로 진행하며, 문학·비문학 독해와 문법을 기본으로 학교별 내신, 서술형과 수행평가까지 학생의 취약 부분에 맞춰 지도","지문을 근거로 읽고 문제를 해결하는 방법을 익히며, 부족한 영역을 파악해 내신과 고등 국어 학습에 필요한 기본기 강화",코칭형,middle_korean
378,https://kimstutoring.co.kr,daejeon-high-korean,publish,ko,대전광역시,대전,국어,고등학생,대전 고등학생 국어과외,대전 고등학생 국어과외,"대전에서 배우는 고등학생 국어 과외, 실제로 쓰려는 상황에 맞춰 수업 내용을 정합니다. 지역과 일정에 따라 1:1 방문수업 또는 화상수업으로 진행하며, 문학과 독서의 지문 분석부터 학교별 내신,… 방식으로 수업하고 있습니다.",내신과 모의고사·수능을 함께 대비할 1:1 고등 국어과외 탐색,"핵심 고민은 “긴 지문의 핵심을 빠르게 파악하기 어렵거나 문학·독서·문법 영역별 편차가 크고, 모의고사에서 시간 관리와…”입니다.","문학, 독서, 화법과 언어, 작문, 학교별 내신, 모의고사, 수능, 취약영역, 오답분석","지역과 일정에 따라 1:1 방문수업 또는 화상수업으로 진행하며, 문학과 독서의 지문 분석부터 학교별 내신, 모의고사와 수능 대비, 취약영역 및 오답분석까지 현재 실력과 목표에 맞춰 지도","지문을 분석하는 기준과 문제 접근 방법을 익히고, 취약영역과 반복되는 오답을 점검하면서 내신·모의고사·수능 학습의 방향을 구체화",전문형,high_korean
379,https://kimstutoring.co.kr,gongju-elementary-english,publish,ko,충청남도,공주,영어,초등학생,공주 초등학생 영어과외,공주 초등학생 영어과외,"초등학생 영어 과외 공부를 다시 시작하려는 분께 공주 1:1 수업이 맞는 출발점을 찾아드립니다. 지역과 일정에 따라 1:1 방문수업 또는 화상수업으로 진행하며, 기초 어휘와 문장 이해, 읽기 학습을 학생의… 방식으로 수업하고 있습니다.",초등학생 수준에 맞춰 영어 기초와 꾸준한 학습 습관을 기르는 1:1 온라인 과외 찾기,핵심 고민은 “기초 어휘가 부족하고 짧은 문장의 뜻을 이해하거나 꾸준히 읽는 데 어려움이 있음”입니다.,"기초 어휘, 문장 이해, 짧은 글 읽기, 학습 습관","지역과 일정에 따라 1:1 방문수업 또는 화상수업으로 진행하며, 기초 어휘와 문장 이해, 읽기 학습을 학생의 수준과 학습 속도에 맞춰 지도",익숙한 어휘로 짧은 문장의 뜻을 파악하고 스스로 읽고 복습하는 습관 형성,친근형,elementary_english
380,https://kimstutoring.co.kr,gongju-middle-english,publish,ko,충청남도,공주,영어,중학생,공주 중학생 영어과외,공주 중학생 영어과외,"공주에서 배우는 중학생 영어 과외, 실제로 쓰려는 상황에 맞춰 수업 내용을 정합니다. 지역과 일정에 따라 1:1 방문수업 또는 화상수업으로 진행하며, 어휘·문법·독해를 기본으로 학교별 내신과… 방식으로 수업하고 있습니다.",중학생 영어 문법과 독해를 보완하고 학교별 내신과 서술형 및 수행평가를 준비하는 온라인 과외 찾기,핵심 고민은 “어휘와 문법을 배워도 지문에 적용하기 어렵고 서술형 답안과 수행평가 준비가 막막함”입니다.,"어휘, 문법, 독해, 학교별 내신, 서술형, 수행평가","지역과 일정에 따라 1:1 방문수업 또는 화상수업으로 진행하며, 어휘·문법·독해를 기본으로 학교별 내신과 서술형, 수행평가까지 학생의 취약 부분에 맞춰 지도",문법 근거를 설명하며 지문을 읽고 학교 평가 기준에 맞춰 답안을 작성하는 능력 향상,코칭형,middle_english
381,https://kimstutoring.co.kr,gongju-high-english,publish,ko,충청남도,공주,영어,고등학생,공주 고등학생 영어과외,공주 고등학생 영어과외,"공주에서 고등학생 영어 과외 수업을 찾고 계신다면 지금 필요한 내용부터 시작할 수 있습니다. 지역과 일정에 따라 1:1 방문수업 또는 화상수업으로 진행하며, 어휘·구문독해부터 학교별 내신, 모의고사와 수능… 방식으로 수업하고 있습니다.",고등학생 영어 내신과 모의고사 및 수능 준비를 현재 수준에 맞춰 병행하는 온라인 과외 찾기,핵심 고민은 “긴 문장의 구조를 파악하기 어렵고 내신과 모의고사 지문을 읽는 데 시간이 오래 걸림”입니다.,"어휘, 구문독해, 학교별 내신, 모의고사, 수능","지역과 일정에 따라 1:1 방문수업 또는 화상수업으로 진행하며, 어휘·구문독해부터 학교별 내신, 모의고사와 수능 대비까지 현재 실력과 목표에 맞춰 지도",복잡한 문장의 구조를 파악하고 지문의 근거를 바탕으로 답을 선택하는 독해 능력 향상,전문형,high_english
382,https://kimstutoring.co.kr,gongju-elementary-math,publish,ko,충청남도,공주,수학,초등학생,공주 초등학생 수학과외,공주 초등학생 수학과외,"공주에서 배우는 초등학생 수학 과외, 실제로 쓰려는 상황에 맞춰 수업 내용을 정합니다. 지역과 일정에 따라 1:1 방문수업 또는 화상수업으로 진행하며, 연산과 기초개념을 탄탄히 다지고 문제를 이해하는… 방식으로 수업하고 있습니다.",초등학생 수학 연산과 기초개념을 다지고 문제 이해와 풀이 습관을 기르는 온라인 과외 찾기,핵심 고민은 “계산 실수가 반복되고 문장형 문제에서 무엇을 구해야 하는지 파악하기 어려움”입니다.,"연산, 기초개념, 문제 이해, 풀이 습관","지역과 일정에 따라 1:1 방문수업 또는 화상수업으로 진행하며, 연산과 기초개념을 탄탄히 다지고 문제를 이해하는 과정과 올바른 풀이 습관을 학생 수준에 맞춰 지도",계산 과정을 점검하고 문제의 조건을 이해하며 풀이 순서를 정리하는 습관 형성,친근형,elementary_math
383,https://kimstutoring.co.kr,gongju-middle-math,publish,ko,충청남도,공주,수학,중학생,공주 중학생 수학과외,공주 중학생 수학과외,"공주에서 배우는 중학생 수학 과외, 실제로 쓰려는 상황에 맞춰 수업 내용을 정합니다. 지역과 일정에 따라 1:1 방문수업 또는 화상수업으로 진행하며, 개념 이해와 유형별 문제풀이를 연결하고 학교별… 방식으로 수업하고 있습니다.",중학생 수학 개념과 유형별 문제풀이를 연결하고 내신 및 서술형을 준비하는 온라인 과외 찾기,핵심 고민은 “개념을 외워도 문제 유형이 바뀌면 적용하기 어렵고 같은 오답과 풀이 과정 누락이 반복됨”입니다.,"개념, 유형별 문제풀이, 학교별 내신, 서술형, 오답관리","지역과 일정에 따라 1:1 방문수업 또는 화상수업으로 진행하며, 개념 이해와 유형별 문제풀이를 연결하고 학교별 내신, 서술형, 오답관리까지 취약 단원에 맞춰 지도",문제에 맞는 개념을 선택하고 풀이 근거를 순서대로 쓰며 반복되는 실수를 줄이는 능력 향상,코칭형,middle_math
384,https://kimstutoring.co.kr,gongju-high-math,publish,ko,충청남도,공주,수학,고등학생,공주 고등학생 수학과외,공주 고등학생 수학과외,"공주 고등학생 수학 과외 수업은 정해진 진도보다 현재 실력과 배우는 이유를 중요하게 봅니다. 지역과 일정에 따라 1:1 방문수업 또는 화상수업으로 진행하며, 개념과 유형별 문제풀이부터 학교별 내신,… 방식으로 수업하고 있습니다.",고등학생 수학 취약단원을 보완하면서 내신과 모의고사 및 수능을 준비하는 온라인 과외 찾기,핵심 고민은 “개념 사이의 연결이 약하고 복합 문제의 접근 방법을 찾기 어려우며 취약단원에서 오답이 반복됨”입니다.,"개념, 유형별 문제풀이, 학교별 내신, 모의고사, 수능, 취약단원, 오답분석","지역과 일정에 따라 1:1 방문수업 또는 화상수업으로 진행하며, 개념과 유형별 문제풀이부터 학교별 내신, 모의고사와 수능 대비, 취약단원 및 오답분석까지 목표에 맞춰 지도",취약단원의 개념을 연결하고 문제 조건에 맞는 풀이 전략을 선택하며 오답 원인을 스스로 설명하는 능력 향상,전문형,high_math
385,https://kimstutoring.co.kr,gongju-elementary-korean,publish,ko,충청남도,공주,국어,초등학생,공주 초등학생 국어과외,공주 초등학생 국어과외,"공주 초등학생 국어 과외 수업은 정해진 진도보다 현재 실력과 배우는 이유를 중요하게 봅니다. 지역과 일정에 따라 1:1 방문수업 또는 화상수업으로 진행하며, 어휘와 독해를 바탕으로 글의 내용을 이해하고… 방식으로 수업하고 있습니다.",초등학생의 국어 기초와 문해력을 잡아줄 1:1 국어과외 탐색,핵심 고민은 “글을 읽어도 내용을 정확히 이해하지 못하거나 어휘력이 부족해 문제의 뜻을 파악하는 데 어려움”입니다.,"어휘, 독해, 문장 이해, 글의 중심내용 파악, 기초 문해력, 글쓰기, 학습 습관","지역과 일정에 따라 1:1 방문수업 또는 화상수업으로 진행하며, 어휘와 독해를 바탕으로 글의 내용을 이해하고 자신의 생각을 표현하는 힘을 학생의 수준과 학습 속도에 맞춰 지도","글을 읽고 핵심 내용을 파악하는 힘을 기르고, 국어뿐 아니라 다른 과목의 문제를 이해하는 데 필요한 기초 문해력과 학습 습관 형성",친근형,elementary_korean
386,https://kimstutoring.co.kr,gongju-middle-korean,publish,ko,충청남도,공주,국어,중학생,공주 중학생 국어과외,공주 중학생 국어과외,"공주에서 배우는 중학생 국어 과외, 실제로 쓰려는 상황에 맞춰 수업 내용을 정합니다. 지역과 일정에 따라 1:1 방문수업 또는 화상수업으로 진행하며, 문학·비문학 독해와 문법을 기본으로 학교별… 방식으로 수업하고 있습니다.",학교 내신과 국어 기본기를 함께 준비할 1:1 중등 국어과외 탐색,"핵심 고민은 “문학과 비문학 지문을 감으로 풀거나 문법 개념이 부족하고, 학교 시험의 서술형·수행평가 대비가 어려움”입니다.","문학, 비문학, 문법, 어휘, 학교별 내신, 서술형, 수행평가, 오답관리","지역과 일정에 따라 1:1 방문수업 또는 화상수업으로 진행하며, 문학·비문학 독해와 문법을 기본으로 학교별 내신, 서술형과 수행평가까지 학생의 취약 부분에 맞춰 지도","지문을 근거로 읽고 문제를 해결하는 방법을 익히며, 부족한 영역을 파악해 내신과 고등 국어 학습에 필요한 기본기 강화",코칭형,middle_korean
387,https://kimstutoring.co.kr,gongju-high-korean,publish,ko,충청남도,공주,국어,고등학생,공주 고등학생 국어과외,공주 고등학생 국어과외,"공주 고등학생 국어 과외 수업은 정해진 진도보다 현재 실력과 배우는 이유를 중요하게 봅니다. 지역과 일정에 따라 1:1 방문수업 또는 화상수업으로 진행하며, 문학과 독서의 지문 분석부터 학교별 내신,… 방식으로 수업하고 있습니다.",내신과 모의고사·수능을 함께 대비할 1:1 고등 국어과외 탐색,"핵심 고민은 “긴 지문의 핵심을 빠르게 파악하기 어렵거나 문학·독서·문법 영역별 편차가 크고, 모의고사에서 시간 관리와…”입니다.","문학, 독서, 화법과 언어, 작문, 학교별 내신, 모의고사, 수능, 취약영역, 오답분석","지역과 일정에 따라 1:1 방문수업 또는 화상수업으로 진행하며, 문학과 독서의 지문 분석부터 학교별 내신, 모의고사와 수능 대비, 취약영역 및 오답분석까지 현재 실력과 목표에 맞춰 지도","지문을 분석하는 기준과 문제 접근 방법을 익히고, 취약영역과 반복되는 오답을 점검하면서 내신·모의고사·수능 학습의 방향을 구체화",전문형,high_korean
388,https://kimstutoring.co.kr,gyeryong-elementary-english,publish,ko,충청남도,계룡,영어,초등학생,계룡 초등학생 영어과외,계룡 초등학생 영어과외,"계룡에서 초등학생 영어 과외 수업을 찾고 계신다면 지금 필요한 내용부터 시작할 수 있습니다. 지역과 일정에 따라 1:1 방문수업 또는 화상수업으로 진행하며, 기초 어휘와 문장 이해, 읽기 학습을 학생의… 방식으로 수업하고 있습니다.",초등학생 수준에 맞춰 영어 기초와 꾸준한 학습 습관을 기르는 1:1 온라인 과외 찾기,핵심 고민은 “기초 어휘가 부족하고 짧은 문장의 뜻을 이해하거나 꾸준히 읽는 데 어려움이 있음”입니다.,"기초 어휘, 문장 이해, 짧은 글 읽기, 학습 습관","지역과 일정에 따라 1:1 방문수업 또는 화상수업으로 진행하며, 기초 어휘와 문장 이해, 읽기 학습을 학생의 수준과 학습 속도에 맞춰 지도",익숙한 어휘로 짧은 문장의 뜻을 파악하고 스스로 읽고 복습하는 습관 형성,친근형,elementary_english
389,https://kimstutoring.co.kr,gyeryong-middle-english,publish,ko,충청남도,계룡,영어,중학생,계룡 중학생 영어과외,계룡 중학생 영어과외,"계룡 중학생 영어 과외 수업은 정해진 진도보다 현재 실력과 배우는 이유를 중요하게 봅니다. 지역과 일정에 따라 1:1 방문수업 또는 화상수업으로 진행하며, 어휘·문법·독해를 기본으로 학교별 내신과… 방식으로 수업하고 있습니다.",중학생 영어 문법과 독해를 보완하고 학교별 내신과 서술형 및 수행평가를 준비하는 온라인 과외 찾기,핵심 고민은 “어휘와 문법을 배워도 지문에 적용하기 어렵고 서술형 답안과 수행평가 준비가 막막함”입니다.,"어휘, 문법, 독해, 학교별 내신, 서술형, 수행평가","지역과 일정에 따라 1:1 방문수업 또는 화상수업으로 진행하며, 어휘·문법·독해를 기본으로 학교별 내신과 서술형, 수행평가까지 학생의 취약 부분에 맞춰 지도",문법 근거를 설명하며 지문을 읽고 학교 평가 기준에 맞춰 답안을 작성하는 능력 향상,코칭형,middle_english
390,https://kimstutoring.co.kr,gyeryong-high-english,publish,ko,충청남도,계룡,영어,고등학생,계룡 고등학생 영어과외,계룡 고등학생 영어과외,"고등학생 영어 과외 공부를 다시 시작하려는 분께 계룡 1:1 수업이 맞는 출발점을 찾아드립니다. 지역과 일정에 따라 1:1 방문수업 또는 화상수업으로 진행하며, 어휘·구문독해부터 학교별 내신, 모의고사와 수능… 방식으로 수업하고 있습니다.",고등학생 영어 내신과 모의고사 및 수능 준비를 현재 수준에 맞춰 병행하는 온라인 과외 찾기,핵심 고민은 “긴 문장의 구조를 파악하기 어렵고 내신과 모의고사 지문을 읽는 데 시간이 오래 걸림”입니다.,"어휘, 구문독해, 학교별 내신, 모의고사, 수능","지역과 일정에 따라 1:1 방문수업 또는 화상수업으로 진행하며, 어휘·구문독해부터 학교별 내신, 모의고사와 수능 대비까지 현재 실력과 목표에 맞춰 지도",복잡한 문장의 구조를 파악하고 지문의 근거를 바탕으로 답을 선택하는 독해 능력 향상,전문형,high_english
391,https://kimstutoring.co.kr,gyeryong-elementary-math,publish,ko,충청남도,계룡,수학,초등학생,계룡 초등학생 수학과외,계룡 초등학생 수학과외,"계룡 초등학생 수학 과외 수업은 정해진 진도보다 현재 실력과 배우는 이유를 중요하게 봅니다. 지역과 일정에 따라 1:1 방문수업 또는 화상수업으로 진행하며, 연산과 기초개념을 탄탄히 다지고 문제를 이해하는… 방식으로 수업하고 있습니다.",초등학생 수학 연산과 기초개념을 다지고 문제 이해와 풀이 습관을 기르는 온라인 과외 찾기,핵심 고민은 “계산 실수가 반복되고 문장형 문제에서 무엇을 구해야 하는지 파악하기 어려움”입니다.,"연산, 기초개념, 문제 이해, 풀이 습관","지역과 일정에 따라 1:1 방문수업 또는 화상수업으로 진행하며, 연산과 기초개념을 탄탄히 다지고 문제를 이해하는 과정과 올바른 풀이 습관을 학생 수준에 맞춰 지도",계산 과정을 점검하고 문제의 조건을 이해하며 풀이 순서를 정리하는 습관 형성,친근형,elementary_math
392,https://kimstutoring.co.kr,gyeryong-middle-math,publish,ko,충청남도,계룡,수학,중학생,계룡 중학생 수학과외,계룡 중학생 수학과외,"계룡 중학생 수학 과외 수업은 정해진 진도보다 현재 실력과 배우는 이유를 중요하게 봅니다. 지역과 일정에 따라 1:1 방문수업 또는 화상수업으로 진행하며, 개념 이해와 유형별 문제풀이를 연결하고 학교별… 방식으로 수업하고 있습니다.",중학생 수학 개념과 유형별 문제풀이를 연결하고 내신 및 서술형을 준비하는 온라인 과외 찾기,핵심 고민은 “개념을 외워도 문제 유형이 바뀌면 적용하기 어렵고 같은 오답과 풀이 과정 누락이 반복됨”입니다.,"개념, 유형별 문제풀이, 학교별 내신, 서술형, 오답관리","지역과 일정에 따라 1:1 방문수업 또는 화상수업으로 진행하며, 개념 이해와 유형별 문제풀이를 연결하고 학교별 내신, 서술형, 오답관리까지 취약 단원에 맞춰 지도",문제에 맞는 개념을 선택하고 풀이 근거를 순서대로 쓰며 반복되는 실수를 줄이는 능력 향상,코칭형,middle_math
393,https://kimstutoring.co.kr,gyeryong-high-math,publish,ko,충청남도,계룡,수학,고등학생,계룡 고등학생 수학과외,계룡 고등학생 수학과외,"계룡에서 배우는 고등학생 수학 과외, 실제로 쓰려는 상황에 맞춰 수업 내용을 정합니다. 지역과 일정에 따라 1:1 방문수업 또는 화상수업으로 진행하며, 개념과 유형별 문제풀이부터 학교별 내신,… 방식으로 수업하고 있습니다.",고등학생 수학 취약단원을 보완하면서 내신과 모의고사 및 수능을 준비하는 온라인 과외 찾기,핵심 고민은 “개념 사이의 연결이 약하고 복합 문제의 접근 방법을 찾기 어려우며 취약단원에서 오답이 반복됨”입니다.,"개념, 유형별 문제풀이, 학교별 내신, 모의고사, 수능, 취약단원, 오답분석","지역과 일정에 따라 1:1 방문수업 또는 화상수업으로 진행하며, 개념과 유형별 문제풀이부터 학교별 내신, 모의고사와 수능 대비, 취약단원 및 오답분석까지 목표에 맞춰 지도",취약단원의 개념을 연결하고 문제 조건에 맞는 풀이 전략을 선택하며 오답 원인을 스스로 설명하는 능력 향상,전문형,high_math
394,https://kimstutoring.co.kr,gyeryong-elementary-korean,publish,ko,충청남도,계룡,국어,초등학생,계룡 초등학생 국어과외,계룡 초등학생 국어과외,"계룡에서 배우는 초등학생 국어 과외, 실제로 쓰려는 상황에 맞춰 수업 내용을 정합니다. 지역과 일정에 따라 1:1 방문수업 또는 화상수업으로 진행하며, 어휘와 독해를 바탕으로 글의 내용을 이해하고… 방식으로 수업하고 있습니다.",초등학생의 국어 기초와 문해력을 잡아줄 1:1 국어과외 탐색,핵심 고민은 “글을 읽어도 내용을 정확히 이해하지 못하거나 어휘력이 부족해 문제의 뜻을 파악하는 데 어려움”입니다.,"어휘, 독해, 문장 이해, 글의 중심내용 파악, 기초 문해력, 글쓰기, 학습 습관","지역과 일정에 따라 1:1 방문수업 또는 화상수업으로 진행하며, 어휘와 독해를 바탕으로 글의 내용을 이해하고 자신의 생각을 표현하는 힘을 학생의 수준과 학습 속도에 맞춰 지도","글을 읽고 핵심 내용을 파악하는 힘을 기르고, 국어뿐 아니라 다른 과목의 문제를 이해하는 데 필요한 기초 문해력과 학습 습관 형성",친근형,elementary_korean
395,https://kimstutoring.co.kr,gyeryong-middle-korean,publish,ko,충청남도,계룡,국어,중학생,계룡 중학생 국어과외,계룡 중학생 국어과외,"계룡 중학생 국어 과외 수업은 정해진 진도보다 현재 실력과 배우는 이유를 중요하게 봅니다. 지역과 일정에 따라 1:1 방문수업 또는 화상수업으로 진행하며, 문학·비문학 독해와 문법을 기본으로 학교별… 방식으로 수업하고 있습니다.",학교 내신과 국어 기본기를 함께 준비할 1:1 중등 국어과외 탐색,"핵심 고민은 “문학과 비문학 지문을 감으로 풀거나 문법 개념이 부족하고, 학교 시험의 서술형·수행평가 대비가 어려움”입니다.","문학, 비문학, 문법, 어휘, 학교별 내신, 서술형, 수행평가, 오답관리","지역과 일정에 따라 1:1 방문수업 또는 화상수업으로 진행하며, 문학·비문학 독해와 문법을 기본으로 학교별 내신, 서술형과 수행평가까지 학생의 취약 부분에 맞춰 지도","지문을 근거로 읽고 문제를 해결하는 방법을 익히며, 부족한 영역을 파악해 내신과 고등 국어 학습에 필요한 기본기 강화",코칭형,middle_korean
396,https://kimstutoring.co.kr,gyeryong-high-korean,publish,ko,충청남도,계룡,국어,고등학생,계룡 고등학생 국어과외,계룡 고등학생 국어과외,"계룡에서 배우는 고등학생 국어 과외, 실제로 쓰려는 상황에 맞춰 수업 내용을 정합니다. 지역과 일정에 따라 1:1 방문수업 또는 화상수업으로 진행하며, 문학과 독서의 지문 분석부터 학교별 내신,… 방식으로 수업하고 있습니다.",내신과 모의고사·수능을 함께 대비할 1:1 고등 국어과외 탐색,"핵심 고민은 “긴 지문의 핵심을 빠르게 파악하기 어렵거나 문학·독서·문법 영역별 편차가 크고, 모의고사에서 시간 관리와…”입니다.","문학, 독서, 화법과 언어, 작문, 학교별 내신, 모의고사, 수능, 취약영역, 오답분석","지역과 일정에 따라 1:1 방문수업 또는 화상수업으로 진행하며, 문학과 독서의 지문 분석부터 학교별 내신, 모의고사와 수능 대비, 취약영역 및 오답분석까지 현재 실력과 목표에 맞춰 지도","지문을 분석하는 기준과 문제 접근 방법을 익히고, 취약영역과 반복되는 오답을 점검하면서 내신·모의고사·수능 학습의 방향을 구체화",전문형,high_korean
397,https://kimstutoring.co.kr,nonsan-elementary-english,publish,ko,충청남도,논산,영어,초등학생,논산 초등학생 영어과외,논산 초등학생 영어과외,"초등학생 영어 과외 때문에 고민이 있다면 논산 수업에서 지금 필요한 연습부터 함께 해볼 수 있습니다. 지역과 일정에 따라 1:1 방문수업 또는 화상수업으로 진행하며, 기초 어휘와 문장 이해, 읽기 학습을 학생의… 방식으로 수업하고 있습니다.",초등학생 수준에 맞춰 영어 기초와 꾸준한 학습 습관을 기르는 1:1 온라인 과외 찾기,핵심 고민은 “기초 어휘가 부족하고 짧은 문장의 뜻을 이해하거나 꾸준히 읽는 데 어려움이 있음”입니다.,"기초 어휘, 문장 이해, 짧은 글 읽기, 학습 습관","지역과 일정에 따라 1:1 방문수업 또는 화상수업으로 진행하며, 기초 어휘와 문장 이해, 읽기 학습을 학생의 수준과 학습 속도에 맞춰 지도",익숙한 어휘로 짧은 문장의 뜻을 파악하고 스스로 읽고 복습하는 습관 형성,친근형,elementary_english
398,https://kimstutoring.co.kr,nonsan-middle-english,publish,ko,충청남도,논산,영어,중학생,논산 중학생 영어과외,논산 중학생 영어과외,"논산 중학생 영어 과외 수업을 고민 중이라면 잘하는 부분과 보완할 부분을 나누어 시작합니다. 지역과 일정에 따라 1:1 방문수업 또는 화상수업으로 진행하며, 어휘·문법·독해를 기본으로 학교별 내신과… 방식으로 수업하고 있습니다.",중학생 영어 문법과 독해를 보완하고 학교별 내신과 서술형 및 수행평가를 준비하는 온라인 과외 찾기,핵심 고민은 “어휘와 문법을 배워도 지문에 적용하기 어렵고 서술형 답안과 수행평가 준비가 막막함”입니다.,"어휘, 문법, 독해, 학교별 내신, 서술형, 수행평가","지역과 일정에 따라 1:1 방문수업 또는 화상수업으로 진행하며, 어휘·문법·독해를 기본으로 학교별 내신과 서술형, 수행평가까지 학생의 취약 부분에 맞춰 지도",문법 근거를 설명하며 지문을 읽고 학교 평가 기준에 맞춰 답안을 작성하는 능력 향상,코칭형,middle_english
399,https://kimstutoring.co.kr,nonsan-high-english,publish,ko,충청남도,논산,영어,고등학생,논산 고등학생 영어과외,논산 고등학생 영어과외,"고등학생 영어 과외 때문에 고민이 있다면 논산 수업에서 지금 필요한 연습부터 함께 해볼 수 있습니다. 지역과 일정에 따라 1:1 방문수업 또는 화상수업으로 진행하며, 어휘·구문독해부터 학교별 내신, 모의고사와 수능… 방식으로 수업하고 있습니다.",고등학생 영어 내신과 모의고사 및 수능 준비를 현재 수준에 맞춰 병행하는 온라인 과외 찾기,핵심 고민은 “긴 문장의 구조를 파악하기 어렵고 내신과 모의고사 지문을 읽는 데 시간이 오래 걸림”입니다.,"어휘, 구문독해, 학교별 내신, 모의고사, 수능","지역과 일정에 따라 1:1 방문수업 또는 화상수업으로 진행하며, 어휘·구문독해부터 학교별 내신, 모의고사와 수능 대비까지 현재 실력과 목표에 맞춰 지도",복잡한 문장의 구조를 파악하고 지문의 근거를 바탕으로 답을 선택하는 독해 능력 향상,전문형,high_english
400,https://kimstutoring.co.kr,nonsan-elementary-math,publish,ko,충청남도,논산,수학,초등학생,논산 초등학생 수학과외,논산 초등학생 수학과외,"논산 초등학생 수학 과외 수업을 고민 중이라면 잘하는 부분과 보완할 부분을 나누어 시작합니다. 지역과 일정에 따라 1:1 방문수업 또는 화상수업으로 진행하며, 연산과 기초개념을 탄탄히 다지고 문제를 이해하는… 방식으로 수업하고 있습니다.",초등학생 수학 연산과 기초개념을 다지고 문제 이해와 풀이 습관을 기르는 온라인 과외 찾기,핵심 고민은 “계산 실수가 반복되고 문장형 문제에서 무엇을 구해야 하는지 파악하기 어려움”입니다.,"연산, 기초개념, 문제 이해, 풀이 습관","지역과 일정에 따라 1:1 방문수업 또는 화상수업으로 진행하며, 연산과 기초개념을 탄탄히 다지고 문제를 이해하는 과정과 올바른 풀이 습관을 학생 수준에 맞춰 지도",계산 과정을 점검하고 문제의 조건을 이해하며 풀이 순서를 정리하는 습관 형성,친근형,elementary_math
401,https://kimstutoring.co.kr,nonsan-middle-math,publish,ko,충청남도,논산,수학,중학생,논산 중학생 수학과외,논산 중학생 수학과외,"논산 중학생 수학 과외 수업을 고민 중이라면 잘하는 부분과 보완할 부분을 나누어 시작합니다. 지역과 일정에 따라 1:1 방문수업 또는 화상수업으로 진행하며, 개념 이해와 유형별 문제풀이를 연결하고 학교별… 방식으로 수업하고 있습니다.",중학생 수학 개념과 유형별 문제풀이를 연결하고 내신 및 서술형을 준비하는 온라인 과외 찾기,핵심 고민은 “개념을 외워도 문제 유형이 바뀌면 적용하기 어렵고 같은 오답과 풀이 과정 누락이 반복됨”입니다.,"개념, 유형별 문제풀이, 학교별 내신, 서술형, 오답관리","지역과 일정에 따라 1:1 방문수업 또는 화상수업으로 진행하며, 개념 이해와 유형별 문제풀이를 연결하고 학교별 내신, 서술형, 오답관리까지 취약 단원에 맞춰 지도",문제에 맞는 개념을 선택하고 풀이 근거를 순서대로 쓰며 반복되는 실수를 줄이는 능력 향상,코칭형,middle_math
402,https://kimstutoring.co.kr,nonsan-high-math,publish,ko,충청남도,논산,수학,고등학생,논산 고등학생 수학과외,논산 고등학생 수학과외,"고등학생 수학 과외 공부를 처음 시작한다면 논산에서도 기초부터 1:1로 배울 수 있습니다. 지역과 일정에 따라 1:1 방문수업 또는 화상수업으로 진행하며, 개념과 유형별 문제풀이부터 학교별 내신,… 방식으로 수업하고 있습니다.",고등학생 수학 취약단원을 보완하면서 내신과 모의고사 및 수능을 준비하는 온라인 과외 찾기,핵심 고민은 “개념 사이의 연결이 약하고 복합 문제의 접근 방법을 찾기 어려우며 취약단원에서 오답이 반복됨”입니다.,"개념, 유형별 문제풀이, 학교별 내신, 모의고사, 수능, 취약단원, 오답분석","지역과 일정에 따라 1:1 방문수업 또는 화상수업으로 진행하며, 개념과 유형별 문제풀이부터 학교별 내신, 모의고사와 수능 대비, 취약단원 및 오답분석까지 목표에 맞춰 지도",취약단원의 개념을 연결하고 문제 조건에 맞는 풀이 전략을 선택하며 오답 원인을 스스로 설명하는 능력 향상,전문형,high_math
403,https://kimstutoring.co.kr,nonsan-elementary-korean,publish,ko,충청남도,논산,국어,초등학생,논산 초등학생 국어과외,논산 초등학생 국어과외,"초등학생 국어 과외 공부를 처음 시작한다면 논산에서도 기초부터 1:1로 배울 수 있습니다. 지역과 일정에 따라 1:1 방문수업 또는 화상수업으로 진행하며, 어휘와 독해를 바탕으로 글의 내용을 이해하고… 방식으로 수업하고 있습니다.",초등학생의 국어 기초와 문해력을 잡아줄 1:1 국어과외 탐색,핵심 고민은 “글을 읽어도 내용을 정확히 이해하지 못하거나 어휘력이 부족해 문제의 뜻을 파악하는 데 어려움”입니다.,"어휘, 독해, 문장 이해, 글의 중심내용 파악, 기초 문해력, 글쓰기, 학습 습관","지역과 일정에 따라 1:1 방문수업 또는 화상수업으로 진행하며, 어휘와 독해를 바탕으로 글의 내용을 이해하고 자신의 생각을 표현하는 힘을 학생의 수준과 학습 속도에 맞춰 지도","글을 읽고 핵심 내용을 파악하는 힘을 기르고, 국어뿐 아니라 다른 과목의 문제를 이해하는 데 필요한 기초 문해력과 학습 습관 형성",친근형,elementary_korean
404,https://kimstutoring.co.kr,nonsan-middle-korean,publish,ko,충청남도,논산,국어,중학생,논산 중학생 국어과외,논산 중학생 국어과외,"논산 중학생 국어 과외 수업을 고민 중이라면 잘하는 부분과 보완할 부분을 나누어 시작합니다. 지역과 일정에 따라 1:1 방문수업 또는 화상수업으로 진행하며, 문학·비문학 독해와 문법을 기본으로 학교별… 방식으로 수업하고 있습니다.",학교 내신과 국어 기본기를 함께 준비할 1:1 중등 국어과외 탐색,"핵심 고민은 “문학과 비문학 지문을 감으로 풀거나 문법 개념이 부족하고, 학교 시험의 서술형·수행평가 대비가 어려움”입니다.","문학, 비문학, 문법, 어휘, 학교별 내신, 서술형, 수행평가, 오답관리","지역과 일정에 따라 1:1 방문수업 또는 화상수업으로 진행하며, 문학·비문학 독해와 문법을 기본으로 학교별 내신, 서술형과 수행평가까지 학생의 취약 부분에 맞춰 지도","지문을 근거로 읽고 문제를 해결하는 방법을 익히며, 부족한 영역을 파악해 내신과 고등 국어 학습에 필요한 기본기 강화",코칭형,middle_korean
405,https://kimstutoring.co.kr,nonsan-high-korean,publish,ko,충청남도,논산,국어,고등학생,논산 고등학생 국어과외,논산 고등학생 국어과외,"고등학생 국어 과외 공부를 처음 시작한다면 논산에서도 기초부터 1:1로 배울 수 있습니다. 지역과 일정에 따라 1:1 방문수업 또는 화상수업으로 진행하며, 문학과 독서의 지문 분석부터 학교별 내신,… 방식으로 수업하고 있습니다.",내신과 모의고사·수능을 함께 대비할 1:1 고등 국어과외 탐색,"핵심 고민은 “긴 지문의 핵심을 빠르게 파악하기 어렵거나 문학·독서·문법 영역별 편차가 크고, 모의고사에서 시간 관리와…”입니다.","문학, 독서, 화법과 언어, 작문, 학교별 내신, 모의고사, 수능, 취약영역, 오답분석","지역과 일정에 따라 1:1 방문수업 또는 화상수업으로 진행하며, 문학과 독서의 지문 분석부터 학교별 내신, 모의고사와 수능 대비, 취약영역 및 오답분석까지 현재 실력과 목표에 맞춰 지도","지문을 분석하는 기준과 문제 접근 방법을 익히고, 취약영역과 반복되는 오답을 점검하면서 내신·모의고사·수능 학습의 방향을 구체화",전문형,high_korean
406,https://kimstutoring.co.kr,boryeong-elementary-english,publish,ko,충청남도,보령,영어,초등학생,보령 초등학생 영어과외,보령 초등학생 영어과외,"보령 초등학생 영어 과외 수업을 고민 중이라면 잘하는 부분과 보완할 부분을 나누어 시작합니다. 지역과 일정에 따라 1:1 방문수업 또는 화상수업으로 진행하며, 기초 어휘와 문장 이해, 읽기 학습을 학생의… 방식으로 수업하고 있습니다.",초등학생 수준에 맞춰 영어 기초와 꾸준한 학습 습관을 기르는 1:1 온라인 과외 찾기,핵심 고민은 “기초 어휘가 부족하고 짧은 문장의 뜻을 이해하거나 꾸준히 읽는 데 어려움이 있음”입니다.,"기초 어휘, 문장 이해, 짧은 글 읽기, 학습 습관","지역과 일정에 따라 1:1 방문수업 또는 화상수업으로 진행하며, 기초 어휘와 문장 이해, 읽기 학습을 학생의 수준과 학습 속도에 맞춰 지도",익숙한 어휘로 짧은 문장의 뜻을 파악하고 스스로 읽고 복습하는 습관 형성,친근형,elementary_english
407,https://kimstutoring.co.kr,boryeong-middle-english,publish,ko,충청남도,보령,영어,중학생,보령 중학생 영어과외,보령 중학생 영어과외,"보령에서 중학생 영어 과외 실력을 늘리고 싶다면 자주 막히는 부분부터 직접 다뤄봅니다. 지역과 일정에 따라 1:1 방문수업 또는 화상수업으로 진행하며, 어휘·문법·독해를 기본으로 학교별 내신과… 방식으로 수업하고 있습니다.",중학생 영어 문법과 독해를 보완하고 학교별 내신과 서술형 및 수행평가를 준비하는 온라인 과외 찾기,핵심 고민은 “어휘와 문법을 배워도 지문에 적용하기 어렵고 서술형 답안과 수행평가 준비가 막막함”입니다.,"어휘, 문법, 독해, 학교별 내신, 서술형, 수행평가","지역과 일정에 따라 1:1 방문수업 또는 화상수업으로 진행하며, 어휘·문법·독해를 기본으로 학교별 내신과 서술형, 수행평가까지 학생의 취약 부분에 맞춰 지도",문법 근거를 설명하며 지문을 읽고 학교 평가 기준에 맞춰 답안을 작성하는 능력 향상,코칭형,middle_english
408,https://kimstutoring.co.kr,boryeong-high-english,publish,ko,충청남도,보령,영어,고등학생,보령 고등학생 영어과외,보령 고등학생 영어과외,"보령 고등학생 영어 과외 수업을 고민 중이라면 잘하는 부분과 보완할 부분을 나누어 시작합니다. 지역과 일정에 따라 1:1 방문수업 또는 화상수업으로 진행하며, 어휘·구문독해부터 학교별 내신, 모의고사와 수능… 방식으로 수업하고 있습니다.",고등학생 영어 내신과 모의고사 및 수능 준비를 현재 수준에 맞춰 병행하는 온라인 과외 찾기,핵심 고민은 “긴 문장의 구조를 파악하기 어렵고 내신과 모의고사 지문을 읽는 데 시간이 오래 걸림”입니다.,"어휘, 구문독해, 학교별 내신, 모의고사, 수능","지역과 일정에 따라 1:1 방문수업 또는 화상수업으로 진행하며, 어휘·구문독해부터 학교별 내신, 모의고사와 수능 대비까지 현재 실력과 목표에 맞춰 지도",복잡한 문장의 구조를 파악하고 지문의 근거를 바탕으로 답을 선택하는 독해 능력 향상,전문형,high_english
409,https://kimstutoring.co.kr,boryeong-elementary-math,publish,ko,충청남도,보령,수학,초등학생,보령 초등학생 수학과외,보령 초등학생 수학과외,"보령에서 초등학생 수학 과외 실력을 늘리고 싶다면 자주 막히는 부분부터 직접 다뤄봅니다. 지역과 일정에 따라 1:1 방문수업 또는 화상수업으로 진행하며, 연산과 기초개념을 탄탄히 다지고 문제를 이해하는… 방식으로 수업하고 있습니다.",초등학생 수학 연산과 기초개념을 다지고 문제 이해와 풀이 습관을 기르는 온라인 과외 찾기,핵심 고민은 “계산 실수가 반복되고 문장형 문제에서 무엇을 구해야 하는지 파악하기 어려움”입니다.,"연산, 기초개념, 문제 이해, 풀이 습관","지역과 일정에 따라 1:1 방문수업 또는 화상수업으로 진행하며, 연산과 기초개념을 탄탄히 다지고 문제를 이해하는 과정과 올바른 풀이 습관을 학생 수준에 맞춰 지도",계산 과정을 점검하고 문제의 조건을 이해하며 풀이 순서를 정리하는 습관 형성,친근형,elementary_math
410,https://kimstutoring.co.kr,boryeong-middle-math,publish,ko,충청남도,보령,수학,중학생,보령 중학생 수학과외,보령 중학생 수학과외,"보령에서 중학생 수학 과외 실력을 늘리고 싶다면 자주 막히는 부분부터 직접 다뤄봅니다. 지역과 일정에 따라 1:1 방문수업 또는 화상수업으로 진행하며, 개념 이해와 유형별 문제풀이를 연결하고 학교별… 방식으로 수업하고 있습니다.",중학생 수학 개념과 유형별 문제풀이를 연결하고 내신 및 서술형을 준비하는 온라인 과외 찾기,핵심 고민은 “개념을 외워도 문제 유형이 바뀌면 적용하기 어렵고 같은 오답과 풀이 과정 누락이 반복됨”입니다.,"개념, 유형별 문제풀이, 학교별 내신, 서술형, 오답관리","지역과 일정에 따라 1:1 방문수업 또는 화상수업으로 진행하며, 개념 이해와 유형별 문제풀이를 연결하고 학교별 내신, 서술형, 오답관리까지 취약 단원에 맞춰 지도",문제에 맞는 개념을 선택하고 풀이 근거를 순서대로 쓰며 반복되는 실수를 줄이는 능력 향상,코칭형,middle_math
411,https://kimstutoring.co.kr,boryeong-high-math,publish,ko,충청남도,보령,수학,고등학생,보령 고등학생 수학과외,보령 고등학생 수학과외,"고등학생 수학 과외 때문에 고민이 있다면 보령 수업에서 지금 필요한 연습부터 함께 해볼 수 있습니다. 지역과 일정에 따라 1:1 방문수업 또는 화상수업으로 진행하며, 개념과 유형별 문제풀이부터 학교별 내신,… 방식으로 수업하고 있습니다.",고등학생 수학 취약단원을 보완하면서 내신과 모의고사 및 수능을 준비하는 온라인 과외 찾기,핵심 고민은 “개념 사이의 연결이 약하고 복합 문제의 접근 방법을 찾기 어려우며 취약단원에서 오답이 반복됨”입니다.,"개념, 유형별 문제풀이, 학교별 내신, 모의고사, 수능, 취약단원, 오답분석","지역과 일정에 따라 1:1 방문수업 또는 화상수업으로 진행하며, 개념과 유형별 문제풀이부터 학교별 내신, 모의고사와 수능 대비, 취약단원 및 오답분석까지 목표에 맞춰 지도",취약단원의 개념을 연결하고 문제 조건에 맞는 풀이 전략을 선택하며 오답 원인을 스스로 설명하는 능력 향상,전문형,high_math
412,https://kimstutoring.co.kr,boryeong-elementary-korean,publish,ko,충청남도,보령,국어,초등학생,보령 초등학생 국어과외,보령 초등학생 국어과외,"초등학생 국어 과외 때문에 고민이 있다면 보령 수업에서 지금 필요한 연습부터 함께 해볼 수 있습니다. 지역과 일정에 따라 1:1 방문수업 또는 화상수업으로 진행하며, 어휘와 독해를 바탕으로 글의 내용을 이해하고… 방식으로 수업하고 있습니다.",초등학생의 국어 기초와 문해력을 잡아줄 1:1 국어과외 탐색,핵심 고민은 “글을 읽어도 내용을 정확히 이해하지 못하거나 어휘력이 부족해 문제의 뜻을 파악하는 데 어려움”입니다.,"어휘, 독해, 문장 이해, 글의 중심내용 파악, 기초 문해력, 글쓰기, 학습 습관","지역과 일정에 따라 1:1 방문수업 또는 화상수업으로 진행하며, 어휘와 독해를 바탕으로 글의 내용을 이해하고 자신의 생각을 표현하는 힘을 학생의 수준과 학습 속도에 맞춰 지도","글을 읽고 핵심 내용을 파악하는 힘을 기르고, 국어뿐 아니라 다른 과목의 문제를 이해하는 데 필요한 기초 문해력과 학습 습관 형성",친근형,elementary_korean
413,https://kimstutoring.co.kr,boryeong-middle-korean,publish,ko,충청남도,보령,국어,중학생,보령 중학생 국어과외,보령 중학생 국어과외,"보령에서 중학생 국어 과외 실력을 늘리고 싶다면 자주 막히는 부분부터 직접 다뤄봅니다. 지역과 일정에 따라 1:1 방문수업 또는 화상수업으로 진행하며, 문학·비문학 독해와 문법을 기본으로 학교별… 방식으로 수업하고 있습니다.",학교 내신과 국어 기본기를 함께 준비할 1:1 중등 국어과외 탐색,"핵심 고민은 “문학과 비문학 지문을 감으로 풀거나 문법 개념이 부족하고, 학교 시험의 서술형·수행평가 대비가 어려움”입니다.","문학, 비문학, 문법, 어휘, 학교별 내신, 서술형, 수행평가, 오답관리","지역과 일정에 따라 1:1 방문수업 또는 화상수업으로 진행하며, 문학·비문학 독해와 문법을 기본으로 학교별 내신, 서술형과 수행평가까지 학생의 취약 부분에 맞춰 지도","지문을 근거로 읽고 문제를 해결하는 방법을 익히며, 부족한 영역을 파악해 내신과 고등 국어 학습에 필요한 기본기 강화",코칭형,middle_korean
414,https://kimstutoring.co.kr,boryeong-high-korean,publish,ko,충청남도,보령,국어,고등학생,보령 고등학생 국어과외,보령 고등학생 국어과외,"고등학생 국어 과외 때문에 고민이 있다면 보령 수업에서 지금 필요한 연습부터 함께 해볼 수 있습니다. 지역과 일정에 따라 1:1 방문수업 또는 화상수업으로 진행하며, 문학과 독서의 지문 분석부터 학교별 내신,… 방식으로 수업하고 있습니다.",내신과 모의고사·수능을 함께 대비할 1:1 고등 국어과외 탐색,"핵심 고민은 “긴 지문의 핵심을 빠르게 파악하기 어렵거나 문학·독서·문법 영역별 편차가 크고, 모의고사에서 시간 관리와…”입니다.","문학, 독서, 화법과 언어, 작문, 학교별 내신, 모의고사, 수능, 취약영역, 오답분석","지역과 일정에 따라 1:1 방문수업 또는 화상수업으로 진행하며, 문학과 독서의 지문 분석부터 학교별 내신, 모의고사와 수능 대비, 취약영역 및 오답분석까지 현재 실력과 목표에 맞춰 지도","지문을 분석하는 기준과 문제 접근 방법을 익히고, 취약영역과 반복되는 오답을 점검하면서 내신·모의고사·수능 학습의 방향을 구체화",전문형,high_korean
415,https://kimstutoring.co.kr,iksan-elementary-english,publish,ko,전북특별자치도,익산,영어,초등학생,익산 초등학생 영어과외,익산 초등학생 영어과외,"익산에서 초등학생 영어 과외 수업을 찾고 계신다면 지금 필요한 내용부터 시작할 수 있습니다. 지역과 일정에 따라 1:1 방문수업 또는 화상수업으로 진행하며, 기초 어휘와 문장 이해, 읽기 학습을 학생의… 방식으로 수업하고 있습니다.",초등학생 수준에 맞춰 영어 기초와 꾸준한 학습 습관을 기르는 1:1 온라인 과외 찾기,핵심 고민은 “기초 어휘가 부족하고 짧은 문장의 뜻을 이해하거나 꾸준히 읽는 데 어려움이 있음”입니다.,"기초 어휘, 문장 이해, 짧은 글 읽기, 학습 습관","지역과 일정에 따라 1:1 방문수업 또는 화상수업으로 진행하며, 기초 어휘와 문장 이해, 읽기 학습을 학생의 수준과 학습 속도에 맞춰 지도",익숙한 어휘로 짧은 문장의 뜻을 파악하고 스스로 읽고 복습하는 습관 형성,친근형,elementary_english
416,https://kimstutoring.co.kr,iksan-middle-english,publish,ko,전북특별자치도,익산,영어,중학생,익산 중학생 영어과외,익산 중학생 영어과외,"익산 중학생 영어 과외 수업은 정해진 진도보다 현재 실력과 배우는 이유를 중요하게 봅니다. 지역과 일정에 따라 1:1 방문수업 또는 화상수업으로 진행하며, 어휘·문법·독해를 기본으로 학교별 내신과… 방식으로 수업하고 있습니다.",중학생 영어 문법과 독해를 보완하고 학교별 내신과 서술형 및 수행평가를 준비하는 온라인 과외 찾기,핵심 고민은 “어휘와 문법을 배워도 지문에 적용하기 어렵고 서술형 답안과 수행평가 준비가 막막함”입니다.,"어휘, 문법, 독해, 학교별 내신, 서술형, 수행평가","지역과 일정에 따라 1:1 방문수업 또는 화상수업으로 진행하며, 어휘·문법·독해를 기본으로 학교별 내신과 서술형, 수행평가까지 학생의 취약 부분에 맞춰 지도",문법 근거를 설명하며 지문을 읽고 학교 평가 기준에 맞춰 답안을 작성하는 능력 향상,코칭형,middle_english
417,https://kimstutoring.co.kr,iksan-high-english,publish,ko,전북특별자치도,익산,영어,고등학생,익산 고등학생 영어과외,익산 고등학생 영어과외,"고등학생 영어 과외 공부를 다시 시작하려는 분께 익산 1:1 수업이 맞는 출발점을 찾아드립니다. 지역과 일정에 따라 1:1 방문수업 또는 화상수업으로 진행하며, 어휘·구문독해부터 학교별 내신, 모의고사와 수능… 방식으로 수업하고 있습니다.",고등학생 영어 내신과 모의고사 및 수능 준비를 현재 수준에 맞춰 병행하는 온라인 과외 찾기,핵심 고민은 “긴 문장의 구조를 파악하기 어렵고 내신과 모의고사 지문을 읽는 데 시간이 오래 걸림”입니다.,"어휘, 구문독해, 학교별 내신, 모의고사, 수능","지역과 일정에 따라 1:1 방문수업 또는 화상수업으로 진행하며, 어휘·구문독해부터 학교별 내신, 모의고사와 수능 대비까지 현재 실력과 목표에 맞춰 지도",복잡한 문장의 구조를 파악하고 지문의 근거를 바탕으로 답을 선택하는 독해 능력 향상,전문형,high_english
418,https://kimstutoring.co.kr,iksan-elementary-math,publish,ko,전북특별자치도,익산,수학,초등학생,익산 초등학생 수학과외,익산 초등학생 수학과외,"익산 초등학생 수학 과외 수업은 정해진 진도보다 현재 실력과 배우는 이유를 중요하게 봅니다. 지역과 일정에 따라 1:1 방문수업 또는 화상수업으로 진행하며, 연산과 기초개념을 탄탄히 다지고 문제를 이해하는… 방식으로 수업하고 있습니다.",초등학생 수학 연산과 기초개념을 다지고 문제 이해와 풀이 습관을 기르는 온라인 과외 찾기,핵심 고민은 “계산 실수가 반복되고 문장형 문제에서 무엇을 구해야 하는지 파악하기 어려움”입니다.,"연산, 기초개념, 문제 이해, 풀이 습관","지역과 일정에 따라 1:1 방문수업 또는 화상수업으로 진행하며, 연산과 기초개념을 탄탄히 다지고 문제를 이해하는 과정과 올바른 풀이 습관을 학생 수준에 맞춰 지도",계산 과정을 점검하고 문제의 조건을 이해하며 풀이 순서를 정리하는 습관 형성,친근형,elementary_math
419,https://kimstutoring.co.kr,iksan-middle-math,publish,ko,전북특별자치도,익산,수학,중학생,익산 중학생 수학과외,익산 중학생 수학과외,"익산 중학생 수학 과외 수업은 정해진 진도보다 현재 실력과 배우는 이유를 중요하게 봅니다. 지역과 일정에 따라 1:1 방문수업 또는 화상수업으로 진행하며, 개념 이해와 유형별 문제풀이를 연결하고 학교별… 방식으로 수업하고 있습니다.",중학생 수학 개념과 유형별 문제풀이를 연결하고 내신 및 서술형을 준비하는 온라인 과외 찾기,핵심 고민은 “개념을 외워도 문제 유형이 바뀌면 적용하기 어렵고 같은 오답과 풀이 과정 누락이 반복됨”입니다.,"개념, 유형별 문제풀이, 학교별 내신, 서술형, 오답관리","지역과 일정에 따라 1:1 방문수업 또는 화상수업으로 진행하며, 개념 이해와 유형별 문제풀이를 연결하고 학교별 내신, 서술형, 오답관리까지 취약 단원에 맞춰 지도",문제에 맞는 개념을 선택하고 풀이 근거를 순서대로 쓰며 반복되는 실수를 줄이는 능력 향상,코칭형,middle_math
420,https://kimstutoring.co.kr,iksan-high-math,publish,ko,전북특별자치도,익산,수학,고등학생,익산 고등학생 수학과외,익산 고등학생 수학과외,"익산에서 배우는 고등학생 수학 과외, 실제로 쓰려는 상황에 맞춰 수업 내용을 정합니다. 지역과 일정에 따라 1:1 방문수업 또는 화상수업으로 진행하며, 개념과 유형별 문제풀이부터 학교별 내신,… 방식으로 수업하고 있습니다.",고등학생 수학 취약단원을 보완하면서 내신과 모의고사 및 수능을 준비하는 온라인 과외 찾기,핵심 고민은 “개념 사이의 연결이 약하고 복합 문제의 접근 방법을 찾기 어려우며 취약단원에서 오답이 반복됨”입니다.,"개념, 유형별 문제풀이, 학교별 내신, 모의고사, 수능, 취약단원, 오답분석","지역과 일정에 따라 1:1 방문수업 또는 화상수업으로 진행하며, 개념과 유형별 문제풀이부터 학교별 내신, 모의고사와 수능 대비, 취약단원 및 오답분석까지 목표에 맞춰 지도",취약단원의 개념을 연결하고 문제 조건에 맞는 풀이 전략을 선택하며 오답 원인을 스스로 설명하는 능력 향상,전문형,high_math
421,https://kimstutoring.co.kr,iksan-elementary-korean,publish,ko,전북특별자치도,익산,국어,초등학생,익산 초등학생 국어과외,익산 초등학생 국어과외,"익산에서 배우는 초등학생 국어 과외, 실제로 쓰려는 상황에 맞춰 수업 내용을 정합니다. 지역과 일정에 따라 1:1 방문수업 또는 화상수업으로 진행하며, 어휘와 독해를 바탕으로 글의 내용을 이해하고… 방식으로 수업하고 있습니다.",초등학생의 국어 기초와 문해력을 잡아줄 1:1 국어과외 탐색,핵심 고민은 “글을 읽어도 내용을 정확히 이해하지 못하거나 어휘력이 부족해 문제의 뜻을 파악하는 데 어려움”입니다.,"어휘, 독해, 문장 이해, 글의 중심내용 파악, 기초 문해력, 글쓰기, 학습 습관","지역과 일정에 따라 1:1 방문수업 또는 화상수업으로 진행하며, 어휘와 독해를 바탕으로 글의 내용을 이해하고 자신의 생각을 표현하는 힘을 학생의 수준과 학습 속도에 맞춰 지도","글을 읽고 핵심 내용을 파악하는 힘을 기르고, 국어뿐 아니라 다른 과목의 문제를 이해하는 데 필요한 기초 문해력과 학습 습관 형성",친근형,elementary_korean
422,https://kimstutoring.co.kr,iksan-middle-korean,publish,ko,전북특별자치도,익산,국어,중학생,익산 중학생 국어과외,익산 중학생 국어과외,"익산 중학생 국어 과외 수업은 정해진 진도보다 현재 실력과 배우는 이유를 중요하게 봅니다. 지역과 일정에 따라 1:1 방문수업 또는 화상수업으로 진행하며, 문학·비문학 독해와 문법을 기본으로 학교별… 방식으로 수업하고 있습니다.",학교 내신과 국어 기본기를 함께 준비할 1:1 중등 국어과외 탐색,"핵심 고민은 “문학과 비문학 지문을 감으로 풀거나 문법 개념이 부족하고, 학교 시험의 서술형·수행평가 대비가 어려움”입니다.","문학, 비문학, 문법, 어휘, 학교별 내신, 서술형, 수행평가, 오답관리","지역과 일정에 따라 1:1 방문수업 또는 화상수업으로 진행하며, 문학·비문학 독해와 문법을 기본으로 학교별 내신, 서술형과 수행평가까지 학생의 취약 부분에 맞춰 지도","지문을 근거로 읽고 문제를 해결하는 방법을 익히며, 부족한 영역을 파악해 내신과 고등 국어 학습에 필요한 기본기 강화",코칭형,middle_korean
423,https://kimstutoring.co.kr,iksan-high-korean,publish,ko,전북특별자치도,익산,국어,고등학생,익산 고등학생 국어과외,익산 고등학생 국어과외,"익산에서 배우는 고등학생 국어 과외, 실제로 쓰려는 상황에 맞춰 수업 내용을 정합니다. 지역과 일정에 따라 1:1 방문수업 또는 화상수업으로 진행하며, 문학과 독서의 지문 분석부터 학교별 내신,… 방식으로 수업하고 있습니다.",내신과 모의고사·수능을 함께 대비할 1:1 고등 국어과외 탐색,"핵심 고민은 “긴 지문의 핵심을 빠르게 파악하기 어렵거나 문학·독서·문법 영역별 편차가 크고, 모의고사에서 시간 관리와…”입니다.","문학, 독서, 화법과 언어, 작문, 학교별 내신, 모의고사, 수능, 취약영역, 오답분석","지역과 일정에 따라 1:1 방문수업 또는 화상수업으로 진행하며, 문학과 독서의 지문 분석부터 학교별 내신, 모의고사와 수능 대비, 취약영역 및 오답분석까지 현재 실력과 목표에 맞춰 지도","지문을 분석하는 기준과 문제 접근 방법을 익히고, 취약영역과 반복되는 오답을 점검하면서 내신·모의고사·수능 학습의 방향을 구체화",전문형,high_korean
424,https://kimstutoring.co.kr,jeonju-elementary-english,publish,ko,전북특별자치도,전주,영어,초등학생,전주 초등학생 영어과외,전주 초등학생 영어과외,"초등학생 영어 과외 공부를 처음 시작한다면 전주에서도 기초부터 1:1로 배울 수 있습니다. 지역과 일정에 따라 1:1 방문수업 또는 화상수업으로 진행하며, 기초 어휘와 문장 이해, 읽기 학습을 학생의… 방식으로 수업하고 있습니다.",초등학생 수준에 맞춰 영어 기초와 꾸준한 학습 습관을 기르는 1:1 온라인 과외 찾기,핵심 고민은 “기초 어휘가 부족하고 짧은 문장의 뜻을 이해하거나 꾸준히 읽는 데 어려움이 있음”입니다.,"기초 어휘, 문장 이해, 짧은 글 읽기, 학습 습관","지역과 일정에 따라 1:1 방문수업 또는 화상수업으로 진행하며, 기초 어휘와 문장 이해, 읽기 학습을 학생의 수준과 학습 속도에 맞춰 지도",익숙한 어휘로 짧은 문장의 뜻을 파악하고 스스로 읽고 복습하는 습관 형성,친근형,elementary_english
425,https://kimstutoring.co.kr,jeonju-middle-english,publish,ko,전북특별자치도,전주,영어,중학생,전주 중학생 영어과외,전주 중학생 영어과외,"중학생 영어 과외 때문에 고민이 있다면 전주 수업에서 지금 필요한 연습부터 함께 해볼 수 있습니다. 지역과 일정에 따라 1:1 방문수업 또는 화상수업으로 진행하며, 어휘·문법·독해를 기본으로 학교별 내신과… 방식으로 수업하고 있습니다.",중학생 영어 문법과 독해를 보완하고 학교별 내신과 서술형 및 수행평가를 준비하는 온라인 과외 찾기,핵심 고민은 “어휘와 문법을 배워도 지문에 적용하기 어렵고 서술형 답안과 수행평가 준비가 막막함”입니다.,"어휘, 문법, 독해, 학교별 내신, 서술형, 수행평가","지역과 일정에 따라 1:1 방문수업 또는 화상수업으로 진행하며, 어휘·문법·독해를 기본으로 학교별 내신과 서술형, 수행평가까지 학생의 취약 부분에 맞춰 지도",문법 근거를 설명하며 지문을 읽고 학교 평가 기준에 맞춰 답안을 작성하는 능력 향상,코칭형,middle_english
426,https://kimstutoring.co.kr,jeonju-high-english,publish,ko,전북특별자치도,전주,영어,고등학생,전주 고등학생 영어과외,전주 고등학생 영어과외,"고등학생 영어 과외 공부를 처음 시작한다면 전주에서도 기초부터 1:1로 배울 수 있습니다. 지역과 일정에 따라 1:1 방문수업 또는 화상수업으로 진행하며, 어휘·구문독해부터 학교별 내신, 모의고사와 수능… 방식으로 수업하고 있습니다.",고등학생 영어 내신과 모의고사 및 수능 준비를 현재 수준에 맞춰 병행하는 온라인 과외 찾기,핵심 고민은 “긴 문장의 구조를 파악하기 어렵고 내신과 모의고사 지문을 읽는 데 시간이 오래 걸림”입니다.,"어휘, 구문독해, 학교별 내신, 모의고사, 수능","지역과 일정에 따라 1:1 방문수업 또는 화상수업으로 진행하며, 어휘·구문독해부터 학교별 내신, 모의고사와 수능 대비까지 현재 실력과 목표에 맞춰 지도",복잡한 문장의 구조를 파악하고 지문의 근거를 바탕으로 답을 선택하는 독해 능력 향상,전문형,high_english
427,https://kimstutoring.co.kr,jeonju-elementary-math,publish,ko,전북특별자치도,전주,수학,초등학생,전주 초등학생 수학과외,전주 초등학생 수학과외,"초등학생 수학 과외 때문에 고민이 있다면 전주 수업에서 지금 필요한 연습부터 함께 해볼 수 있습니다. 지역과 일정에 따라 1:1 방문수업 또는 화상수업으로 진행하며, 연산과 기초개념을 탄탄히 다지고 문제를 이해하는… 방식으로 수업하고 있습니다.",초등학생 수학 연산과 기초개념을 다지고 문제 이해와 풀이 습관을 기르는 온라인 과외 찾기,핵심 고민은 “계산 실수가 반복되고 문장형 문제에서 무엇을 구해야 하는지 파악하기 어려움”입니다.,"연산, 기초개념, 문제 이해, 풀이 습관","지역과 일정에 따라 1:1 방문수업 또는 화상수업으로 진행하며, 연산과 기초개념을 탄탄히 다지고 문제를 이해하는 과정과 올바른 풀이 습관을 학생 수준에 맞춰 지도",계산 과정을 점검하고 문제의 조건을 이해하며 풀이 순서를 정리하는 습관 형성,친근형,elementary_math
428,https://kimstutoring.co.kr,jeonju-middle-math,publish,ko,전북특별자치도,전주,수학,중학생,전주 중학생 수학과외,전주 중학생 수학과외,"중학생 수학 과외 때문에 고민이 있다면 전주 수업에서 지금 필요한 연습부터 함께 해볼 수 있습니다. 지역과 일정에 따라 1:1 방문수업 또는 화상수업으로 진행하며, 개념 이해와 유형별 문제풀이를 연결하고 학교별… 방식으로 수업하고 있습니다.",중학생 수학 개념과 유형별 문제풀이를 연결하고 내신 및 서술형을 준비하는 온라인 과외 찾기,핵심 고민은 “개념을 외워도 문제 유형이 바뀌면 적용하기 어렵고 같은 오답과 풀이 과정 누락이 반복됨”입니다.,"개념, 유형별 문제풀이, 학교별 내신, 서술형, 오답관리","지역과 일정에 따라 1:1 방문수업 또는 화상수업으로 진행하며, 개념 이해와 유형별 문제풀이를 연결하고 학교별 내신, 서술형, 오답관리까지 취약 단원에 맞춰 지도",문제에 맞는 개념을 선택하고 풀이 근거를 순서대로 쓰며 반복되는 실수를 줄이는 능력 향상,코칭형,middle_math
429,https://kimstutoring.co.kr,jeonju-high-math,publish,ko,전북특별자치도,전주,수학,고등학생,전주 고등학생 수학과외,전주 고등학생 수학과외,"전주에서 고등학생 수학 과외 실력을 늘리고 싶다면 자주 막히는 부분부터 직접 다뤄봅니다. 지역과 일정에 따라 1:1 방문수업 또는 화상수업으로 진행하며, 개념과 유형별 문제풀이부터 학교별 내신,… 방식으로 수업하고 있습니다.",고등학생 수학 취약단원을 보완하면서 내신과 모의고사 및 수능을 준비하는 온라인 과외 찾기,핵심 고민은 “개념 사이의 연결이 약하고 복합 문제의 접근 방법을 찾기 어려우며 취약단원에서 오답이 반복됨”입니다.,"개념, 유형별 문제풀이, 학교별 내신, 모의고사, 수능, 취약단원, 오답분석","지역과 일정에 따라 1:1 방문수업 또는 화상수업으로 진행하며, 개념과 유형별 문제풀이부터 학교별 내신, 모의고사와 수능 대비, 취약단원 및 오답분석까지 목표에 맞춰 지도",취약단원의 개념을 연결하고 문제 조건에 맞는 풀이 전략을 선택하며 오답 원인을 스스로 설명하는 능력 향상,전문형,high_math
430,https://kimstutoring.co.kr,jeonju-elementary-korean,publish,ko,전북특별자치도,전주,국어,초등학생,전주 초등학생 국어과외,전주 초등학생 국어과외,"전주에서 초등학생 국어 과외 실력을 늘리고 싶다면 자주 막히는 부분부터 직접 다뤄봅니다. 지역과 일정에 따라 1:1 방문수업 또는 화상수업으로 진행하며, 어휘와 독해를 바탕으로 글의 내용을 이해하고… 방식으로 수업하고 있습니다.",초등학생의 국어 기초와 문해력을 잡아줄 1:1 국어과외 탐색,핵심 고민은 “글을 읽어도 내용을 정확히 이해하지 못하거나 어휘력이 부족해 문제의 뜻을 파악하는 데 어려움”입니다.,"어휘, 독해, 문장 이해, 글의 중심내용 파악, 기초 문해력, 글쓰기, 학습 습관","지역과 일정에 따라 1:1 방문수업 또는 화상수업으로 진행하며, 어휘와 독해를 바탕으로 글의 내용을 이해하고 자신의 생각을 표현하는 힘을 학생의 수준과 학습 속도에 맞춰 지도","글을 읽고 핵심 내용을 파악하는 힘을 기르고, 국어뿐 아니라 다른 과목의 문제를 이해하는 데 필요한 기초 문해력과 학습 습관 형성",친근형,elementary_korean
431,https://kimstutoring.co.kr,jeonju-middle-korean,publish,ko,전북특별자치도,전주,국어,중학생,전주 중학생 국어과외,전주 중학생 국어과외,"중학생 국어 과외 때문에 고민이 있다면 전주 수업에서 지금 필요한 연습부터 함께 해볼 수 있습니다. 지역과 일정에 따라 1:1 방문수업 또는 화상수업으로 진행하며, 문학·비문학 독해와 문법을 기본으로 학교별… 방식으로 수업하고 있습니다.",학교 내신과 국어 기본기를 함께 준비할 1:1 중등 국어과외 탐색,"핵심 고민은 “문학과 비문학 지문을 감으로 풀거나 문법 개념이 부족하고, 학교 시험의 서술형·수행평가 대비가 어려움”입니다.","문학, 비문학, 문법, 어휘, 학교별 내신, 서술형, 수행평가, 오답관리","지역과 일정에 따라 1:1 방문수업 또는 화상수업으로 진행하며, 문학·비문학 독해와 문법을 기본으로 학교별 내신, 서술형과 수행평가까지 학생의 취약 부분에 맞춰 지도","지문을 근거로 읽고 문제를 해결하는 방법을 익히며, 부족한 영역을 파악해 내신과 고등 국어 학습에 필요한 기본기 강화",코칭형,middle_korean
432,https://kimstutoring.co.kr,jeonju-high-korean,publish,ko,전북특별자치도,전주,국어,고등학생,전주 고등학생 국어과외,전주 고등학생 국어과외,"전주에서 고등학생 국어 과외 실력을 늘리고 싶다면 자주 막히는 부분부터 직접 다뤄봅니다. 지역과 일정에 따라 1:1 방문수업 또는 화상수업으로 진행하며, 문학과 독서의 지문 분석부터 학교별 내신,… 방식으로 수업하고 있습니다.",내신과 모의고사·수능을 함께 대비할 1:1 고등 국어과외 탐색,"핵심 고민은 “긴 지문의 핵심을 빠르게 파악하기 어렵거나 문학·독서·문법 영역별 편차가 크고, 모의고사에서 시간 관리와…”입니다.","문학, 독서, 화법과 언어, 작문, 학교별 내신, 모의고사, 수능, 취약영역, 오답분석","지역과 일정에 따라 1:1 방문수업 또는 화상수업으로 진행하며, 문학과 독서의 지문 분석부터 학교별 내신, 모의고사와 수능 대비, 취약영역 및 오답분석까지 현재 실력과 목표에 맞춰 지도","지문을 분석하는 기준과 문제 접근 방법을 익히고, 취약영역과 반복되는 오답을 점검하면서 내신·모의고사·수능 학습의 방향을 구체화",전문형,high_korean
433,https://kimstutoring.co.kr,gimje-elementary-english,publish,ko,전북특별자치도,김제,영어,초등학생,김제 초등학생 영어과외,김제 초등학생 영어과외,"초등학생 영어 과외 공부를 다시 시작하려는 분께 김제 1:1 수업이 맞는 출발점을 찾아드립니다. 지역과 일정에 따라 1:1 방문수업 또는 화상수업으로 진행하며, 기초 어휘와 문장 이해, 읽기 학습을 학생의… 방식으로 수업하고 있습니다.",초등학생 수준에 맞춰 영어 기초와 꾸준한 학습 습관을 기르는 1:1 온라인 과외 찾기,핵심 고민은 “기초 어휘가 부족하고 짧은 문장의 뜻을 이해하거나 꾸준히 읽는 데 어려움이 있음”입니다.,"기초 어휘, 문장 이해, 짧은 글 읽기, 학습 습관","지역과 일정에 따라 1:1 방문수업 또는 화상수업으로 진행하며, 기초 어휘와 문장 이해, 읽기 학습을 학생의 수준과 학습 속도에 맞춰 지도",익숙한 어휘로 짧은 문장의 뜻을 파악하고 스스로 읽고 복습하는 습관 형성,친근형,elementary_english
434,https://kimstutoring.co.kr,gimje-middle-english,publish,ko,전북특별자치도,김제,영어,중학생,김제 중학생 영어과외,김제 중학생 영어과외,"김제에서 배우는 중학생 영어 과외, 실제로 쓰려는 상황에 맞춰 수업 내용을 정합니다. 지역과 일정에 따라 1:1 방문수업 또는 화상수업으로 진행하며, 어휘·문법·독해를 기본으로 학교별 내신과… 방식으로 수업하고 있습니다.",중학생 영어 문법과 독해를 보완하고 학교별 내신과 서술형 및 수행평가를 준비하는 온라인 과외 찾기,핵심 고민은 “어휘와 문법을 배워도 지문에 적용하기 어렵고 서술형 답안과 수행평가 준비가 막막함”입니다.,"어휘, 문법, 독해, 학교별 내신, 서술형, 수행평가","지역과 일정에 따라 1:1 방문수업 또는 화상수업으로 진행하며, 어휘·문법·독해를 기본으로 학교별 내신과 서술형, 수행평가까지 학생의 취약 부분에 맞춰 지도",문법 근거를 설명하며 지문을 읽고 학교 평가 기준에 맞춰 답안을 작성하는 능력 향상,코칭형,middle_english
435,https://kimstutoring.co.kr,gimje-high-english,publish,ko,전북특별자치도,김제,영어,고등학생,김제 고등학생 영어과외,김제 고등학생 영어과외,"김제에서 고등학생 영어 과외 수업을 찾고 계신다면 지금 필요한 내용부터 시작할 수 있습니다. 지역과 일정에 따라 1:1 방문수업 또는 화상수업으로 진행하며, 어휘·구문독해부터 학교별 내신, 모의고사와 수능… 방식으로 수업하고 있습니다.",고등학생 영어 내신과 모의고사 및 수능 준비를 현재 수준에 맞춰 병행하는 온라인 과외 찾기,핵심 고민은 “긴 문장의 구조를 파악하기 어렵고 내신과 모의고사 지문을 읽는 데 시간이 오래 걸림”입니다.,"어휘, 구문독해, 학교별 내신, 모의고사, 수능","지역과 일정에 따라 1:1 방문수업 또는 화상수업으로 진행하며, 어휘·구문독해부터 학교별 내신, 모의고사와 수능 대비까지 현재 실력과 목표에 맞춰 지도",복잡한 문장의 구조를 파악하고 지문의 근거를 바탕으로 답을 선택하는 독해 능력 향상,전문형,high_english
436,https://kimstutoring.co.kr,gimje-elementary-math,publish,ko,전북특별자치도,김제,수학,초등학생,김제 초등학생 수학과외,김제 초등학생 수학과외,"김제에서 배우는 초등학생 수학 과외, 실제로 쓰려는 상황에 맞춰 수업 내용을 정합니다. 지역과 일정에 따라 1:1 방문수업 또는 화상수업으로 진행하며, 연산과 기초개념을 탄탄히 다지고 문제를 이해하는… 방식으로 수업하고 있습니다.",초등학생 수학 연산과 기초개념을 다지고 문제 이해와 풀이 습관을 기르는 온라인 과외 찾기,핵심 고민은 “계산 실수가 반복되고 문장형 문제에서 무엇을 구해야 하는지 파악하기 어려움”입니다.,"연산, 기초개념, 문제 이해, 풀이 습관","지역과 일정에 따라 1:1 방문수업 또는 화상수업으로 진행하며, 연산과 기초개념을 탄탄히 다지고 문제를 이해하는 과정과 올바른 풀이 습관을 학생 수준에 맞춰 지도",계산 과정을 점검하고 문제의 조건을 이해하며 풀이 순서를 정리하는 습관 형성,친근형,elementary_math
437,https://kimstutoring.co.kr,gimje-middle-math,publish,ko,전북특별자치도,김제,수학,중학생,김제 중학생 수학과외,김제 중학생 수학과외,"김제에서 배우는 중학생 수학 과외, 실제로 쓰려는 상황에 맞춰 수업 내용을 정합니다. 지역과 일정에 따라 1:1 방문수업 또는 화상수업으로 진행하며, 개념 이해와 유형별 문제풀이를 연결하고 학교별… 방식으로 수업하고 있습니다.",중학생 수학 개념과 유형별 문제풀이를 연결하고 내신 및 서술형을 준비하는 온라인 과외 찾기,핵심 고민은 “개념을 외워도 문제 유형이 바뀌면 적용하기 어렵고 같은 오답과 풀이 과정 누락이 반복됨”입니다.,"개념, 유형별 문제풀이, 학교별 내신, 서술형, 오답관리","지역과 일정에 따라 1:1 방문수업 또는 화상수업으로 진행하며, 개념 이해와 유형별 문제풀이를 연결하고 학교별 내신, 서술형, 오답관리까지 취약 단원에 맞춰 지도",문제에 맞는 개념을 선택하고 풀이 근거를 순서대로 쓰며 반복되는 실수를 줄이는 능력 향상,코칭형,middle_math
438,https://kimstutoring.co.kr,gimje-high-math,publish,ko,전북특별자치도,김제,수학,고등학생,김제 고등학생 수학과외,김제 고등학생 수학과외,"김제 고등학생 수학 과외 수업은 정해진 진도보다 현재 실력과 배우는 이유를 중요하게 봅니다. 지역과 일정에 따라 1:1 방문수업 또는 화상수업으로 진행하며, 개념과 유형별 문제풀이부터 학교별 내신,… 방식으로 수업하고 있습니다.",고등학생 수학 취약단원을 보완하면서 내신과 모의고사 및 수능을 준비하는 온라인 과외 찾기,핵심 고민은 “개념 사이의 연결이 약하고 복합 문제의 접근 방법을 찾기 어려우며 취약단원에서 오답이 반복됨”입니다.,"개념, 유형별 문제풀이, 학교별 내신, 모의고사, 수능, 취약단원, 오답분석","지역과 일정에 따라 1:1 방문수업 또는 화상수업으로 진행하며, 개념과 유형별 문제풀이부터 학교별 내신, 모의고사와 수능 대비, 취약단원 및 오답분석까지 목표에 맞춰 지도",취약단원의 개념을 연결하고 문제 조건에 맞는 풀이 전략을 선택하며 오답 원인을 스스로 설명하는 능력 향상,전문형,high_math
439,https://kimstutoring.co.kr,gimje-elementary-korean,publish,ko,전북특별자치도,김제,국어,초등학생,김제 초등학생 국어과외,김제 초등학생 국어과외,"김제 초등학생 국어 과외 수업은 정해진 진도보다 현재 실력과 배우는 이유를 중요하게 봅니다. 지역과 일정에 따라 1:1 방문수업 또는 화상수업으로 진행하며, 어휘와 독해를 바탕으로 글의 내용을 이해하고… 방식으로 수업하고 있습니다.",초등학생의 국어 기초와 문해력을 잡아줄 1:1 국어과외 탐색,핵심 고민은 “글을 읽어도 내용을 정확히 이해하지 못하거나 어휘력이 부족해 문제의 뜻을 파악하는 데 어려움”입니다.,"어휘, 독해, 문장 이해, 글의 중심내용 파악, 기초 문해력, 글쓰기, 학습 습관","지역과 일정에 따라 1:1 방문수업 또는 화상수업으로 진행하며, 어휘와 독해를 바탕으로 글의 내용을 이해하고 자신의 생각을 표현하는 힘을 학생의 수준과 학습 속도에 맞춰 지도","글을 읽고 핵심 내용을 파악하는 힘을 기르고, 국어뿐 아니라 다른 과목의 문제를 이해하는 데 필요한 기초 문해력과 학습 습관 형성",친근형,elementary_korean
440,https://kimstutoring.co.kr,gimje-middle-korean,publish,ko,전북특별자치도,김제,국어,중학생,김제 중학생 국어과외,김제 중학생 국어과외,"김제에서 배우는 중학생 국어 과외, 실제로 쓰려는 상황에 맞춰 수업 내용을 정합니다. 지역과 일정에 따라 1:1 방문수업 또는 화상수업으로 진행하며, 문학·비문학 독해와 문법을 기본으로 학교별… 방식으로 수업하고 있습니다.",학교 내신과 국어 기본기를 함께 준비할 1:1 중등 국어과외 탐색,"핵심 고민은 “문학과 비문학 지문을 감으로 풀거나 문법 개념이 부족하고, 학교 시험의 서술형·수행평가 대비가 어려움”입니다.","문학, 비문학, 문법, 어휘, 학교별 내신, 서술형, 수행평가, 오답관리","지역과 일정에 따라 1:1 방문수업 또는 화상수업으로 진행하며, 문학·비문학 독해와 문법을 기본으로 학교별 내신, 서술형과 수행평가까지 학생의 취약 부분에 맞춰 지도","지문을 근거로 읽고 문제를 해결하는 방법을 익히며, 부족한 영역을 파악해 내신과 고등 국어 학습에 필요한 기본기 강화",코칭형,middle_korean
441,https://kimstutoring.co.kr,gimje-high-korean,publish,ko,전북특별자치도,김제,국어,고등학생,김제 고등학생 국어과외,김제 고등학생 국어과외,"김제 고등학생 국어 과외 수업은 정해진 진도보다 현재 실력과 배우는 이유를 중요하게 봅니다. 지역과 일정에 따라 1:1 방문수업 또는 화상수업으로 진행하며, 문학과 독서의 지문 분석부터 학교별 내신,… 방식으로 수업하고 있습니다.",내신과 모의고사·수능을 함께 대비할 1:1 고등 국어과외 탐색,"핵심 고민은 “긴 지문의 핵심을 빠르게 파악하기 어렵거나 문학·독서·문법 영역별 편차가 크고, 모의고사에서 시간 관리와…”입니다.","문학, 독서, 화법과 언어, 작문, 학교별 내신, 모의고사, 수능, 취약영역, 오답분석","지역과 일정에 따라 1:1 방문수업 또는 화상수업으로 진행하며, 문학과 독서의 지문 분석부터 학교별 내신, 모의고사와 수능 대비, 취약영역 및 오답분석까지 현재 실력과 목표에 맞춰 지도","지문을 분석하는 기준과 문제 접근 방법을 익히고, 취약영역과 반복되는 오답을 점검하면서 내신·모의고사·수능 학습의 방향을 구체화",전문형,high_korean
442,https://kimstutoring.co.kr,gunsan-elementary-english,publish,ko,전북특별자치도,군산,영어,초등학생,군산 초등학생 영어과외,군산 초등학생 영어과외,"군산에서 초등학생 영어 과외 수업을 찾고 계신다면 지금 필요한 내용부터 시작할 수 있습니다. 지역과 일정에 따라 1:1 방문수업 또는 화상수업으로 진행하며, 기초 어휘와 문장 이해, 읽기 학습을 학생의… 방식으로 수업하고 있습니다.",초등학생 수준에 맞춰 영어 기초와 꾸준한 학습 습관을 기르는 1:1 온라인 과외 찾기,핵심 고민은 “기초 어휘가 부족하고 짧은 문장의 뜻을 이해하거나 꾸준히 읽는 데 어려움이 있음”입니다.,"기초 어휘, 문장 이해, 짧은 글 읽기, 학습 습관","지역과 일정에 따라 1:1 방문수업 또는 화상수업으로 진행하며, 기초 어휘와 문장 이해, 읽기 학습을 학생의 수준과 학습 속도에 맞춰 지도",익숙한 어휘로 짧은 문장의 뜻을 파악하고 스스로 읽고 복습하는 습관 형성,친근형,elementary_english
443,https://kimstutoring.co.kr,gunsan-middle-english,publish,ko,전북특별자치도,군산,영어,중학생,군산 중학생 영어과외,군산 중학생 영어과외,"군산 중학생 영어 과외 수업은 정해진 진도보다 현재 실력과 배우는 이유를 중요하게 봅니다. 지역과 일정에 따라 1:1 방문수업 또는 화상수업으로 진행하며, 어휘·문법·독해를 기본으로 학교별 내신과… 방식으로 수업하고 있습니다.",중학생 영어 문법과 독해를 보완하고 학교별 내신과 서술형 및 수행평가를 준비하는 온라인 과외 찾기,핵심 고민은 “어휘와 문법을 배워도 지문에 적용하기 어렵고 서술형 답안과 수행평가 준비가 막막함”입니다.,"어휘, 문법, 독해, 학교별 내신, 서술형, 수행평가","지역과 일정에 따라 1:1 방문수업 또는 화상수업으로 진행하며, 어휘·문법·독해를 기본으로 학교별 내신과 서술형, 수행평가까지 학생의 취약 부분에 맞춰 지도",문법 근거를 설명하며 지문을 읽고 학교 평가 기준에 맞춰 답안을 작성하는 능력 향상,코칭형,middle_english
444,https://kimstutoring.co.kr,gunsan-high-english,publish,ko,전북특별자치도,군산,영어,고등학생,군산 고등학생 영어과외,군산 고등학생 영어과외,"고등학생 영어 과외 공부를 다시 시작하려는 분께 군산 1:1 수업이 맞는 출발점을 찾아드립니다. 지역과 일정에 따라 1:1 방문수업 또는 화상수업으로 진행하며, 어휘·구문독해부터 학교별 내신, 모의고사와 수능… 방식으로 수업하고 있습니다.",고등학생 영어 내신과 모의고사 및 수능 준비를 현재 수준에 맞춰 병행하는 온라인 과외 찾기,핵심 고민은 “긴 문장의 구조를 파악하기 어렵고 내신과 모의고사 지문을 읽는 데 시간이 오래 걸림”입니다.,"어휘, 구문독해, 학교별 내신, 모의고사, 수능","지역과 일정에 따라 1:1 방문수업 또는 화상수업으로 진행하며, 어휘·구문독해부터 학교별 내신, 모의고사와 수능 대비까지 현재 실력과 목표에 맞춰 지도",복잡한 문장의 구조를 파악하고 지문의 근거를 바탕으로 답을 선택하는 독해 능력 향상,전문형,high_english
445,https://kimstutoring.co.kr,gunsan-elementary-math,publish,ko,전북특별자치도,군산,수학,초등학생,군산 초등학생 수학과외,군산 초등학생 수학과외,"군산 초등학생 수학 과외 수업은 정해진 진도보다 현재 실력과 배우는 이유를 중요하게 봅니다. 지역과 일정에 따라 1:1 방문수업 또는 화상수업으로 진행하며, 연산과 기초개념을 탄탄히 다지고 문제를 이해하는… 방식으로 수업하고 있습니다.",초등학생 수학 연산과 기초개념을 다지고 문제 이해와 풀이 습관을 기르는 온라인 과외 찾기,핵심 고민은 “계산 실수가 반복되고 문장형 문제에서 무엇을 구해야 하는지 파악하기 어려움”입니다.,"연산, 기초개념, 문제 이해, 풀이 습관","지역과 일정에 따라 1:1 방문수업 또는 화상수업으로 진행하며, 연산과 기초개념을 탄탄히 다지고 문제를 이해하는 과정과 올바른 풀이 습관을 학생 수준에 맞춰 지도",계산 과정을 점검하고 문제의 조건을 이해하며 풀이 순서를 정리하는 습관 형성,친근형,elementary_math
446,https://kimstutoring.co.kr,gunsan-middle-math,publish,ko,전북특별자치도,군산,수학,중학생,군산 중학생 수학과외,군산 중학생 수학과외,"군산 중학생 수학 과외 수업은 정해진 진도보다 현재 실력과 배우는 이유를 중요하게 봅니다. 지역과 일정에 따라 1:1 방문수업 또는 화상수업으로 진행하며, 개념 이해와 유형별 문제풀이를 연결하고 학교별… 방식으로 수업하고 있습니다.",중학생 수학 개념과 유형별 문제풀이를 연결하고 내신 및 서술형을 준비하는 온라인 과외 찾기,핵심 고민은 “개념을 외워도 문제 유형이 바뀌면 적용하기 어렵고 같은 오답과 풀이 과정 누락이 반복됨”입니다.,"개념, 유형별 문제풀이, 학교별 내신, 서술형, 오답관리","지역과 일정에 따라 1:1 방문수업 또는 화상수업으로 진행하며, 개념 이해와 유형별 문제풀이를 연결하고 학교별 내신, 서술형, 오답관리까지 취약 단원에 맞춰 지도",문제에 맞는 개념을 선택하고 풀이 근거를 순서대로 쓰며 반복되는 실수를 줄이는 능력 향상,코칭형,middle_math
447,https://kimstutoring.co.kr,gunsan-high-math,publish,ko,전북특별자치도,군산,수학,고등학생,군산 고등학생 수학과외,군산 고등학생 수학과외,"군산에서 배우는 고등학생 수학 과외, 실제로 쓰려는 상황에 맞춰 수업 내용을 정합니다. 지역과 일정에 따라 1:1 방문수업 또는 화상수업으로 진행하며, 개념과 유형별 문제풀이부터 학교별 내신,… 방식으로 수업하고 있습니다.",고등학생 수학 취약단원을 보완하면서 내신과 모의고사 및 수능을 준비하는 온라인 과외 찾기,핵심 고민은 “개념 사이의 연결이 약하고 복합 문제의 접근 방법을 찾기 어려우며 취약단원에서 오답이 반복됨”입니다.,"개념, 유형별 문제풀이, 학교별 내신, 모의고사, 수능, 취약단원, 오답분석","지역과 일정에 따라 1:1 방문수업 또는 화상수업으로 진행하며, 개념과 유형별 문제풀이부터 학교별 내신, 모의고사와 수능 대비, 취약단원 및 오답분석까지 목표에 맞춰 지도",취약단원의 개념을 연결하고 문제 조건에 맞는 풀이 전략을 선택하며 오답 원인을 스스로 설명하는 능력 향상,전문형,high_math
448,https://kimstutoring.co.kr,gunsan-elementary-korean,publish,ko,전북특별자치도,군산,국어,초등학생,군산 초등학생 국어과외,군산 초등학생 국어과외,"군산에서 배우는 초등학생 국어 과외, 실제로 쓰려는 상황에 맞춰 수업 내용을 정합니다. 지역과 일정에 따라 1:1 방문수업 또는 화상수업으로 진행하며, 어휘와 독해를 바탕으로 글의 내용을 이해하고… 방식으로 수업하고 있습니다.",초등학생의 국어 기초와 문해력을 잡아줄 1:1 국어과외 탐색,핵심 고민은 “글을 읽어도 내용을 정확히 이해하지 못하거나 어휘력이 부족해 문제의 뜻을 파악하는 데 어려움”입니다.,"어휘, 독해, 문장 이해, 글의 중심내용 파악, 기초 문해력, 글쓰기, 학습 습관","지역과 일정에 따라 1:1 방문수업 또는 화상수업으로 진행하며, 어휘와 독해를 바탕으로 글의 내용을 이해하고 자신의 생각을 표현하는 힘을 학생의 수준과 학습 속도에 맞춰 지도","글을 읽고 핵심 내용을 파악하는 힘을 기르고, 국어뿐 아니라 다른 과목의 문제를 이해하는 데 필요한 기초 문해력과 학습 습관 형성",친근형,elementary_korean
449,https://kimstutoring.co.kr,gunsan-middle-korean,publish,ko,전북특별자치도,군산,국어,중학생,군산 중학생 국어과외,군산 중학생 국어과외,"군산 중학생 국어 과외 수업은 정해진 진도보다 현재 실력과 배우는 이유를 중요하게 봅니다. 지역과 일정에 따라 1:1 방문수업 또는 화상수업으로 진행하며, 문학·비문학 독해와 문법을 기본으로 학교별… 방식으로 수업하고 있습니다.",학교 내신과 국어 기본기를 함께 준비할 1:1 중등 국어과외 탐색,"핵심 고민은 “문학과 비문학 지문을 감으로 풀거나 문법 개념이 부족하고, 학교 시험의 서술형·수행평가 대비가 어려움”입니다.","문학, 비문학, 문법, 어휘, 학교별 내신, 서술형, 수행평가, 오답관리","지역과 일정에 따라 1:1 방문수업 또는 화상수업으로 진행하며, 문학·비문학 독해와 문법을 기본으로 학교별 내신, 서술형과 수행평가까지 학생의 취약 부분에 맞춰 지도","지문을 근거로 읽고 문제를 해결하는 방법을 익히며, 부족한 영역을 파악해 내신과 고등 국어 학습에 필요한 기본기 강화",코칭형,middle_korean
450,https://kimstutoring.co.kr,gunsan-high-korean,publish,ko,전북특별자치도,군산,국어,고등학생,군산 고등학생 국어과외,군산 고등학생 국어과외,"군산에서 배우는 고등학생 국어 과외, 실제로 쓰려는 상황에 맞춰 수업 내용을 정합니다. 지역과 일정에 따라 1:1 방문수업 또는 화상수업으로 진행하며, 문학과 독서의 지문 분석부터 학교별 내신,… 방식으로 수업하고 있습니다.",내신과 모의고사·수능을 함께 대비할 1:1 고등 국어과외 탐색,"핵심 고민은 “긴 지문의 핵심을 빠르게 파악하기 어렵거나 문학·독서·문법 영역별 편차가 크고, 모의고사에서 시간 관리와…”입니다.","문학, 독서, 화법과 언어, 작문, 학교별 내신, 모의고사, 수능, 취약영역, 오답분석","지역과 일정에 따라 1:1 방문수업 또는 화상수업으로 진행하며, 문학과 독서의 지문 분석부터 학교별 내신, 모의고사와 수능 대비, 취약영역 및 오답분석까지 현재 실력과 목표에 맞춰 지도","지문을 분석하는 기준과 문제 접근 방법을 익히고, 취약영역과 반복되는 오답을 점검하면서 내신·모의고사·수능 학습의 방향을 구체화",전문형,high_korean
451,https://kimstutoring.co.kr,jeongeup-elementary-english,publish,ko,전북특별자치도,정읍,영어,초등학생,정읍 초등학생 영어과외,정읍 초등학생 영어과외,"정읍 초등학생 영어 과외 수업을 고민 중이라면 잘하는 부분과 보완할 부분을 나누어 시작합니다. 지역과 일정에 따라 1:1 방문수업 또는 화상수업으로 진행하며, 기초 어휘와 문장 이해, 읽기 학습을 학생의… 방식으로 수업하고 있습니다.",초등학생 수준에 맞춰 영어 기초와 꾸준한 학습 습관을 기르는 1:1 온라인 과외 찾기,핵심 고민은 “기초 어휘가 부족하고 짧은 문장의 뜻을 이해하거나 꾸준히 읽는 데 어려움이 있음”입니다.,"기초 어휘, 문장 이해, 짧은 글 읽기, 학습 습관","지역과 일정에 따라 1:1 방문수업 또는 화상수업으로 진행하며, 기초 어휘와 문장 이해, 읽기 학습을 학생의 수준과 학습 속도에 맞춰 지도",익숙한 어휘로 짧은 문장의 뜻을 파악하고 스스로 읽고 복습하는 습관 형성,친근형,elementary_english
452,https://kimstutoring.co.kr,jeongeup-middle-english,publish,ko,전북특별자치도,정읍,영어,중학생,정읍 중학생 영어과외,정읍 중학생 영어과외,"정읍에서 중학생 영어 과외 실력을 늘리고 싶다면 자주 막히는 부분부터 직접 다뤄봅니다. 지역과 일정에 따라 1:1 방문수업 또는 화상수업으로 진행하며, 어휘·문법·독해를 기본으로 학교별 내신과… 방식으로 수업하고 있습니다.",중학생 영어 문법과 독해를 보완하고 학교별 내신과 서술형 및 수행평가를 준비하는 온라인 과외 찾기,핵심 고민은 “어휘와 문법을 배워도 지문에 적용하기 어렵고 서술형 답안과 수행평가 준비가 막막함”입니다.,"어휘, 문법, 독해, 학교별 내신, 서술형, 수행평가","지역과 일정에 따라 1:1 방문수업 또는 화상수업으로 진행하며, 어휘·문법·독해를 기본으로 학교별 내신과 서술형, 수행평가까지 학생의 취약 부분에 맞춰 지도",문법 근거를 설명하며 지문을 읽고 학교 평가 기준에 맞춰 답안을 작성하는 능력 향상,코칭형,middle_english
453,https://kimstutoring.co.kr,jeongeup-high-english,publish,ko,전북특별자치도,정읍,영어,고등학생,정읍 고등학생 영어과외,정읍 고등학생 영어과외,"정읍 고등학생 영어 과외 수업을 고민 중이라면 잘하는 부분과 보완할 부분을 나누어 시작합니다. 지역과 일정에 따라 1:1 방문수업 또는 화상수업으로 진행하며, 어휘·구문독해부터 학교별 내신, 모의고사와 수능… 방식으로 수업하고 있습니다.",고등학생 영어 내신과 모의고사 및 수능 준비를 현재 수준에 맞춰 병행하는 온라인 과외 찾기,핵심 고민은 “긴 문장의 구조를 파악하기 어렵고 내신과 모의고사 지문을 읽는 데 시간이 오래 걸림”입니다.,"어휘, 구문독해, 학교별 내신, 모의고사, 수능","지역과 일정에 따라 1:1 방문수업 또는 화상수업으로 진행하며, 어휘·구문독해부터 학교별 내신, 모의고사와 수능 대비까지 현재 실력과 목표에 맞춰 지도",복잡한 문장의 구조를 파악하고 지문의 근거를 바탕으로 답을 선택하는 독해 능력 향상,전문형,high_english
454,https://kimstutoring.co.kr,jeongeup-elementary-math,publish,ko,전북특별자치도,정읍,수학,초등학생,정읍 초등학생 수학과외,정읍 초등학생 수학과외,"정읍에서 초등학생 수학 과외 실력을 늘리고 싶다면 자주 막히는 부분부터 직접 다뤄봅니다. 지역과 일정에 따라 1:1 방문수업 또는 화상수업으로 진행하며, 연산과 기초개념을 탄탄히 다지고 문제를 이해하는… 방식으로 수업하고 있습니다.",초등학생 수학 연산과 기초개념을 다지고 문제 이해와 풀이 습관을 기르는 온라인 과외 찾기,핵심 고민은 “계산 실수가 반복되고 문장형 문제에서 무엇을 구해야 하는지 파악하기 어려움”입니다.,"연산, 기초개념, 문제 이해, 풀이 습관","지역과 일정에 따라 1:1 방문수업 또는 화상수업으로 진행하며, 연산과 기초개념을 탄탄히 다지고 문제를 이해하는 과정과 올바른 풀이 습관을 학생 수준에 맞춰 지도",계산 과정을 점검하고 문제의 조건을 이해하며 풀이 순서를 정리하는 습관 형성,친근형,elementary_math
455,https://kimstutoring.co.kr,jeongeup-middle-math,publish,ko,전북특별자치도,정읍,수학,중학생,정읍 중학생 수학과외,정읍 중학생 수학과외,"정읍에서 중학생 수학 과외 실력을 늘리고 싶다면 자주 막히는 부분부터 직접 다뤄봅니다. 지역과 일정에 따라 1:1 방문수업 또는 화상수업으로 진행하며, 개념 이해와 유형별 문제풀이를 연결하고 학교별… 방식으로 수업하고 있습니다.",중학생 수학 개념과 유형별 문제풀이를 연결하고 내신 및 서술형을 준비하는 온라인 과외 찾기,핵심 고민은 “개념을 외워도 문제 유형이 바뀌면 적용하기 어렵고 같은 오답과 풀이 과정 누락이 반복됨”입니다.,"개념, 유형별 문제풀이, 학교별 내신, 서술형, 오답관리","지역과 일정에 따라 1:1 방문수업 또는 화상수업으로 진행하며, 개념 이해와 유형별 문제풀이를 연결하고 학교별 내신, 서술형, 오답관리까지 취약 단원에 맞춰 지도",문제에 맞는 개념을 선택하고 풀이 근거를 순서대로 쓰며 반복되는 실수를 줄이는 능력 향상,코칭형,middle_math
456,https://kimstutoring.co.kr,jeongeup-high-math,publish,ko,전북특별자치도,정읍,수학,고등학생,정읍 고등학생 수학과외,정읍 고등학생 수학과외,"고등학생 수학 과외 때문에 고민이 있다면 정읍 수업에서 지금 필요한 연습부터 함께 해볼 수 있습니다. 지역과 일정에 따라 1:1 방문수업 또는 화상수업으로 진행하며, 개념과 유형별 문제풀이부터 학교별 내신,… 방식으로 수업하고 있습니다.",고등학생 수학 취약단원을 보완하면서 내신과 모의고사 및 수능을 준비하는 온라인 과외 찾기,핵심 고민은 “개념 사이의 연결이 약하고 복합 문제의 접근 방법을 찾기 어려우며 취약단원에서 오답이 반복됨”입니다.,"개념, 유형별 문제풀이, 학교별 내신, 모의고사, 수능, 취약단원, 오답분석","지역과 일정에 따라 1:1 방문수업 또는 화상수업으로 진행하며, 개념과 유형별 문제풀이부터 학교별 내신, 모의고사와 수능 대비, 취약단원 및 오답분석까지 목표에 맞춰 지도",취약단원의 개념을 연결하고 문제 조건에 맞는 풀이 전략을 선택하며 오답 원인을 스스로 설명하는 능력 향상,전문형,high_math
457,https://kimstutoring.co.kr,jeongeup-elementary-korean,publish,ko,전북특별자치도,정읍,국어,초등학생,정읍 초등학생 국어과외,정읍 초등학생 국어과외,"초등학생 국어 과외 때문에 고민이 있다면 정읍 수업에서 지금 필요한 연습부터 함께 해볼 수 있습니다. 지역과 일정에 따라 1:1 방문수업 또는 화상수업으로 진행하며, 어휘와 독해를 바탕으로 글의 내용을 이해하고… 방식으로 수업하고 있습니다.",초등학생의 국어 기초와 문해력을 잡아줄 1:1 국어과외 탐색,핵심 고민은 “글을 읽어도 내용을 정확히 이해하지 못하거나 어휘력이 부족해 문제의 뜻을 파악하는 데 어려움”입니다.,"어휘, 독해, 문장 이해, 글의 중심내용 파악, 기초 문해력, 글쓰기, 학습 습관","지역과 일정에 따라 1:1 방문수업 또는 화상수업으로 진행하며, 어휘와 독해를 바탕으로 글의 내용을 이해하고 자신의 생각을 표현하는 힘을 학생의 수준과 학습 속도에 맞춰 지도","글을 읽고 핵심 내용을 파악하는 힘을 기르고, 국어뿐 아니라 다른 과목의 문제를 이해하는 데 필요한 기초 문해력과 학습 습관 형성",친근형,elementary_korean
458,https://kimstutoring.co.kr,jeongeup-middle-korean,publish,ko,전북특별자치도,정읍,국어,중학생,정읍 중학생 국어과외,정읍 중학생 국어과외,"정읍에서 중학생 국어 과외 실력을 늘리고 싶다면 자주 막히는 부분부터 직접 다뤄봅니다. 지역과 일정에 따라 1:1 방문수업 또는 화상수업으로 진행하며, 문학·비문학 독해와 문법을 기본으로 학교별… 방식으로 수업하고 있습니다.",학교 내신과 국어 기본기를 함께 준비할 1:1 중등 국어과외 탐색,"핵심 고민은 “문학과 비문학 지문을 감으로 풀거나 문법 개념이 부족하고, 학교 시험의 서술형·수행평가 대비가 어려움”입니다.","문학, 비문학, 문법, 어휘, 학교별 내신, 서술형, 수행평가, 오답관리","지역과 일정에 따라 1:1 방문수업 또는 화상수업으로 진행하며, 문학·비문학 독해와 문법을 기본으로 학교별 내신, 서술형과 수행평가까지 학생의 취약 부분에 맞춰 지도","지문을 근거로 읽고 문제를 해결하는 방법을 익히며, 부족한 영역을 파악해 내신과 고등 국어 학습에 필요한 기본기 강화",코칭형,middle_korean
459,https://kimstutoring.co.kr,jeongeup-high-korean,publish,ko,전북특별자치도,정읍,국어,고등학생,정읍 고등학생 국어과외,정읍 고등학생 국어과외,"고등학생 국어 과외 때문에 고민이 있다면 정읍 수업에서 지금 필요한 연습부터 함께 해볼 수 있습니다. 지역과 일정에 따라 1:1 방문수업 또는 화상수업으로 진행하며, 문학과 독서의 지문 분석부터 학교별 내신,… 방식으로 수업하고 있습니다.",내신과 모의고사·수능을 함께 대비할 1:1 고등 국어과외 탐색,"핵심 고민은 “긴 지문의 핵심을 빠르게 파악하기 어렵거나 문학·독서·문법 영역별 편차가 크고, 모의고사에서 시간 관리와…”입니다.","문학, 독서, 화법과 언어, 작문, 학교별 내신, 모의고사, 수능, 취약영역, 오답분석","지역과 일정에 따라 1:1 방문수업 또는 화상수업으로 진행하며, 문학과 독서의 지문 분석부터 학교별 내신, 모의고사와 수능 대비, 취약영역 및 오답분석까지 현재 실력과 목표에 맞춰 지도","지문을 분석하는 기준과 문제 접근 방법을 익히고, 취약영역과 반복되는 오답을 점검하면서 내신·모의고사·수능 학습의 방향을 구체화",전문형,high_korean
460,https://kimstutoring.co.kr,namwon-elementary-english,publish,ko,전북특별자치도,남원,영어,초등학생,남원 초등학생 영어과외,남원 초등학생 영어과외,"초등학생 영어 과외 공부를 다시 시작하려는 분께 남원 1:1 수업이 맞는 출발점을 찾아드립니다. 지역과 일정에 따라 1:1 방문수업 또는 화상수업으로 진행하며, 기초 어휘와 문장 이해, 읽기 학습을 학생의… 방식으로 수업하고 있습니다.",초등학생 수준에 맞춰 영어 기초와 꾸준한 학습 습관을 기르는 1:1 온라인 과외 찾기,핵심 고민은 “기초 어휘가 부족하고 짧은 문장의 뜻을 이해하거나 꾸준히 읽는 데 어려움이 있음”입니다.,"기초 어휘, 문장 이해, 짧은 글 읽기, 학습 습관","지역과 일정에 따라 1:1 방문수업 또는 화상수업으로 진행하며, 기초 어휘와 문장 이해, 읽기 학습을 학생의 수준과 학습 속도에 맞춰 지도",익숙한 어휘로 짧은 문장의 뜻을 파악하고 스스로 읽고 복습하는 습관 형성,친근형,elementary_english
461,https://kimstutoring.co.kr,namwon-middle-english,publish,ko,전북특별자치도,남원,영어,중학생,남원 중학생 영어과외,남원 중학생 영어과외,"남원에서 배우는 중학생 영어 과외, 실제로 쓰려는 상황에 맞춰 수업 내용을 정합니다. 지역과 일정에 따라 1:1 방문수업 또는 화상수업으로 진행하며, 어휘·문법·독해를 기본으로 학교별 내신과… 방식으로 수업하고 있습니다.",중학생 영어 문법과 독해를 보완하고 학교별 내신과 서술형 및 수행평가를 준비하는 온라인 과외 찾기,핵심 고민은 “어휘와 문법을 배워도 지문에 적용하기 어렵고 서술형 답안과 수행평가 준비가 막막함”입니다.,"어휘, 문법, 독해, 학교별 내신, 서술형, 수행평가","지역과 일정에 따라 1:1 방문수업 또는 화상수업으로 진행하며, 어휘·문법·독해를 기본으로 학교별 내신과 서술형, 수행평가까지 학생의 취약 부분에 맞춰 지도",문법 근거를 설명하며 지문을 읽고 학교 평가 기준에 맞춰 답안을 작성하는 능력 향상,코칭형,middle_english
462,https://kimstutoring.co.kr,namwon-high-english,publish,ko,전북특별자치도,남원,영어,고등학생,남원 고등학생 영어과외,남원 고등학생 영어과외,"남원에서 고등학생 영어 과외 수업을 찾고 계신다면 지금 필요한 내용부터 시작할 수 있습니다. 지역과 일정에 따라 1:1 방문수업 또는 화상수업으로 진행하며, 어휘·구문독해부터 학교별 내신, 모의고사와 수능… 방식으로 수업하고 있습니다.",고등학생 영어 내신과 모의고사 및 수능 준비를 현재 수준에 맞춰 병행하는 온라인 과외 찾기,핵심 고민은 “긴 문장의 구조를 파악하기 어렵고 내신과 모의고사 지문을 읽는 데 시간이 오래 걸림”입니다.,"어휘, 구문독해, 학교별 내신, 모의고사, 수능","지역과 일정에 따라 1:1 방문수업 또는 화상수업으로 진행하며, 어휘·구문독해부터 학교별 내신, 모의고사와 수능 대비까지 현재 실력과 목표에 맞춰 지도",복잡한 문장의 구조를 파악하고 지문의 근거를 바탕으로 답을 선택하는 독해 능력 향상,전문형,high_english
463,https://kimstutoring.co.kr,namwon-elementary-math,publish,ko,전북특별자치도,남원,수학,초등학생,남원 초등학생 수학과외,남원 초등학생 수학과외,"남원에서 배우는 초등학생 수학 과외, 실제로 쓰려는 상황에 맞춰 수업 내용을 정합니다. 지역과 일정에 따라 1:1 방문수업 또는 화상수업으로 진행하며, 연산과 기초개념을 탄탄히 다지고 문제를 이해하는… 방식으로 수업하고 있습니다.",초등학생 수학 연산과 기초개념을 다지고 문제 이해와 풀이 습관을 기르는 온라인 과외 찾기,핵심 고민은 “계산 실수가 반복되고 문장형 문제에서 무엇을 구해야 하는지 파악하기 어려움”입니다.,"연산, 기초개념, 문제 이해, 풀이 습관","지역과 일정에 따라 1:1 방문수업 또는 화상수업으로 진행하며, 연산과 기초개념을 탄탄히 다지고 문제를 이해하는 과정과 올바른 풀이 습관을 학생 수준에 맞춰 지도",계산 과정을 점검하고 문제의 조건을 이해하며 풀이 순서를 정리하는 습관 형성,친근형,elementary_math
464,https://kimstutoring.co.kr,namwon-middle-math,publish,ko,전북특별자치도,남원,수학,중학생,남원 중학생 수학과외,남원 중학생 수학과외,"남원에서 배우는 중학생 수학 과외, 실제로 쓰려는 상황에 맞춰 수업 내용을 정합니다. 지역과 일정에 따라 1:1 방문수업 또는 화상수업으로 진행하며, 개념 이해와 유형별 문제풀이를 연결하고 학교별… 방식으로 수업하고 있습니다.",중학생 수학 개념과 유형별 문제풀이를 연결하고 내신 및 서술형을 준비하는 온라인 과외 찾기,핵심 고민은 “개념을 외워도 문제 유형이 바뀌면 적용하기 어렵고 같은 오답과 풀이 과정 누락이 반복됨”입니다.,"개념, 유형별 문제풀이, 학교별 내신, 서술형, 오답관리","지역과 일정에 따라 1:1 방문수업 또는 화상수업으로 진행하며, 개념 이해와 유형별 문제풀이를 연결하고 학교별 내신, 서술형, 오답관리까지 취약 단원에 맞춰 지도",문제에 맞는 개념을 선택하고 풀이 근거를 순서대로 쓰며 반복되는 실수를 줄이는 능력 향상,코칭형,middle_math
465,https://kimstutoring.co.kr,namwon-high-math,publish,ko,전북특별자치도,남원,수학,고등학생,남원 고등학생 수학과외,남원 고등학생 수학과외,"남원 고등학생 수학 과외 수업은 정해진 진도보다 현재 실력과 배우는 이유를 중요하게 봅니다. 지역과 일정에 따라 1:1 방문수업 또는 화상수업으로 진행하며, 개념과 유형별 문제풀이부터 학교별 내신,… 방식으로 수업하고 있습니다.",고등학생 수학 취약단원을 보완하면서 내신과 모의고사 및 수능을 준비하는 온라인 과외 찾기,핵심 고민은 “개념 사이의 연결이 약하고 복합 문제의 접근 방법을 찾기 어려우며 취약단원에서 오답이 반복됨”입니다.,"개념, 유형별 문제풀이, 학교별 내신, 모의고사, 수능, 취약단원, 오답분석","지역과 일정에 따라 1:1 방문수업 또는 화상수업으로 진행하며, 개념과 유형별 문제풀이부터 학교별 내신, 모의고사와 수능 대비, 취약단원 및 오답분석까지 목표에 맞춰 지도",취약단원의 개념을 연결하고 문제 조건에 맞는 풀이 전략을 선택하며 오답 원인을 스스로 설명하는 능력 향상,전문형,high_math
466,https://kimstutoring.co.kr,namwon-elementary-korean,publish,ko,전북특별자치도,남원,국어,초등학생,남원 초등학생 국어과외,남원 초등학생 국어과외,"남원 초등학생 국어 과외 수업은 정해진 진도보다 현재 실력과 배우는 이유를 중요하게 봅니다. 지역과 일정에 따라 1:1 방문수업 또는 화상수업으로 진행하며, 어휘와 독해를 바탕으로 글의 내용을 이해하고… 방식으로 수업하고 있습니다.",초등학생의 국어 기초와 문해력을 잡아줄 1:1 국어과외 탐색,핵심 고민은 “글을 읽어도 내용을 정확히 이해하지 못하거나 어휘력이 부족해 문제의 뜻을 파악하는 데 어려움”입니다.,"어휘, 독해, 문장 이해, 글의 중심내용 파악, 기초 문해력, 글쓰기, 학습 습관","지역과 일정에 따라 1:1 방문수업 또는 화상수업으로 진행하며, 어휘와 독해를 바탕으로 글의 내용을 이해하고 자신의 생각을 표현하는 힘을 학생의 수준과 학습 속도에 맞춰 지도","글을 읽고 핵심 내용을 파악하는 힘을 기르고, 국어뿐 아니라 다른 과목의 문제를 이해하는 데 필요한 기초 문해력과 학습 습관 형성",친근형,elementary_korean
467,https://kimstutoring.co.kr,namwon-middle-korean,publish,ko,전북특별자치도,남원,국어,중학생,남원 중학생 국어과외,남원 중학생 국어과외,"남원에서 배우는 중학생 국어 과외, 실제로 쓰려는 상황에 맞춰 수업 내용을 정합니다. 지역과 일정에 따라 1:1 방문수업 또는 화상수업으로 진행하며, 문학·비문학 독해와 문법을 기본으로 학교별… 방식으로 수업하고 있습니다.",학교 내신과 국어 기본기를 함께 준비할 1:1 중등 국어과외 탐색,"핵심 고민은 “문학과 비문학 지문을 감으로 풀거나 문법 개념이 부족하고, 학교 시험의 서술형·수행평가 대비가 어려움”입니다.","문학, 비문학, 문법, 어휘, 학교별 내신, 서술형, 수행평가, 오답관리","지역과 일정에 따라 1:1 방문수업 또는 화상수업으로 진행하며, 문학·비문학 독해와 문법을 기본으로 학교별 내신, 서술형과 수행평가까지 학생의 취약 부분에 맞춰 지도","지문을 근거로 읽고 문제를 해결하는 방법을 익히며, 부족한 영역을 파악해 내신과 고등 국어 학습에 필요한 기본기 강화",코칭형,middle_korean
468,https://kimstutoring.co.kr,namwon-high-korean,publish,ko,전북특별자치도,남원,국어,고등학생,남원 고등학생 국어과외,남원 고등학생 국어과외,"남원 고등학생 국어 과외 수업은 정해진 진도보다 현재 실력과 배우는 이유를 중요하게 봅니다. 지역과 일정에 따라 1:1 방문수업 또는 화상수업으로 진행하며, 문학과 독서의 지문 분석부터 학교별 내신,… 방식으로 수업하고 있습니다.",내신과 모의고사·수능을 함께 대비할 1:1 고등 국어과외 탐색,"핵심 고민은 “긴 지문의 핵심을 빠르게 파악하기 어렵거나 문학·독서·문법 영역별 편차가 크고, 모의고사에서 시간 관리와…”입니다.","문학, 독서, 화법과 언어, 작문, 학교별 내신, 모의고사, 수능, 취약영역, 오답분석","지역과 일정에 따라 1:1 방문수업 또는 화상수업으로 진행하며, 문학과 독서의 지문 분석부터 학교별 내신, 모의고사와 수능 대비, 취약영역 및 오답분석까지 현재 실력과 목표에 맞춰 지도","지문을 분석하는 기준과 문제 접근 방법을 익히고, 취약영역과 반복되는 오답을 점검하면서 내신·모의고사·수능 학습의 방향을 구체화",전문형,high_korean
469,https://kimstutoring.co.kr,gwangju-elementary-english,publish,ko,광주광역시,광주,영어,초등학생,광주 초등학생 영어과외,광주 초등학생 영어과외,"광주 초등학생 영어 과외 수업을 고민 중이라면 잘하는 부분과 보완할 부분을 나누어 시작합니다. 지역과 일정에 따라 1:1 방문수업 또는 화상수업으로 진행하며, 기초 어휘와 문장 이해, 읽기 학습을 학생의… 방식으로 수업하고 있습니다.",초등학생 수준에 맞춰 영어 기초와 꾸준한 학습 습관을 기르는 1:1 온라인 과외 찾기,핵심 고민은 “기초 어휘가 부족하고 짧은 문장의 뜻을 이해하거나 꾸준히 읽는 데 어려움이 있음”입니다.,"기초 어휘, 문장 이해, 짧은 글 읽기, 학습 습관","지역과 일정에 따라 1:1 방문수업 또는 화상수업으로 진행하며, 기초 어휘와 문장 이해, 읽기 학습을 학생의 수준과 학습 속도에 맞춰 지도",익숙한 어휘로 짧은 문장의 뜻을 파악하고 스스로 읽고 복습하는 습관 형성,친근형,elementary_english
470,https://kimstutoring.co.kr,gwangju-middle-english,publish,ko,광주광역시,광주,영어,중학생,광주 중학생 영어과외,광주 중학생 영어과외,"광주에서 중학생 영어 과외 실력을 늘리고 싶다면 자주 막히는 부분부터 직접 다뤄봅니다. 지역과 일정에 따라 1:1 방문수업 또는 화상수업으로 진행하며, 어휘·문법·독해를 기본으로 학교별 내신과… 방식으로 수업하고 있습니다.",중학생 영어 문법과 독해를 보완하고 학교별 내신과 서술형 및 수행평가를 준비하는 온라인 과외 찾기,핵심 고민은 “어휘와 문법을 배워도 지문에 적용하기 어렵고 서술형 답안과 수행평가 준비가 막막함”입니다.,"어휘, 문법, 독해, 학교별 내신, 서술형, 수행평가","지역과 일정에 따라 1:1 방문수업 또는 화상수업으로 진행하며, 어휘·문법·독해를 기본으로 학교별 내신과 서술형, 수행평가까지 학생의 취약 부분에 맞춰 지도",문법 근거를 설명하며 지문을 읽고 학교 평가 기준에 맞춰 답안을 작성하는 능력 향상,코칭형,middle_english
471,https://kimstutoring.co.kr,gwangju-high-english,publish,ko,광주광역시,광주,영어,고등학생,광주 고등학생 영어과외,광주 고등학생 영어과외,"광주 고등학생 영어 과외 수업을 고민 중이라면 잘하는 부분과 보완할 부분을 나누어 시작합니다. 지역과 일정에 따라 1:1 방문수업 또는 화상수업으로 진행하며, 어휘·구문독해부터 학교별 내신, 모의고사와 수능… 방식으로 수업하고 있습니다.",고등학생 영어 내신과 모의고사 및 수능 준비를 현재 수준에 맞춰 병행하는 온라인 과외 찾기,핵심 고민은 “긴 문장의 구조를 파악하기 어렵고 내신과 모의고사 지문을 읽는 데 시간이 오래 걸림”입니다.,"어휘, 구문독해, 학교별 내신, 모의고사, 수능","지역과 일정에 따라 1:1 방문수업 또는 화상수업으로 진행하며, 어휘·구문독해부터 학교별 내신, 모의고사와 수능 대비까지 현재 실력과 목표에 맞춰 지도",복잡한 문장의 구조를 파악하고 지문의 근거를 바탕으로 답을 선택하는 독해 능력 향상,전문형,high_english
472,https://kimstutoring.co.kr,gwangju-elementary-math,publish,ko,광주광역시,광주,수학,초등학생,광주 초등학생 수학과외,광주 초등학생 수학과외,"광주에서 초등학생 수학 과외 실력을 늘리고 싶다면 자주 막히는 부분부터 직접 다뤄봅니다. 지역과 일정에 따라 1:1 방문수업 또는 화상수업으로 진행하며, 연산과 기초개념을 탄탄히 다지고 문제를 이해하는… 방식으로 수업하고 있습니다.",초등학생 수학 연산과 기초개념을 다지고 문제 이해와 풀이 습관을 기르는 온라인 과외 찾기,핵심 고민은 “계산 실수가 반복되고 문장형 문제에서 무엇을 구해야 하는지 파악하기 어려움”입니다.,"연산, 기초개념, 문제 이해, 풀이 습관","지역과 일정에 따라 1:1 방문수업 또는 화상수업으로 진행하며, 연산과 기초개념을 탄탄히 다지고 문제를 이해하는 과정과 올바른 풀이 습관을 학생 수준에 맞춰 지도",계산 과정을 점검하고 문제의 조건을 이해하며 풀이 순서를 정리하는 습관 형성,친근형,elementary_math
473,https://kimstutoring.co.kr,gwangju-middle-math,publish,ko,광주광역시,광주,수학,중학생,광주 중학생 수학과외,광주 중학생 수학과외,"광주에서 중학생 수학 과외 실력을 늘리고 싶다면 자주 막히는 부분부터 직접 다뤄봅니다. 지역과 일정에 따라 1:1 방문수업 또는 화상수업으로 진행하며, 개념 이해와 유형별 문제풀이를 연결하고 학교별… 방식으로 수업하고 있습니다.",중학생 수학 개념과 유형별 문제풀이를 연결하고 내신 및 서술형을 준비하는 온라인 과외 찾기,핵심 고민은 “개념을 외워도 문제 유형이 바뀌면 적용하기 어렵고 같은 오답과 풀이 과정 누락이 반복됨”입니다.,"개념, 유형별 문제풀이, 학교별 내신, 서술형, 오답관리","지역과 일정에 따라 1:1 방문수업 또는 화상수업으로 진행하며, 개념 이해와 유형별 문제풀이를 연결하고 학교별 내신, 서술형, 오답관리까지 취약 단원에 맞춰 지도",문제에 맞는 개념을 선택하고 풀이 근거를 순서대로 쓰며 반복되는 실수를 줄이는 능력 향상,코칭형,middle_math
474,https://kimstutoring.co.kr,gwangju-high-math,publish,ko,광주광역시,광주,수학,고등학생,광주 고등학생 수학과외,광주 고등학생 수학과외,"고등학생 수학 과외 때문에 고민이 있다면 광주 수업에서 지금 필요한 연습부터 함께 해볼 수 있습니다. 지역과 일정에 따라 1:1 방문수업 또는 화상수업으로 진행하며, 개념과 유형별 문제풀이부터 학교별 내신,… 방식으로 수업하고 있습니다.",고등학생 수학 취약단원을 보완하면서 내신과 모의고사 및 수능을 준비하는 온라인 과외 찾기,핵심 고민은 “개념 사이의 연결이 약하고 복합 문제의 접근 방법을 찾기 어려우며 취약단원에서 오답이 반복됨”입니다.,"개념, 유형별 문제풀이, 학교별 내신, 모의고사, 수능, 취약단원, 오답분석","지역과 일정에 따라 1:1 방문수업 또는 화상수업으로 진행하며, 개념과 유형별 문제풀이부터 학교별 내신, 모의고사와 수능 대비, 취약단원 및 오답분석까지 목표에 맞춰 지도",취약단원의 개념을 연결하고 문제 조건에 맞는 풀이 전략을 선택하며 오답 원인을 스스로 설명하는 능력 향상,전문형,high_math
475,https://kimstutoring.co.kr,gwangju-elementary-korean,publish,ko,광주광역시,광주,국어,초등학생,광주 초등학생 국어과외,광주 초등학생 국어과외,"초등학생 국어 과외 때문에 고민이 있다면 광주 수업에서 지금 필요한 연습부터 함께 해볼 수 있습니다. 지역과 일정에 따라 1:1 방문수업 또는 화상수업으로 진행하며, 어휘와 독해를 바탕으로 글의 내용을 이해하고… 방식으로 수업하고 있습니다.",초등학생의 국어 기초와 문해력을 잡아줄 1:1 국어과외 탐색,핵심 고민은 “글을 읽어도 내용을 정확히 이해하지 못하거나 어휘력이 부족해 문제의 뜻을 파악하는 데 어려움”입니다.,"어휘, 독해, 문장 이해, 글의 중심내용 파악, 기초 문해력, 글쓰기, 학습 습관","지역과 일정에 따라 1:1 방문수업 또는 화상수업으로 진행하며, 어휘와 독해를 바탕으로 글의 내용을 이해하고 자신의 생각을 표현하는 힘을 학생의 수준과 학습 속도에 맞춰 지도","글을 읽고 핵심 내용을 파악하는 힘을 기르고, 국어뿐 아니라 다른 과목의 문제를 이해하는 데 필요한 기초 문해력과 학습 습관 형성",친근형,elementary_korean
476,https://kimstutoring.co.kr,gwangju-middle-korean,publish,ko,광주광역시,광주,국어,중학생,광주 중학생 국어과외,광주 중학생 국어과외,"광주에서 중학생 국어 과외 실력을 늘리고 싶다면 자주 막히는 부분부터 직접 다뤄봅니다. 지역과 일정에 따라 1:1 방문수업 또는 화상수업으로 진행하며, 문학·비문학 독해와 문법을 기본으로 학교별… 방식으로 수업하고 있습니다.",학교 내신과 국어 기본기를 함께 준비할 1:1 중등 국어과외 탐색,"핵심 고민은 “문학과 비문학 지문을 감으로 풀거나 문법 개념이 부족하고, 학교 시험의 서술형·수행평가 대비가 어려움”입니다.","문학, 비문학, 문법, 어휘, 학교별 내신, 서술형, 수행평가, 오답관리","지역과 일정에 따라 1:1 방문수업 또는 화상수업으로 진행하며, 문학·비문학 독해와 문법을 기본으로 학교별 내신, 서술형과 수행평가까지 학생의 취약 부분에 맞춰 지도","지문을 근거로 읽고 문제를 해결하는 방법을 익히며, 부족한 영역을 파악해 내신과 고등 국어 학습에 필요한 기본기 강화",코칭형,middle_korean
477,https://kimstutoring.co.kr,gwangju-high-korean,publish,ko,광주광역시,광주,국어,고등학생,광주 고등학생 국어과외,광주 고등학생 국어과외,"고등학생 국어 과외 때문에 고민이 있다면 광주 수업에서 지금 필요한 연습부터 함께 해볼 수 있습니다. 지역과 일정에 따라 1:1 방문수업 또는 화상수업으로 진행하며, 문학과 독서의 지문 분석부터 학교별 내신,… 방식으로 수업하고 있습니다.",내신과 모의고사·수능을 함께 대비할 1:1 고등 국어과외 탐색,"핵심 고민은 “긴 지문의 핵심을 빠르게 파악하기 어렵거나 문학·독서·문법 영역별 편차가 크고, 모의고사에서 시간 관리와…”입니다.","문학, 독서, 화법과 언어, 작문, 학교별 내신, 모의고사, 수능, 취약영역, 오답분석","지역과 일정에 따라 1:1 방문수업 또는 화상수업으로 진행하며, 문학과 독서의 지문 분석부터 학교별 내신, 모의고사와 수능 대비, 취약영역 및 오답분석까지 현재 실력과 목표에 맞춰 지도","지문을 분석하는 기준과 문제 접근 방법을 익히고, 취약영역과 반복되는 오답을 점검하면서 내신·모의고사·수능 학습의 방향을 구체화",전문형,high_korean
478,https://kimstutoring.co.kr,naju-elementary-english,publish,ko,전라남도,나주,영어,초등학생,나주 초등학생 영어과외,나주 초등학생 영어과외,"초등학생 영어 과외 공부를 다시 시작하려는 분께 나주 1:1 수업이 맞는 출발점을 찾아드립니다. 지역과 일정에 따라 1:1 방문수업 또는 화상수업으로 진행하며, 기초 어휘와 문장 이해, 읽기 학습을 학생의… 방식으로 수업하고 있습니다.",초등학생 수준에 맞춰 영어 기초와 꾸준한 학습 습관을 기르는 1:1 온라인 과외 찾기,핵심 고민은 “기초 어휘가 부족하고 짧은 문장의 뜻을 이해하거나 꾸준히 읽는 데 어려움이 있음”입니다.,"기초 어휘, 문장 이해, 짧은 글 읽기, 학습 습관","지역과 일정에 따라 1:1 방문수업 또는 화상수업으로 진행하며, 기초 어휘와 문장 이해, 읽기 학습을 학생의 수준과 학습 속도에 맞춰 지도",익숙한 어휘로 짧은 문장의 뜻을 파악하고 스스로 읽고 복습하는 습관 형성,친근형,elementary_english
479,https://kimstutoring.co.kr,naju-middle-english,publish,ko,전라남도,나주,영어,중학생,나주 중학생 영어과외,나주 중학생 영어과외,"나주에서 배우는 중학생 영어 과외, 실제로 쓰려는 상황에 맞춰 수업 내용을 정합니다. 지역과 일정에 따라 1:1 방문수업 또는 화상수업으로 진행하며, 어휘·문법·독해를 기본으로 학교별 내신과… 방식으로 수업하고 있습니다.",중학생 영어 문법과 독해를 보완하고 학교별 내신과 서술형 및 수행평가를 준비하는 온라인 과외 찾기,핵심 고민은 “어휘와 문법을 배워도 지문에 적용하기 어렵고 서술형 답안과 수행평가 준비가 막막함”입니다.,"어휘, 문법, 독해, 학교별 내신, 서술형, 수행평가","지역과 일정에 따라 1:1 방문수업 또는 화상수업으로 진행하며, 어휘·문법·독해를 기본으로 학교별 내신과 서술형, 수행평가까지 학생의 취약 부분에 맞춰 지도",문법 근거를 설명하며 지문을 읽고 학교 평가 기준에 맞춰 답안을 작성하는 능력 향상,코칭형,middle_english
480,https://kimstutoring.co.kr,naju-high-english,publish,ko,전라남도,나주,영어,고등학생,나주 고등학생 영어과외,나주 고등학생 영어과외,"나주에서 고등학생 영어 과외 수업을 찾고 계신다면 지금 필요한 내용부터 시작할 수 있습니다. 지역과 일정에 따라 1:1 방문수업 또는 화상수업으로 진행하며, 어휘·구문독해부터 학교별 내신, 모의고사와 수능… 방식으로 수업하고 있습니다.",고등학생 영어 내신과 모의고사 및 수능 준비를 현재 수준에 맞춰 병행하는 온라인 과외 찾기,핵심 고민은 “긴 문장의 구조를 파악하기 어렵고 내신과 모의고사 지문을 읽는 데 시간이 오래 걸림”입니다.,"어휘, 구문독해, 학교별 내신, 모의고사, 수능","지역과 일정에 따라 1:1 방문수업 또는 화상수업으로 진행하며, 어휘·구문독해부터 학교별 내신, 모의고사와 수능 대비까지 현재 실력과 목표에 맞춰 지도",복잡한 문장의 구조를 파악하고 지문의 근거를 바탕으로 답을 선택하는 독해 능력 향상,전문형,high_english
481,https://kimstutoring.co.kr,naju-elementary-math,publish,ko,전라남도,나주,수학,초등학생,나주 초등학생 수학과외,나주 초등학생 수학과외,"나주에서 배우는 초등학생 수학 과외, 실제로 쓰려는 상황에 맞춰 수업 내용을 정합니다. 지역과 일정에 따라 1:1 방문수업 또는 화상수업으로 진행하며, 연산과 기초개념을 탄탄히 다지고 문제를 이해하는… 방식으로 수업하고 있습니다.",초등학생 수학 연산과 기초개념을 다지고 문제 이해와 풀이 습관을 기르는 온라인 과외 찾기,핵심 고민은 “계산 실수가 반복되고 문장형 문제에서 무엇을 구해야 하는지 파악하기 어려움”입니다.,"연산, 기초개념, 문제 이해, 풀이 습관","지역과 일정에 따라 1:1 방문수업 또는 화상수업으로 진행하며, 연산과 기초개념을 탄탄히 다지고 문제를 이해하는 과정과 올바른 풀이 습관을 학생 수준에 맞춰 지도",계산 과정을 점검하고 문제의 조건을 이해하며 풀이 순서를 정리하는 습관 형성,친근형,elementary_math
482,https://kimstutoring.co.kr,naju-middle-math,publish,ko,전라남도,나주,수학,중학생,나주 중학생 수학과외,나주 중학생 수학과외,"나주에서 배우는 중학생 수학 과외, 실제로 쓰려는 상황에 맞춰 수업 내용을 정합니다. 지역과 일정에 따라 1:1 방문수업 또는 화상수업으로 진행하며, 개념 이해와 유형별 문제풀이를 연결하고 학교별… 방식으로 수업하고 있습니다.",중학생 수학 개념과 유형별 문제풀이를 연결하고 내신 및 서술형을 준비하는 온라인 과외 찾기,핵심 고민은 “개념을 외워도 문제 유형이 바뀌면 적용하기 어렵고 같은 오답과 풀이 과정 누락이 반복됨”입니다.,"개념, 유형별 문제풀이, 학교별 내신, 서술형, 오답관리","지역과 일정에 따라 1:1 방문수업 또는 화상수업으로 진행하며, 개념 이해와 유형별 문제풀이를 연결하고 학교별 내신, 서술형, 오답관리까지 취약 단원에 맞춰 지도",문제에 맞는 개념을 선택하고 풀이 근거를 순서대로 쓰며 반복되는 실수를 줄이는 능력 향상,코칭형,middle_math
483,https://kimstutoring.co.kr,naju-high-math,publish,ko,전라남도,나주,수학,고등학생,나주 고등학생 수학과외,나주 고등학생 수학과외,"나주 고등학생 수학 과외 수업은 정해진 진도보다 현재 실력과 배우는 이유를 중요하게 봅니다. 지역과 일정에 따라 1:1 방문수업 또는 화상수업으로 진행하며, 개념과 유형별 문제풀이부터 학교별 내신,… 방식으로 수업하고 있습니다.",고등학생 수학 취약단원을 보완하면서 내신과 모의고사 및 수능을 준비하는 온라인 과외 찾기,핵심 고민은 “개념 사이의 연결이 약하고 복합 문제의 접근 방법을 찾기 어려우며 취약단원에서 오답이 반복됨”입니다.,"개념, 유형별 문제풀이, 학교별 내신, 모의고사, 수능, 취약단원, 오답분석","지역과 일정에 따라 1:1 방문수업 또는 화상수업으로 진행하며, 개념과 유형별 문제풀이부터 학교별 내신, 모의고사와 수능 대비, 취약단원 및 오답분석까지 목표에 맞춰 지도",취약단원의 개념을 연결하고 문제 조건에 맞는 풀이 전략을 선택하며 오답 원인을 스스로 설명하는 능력 향상,전문형,high_math
484,https://kimstutoring.co.kr,naju-elementary-korean,publish,ko,전라남도,나주,국어,초등학생,나주 초등학생 국어과외,나주 초등학생 국어과외,"나주 초등학생 국어 과외 수업은 정해진 진도보다 현재 실력과 배우는 이유를 중요하게 봅니다. 지역과 일정에 따라 1:1 방문수업 또는 화상수업으로 진행하며, 어휘와 독해를 바탕으로 글의 내용을 이해하고… 방식으로 수업하고 있습니다.",초등학생의 국어 기초와 문해력을 잡아줄 1:1 국어과외 탐색,핵심 고민은 “글을 읽어도 내용을 정확히 이해하지 못하거나 어휘력이 부족해 문제의 뜻을 파악하는 데 어려움”입니다.,"어휘, 독해, 문장 이해, 글의 중심내용 파악, 기초 문해력, 글쓰기, 학습 습관","지역과 일정에 따라 1:1 방문수업 또는 화상수업으로 진행하며, 어휘와 독해를 바탕으로 글의 내용을 이해하고 자신의 생각을 표현하는 힘을 학생의 수준과 학습 속도에 맞춰 지도","글을 읽고 핵심 내용을 파악하는 힘을 기르고, 국어뿐 아니라 다른 과목의 문제를 이해하는 데 필요한 기초 문해력과 학습 습관 형성",친근형,elementary_korean
485,https://kimstutoring.co.kr,naju-middle-korean,publish,ko,전라남도,나주,국어,중학생,나주 중학생 국어과외,나주 중학생 국어과외,"나주에서 배우는 중학생 국어 과외, 실제로 쓰려는 상황에 맞춰 수업 내용을 정합니다. 지역과 일정에 따라 1:1 방문수업 또는 화상수업으로 진행하며, 문학·비문학 독해와 문법을 기본으로 학교별… 방식으로 수업하고 있습니다.",학교 내신과 국어 기본기를 함께 준비할 1:1 중등 국어과외 탐색,"핵심 고민은 “문학과 비문학 지문을 감으로 풀거나 문법 개념이 부족하고, 학교 시험의 서술형·수행평가 대비가 어려움”입니다.","문학, 비문학, 문법, 어휘, 학교별 내신, 서술형, 수행평가, 오답관리","지역과 일정에 따라 1:1 방문수업 또는 화상수업으로 진행하며, 문학·비문학 독해와 문법을 기본으로 학교별 내신, 서술형과 수행평가까지 학생의 취약 부분에 맞춰 지도","지문을 근거로 읽고 문제를 해결하는 방법을 익히며, 부족한 영역을 파악해 내신과 고등 국어 학습에 필요한 기본기 강화",코칭형,middle_korean
486,https://kimstutoring.co.kr,naju-high-korean,publish,ko,전라남도,나주,국어,고등학생,나주 고등학생 국어과외,나주 고등학생 국어과외,"나주 고등학생 국어 과외 수업은 정해진 진도보다 현재 실력과 배우는 이유를 중요하게 봅니다. 지역과 일정에 따라 1:1 방문수업 또는 화상수업으로 진행하며, 문학과 독서의 지문 분석부터 학교별 내신,… 방식으로 수업하고 있습니다.",내신과 모의고사·수능을 함께 대비할 1:1 고등 국어과외 탐색,"핵심 고민은 “긴 지문의 핵심을 빠르게 파악하기 어렵거나 문학·독서·문법 영역별 편차가 크고, 모의고사에서 시간 관리와…”입니다.","문학, 독서, 화법과 언어, 작문, 학교별 내신, 모의고사, 수능, 취약영역, 오답분석","지역과 일정에 따라 1:1 방문수업 또는 화상수업으로 진행하며, 문학과 독서의 지문 분석부터 학교별 내신, 모의고사와 수능 대비, 취약영역 및 오답분석까지 현재 실력과 목표에 맞춰 지도","지문을 분석하는 기준과 문제 접근 방법을 익히고, 취약영역과 반복되는 오답을 점검하면서 내신·모의고사·수능 학습의 방향을 구체화",전문형,high_korean
487,https://kimstutoring.co.kr,mokpo-elementary-english,publish,ko,전라남도,목포,영어,초등학생,목포 초등학생 영어과외,목포 초등학생 영어과외,"목포 초등학생 영어 과외 수업은 정해진 진도보다 현재 실력과 배우는 이유를 중요하게 봅니다. 지역과 일정에 따라 1:1 방문수업 또는 화상수업으로 진행하며, 기초 어휘와 문장 이해, 읽기 학습을 학생의… 방식으로 수업하고 있습니다.",초등학생 수준에 맞춰 영어 기초와 꾸준한 학습 습관을 기르는 1:1 온라인 과외 찾기,핵심 고민은 “기초 어휘가 부족하고 짧은 문장의 뜻을 이해하거나 꾸준히 읽는 데 어려움이 있음”입니다.,"기초 어휘, 문장 이해, 짧은 글 읽기, 학습 습관","지역과 일정에 따라 1:1 방문수업 또는 화상수업으로 진행하며, 기초 어휘와 문장 이해, 읽기 학습을 학생의 수준과 학습 속도에 맞춰 지도",익숙한 어휘로 짧은 문장의 뜻을 파악하고 스스로 읽고 복습하는 습관 형성,친근형,elementary_english
488,https://kimstutoring.co.kr,mokpo-middle-english,publish,ko,전라남도,목포,영어,중학생,목포 중학생 영어과외,목포 중학생 영어과외,"중학생 영어 과외 공부를 다시 시작하려는 분께 목포 1:1 수업이 맞는 출발점을 찾아드립니다. 지역과 일정에 따라 1:1 방문수업 또는 화상수업으로 진행하며, 어휘·문법·독해를 기본으로 학교별 내신과… 방식으로 수업하고 있습니다.",중학생 영어 문법과 독해를 보완하고 학교별 내신과 서술형 및 수행평가를 준비하는 온라인 과외 찾기,핵심 고민은 “어휘와 문법을 배워도 지문에 적용하기 어렵고 서술형 답안과 수행평가 준비가 막막함”입니다.,"어휘, 문법, 독해, 학교별 내신, 서술형, 수행평가","지역과 일정에 따라 1:1 방문수업 또는 화상수업으로 진행하며, 어휘·문법·독해를 기본으로 학교별 내신과 서술형, 수행평가까지 학생의 취약 부분에 맞춰 지도",문법 근거를 설명하며 지문을 읽고 학교 평가 기준에 맞춰 답안을 작성하는 능력 향상,코칭형,middle_english
489,https://kimstutoring.co.kr,mokpo-high-english,publish,ko,전라남도,목포,영어,고등학생,목포 고등학생 영어과외,목포 고등학생 영어과외,"목포에서 배우는 고등학생 영어 과외, 실제로 쓰려는 상황에 맞춰 수업 내용을 정합니다. 지역과 일정에 따라 1:1 방문수업 또는 화상수업으로 진행하며, 어휘·구문독해부터 학교별 내신, 모의고사와 수능… 방식으로 수업하고 있습니다.",고등학생 영어 내신과 모의고사 및 수능 준비를 현재 수준에 맞춰 병행하는 온라인 과외 찾기,핵심 고민은 “긴 문장의 구조를 파악하기 어렵고 내신과 모의고사 지문을 읽는 데 시간이 오래 걸림”입니다.,"어휘, 구문독해, 학교별 내신, 모의고사, 수능","지역과 일정에 따라 1:1 방문수업 또는 화상수업으로 진행하며, 어휘·구문독해부터 학교별 내신, 모의고사와 수능 대비까지 현재 실력과 목표에 맞춰 지도",복잡한 문장의 구조를 파악하고 지문의 근거를 바탕으로 답을 선택하는 독해 능력 향상,전문형,high_english
490,https://kimstutoring.co.kr,mokpo-elementary-math,publish,ko,전라남도,목포,수학,초등학생,목포 초등학생 수학과외,목포 초등학생 수학과외,"초등학생 수학 과외 공부를 다시 시작하려는 분께 목포 1:1 수업이 맞는 출발점을 찾아드립니다. 지역과 일정에 따라 1:1 방문수업 또는 화상수업으로 진행하며, 연산과 기초개념을 탄탄히 다지고 문제를 이해하는… 방식으로 수업하고 있습니다.",초등학생 수학 연산과 기초개념을 다지고 문제 이해와 풀이 습관을 기르는 온라인 과외 찾기,핵심 고민은 “계산 실수가 반복되고 문장형 문제에서 무엇을 구해야 하는지 파악하기 어려움”입니다.,"연산, 기초개념, 문제 이해, 풀이 습관","지역과 일정에 따라 1:1 방문수업 또는 화상수업으로 진행하며, 연산과 기초개념을 탄탄히 다지고 문제를 이해하는 과정과 올바른 풀이 습관을 학생 수준에 맞춰 지도",계산 과정을 점검하고 문제의 조건을 이해하며 풀이 순서를 정리하는 습관 형성,친근형,elementary_math
491,https://kimstutoring.co.kr,mokpo-middle-math,publish,ko,전라남도,목포,수학,중학생,목포 중학생 수학과외,목포 중학생 수학과외,"중학생 수학 과외 공부를 다시 시작하려는 분께 목포 1:1 수업이 맞는 출발점을 찾아드립니다. 지역과 일정에 따라 1:1 방문수업 또는 화상수업으로 진행하며, 개념 이해와 유형별 문제풀이를 연결하고 학교별… 방식으로 수업하고 있습니다.",중학생 수학 개념과 유형별 문제풀이를 연결하고 내신 및 서술형을 준비하는 온라인 과외 찾기,핵심 고민은 “개념을 외워도 문제 유형이 바뀌면 적용하기 어렵고 같은 오답과 풀이 과정 누락이 반복됨”입니다.,"개념, 유형별 문제풀이, 학교별 내신, 서술형, 오답관리","지역과 일정에 따라 1:1 방문수업 또는 화상수업으로 진행하며, 개념 이해와 유형별 문제풀이를 연결하고 학교별 내신, 서술형, 오답관리까지 취약 단원에 맞춰 지도",문제에 맞는 개념을 선택하고 풀이 근거를 순서대로 쓰며 반복되는 실수를 줄이는 능력 향상,코칭형,middle_math
492,https://kimstutoring.co.kr,mokpo-high-math,publish,ko,전라남도,목포,수학,고등학생,목포 고등학생 수학과외,목포 고등학생 수학과외,"목포에서 고등학생 수학 과외 수업을 찾고 계신다면 지금 필요한 내용부터 시작할 수 있습니다. 지역과 일정에 따라 1:1 방문수업 또는 화상수업으로 진행하며, 개념과 유형별 문제풀이부터 학교별 내신,… 방식으로 수업하고 있습니다.",고등학생 수학 취약단원을 보완하면서 내신과 모의고사 및 수능을 준비하는 온라인 과외 찾기,핵심 고민은 “개념 사이의 연결이 약하고 복합 문제의 접근 방법을 찾기 어려우며 취약단원에서 오답이 반복됨”입니다.,"개념, 유형별 문제풀이, 학교별 내신, 모의고사, 수능, 취약단원, 오답분석","지역과 일정에 따라 1:1 방문수업 또는 화상수업으로 진행하며, 개념과 유형별 문제풀이부터 학교별 내신, 모의고사와 수능 대비, 취약단원 및 오답분석까지 목표에 맞춰 지도",취약단원의 개념을 연결하고 문제 조건에 맞는 풀이 전략을 선택하며 오답 원인을 스스로 설명하는 능력 향상,전문형,high_math
493,https://kimstutoring.co.kr,mokpo-elementary-korean,publish,ko,전라남도,목포,국어,초등학생,목포 초등학생 국어과외,목포 초등학생 국어과외,"목포에서 초등학생 국어 과외 수업을 찾고 계신다면 지금 필요한 내용부터 시작할 수 있습니다. 지역과 일정에 따라 1:1 방문수업 또는 화상수업으로 진행하며, 어휘와 독해를 바탕으로 글의 내용을 이해하고… 방식으로 수업하고 있습니다.",초등학생의 국어 기초와 문해력을 잡아줄 1:1 국어과외 탐색,핵심 고민은 “글을 읽어도 내용을 정확히 이해하지 못하거나 어휘력이 부족해 문제의 뜻을 파악하는 데 어려움”입니다.,"어휘, 독해, 문장 이해, 글의 중심내용 파악, 기초 문해력, 글쓰기, 학습 습관","지역과 일정에 따라 1:1 방문수업 또는 화상수업으로 진행하며, 어휘와 독해를 바탕으로 글의 내용을 이해하고 자신의 생각을 표현하는 힘을 학생의 수준과 학습 속도에 맞춰 지도","글을 읽고 핵심 내용을 파악하는 힘을 기르고, 국어뿐 아니라 다른 과목의 문제를 이해하는 데 필요한 기초 문해력과 학습 습관 형성",친근형,elementary_korean
494,https://kimstutoring.co.kr,mokpo-middle-korean,publish,ko,전라남도,목포,국어,중학생,목포 중학생 국어과외,목포 중학생 국어과외,"중학생 국어 과외 공부를 다시 시작하려는 분께 목포 1:1 수업이 맞는 출발점을 찾아드립니다. 지역과 일정에 따라 1:1 방문수업 또는 화상수업으로 진행하며, 문학·비문학 독해와 문법을 기본으로 학교별… 방식으로 수업하고 있습니다.",학교 내신과 국어 기본기를 함께 준비할 1:1 중등 국어과외 탐색,"핵심 고민은 “문학과 비문학 지문을 감으로 풀거나 문법 개념이 부족하고, 학교 시험의 서술형·수행평가 대비가 어려움”입니다.","문학, 비문학, 문법, 어휘, 학교별 내신, 서술형, 수행평가, 오답관리","지역과 일정에 따라 1:1 방문수업 또는 화상수업으로 진행하며, 문학·비문학 독해와 문법을 기본으로 학교별 내신, 서술형과 수행평가까지 학생의 취약 부분에 맞춰 지도","지문을 근거로 읽고 문제를 해결하는 방법을 익히며, 부족한 영역을 파악해 내신과 고등 국어 학습에 필요한 기본기 강화",코칭형,middle_korean
495,https://kimstutoring.co.kr,mokpo-high-korean,publish,ko,전라남도,목포,국어,고등학생,목포 고등학생 국어과외,목포 고등학생 국어과외,"목포에서 고등학생 국어 과외 수업을 찾고 계신다면 지금 필요한 내용부터 시작할 수 있습니다. 지역과 일정에 따라 1:1 방문수업 또는 화상수업으로 진행하며, 문학과 독서의 지문 분석부터 학교별 내신,… 방식으로 수업하고 있습니다.",내신과 모의고사·수능을 함께 대비할 1:1 고등 국어과외 탐색,"핵심 고민은 “긴 지문의 핵심을 빠르게 파악하기 어렵거나 문학·독서·문법 영역별 편차가 크고, 모의고사에서 시간 관리와…”입니다.","문학, 독서, 화법과 언어, 작문, 학교별 내신, 모의고사, 수능, 취약영역, 오답분석","지역과 일정에 따라 1:1 방문수업 또는 화상수업으로 진행하며, 문학과 독서의 지문 분석부터 학교별 내신, 모의고사와 수능 대비, 취약영역 및 오답분석까지 현재 실력과 목표에 맞춰 지도","지문을 분석하는 기준과 문제 접근 방법을 익히고, 취약영역과 반복되는 오답을 점검하면서 내신·모의고사·수능 학습의 방향을 구체화",전문형,high_korean
496,https://kimstutoring.co.kr,suncheon-elementary-english,publish,ko,전라남도,순천,영어,초등학생,순천 초등학생 영어과외,순천 초등학생 영어과외,"순천 초등학생 영어 과외 수업을 고민 중이라면 잘하는 부분과 보완할 부분을 나누어 시작합니다. 지역과 일정에 따라 1:1 방문수업 또는 화상수업으로 진행하며, 기초 어휘와 문장 이해, 읽기 학습을 학생의… 방식으로 수업하고 있습니다.",초등학생 수준에 맞춰 영어 기초와 꾸준한 학습 습관을 기르는 1:1 온라인 과외 찾기,핵심 고민은 “기초 어휘가 부족하고 짧은 문장의 뜻을 이해하거나 꾸준히 읽는 데 어려움이 있음”입니다.,"기초 어휘, 문장 이해, 짧은 글 읽기, 학습 습관","지역과 일정에 따라 1:1 방문수업 또는 화상수업으로 진행하며, 기초 어휘와 문장 이해, 읽기 학습을 학생의 수준과 학습 속도에 맞춰 지도",익숙한 어휘로 짧은 문장의 뜻을 파악하고 스스로 읽고 복습하는 습관 형성,친근형,elementary_english
497,https://kimstutoring.co.kr,suncheon-middle-english,publish,ko,전라남도,순천,영어,중학생,순천 중학생 영어과외,순천 중학생 영어과외,"순천에서 중학생 영어 과외 실력을 늘리고 싶다면 자주 막히는 부분부터 직접 다뤄봅니다. 지역과 일정에 따라 1:1 방문수업 또는 화상수업으로 진행하며, 어휘·문법·독해를 기본으로 학교별 내신과… 방식으로 수업하고 있습니다.",중학생 영어 문법과 독해를 보완하고 학교별 내신과 서술형 및 수행평가를 준비하는 온라인 과외 찾기,핵심 고민은 “어휘와 문법을 배워도 지문에 적용하기 어렵고 서술형 답안과 수행평가 준비가 막막함”입니다.,"어휘, 문법, 독해, 학교별 내신, 서술형, 수행평가","지역과 일정에 따라 1:1 방문수업 또는 화상수업으로 진행하며, 어휘·문법·독해를 기본으로 학교별 내신과 서술형, 수행평가까지 학생의 취약 부분에 맞춰 지도",문법 근거를 설명하며 지문을 읽고 학교 평가 기준에 맞춰 답안을 작성하는 능력 향상,코칭형,middle_english
498,https://kimstutoring.co.kr,suncheon-high-english,publish,ko,전라남도,순천,영어,고등학생,순천 고등학생 영어과외,순천 고등학생 영어과외,"순천 고등학생 영어 과외 수업을 고민 중이라면 잘하는 부분과 보완할 부분을 나누어 시작합니다. 지역과 일정에 따라 1:1 방문수업 또는 화상수업으로 진행하며, 어휘·구문독해부터 학교별 내신, 모의고사와 수능… 방식으로 수업하고 있습니다.",고등학생 영어 내신과 모의고사 및 수능 준비를 현재 수준에 맞춰 병행하는 온라인 과외 찾기,핵심 고민은 “긴 문장의 구조를 파악하기 어렵고 내신과 모의고사 지문을 읽는 데 시간이 오래 걸림”입니다.,"어휘, 구문독해, 학교별 내신, 모의고사, 수능","지역과 일정에 따라 1:1 방문수업 또는 화상수업으로 진행하며, 어휘·구문독해부터 학교별 내신, 모의고사와 수능 대비까지 현재 실력과 목표에 맞춰 지도",복잡한 문장의 구조를 파악하고 지문의 근거를 바탕으로 답을 선택하는 독해 능력 향상,전문형,high_english
499,https://kimstutoring.co.kr,suncheon-elementary-math,publish,ko,전라남도,순천,수학,초등학생,순천 초등학생 수학과외,순천 초등학생 수학과외,"순천에서 초등학생 수학 과외 실력을 늘리고 싶다면 자주 막히는 부분부터 직접 다뤄봅니다. 지역과 일정에 따라 1:1 방문수업 또는 화상수업으로 진행하며, 연산과 기초개념을 탄탄히 다지고 문제를 이해하는… 방식으로 수업하고 있습니다.",초등학생 수학 연산과 기초개념을 다지고 문제 이해와 풀이 습관을 기르는 온라인 과외 찾기,핵심 고민은 “계산 실수가 반복되고 문장형 문제에서 무엇을 구해야 하는지 파악하기 어려움”입니다.,"연산, 기초개념, 문제 이해, 풀이 습관","지역과 일정에 따라 1:1 방문수업 또는 화상수업으로 진행하며, 연산과 기초개념을 탄탄히 다지고 문제를 이해하는 과정과 올바른 풀이 습관을 학생 수준에 맞춰 지도",계산 과정을 점검하고 문제의 조건을 이해하며 풀이 순서를 정리하는 습관 형성,친근형,elementary_math
500,https://kimstutoring.co.kr,suncheon-middle-math,publish,ko,전라남도,순천,수학,중학생,순천 중학생 수학과외,순천 중학생 수학과외,"순천에서 중학생 수학 과외 실력을 늘리고 싶다면 자주 막히는 부분부터 직접 다뤄봅니다. 지역과 일정에 따라 1:1 방문수업 또는 화상수업으로 진행하며, 개념 이해와 유형별 문제풀이를 연결하고 학교별… 방식으로 수업하고 있습니다.",중학생 수학 개념과 유형별 문제풀이를 연결하고 내신 및 서술형을 준비하는 온라인 과외 찾기,핵심 고민은 “개념을 외워도 문제 유형이 바뀌면 적용하기 어렵고 같은 오답과 풀이 과정 누락이 반복됨”입니다.,"개념, 유형별 문제풀이, 학교별 내신, 서술형, 오답관리","지역과 일정에 따라 1:1 방문수업 또는 화상수업으로 진행하며, 개념 이해와 유형별 문제풀이를 연결하고 학교별 내신, 서술형, 오답관리까지 취약 단원에 맞춰 지도",문제에 맞는 개념을 선택하고 풀이 근거를 순서대로 쓰며 반복되는 실수를 줄이는 능력 향상,코칭형,middle_math
501,https://kimstutoring.co.kr,suncheon-high-math,publish,ko,전라남도,순천,수학,고등학생,순천 고등학생 수학과외,순천 고등학생 수학과외,"고등학생 수학 과외 때문에 고민이 있다면 순천 수업에서 지금 필요한 연습부터 함께 해볼 수 있습니다. 지역과 일정에 따라 1:1 방문수업 또는 화상수업으로 진행하며, 개념과 유형별 문제풀이부터 학교별 내신,… 방식으로 수업하고 있습니다.",고등학생 수학 취약단원을 보완하면서 내신과 모의고사 및 수능을 준비하는 온라인 과외 찾기,핵심 고민은 “개념 사이의 연결이 약하고 복합 문제의 접근 방법을 찾기 어려우며 취약단원에서 오답이 반복됨”입니다.,"개념, 유형별 문제풀이, 학교별 내신, 모의고사, 수능, 취약단원, 오답분석","지역과 일정에 따라 1:1 방문수업 또는 화상수업으로 진행하며, 개념과 유형별 문제풀이부터 학교별 내신, 모의고사와 수능 대비, 취약단원 및 오답분석까지 목표에 맞춰 지도",취약단원의 개념을 연결하고 문제 조건에 맞는 풀이 전략을 선택하며 오답 원인을 스스로 설명하는 능력 향상,전문형,high_math
502,https://kimstutoring.co.kr,suncheon-elementary-korean,publish,ko,전라남도,순천,국어,초등학생,순천 초등학생 국어과외,순천 초등학생 국어과외,"초등학생 국어 과외 때문에 고민이 있다면 순천 수업에서 지금 필요한 연습부터 함께 해볼 수 있습니다. 지역과 일정에 따라 1:1 방문수업 또는 화상수업으로 진행하며, 어휘와 독해를 바탕으로 글의 내용을 이해하고… 방식으로 수업하고 있습니다.",초등학생의 국어 기초와 문해력을 잡아줄 1:1 국어과외 탐색,핵심 고민은 “글을 읽어도 내용을 정확히 이해하지 못하거나 어휘력이 부족해 문제의 뜻을 파악하는 데 어려움”입니다.,"어휘, 독해, 문장 이해, 글의 중심내용 파악, 기초 문해력, 글쓰기, 학습 습관","지역과 일정에 따라 1:1 방문수업 또는 화상수업으로 진행하며, 어휘와 독해를 바탕으로 글의 내용을 이해하고 자신의 생각을 표현하는 힘을 학생의 수준과 학습 속도에 맞춰 지도","글을 읽고 핵심 내용을 파악하는 힘을 기르고, 국어뿐 아니라 다른 과목의 문제를 이해하는 데 필요한 기초 문해력과 학습 습관 형성",친근형,elementary_korean
503,https://kimstutoring.co.kr,suncheon-middle-korean,publish,ko,전라남도,순천,국어,중학생,순천 중학생 국어과외,순천 중학생 국어과외,"순천에서 중학생 국어 과외 실력을 늘리고 싶다면 자주 막히는 부분부터 직접 다뤄봅니다. 지역과 일정에 따라 1:1 방문수업 또는 화상수업으로 진행하며, 문학·비문학 독해와 문법을 기본으로 학교별… 방식으로 수업하고 있습니다.",학교 내신과 국어 기본기를 함께 준비할 1:1 중등 국어과외 탐색,"핵심 고민은 “문학과 비문학 지문을 감으로 풀거나 문법 개념이 부족하고, 학교 시험의 서술형·수행평가 대비가 어려움”입니다.","문학, 비문학, 문법, 어휘, 학교별 내신, 서술형, 수행평가, 오답관리","지역과 일정에 따라 1:1 방문수업 또는 화상수업으로 진행하며, 문학·비문학 독해와 문법을 기본으로 학교별 내신, 서술형과 수행평가까지 학생의 취약 부분에 맞춰 지도","지문을 근거로 읽고 문제를 해결하는 방법을 익히며, 부족한 영역을 파악해 내신과 고등 국어 학습에 필요한 기본기 강화",코칭형,middle_korean
504,https://kimstutoring.co.kr,suncheon-high-korean,publish,ko,전라남도,순천,국어,고등학생,순천 고등학생 국어과외,순천 고등학생 국어과외,"고등학생 국어 과외 때문에 고민이 있다면 순천 수업에서 지금 필요한 연습부터 함께 해볼 수 있습니다. 지역과 일정에 따라 1:1 방문수업 또는 화상수업으로 진행하며, 문학과 독서의 지문 분석부터 학교별 내신,… 방식으로 수업하고 있습니다.",내신과 모의고사·수능을 함께 대비할 1:1 고등 국어과외 탐색,"핵심 고민은 “긴 지문의 핵심을 빠르게 파악하기 어렵거나 문학·독서·문법 영역별 편차가 크고, 모의고사에서 시간 관리와…”입니다.","문학, 독서, 화법과 언어, 작문, 학교별 내신, 모의고사, 수능, 취약영역, 오답분석","지역과 일정에 따라 1:1 방문수업 또는 화상수업으로 진행하며, 문학과 독서의 지문 분석부터 학교별 내신, 모의고사와 수능 대비, 취약영역 및 오답분석까지 현재 실력과 목표에 맞춰 지도","지문을 분석하는 기준과 문제 접근 방법을 익히고, 취약영역과 반복되는 오답을 점검하면서 내신·모의고사·수능 학습의 방향을 구체화",전문형,high_korean
505,https://kimstutoring.co.kr,gwangyang-elementary-english,publish,ko,전라남도,광양,영어,초등학생,광양 초등학생 영어과외,광양 초등학생 영어과외,"초등학생 영어 과외 공부를 처음 시작한다면 광양에서도 기초부터 1:1로 배울 수 있습니다. 지역과 일정에 따라 1:1 방문수업 또는 화상수업으로 진행하며, 기초 어휘와 문장 이해, 읽기 학습을 학생의… 방식으로 수업하고 있습니다.",초등학생 수준에 맞춰 영어 기초와 꾸준한 학습 습관을 기르는 1:1 온라인 과외 찾기,핵심 고민은 “기초 어휘가 부족하고 짧은 문장의 뜻을 이해하거나 꾸준히 읽는 데 어려움이 있음”입니다.,"기초 어휘, 문장 이해, 짧은 글 읽기, 학습 습관","지역과 일정에 따라 1:1 방문수업 또는 화상수업으로 진행하며, 기초 어휘와 문장 이해, 읽기 학습을 학생의 수준과 학습 속도에 맞춰 지도",익숙한 어휘로 짧은 문장의 뜻을 파악하고 스스로 읽고 복습하는 습관 형성,친근형,elementary_english
506,https://kimstutoring.co.kr,gwangyang-middle-english,publish,ko,전라남도,광양,영어,중학생,광양 중학생 영어과외,광양 중학생 영어과외,"중학생 영어 과외 때문에 고민이 있다면 광양 수업에서 지금 필요한 연습부터 함께 해볼 수 있습니다. 지역과 일정에 따라 1:1 방문수업 또는 화상수업으로 진행하며, 어휘·문법·독해를 기본으로 학교별 내신과… 방식으로 수업하고 있습니다.",중학생 영어 문법과 독해를 보완하고 학교별 내신과 서술형 및 수행평가를 준비하는 온라인 과외 찾기,핵심 고민은 “어휘와 문법을 배워도 지문에 적용하기 어렵고 서술형 답안과 수행평가 준비가 막막함”입니다.,"어휘, 문법, 독해, 학교별 내신, 서술형, 수행평가","지역과 일정에 따라 1:1 방문수업 또는 화상수업으로 진행하며, 어휘·문법·독해를 기본으로 학교별 내신과 서술형, 수행평가까지 학생의 취약 부분에 맞춰 지도",문법 근거를 설명하며 지문을 읽고 학교 평가 기준에 맞춰 답안을 작성하는 능력 향상,코칭형,middle_english
507,https://kimstutoring.co.kr,gwangyang-high-english,publish,ko,전라남도,광양,영어,고등학생,광양 고등학생 영어과외,광양 고등학생 영어과외,"고등학생 영어 과외 공부를 처음 시작한다면 광양에서도 기초부터 1:1로 배울 수 있습니다. 지역과 일정에 따라 1:1 방문수업 또는 화상수업으로 진행하며, 어휘·구문독해부터 학교별 내신, 모의고사와 수능… 방식으로 수업하고 있습니다.",고등학생 영어 내신과 모의고사 및 수능 준비를 현재 수준에 맞춰 병행하는 온라인 과외 찾기,핵심 고민은 “긴 문장의 구조를 파악하기 어렵고 내신과 모의고사 지문을 읽는 데 시간이 오래 걸림”입니다.,"어휘, 구문독해, 학교별 내신, 모의고사, 수능","지역과 일정에 따라 1:1 방문수업 또는 화상수업으로 진행하며, 어휘·구문독해부터 학교별 내신, 모의고사와 수능 대비까지 현재 실력과 목표에 맞춰 지도",복잡한 문장의 구조를 파악하고 지문의 근거를 바탕으로 답을 선택하는 독해 능력 향상,전문형,high_english
508,https://kimstutoring.co.kr,gwangyang-elementary-math,publish,ko,전라남도,광양,수학,초등학생,광양 초등학생 수학과외,광양 초등학생 수학과외,"초등학생 수학 과외 때문에 고민이 있다면 광양 수업에서 지금 필요한 연습부터 함께 해볼 수 있습니다. 지역과 일정에 따라 1:1 방문수업 또는 화상수업으로 진행하며, 연산과 기초개념을 탄탄히 다지고 문제를 이해하는… 방식으로 수업하고 있습니다.",초등학생 수학 연산과 기초개념을 다지고 문제 이해와 풀이 습관을 기르는 온라인 과외 찾기,핵심 고민은 “계산 실수가 반복되고 문장형 문제에서 무엇을 구해야 하는지 파악하기 어려움”입니다.,"연산, 기초개념, 문제 이해, 풀이 습관","지역과 일정에 따라 1:1 방문수업 또는 화상수업으로 진행하며, 연산과 기초개념을 탄탄히 다지고 문제를 이해하는 과정과 올바른 풀이 습관을 학생 수준에 맞춰 지도",계산 과정을 점검하고 문제의 조건을 이해하며 풀이 순서를 정리하는 습관 형성,친근형,elementary_math
509,https://kimstutoring.co.kr,gwangyang-middle-math,publish,ko,전라남도,광양,수학,중학생,광양 중학생 수학과외,광양 중학생 수학과외,"중학생 수학 과외 때문에 고민이 있다면 광양 수업에서 지금 필요한 연습부터 함께 해볼 수 있습니다. 지역과 일정에 따라 1:1 방문수업 또는 화상수업으로 진행하며, 개념 이해와 유형별 문제풀이를 연결하고 학교별… 방식으로 수업하고 있습니다.",중학생 수학 개념과 유형별 문제풀이를 연결하고 내신 및 서술형을 준비하는 온라인 과외 찾기,핵심 고민은 “개념을 외워도 문제 유형이 바뀌면 적용하기 어렵고 같은 오답과 풀이 과정 누락이 반복됨”입니다.,"개념, 유형별 문제풀이, 학교별 내신, 서술형, 오답관리","지역과 일정에 따라 1:1 방문수업 또는 화상수업으로 진행하며, 개념 이해와 유형별 문제풀이를 연결하고 학교별 내신, 서술형, 오답관리까지 취약 단원에 맞춰 지도",문제에 맞는 개념을 선택하고 풀이 근거를 순서대로 쓰며 반복되는 실수를 줄이는 능력 향상,코칭형,middle_math
510,https://kimstutoring.co.kr,gwangyang-high-math,publish,ko,전라남도,광양,수학,고등학생,광양 고등학생 수학과외,광양 고등학생 수학과외,"광양에서 고등학생 수학 과외 실력을 늘리고 싶다면 자주 막히는 부분부터 직접 다뤄봅니다. 지역과 일정에 따라 1:1 방문수업 또는 화상수업으로 진행하며, 개념과 유형별 문제풀이부터 학교별 내신,… 방식으로 수업하고 있습니다.",고등학생 수학 취약단원을 보완하면서 내신과 모의고사 및 수능을 준비하는 온라인 과외 찾기,핵심 고민은 “개념 사이의 연결이 약하고 복합 문제의 접근 방법을 찾기 어려우며 취약단원에서 오답이 반복됨”입니다.,"개념, 유형별 문제풀이, 학교별 내신, 모의고사, 수능, 취약단원, 오답분석","지역과 일정에 따라 1:1 방문수업 또는 화상수업으로 진행하며, 개념과 유형별 문제풀이부터 학교별 내신, 모의고사와 수능 대비, 취약단원 및 오답분석까지 목표에 맞춰 지도",취약단원의 개념을 연결하고 문제 조건에 맞는 풀이 전략을 선택하며 오답 원인을 스스로 설명하는 능력 향상,전문형,high_math
511,https://kimstutoring.co.kr,gwangyang-elementary-korean,publish,ko,전라남도,광양,국어,초등학생,광양 초등학생 국어과외,광양 초등학생 국어과외,"광양에서 초등학생 국어 과외 실력을 늘리고 싶다면 자주 막히는 부분부터 직접 다뤄봅니다. 지역과 일정에 따라 1:1 방문수업 또는 화상수업으로 진행하며, 어휘와 독해를 바탕으로 글의 내용을 이해하고… 방식으로 수업하고 있습니다.",초등학생의 국어 기초와 문해력을 잡아줄 1:1 국어과외 탐색,핵심 고민은 “글을 읽어도 내용을 정확히 이해하지 못하거나 어휘력이 부족해 문제의 뜻을 파악하는 데 어려움”입니다.,"어휘, 독해, 문장 이해, 글의 중심내용 파악, 기초 문해력, 글쓰기, 학습 습관","지역과 일정에 따라 1:1 방문수업 또는 화상수업으로 진행하며, 어휘와 독해를 바탕으로 글의 내용을 이해하고 자신의 생각을 표현하는 힘을 학생의 수준과 학습 속도에 맞춰 지도","글을 읽고 핵심 내용을 파악하는 힘을 기르고, 국어뿐 아니라 다른 과목의 문제를 이해하는 데 필요한 기초 문해력과 학습 습관 형성",친근형,elementary_korean
512,https://kimstutoring.co.kr,gwangyang-middle-korean,publish,ko,전라남도,광양,국어,중학생,광양 중학생 국어과외,광양 중학생 국어과외,"중학생 국어 과외 때문에 고민이 있다면 광양 수업에서 지금 필요한 연습부터 함께 해볼 수 있습니다. 지역과 일정에 따라 1:1 방문수업 또는 화상수업으로 진행하며, 문학·비문학 독해와 문법을 기본으로 학교별… 방식으로 수업하고 있습니다.",학교 내신과 국어 기본기를 함께 준비할 1:1 중등 국어과외 탐색,"핵심 고민은 “문학과 비문학 지문을 감으로 풀거나 문법 개념이 부족하고, 학교 시험의 서술형·수행평가 대비가 어려움”입니다.","문학, 비문학, 문법, 어휘, 학교별 내신, 서술형, 수행평가, 오답관리","지역과 일정에 따라 1:1 방문수업 또는 화상수업으로 진행하며, 문학·비문학 독해와 문법을 기본으로 학교별 내신, 서술형과 수행평가까지 학생의 취약 부분에 맞춰 지도","지문을 근거로 읽고 문제를 해결하는 방법을 익히며, 부족한 영역을 파악해 내신과 고등 국어 학습에 필요한 기본기 강화",코칭형,middle_korean
513,https://kimstutoring.co.kr,gwangyang-high-korean,publish,ko,전라남도,광양,국어,고등학생,광양 고등학생 국어과외,광양 고등학생 국어과외,"광양에서 고등학생 국어 과외 실력을 늘리고 싶다면 자주 막히는 부분부터 직접 다뤄봅니다. 지역과 일정에 따라 1:1 방문수업 또는 화상수업으로 진행하며, 문학과 독서의 지문 분석부터 학교별 내신,… 방식으로 수업하고 있습니다.",내신과 모의고사·수능을 함께 대비할 1:1 고등 국어과외 탐색,"핵심 고민은 “긴 지문의 핵심을 빠르게 파악하기 어렵거나 문학·독서·문법 영역별 편차가 크고, 모의고사에서 시간 관리와…”입니다.","문학, 독서, 화법과 언어, 작문, 학교별 내신, 모의고사, 수능, 취약영역, 오답분석","지역과 일정에 따라 1:1 방문수업 또는 화상수업으로 진행하며, 문학과 독서의 지문 분석부터 학교별 내신, 모의고사와 수능 대비, 취약영역 및 오답분석까지 현재 실력과 목표에 맞춰 지도","지문을 분석하는 기준과 문제 접근 방법을 익히고, 취약영역과 반복되는 오답을 점검하면서 내신·모의고사·수능 학습의 방향을 구체화",전문형,high_korean
514,https://kimstutoring.co.kr,yeosu-elementary-english,publish,ko,전라남도,여수,영어,초등학생,여수 초등학생 영어과외,여수 초등학생 영어과외,"여수 초등학생 영어 과외 수업을 고민 중이라면 잘하는 부분과 보완할 부분을 나누어 시작합니다. 지역과 일정에 따라 1:1 방문수업 또는 화상수업으로 진행하며, 기초 어휘와 문장 이해, 읽기 학습을 학생의… 방식으로 수업하고 있습니다.",초등학생 수준에 맞춰 영어 기초와 꾸준한 학습 습관을 기르는 1:1 온라인 과외 찾기,핵심 고민은 “기초 어휘가 부족하고 짧은 문장의 뜻을 이해하거나 꾸준히 읽는 데 어려움이 있음”입니다.,"기초 어휘, 문장 이해, 짧은 글 읽기, 학습 습관","지역과 일정에 따라 1:1 방문수업 또는 화상수업으로 진행하며, 기초 어휘와 문장 이해, 읽기 학습을 학생의 수준과 학습 속도에 맞춰 지도",익숙한 어휘로 짧은 문장의 뜻을 파악하고 스스로 읽고 복습하는 습관 형성,친근형,elementary_english
515,https://kimstutoring.co.kr,yeosu-middle-english,publish,ko,전라남도,여수,영어,중학생,여수 중학생 영어과외,여수 중학생 영어과외,"여수에서 중학생 영어 과외 실력을 늘리고 싶다면 자주 막히는 부분부터 직접 다뤄봅니다. 지역과 일정에 따라 1:1 방문수업 또는 화상수업으로 진행하며, 어휘·문법·독해를 기본으로 학교별 내신과… 방식으로 수업하고 있습니다.",중학생 영어 문법과 독해를 보완하고 학교별 내신과 서술형 및 수행평가를 준비하는 온라인 과외 찾기,핵심 고민은 “어휘와 문법을 배워도 지문에 적용하기 어렵고 서술형 답안과 수행평가 준비가 막막함”입니다.,"어휘, 문법, 독해, 학교별 내신, 서술형, 수행평가","지역과 일정에 따라 1:1 방문수업 또는 화상수업으로 진행하며, 어휘·문법·독해를 기본으로 학교별 내신과 서술형, 수행평가까지 학생의 취약 부분에 맞춰 지도",문법 근거를 설명하며 지문을 읽고 학교 평가 기준에 맞춰 답안을 작성하는 능력 향상,코칭형,middle_english
516,https://kimstutoring.co.kr,yeosu-high-english,publish,ko,전라남도,여수,영어,고등학생,여수 고등학생 영어과외,여수 고등학생 영어과외,"여수 고등학생 영어 과외 수업을 고민 중이라면 잘하는 부분과 보완할 부분을 나누어 시작합니다. 지역과 일정에 따라 1:1 방문수업 또는 화상수업으로 진행하며, 어휘·구문독해부터 학교별 내신, 모의고사와 수능… 방식으로 수업하고 있습니다.",고등학생 영어 내신과 모의고사 및 수능 준비를 현재 수준에 맞춰 병행하는 온라인 과외 찾기,핵심 고민은 “긴 문장의 구조를 파악하기 어렵고 내신과 모의고사 지문을 읽는 데 시간이 오래 걸림”입니다.,"어휘, 구문독해, 학교별 내신, 모의고사, 수능","지역과 일정에 따라 1:1 방문수업 또는 화상수업으로 진행하며, 어휘·구문독해부터 학교별 내신, 모의고사와 수능 대비까지 현재 실력과 목표에 맞춰 지도",복잡한 문장의 구조를 파악하고 지문의 근거를 바탕으로 답을 선택하는 독해 능력 향상,전문형,high_english
517,https://kimstutoring.co.kr,yeosu-elementary-math,publish,ko,전라남도,여수,수학,초등학생,여수 초등학생 수학과외,여수 초등학생 수학과외,"여수에서 초등학생 수학 과외 실력을 늘리고 싶다면 자주 막히는 부분부터 직접 다뤄봅니다. 지역과 일정에 따라 1:1 방문수업 또는 화상수업으로 진행하며, 연산과 기초개념을 탄탄히 다지고 문제를 이해하는… 방식으로 수업하고 있습니다.",초등학생 수학 연산과 기초개념을 다지고 문제 이해와 풀이 습관을 기르는 온라인 과외 찾기,핵심 고민은 “계산 실수가 반복되고 문장형 문제에서 무엇을 구해야 하는지 파악하기 어려움”입니다.,"연산, 기초개념, 문제 이해, 풀이 습관","지역과 일정에 따라 1:1 방문수업 또는 화상수업으로 진행하며, 연산과 기초개념을 탄탄히 다지고 문제를 이해하는 과정과 올바른 풀이 습관을 학생 수준에 맞춰 지도",계산 과정을 점검하고 문제의 조건을 이해하며 풀이 순서를 정리하는 습관 형성,친근형,elementary_math
518,https://kimstutoring.co.kr,yeosu-middle-math,publish,ko,전라남도,여수,수학,중학생,여수 중학생 수학과외,여수 중학생 수학과외,"여수에서 중학생 수학 과외 실력을 늘리고 싶다면 자주 막히는 부분부터 직접 다뤄봅니다. 지역과 일정에 따라 1:1 방문수업 또는 화상수업으로 진행하며, 개념 이해와 유형별 문제풀이를 연결하고 학교별… 방식으로 수업하고 있습니다.",중학생 수학 개념과 유형별 문제풀이를 연결하고 내신 및 서술형을 준비하는 온라인 과외 찾기,핵심 고민은 “개념을 외워도 문제 유형이 바뀌면 적용하기 어렵고 같은 오답과 풀이 과정 누락이 반복됨”입니다.,"개념, 유형별 문제풀이, 학교별 내신, 서술형, 오답관리","지역과 일정에 따라 1:1 방문수업 또는 화상수업으로 진행하며, 개념 이해와 유형별 문제풀이를 연결하고 학교별 내신, 서술형, 오답관리까지 취약 단원에 맞춰 지도",문제에 맞는 개념을 선택하고 풀이 근거를 순서대로 쓰며 반복되는 실수를 줄이는 능력 향상,코칭형,middle_math
519,https://kimstutoring.co.kr,yeosu-high-math,publish,ko,전라남도,여수,수학,고등학생,여수 고등학생 수학과외,여수 고등학생 수학과외,"고등학생 수학 과외 때문에 고민이 있다면 여수 수업에서 지금 필요한 연습부터 함께 해볼 수 있습니다. 지역과 일정에 따라 1:1 방문수업 또는 화상수업으로 진행하며, 개념과 유형별 문제풀이부터 학교별 내신,… 방식으로 수업하고 있습니다.",고등학생 수학 취약단원을 보완하면서 내신과 모의고사 및 수능을 준비하는 온라인 과외 찾기,핵심 고민은 “개념 사이의 연결이 약하고 복합 문제의 접근 방법을 찾기 어려우며 취약단원에서 오답이 반복됨”입니다.,"개념, 유형별 문제풀이, 학교별 내신, 모의고사, 수능, 취약단원, 오답분석","지역과 일정에 따라 1:1 방문수업 또는 화상수업으로 진행하며, 개념과 유형별 문제풀이부터 학교별 내신, 모의고사와 수능 대비, 취약단원 및 오답분석까지 목표에 맞춰 지도",취약단원의 개념을 연결하고 문제 조건에 맞는 풀이 전략을 선택하며 오답 원인을 스스로 설명하는 능력 향상,전문형,high_math
520,https://kimstutoring.co.kr,yeosu-elementary-korean,publish,ko,전라남도,여수,국어,초등학생,여수 초등학생 국어과외,여수 초등학생 국어과외,"초등학생 국어 과외 때문에 고민이 있다면 여수 수업에서 지금 필요한 연습부터 함께 해볼 수 있습니다. 지역과 일정에 따라 1:1 방문수업 또는 화상수업으로 진행하며, 어휘와 독해를 바탕으로 글의 내용을 이해하고… 방식으로 수업하고 있습니다.",초등학생의 국어 기초와 문해력을 잡아줄 1:1 국어과외 탐색,핵심 고민은 “글을 읽어도 내용을 정확히 이해하지 못하거나 어휘력이 부족해 문제의 뜻을 파악하는 데 어려움”입니다.,"어휘, 독해, 문장 이해, 글의 중심내용 파악, 기초 문해력, 글쓰기, 학습 습관","지역과 일정에 따라 1:1 방문수업 또는 화상수업으로 진행하며, 어휘와 독해를 바탕으로 글의 내용을 이해하고 자신의 생각을 표현하는 힘을 학생의 수준과 학습 속도에 맞춰 지도","글을 읽고 핵심 내용을 파악하는 힘을 기르고, 국어뿐 아니라 다른 과목의 문제를 이해하는 데 필요한 기초 문해력과 학습 습관 형성",친근형,elementary_korean
521,https://kimstutoring.co.kr,yeosu-middle-korean,publish,ko,전라남도,여수,국어,중학생,여수 중학생 국어과외,여수 중학생 국어과외,"여수에서 중학생 국어 과외 실력을 늘리고 싶다면 자주 막히는 부분부터 직접 다뤄봅니다. 지역과 일정에 따라 1:1 방문수업 또는 화상수업으로 진행하며, 문학·비문학 독해와 문법을 기본으로 학교별… 방식으로 수업하고 있습니다.",학교 내신과 국어 기본기를 함께 준비할 1:1 중등 국어과외 탐색,"핵심 고민은 “문학과 비문학 지문을 감으로 풀거나 문법 개념이 부족하고, 학교 시험의 서술형·수행평가 대비가 어려움”입니다.","문학, 비문학, 문법, 어휘, 학교별 내신, 서술형, 수행평가, 오답관리","지역과 일정에 따라 1:1 방문수업 또는 화상수업으로 진행하며, 문학·비문학 독해와 문법을 기본으로 학교별 내신, 서술형과 수행평가까지 학생의 취약 부분에 맞춰 지도","지문을 근거로 읽고 문제를 해결하는 방법을 익히며, 부족한 영역을 파악해 내신과 고등 국어 학습에 필요한 기본기 강화",코칭형,middle_korean
522,https://kimstutoring.co.kr,yeosu-high-korean,publish,ko,전라남도,여수,국어,고등학생,여수 고등학생 국어과외,여수 고등학생 국어과외,"고등학생 국어 과외 때문에 고민이 있다면 여수 수업에서 지금 필요한 연습부터 함께 해볼 수 있습니다. 지역과 일정에 따라 1:1 방문수업 또는 화상수업으로 진행하며, 문학과 독서의 지문 분석부터 학교별 내신,… 방식으로 수업하고 있습니다.",내신과 모의고사·수능을 함께 대비할 1:1 고등 국어과외 탐색,"핵심 고민은 “긴 지문의 핵심을 빠르게 파악하기 어렵거나 문학·독서·문법 영역별 편차가 크고, 모의고사에서 시간 관리와…”입니다.","문학, 독서, 화법과 언어, 작문, 학교별 내신, 모의고사, 수능, 취약영역, 오답분석","지역과 일정에 따라 1:1 방문수업 또는 화상수업으로 진행하며, 문학과 독서의 지문 분석부터 학교별 내신, 모의고사와 수능 대비, 취약영역 및 오답분석까지 현재 실력과 목표에 맞춰 지도","지문을 분석하는 기준과 문제 접근 방법을 익히고, 취약영역과 반복되는 오답을 점검하면서 내신·모의고사·수능 학습의 방향을 구체화",전문형,high_korean
523,https://kimstutoring.co.kr,sacheon-elementary-english,publish,ko,경상남도,사천,영어,초등학생,사천 초등학생 영어과외,사천 초등학생 영어과외,"사천 초등학생 영어 과외 수업을 고민 중이라면 잘하는 부분과 보완할 부분을 나누어 시작합니다. 지역과 일정에 따라 1:1 방문수업 또는 화상수업으로 진행하며, 기초 어휘와 문장 이해, 읽기 학습을 학생의… 방식으로 수업하고 있습니다.",초등학생 수준에 맞춰 영어 기초와 꾸준한 학습 습관을 기르는 1:1 온라인 과외 찾기,핵심 고민은 “기초 어휘가 부족하고 짧은 문장의 뜻을 이해하거나 꾸준히 읽는 데 어려움이 있음”입니다.,"기초 어휘, 문장 이해, 짧은 글 읽기, 학습 습관","지역과 일정에 따라 1:1 방문수업 또는 화상수업으로 진행하며, 기초 어휘와 문장 이해, 읽기 학습을 학생의 수준과 학습 속도에 맞춰 지도",익숙한 어휘로 짧은 문장의 뜻을 파악하고 스스로 읽고 복습하는 습관 형성,친근형,elementary_english
524,https://kimstutoring.co.kr,sacheon-middle-english,publish,ko,경상남도,사천,영어,중학생,사천 중학생 영어과외,사천 중학생 영어과외,"사천에서 중학생 영어 과외 실력을 늘리고 싶다면 자주 막히는 부분부터 직접 다뤄봅니다. 지역과 일정에 따라 1:1 방문수업 또는 화상수업으로 진행하며, 어휘·문법·독해를 기본으로 학교별 내신과… 방식으로 수업하고 있습니다.",중학생 영어 문법과 독해를 보완하고 학교별 내신과 서술형 및 수행평가를 준비하는 온라인 과외 찾기,핵심 고민은 “어휘와 문법을 배워도 지문에 적용하기 어렵고 서술형 답안과 수행평가 준비가 막막함”입니다.,"어휘, 문법, 독해, 학교별 내신, 서술형, 수행평가","지역과 일정에 따라 1:1 방문수업 또는 화상수업으로 진행하며, 어휘·문법·독해를 기본으로 학교별 내신과 서술형, 수행평가까지 학생의 취약 부분에 맞춰 지도",문법 근거를 설명하며 지문을 읽고 학교 평가 기준에 맞춰 답안을 작성하는 능력 향상,코칭형,middle_english
525,https://kimstutoring.co.kr,sacheon-high-english,publish,ko,경상남도,사천,영어,고등학생,사천 고등학생 영어과외,사천 고등학생 영어과외,"사천 고등학생 영어 과외 수업을 고민 중이라면 잘하는 부분과 보완할 부분을 나누어 시작합니다. 지역과 일정에 따라 1:1 방문수업 또는 화상수업으로 진행하며, 어휘·구문독해부터 학교별 내신, 모의고사와 수능… 방식으로 수업하고 있습니다.",고등학생 영어 내신과 모의고사 및 수능 준비를 현재 수준에 맞춰 병행하는 온라인 과외 찾기,핵심 고민은 “긴 문장의 구조를 파악하기 어렵고 내신과 모의고사 지문을 읽는 데 시간이 오래 걸림”입니다.,"어휘, 구문독해, 학교별 내신, 모의고사, 수능","지역과 일정에 따라 1:1 방문수업 또는 화상수업으로 진행하며, 어휘·구문독해부터 학교별 내신, 모의고사와 수능 대비까지 현재 실력과 목표에 맞춰 지도",복잡한 문장의 구조를 파악하고 지문의 근거를 바탕으로 답을 선택하는 독해 능력 향상,전문형,high_english
526,https://kimstutoring.co.kr,sacheon-elementary-math,publish,ko,경상남도,사천,수학,초등학생,사천 초등학생 수학과외,사천 초등학생 수학과외,"사천에서 초등학생 수학 과외 실력을 늘리고 싶다면 자주 막히는 부분부터 직접 다뤄봅니다. 지역과 일정에 따라 1:1 방문수업 또는 화상수업으로 진행하며, 연산과 기초개념을 탄탄히 다지고 문제를 이해하는… 방식으로 수업하고 있습니다.",초등학생 수학 연산과 기초개념을 다지고 문제 이해와 풀이 습관을 기르는 온라인 과외 찾기,핵심 고민은 “계산 실수가 반복되고 문장형 문제에서 무엇을 구해야 하는지 파악하기 어려움”입니다.,"연산, 기초개념, 문제 이해, 풀이 습관","지역과 일정에 따라 1:1 방문수업 또는 화상수업으로 진행하며, 연산과 기초개념을 탄탄히 다지고 문제를 이해하는 과정과 올바른 풀이 습관을 학생 수준에 맞춰 지도",계산 과정을 점검하고 문제의 조건을 이해하며 풀이 순서를 정리하는 습관 형성,친근형,elementary_math
527,https://kimstutoring.co.kr,sacheon-middle-math,publish,ko,경상남도,사천,수학,중학생,사천 중학생 수학과외,사천 중학생 수학과외,"사천에서 중학생 수학 과외 실력을 늘리고 싶다면 자주 막히는 부분부터 직접 다뤄봅니다. 지역과 일정에 따라 1:1 방문수업 또는 화상수업으로 진행하며, 개념 이해와 유형별 문제풀이를 연결하고 학교별… 방식으로 수업하고 있습니다.",중학생 수학 개념과 유형별 문제풀이를 연결하고 내신 및 서술형을 준비하는 온라인 과외 찾기,핵심 고민은 “개념을 외워도 문제 유형이 바뀌면 적용하기 어렵고 같은 오답과 풀이 과정 누락이 반복됨”입니다.,"개념, 유형별 문제풀이, 학교별 내신, 서술형, 오답관리","지역과 일정에 따라 1:1 방문수업 또는 화상수업으로 진행하며, 개념 이해와 유형별 문제풀이를 연결하고 학교별 내신, 서술형, 오답관리까지 취약 단원에 맞춰 지도",문제에 맞는 개념을 선택하고 풀이 근거를 순서대로 쓰며 반복되는 실수를 줄이는 능력 향상,코칭형,middle_math
528,https://kimstutoring.co.kr,sacheon-high-math,publish,ko,경상남도,사천,수학,고등학생,사천 고등학생 수학과외,사천 고등학생 수학과외,"고등학생 수학 과외 때문에 고민이 있다면 사천 수업에서 지금 필요한 연습부터 함께 해볼 수 있습니다. 지역과 일정에 따라 1:1 방문수업 또는 화상수업으로 진행하며, 개념과 유형별 문제풀이부터 학교별 내신,… 방식으로 수업하고 있습니다.",고등학생 수학 취약단원을 보완하면서 내신과 모의고사 및 수능을 준비하는 온라인 과외 찾기,핵심 고민은 “개념 사이의 연결이 약하고 복합 문제의 접근 방법을 찾기 어려우며 취약단원에서 오답이 반복됨”입니다.,"개념, 유형별 문제풀이, 학교별 내신, 모의고사, 수능, 취약단원, 오답분석","지역과 일정에 따라 1:1 방문수업 또는 화상수업으로 진행하며, 개념과 유형별 문제풀이부터 학교별 내신, 모의고사와 수능 대비, 취약단원 및 오답분석까지 목표에 맞춰 지도",취약단원의 개념을 연결하고 문제 조건에 맞는 풀이 전략을 선택하며 오답 원인을 스스로 설명하는 능력 향상,전문형,high_math
529,https://kimstutoring.co.kr,sacheon-elementary-korean,publish,ko,경상남도,사천,국어,초등학생,사천 초등학생 국어과외,사천 초등학생 국어과외,"초등학생 국어 과외 때문에 고민이 있다면 사천 수업에서 지금 필요한 연습부터 함께 해볼 수 있습니다. 지역과 일정에 따라 1:1 방문수업 또는 화상수업으로 진행하며, 어휘와 독해를 바탕으로 글의 내용을 이해하고… 방식으로 수업하고 있습니다.",초등학생의 국어 기초와 문해력을 잡아줄 1:1 국어과외 탐색,핵심 고민은 “글을 읽어도 내용을 정확히 이해하지 못하거나 어휘력이 부족해 문제의 뜻을 파악하는 데 어려움”입니다.,"어휘, 독해, 문장 이해, 글의 중심내용 파악, 기초 문해력, 글쓰기, 학습 습관","지역과 일정에 따라 1:1 방문수업 또는 화상수업으로 진행하며, 어휘와 독해를 바탕으로 글의 내용을 이해하고 자신의 생각을 표현하는 힘을 학생의 수준과 학습 속도에 맞춰 지도","글을 읽고 핵심 내용을 파악하는 힘을 기르고, 국어뿐 아니라 다른 과목의 문제를 이해하는 데 필요한 기초 문해력과 학습 습관 형성",친근형,elementary_korean
530,https://kimstutoring.co.kr,sacheon-middle-korean,publish,ko,경상남도,사천,국어,중학생,사천 중학생 국어과외,사천 중학생 국어과외,"사천에서 중학생 국어 과외 실력을 늘리고 싶다면 자주 막히는 부분부터 직접 다뤄봅니다. 지역과 일정에 따라 1:1 방문수업 또는 화상수업으로 진행하며, 문학·비문학 독해와 문법을 기본으로 학교별… 방식으로 수업하고 있습니다.",학교 내신과 국어 기본기를 함께 준비할 1:1 중등 국어과외 탐색,"핵심 고민은 “문학과 비문학 지문을 감으로 풀거나 문법 개념이 부족하고, 학교 시험의 서술형·수행평가 대비가 어려움”입니다.","문학, 비문학, 문법, 어휘, 학교별 내신, 서술형, 수행평가, 오답관리","지역과 일정에 따라 1:1 방문수업 또는 화상수업으로 진행하며, 문학·비문학 독해와 문법을 기본으로 학교별 내신, 서술형과 수행평가까지 학생의 취약 부분에 맞춰 지도","지문을 근거로 읽고 문제를 해결하는 방법을 익히며, 부족한 영역을 파악해 내신과 고등 국어 학습에 필요한 기본기 강화",코칭형,middle_korean
531,https://kimstutoring.co.kr,sacheon-high-korean,publish,ko,경상남도,사천,국어,고등학생,사천 고등학생 국어과외,사천 고등학생 국어과외,"고등학생 국어 과외 때문에 고민이 있다면 사천 수업에서 지금 필요한 연습부터 함께 해볼 수 있습니다. 지역과 일정에 따라 1:1 방문수업 또는 화상수업으로 진행하며, 문학과 독서의 지문 분석부터 학교별 내신,… 방식으로 수업하고 있습니다.",내신과 모의고사·수능을 함께 대비할 1:1 고등 국어과외 탐색,"핵심 고민은 “긴 지문의 핵심을 빠르게 파악하기 어렵거나 문학·독서·문법 영역별 편차가 크고, 모의고사에서 시간 관리와…”입니다.","문학, 독서, 화법과 언어, 작문, 학교별 내신, 모의고사, 수능, 취약영역, 오답분석","지역과 일정에 따라 1:1 방문수업 또는 화상수업으로 진행하며, 문학과 독서의 지문 분석부터 학교별 내신, 모의고사와 수능 대비, 취약영역 및 오답분석까지 현재 실력과 목표에 맞춰 지도","지문을 분석하는 기준과 문제 접근 방법을 익히고, 취약영역과 반복되는 오답을 점검하면서 내신·모의고사·수능 학습의 방향을 구체화",전문형,high_korean
532,https://kimstutoring.co.kr,jinju-elementary-english,publish,ko,경상남도,진주,영어,초등학생,진주 초등학생 영어과외,진주 초등학생 영어과외,"진주 초등학생 영어 과외 수업은 정해진 진도보다 현재 실력과 배우는 이유를 중요하게 봅니다. 지역과 일정에 따라 1:1 방문수업 또는 화상수업으로 진행하며, 기초 어휘와 문장 이해, 읽기 학습을 학생의… 방식으로 수업하고 있습니다.",초등학생 수준에 맞춰 영어 기초와 꾸준한 학습 습관을 기르는 1:1 온라인 과외 찾기,핵심 고민은 “기초 어휘가 부족하고 짧은 문장의 뜻을 이해하거나 꾸준히 읽는 데 어려움이 있음”입니다.,"기초 어휘, 문장 이해, 짧은 글 읽기, 학습 습관","지역과 일정에 따라 1:1 방문수업 또는 화상수업으로 진행하며, 기초 어휘와 문장 이해, 읽기 학습을 학생의 수준과 학습 속도에 맞춰 지도",익숙한 어휘로 짧은 문장의 뜻을 파악하고 스스로 읽고 복습하는 습관 형성,친근형,elementary_english
533,https://kimstutoring.co.kr,jinju-middle-english,publish,ko,경상남도,진주,영어,중학생,진주 중학생 영어과외,진주 중학생 영어과외,"중학생 영어 과외 공부를 다시 시작하려는 분께 진주 1:1 수업이 맞는 출발점을 찾아드립니다. 지역과 일정에 따라 1:1 방문수업 또는 화상수업으로 진행하며, 어휘·문법·독해를 기본으로 학교별 내신과… 방식으로 수업하고 있습니다.",중학생 영어 문법과 독해를 보완하고 학교별 내신과 서술형 및 수행평가를 준비하는 온라인 과외 찾기,핵심 고민은 “어휘와 문법을 배워도 지문에 적용하기 어렵고 서술형 답안과 수행평가 준비가 막막함”입니다.,"어휘, 문법, 독해, 학교별 내신, 서술형, 수행평가","지역과 일정에 따라 1:1 방문수업 또는 화상수업으로 진행하며, 어휘·문법·독해를 기본으로 학교별 내신과 서술형, 수행평가까지 학생의 취약 부분에 맞춰 지도",문법 근거를 설명하며 지문을 읽고 학교 평가 기준에 맞춰 답안을 작성하는 능력 향상,코칭형,middle_english
534,https://kimstutoring.co.kr,jinju-high-english,publish,ko,경상남도,진주,영어,고등학생,진주 고등학생 영어과외,진주 고등학생 영어과외,"진주에서 배우는 고등학생 영어 과외, 실제로 쓰려는 상황에 맞춰 수업 내용을 정합니다. 지역과 일정에 따라 1:1 방문수업 또는 화상수업으로 진행하며, 어휘·구문독해부터 학교별 내신, 모의고사와 수능… 방식으로 수업하고 있습니다.",고등학생 영어 내신과 모의고사 및 수능 준비를 현재 수준에 맞춰 병행하는 온라인 과외 찾기,핵심 고민은 “긴 문장의 구조를 파악하기 어렵고 내신과 모의고사 지문을 읽는 데 시간이 오래 걸림”입니다.,"어휘, 구문독해, 학교별 내신, 모의고사, 수능","지역과 일정에 따라 1:1 방문수업 또는 화상수업으로 진행하며, 어휘·구문독해부터 학교별 내신, 모의고사와 수능 대비까지 현재 실력과 목표에 맞춰 지도",복잡한 문장의 구조를 파악하고 지문의 근거를 바탕으로 답을 선택하는 독해 능력 향상,전문형,high_english
535,https://kimstutoring.co.kr,jinju-elementary-math,publish,ko,경상남도,진주,수학,초등학생,진주 초등학생 수학과외,진주 초등학생 수학과외,"초등학생 수학 과외 공부를 다시 시작하려는 분께 진주 1:1 수업이 맞는 출발점을 찾아드립니다. 지역과 일정에 따라 1:1 방문수업 또는 화상수업으로 진행하며, 연산과 기초개념을 탄탄히 다지고 문제를 이해하는… 방식으로 수업하고 있습니다.",초등학생 수학 연산과 기초개념을 다지고 문제 이해와 풀이 습관을 기르는 온라인 과외 찾기,핵심 고민은 “계산 실수가 반복되고 문장형 문제에서 무엇을 구해야 하는지 파악하기 어려움”입니다.,"연산, 기초개념, 문제 이해, 풀이 습관","지역과 일정에 따라 1:1 방문수업 또는 화상수업으로 진행하며, 연산과 기초개념을 탄탄히 다지고 문제를 이해하는 과정과 올바른 풀이 습관을 학생 수준에 맞춰 지도",계산 과정을 점검하고 문제의 조건을 이해하며 풀이 순서를 정리하는 습관 형성,친근형,elementary_math
536,https://kimstutoring.co.kr,jinju-middle-math,publish,ko,경상남도,진주,수학,중학생,진주 중학생 수학과외,진주 중학생 수학과외,"중학생 수학 과외 공부를 다시 시작하려는 분께 진주 1:1 수업이 맞는 출발점을 찾아드립니다. 지역과 일정에 따라 1:1 방문수업 또는 화상수업으로 진행하며, 개념 이해와 유형별 문제풀이를 연결하고 학교별… 방식으로 수업하고 있습니다.",중학생 수학 개념과 유형별 문제풀이를 연결하고 내신 및 서술형을 준비하는 온라인 과외 찾기,핵심 고민은 “개념을 외워도 문제 유형이 바뀌면 적용하기 어렵고 같은 오답과 풀이 과정 누락이 반복됨”입니다.,"개념, 유형별 문제풀이, 학교별 내신, 서술형, 오답관리","지역과 일정에 따라 1:1 방문수업 또는 화상수업으로 진행하며, 개념 이해와 유형별 문제풀이를 연결하고 학교별 내신, 서술형, 오답관리까지 취약 단원에 맞춰 지도",문제에 맞는 개념을 선택하고 풀이 근거를 순서대로 쓰며 반복되는 실수를 줄이는 능력 향상,코칭형,middle_math
537,https://kimstutoring.co.kr,jinju-high-math,publish,ko,경상남도,진주,수학,고등학생,진주 고등학생 수학과외,진주 고등학생 수학과외,"진주에서 고등학생 수학 과외 수업을 찾고 계신다면 지금 필요한 내용부터 시작할 수 있습니다. 지역과 일정에 따라 1:1 방문수업 또는 화상수업으로 진행하며, 개념과 유형별 문제풀이부터 학교별 내신,… 방식으로 수업하고 있습니다.",고등학생 수학 취약단원을 보완하면서 내신과 모의고사 및 수능을 준비하는 온라인 과외 찾기,핵심 고민은 “개념 사이의 연결이 약하고 복합 문제의 접근 방법을 찾기 어려우며 취약단원에서 오답이 반복됨”입니다.,"개념, 유형별 문제풀이, 학교별 내신, 모의고사, 수능, 취약단원, 오답분석","지역과 일정에 따라 1:1 방문수업 또는 화상수업으로 진행하며, 개념과 유형별 문제풀이부터 학교별 내신, 모의고사와 수능 대비, 취약단원 및 오답분석까지 목표에 맞춰 지도",취약단원의 개념을 연결하고 문제 조건에 맞는 풀이 전략을 선택하며 오답 원인을 스스로 설명하는 능력 향상,전문형,high_math
538,https://kimstutoring.co.kr,jinju-elementary-korean,publish,ko,경상남도,진주,국어,초등학생,진주 초등학생 국어과외,진주 초등학생 국어과외,"진주에서 초등학생 국어 과외 수업을 찾고 계신다면 지금 필요한 내용부터 시작할 수 있습니다. 지역과 일정에 따라 1:1 방문수업 또는 화상수업으로 진행하며, 어휘와 독해를 바탕으로 글의 내용을 이해하고… 방식으로 수업하고 있습니다.",초등학생의 국어 기초와 문해력을 잡아줄 1:1 국어과외 탐색,핵심 고민은 “글을 읽어도 내용을 정확히 이해하지 못하거나 어휘력이 부족해 문제의 뜻을 파악하는 데 어려움”입니다.,"어휘, 독해, 문장 이해, 글의 중심내용 파악, 기초 문해력, 글쓰기, 학습 습관","지역과 일정에 따라 1:1 방문수업 또는 화상수업으로 진행하며, 어휘와 독해를 바탕으로 글의 내용을 이해하고 자신의 생각을 표현하는 힘을 학생의 수준과 학습 속도에 맞춰 지도","글을 읽고 핵심 내용을 파악하는 힘을 기르고, 국어뿐 아니라 다른 과목의 문제를 이해하는 데 필요한 기초 문해력과 학습 습관 형성",친근형,elementary_korean
539,https://kimstutoring.co.kr,jinju-middle-korean,publish,ko,경상남도,진주,국어,중학생,진주 중학생 국어과외,진주 중학생 국어과외,"중학생 국어 과외 공부를 다시 시작하려는 분께 진주 1:1 수업이 맞는 출발점을 찾아드립니다. 지역과 일정에 따라 1:1 방문수업 또는 화상수업으로 진행하며, 문학·비문학 독해와 문법을 기본으로 학교별… 방식으로 수업하고 있습니다.",학교 내신과 국어 기본기를 함께 준비할 1:1 중등 국어과외 탐색,"핵심 고민은 “문학과 비문학 지문을 감으로 풀거나 문법 개념이 부족하고, 학교 시험의 서술형·수행평가 대비가 어려움”입니다.","문학, 비문학, 문법, 어휘, 학교별 내신, 서술형, 수행평가, 오답관리","지역과 일정에 따라 1:1 방문수업 또는 화상수업으로 진행하며, 문학·비문학 독해와 문법을 기본으로 학교별 내신, 서술형과 수행평가까지 학생의 취약 부분에 맞춰 지도","지문을 근거로 읽고 문제를 해결하는 방법을 익히며, 부족한 영역을 파악해 내신과 고등 국어 학습에 필요한 기본기 강화",코칭형,middle_korean
540,https://kimstutoring.co.kr,jinju-high-korean,publish,ko,경상남도,진주,국어,고등학생,진주 고등학생 국어과외,진주 고등학생 국어과외,"진주에서 고등학생 국어 과외 수업을 찾고 계신다면 지금 필요한 내용부터 시작할 수 있습니다. 지역과 일정에 따라 1:1 방문수업 또는 화상수업으로 진행하며, 문학과 독서의 지문 분석부터 학교별 내신,… 방식으로 수업하고 있습니다.",내신과 모의고사·수능을 함께 대비할 1:1 고등 국어과외 탐색,"핵심 고민은 “긴 지문의 핵심을 빠르게 파악하기 어렵거나 문학·독서·문법 영역별 편차가 크고, 모의고사에서 시간 관리와…”입니다.","문학, 독서, 화법과 언어, 작문, 학교별 내신, 모의고사, 수능, 취약영역, 오답분석","지역과 일정에 따라 1:1 방문수업 또는 화상수업으로 진행하며, 문학과 독서의 지문 분석부터 학교별 내신, 모의고사와 수능 대비, 취약영역 및 오답분석까지 현재 실력과 목표에 맞춰 지도","지문을 분석하는 기준과 문제 접근 방법을 익히고, 취약영역과 반복되는 오답을 점검하면서 내신·모의고사·수능 학습의 방향을 구체화",전문형,high_korean
541,https://kimstutoring.co.kr,yongyeong-elementary-english,publish,ko,경상남도,통영,영어,초등학생,통영 초등학생 영어과외,통영 초등학생 영어과외,"통영에서 초등학생 영어 과외 실력을 늘리고 싶다면 자주 막히는 부분부터 직접 다뤄봅니다. 지역과 일정에 따라 1:1 방문수업 또는 화상수업으로 진행하며, 기초 어휘와 문장 이해, 읽기 학습을 학생의… 방식으로 수업하고 있습니다.",초등학생 수준에 맞춰 영어 기초와 꾸준한 학습 습관을 기르는 1:1 온라인 과외 찾기,핵심 고민은 “기초 어휘가 부족하고 짧은 문장의 뜻을 이해하거나 꾸준히 읽는 데 어려움이 있음”입니다.,"기초 어휘, 문장 이해, 짧은 글 읽기, 학습 습관","지역과 일정에 따라 1:1 방문수업 또는 화상수업으로 진행하며, 기초 어휘와 문장 이해, 읽기 학습을 학생의 수준과 학습 속도에 맞춰 지도",익숙한 어휘로 짧은 문장의 뜻을 파악하고 스스로 읽고 복습하는 습관 형성,친근형,elementary_english
542,https://kimstutoring.co.kr,yongyeong-middle-english,publish,ko,경상남도,통영,영어,중학생,통영 중학생 영어과외,통영 중학생 영어과외,"중학생 영어 과외 공부를 처음 시작한다면 통영에서도 기초부터 1:1로 배울 수 있습니다. 지역과 일정에 따라 1:1 방문수업 또는 화상수업으로 진행하며, 어휘·문법·독해를 기본으로 학교별 내신과… 방식으로 수업하고 있습니다.",중학생 영어 문법과 독해를 보완하고 학교별 내신과 서술형 및 수행평가를 준비하는 온라인 과외 찾기,핵심 고민은 “어휘와 문법을 배워도 지문에 적용하기 어렵고 서술형 답안과 수행평가 준비가 막막함”입니다.,"어휘, 문법, 독해, 학교별 내신, 서술형, 수행평가","지역과 일정에 따라 1:1 방문수업 또는 화상수업으로 진행하며, 어휘·문법·독해를 기본으로 학교별 내신과 서술형, 수행평가까지 학생의 취약 부분에 맞춰 지도",문법 근거를 설명하며 지문을 읽고 학교 평가 기준에 맞춰 답안을 작성하는 능력 향상,코칭형,middle_english
543,https://kimstutoring.co.kr,yongyeong-high-english,publish,ko,경상남도,통영,영어,고등학생,통영 고등학생 영어과외,통영 고등학생 영어과외,"통영에서 고등학생 영어 과외 실력을 늘리고 싶다면 자주 막히는 부분부터 직접 다뤄봅니다. 지역과 일정에 따라 1:1 방문수업 또는 화상수업으로 진행하며, 어휘·구문독해부터 학교별 내신, 모의고사와 수능… 방식으로 수업하고 있습니다.",고등학생 영어 내신과 모의고사 및 수능 준비를 현재 수준에 맞춰 병행하는 온라인 과외 찾기,핵심 고민은 “긴 문장의 구조를 파악하기 어렵고 내신과 모의고사 지문을 읽는 데 시간이 오래 걸림”입니다.,"어휘, 구문독해, 학교별 내신, 모의고사, 수능","지역과 일정에 따라 1:1 방문수업 또는 화상수업으로 진행하며, 어휘·구문독해부터 학교별 내신, 모의고사와 수능 대비까지 현재 실력과 목표에 맞춰 지도",복잡한 문장의 구조를 파악하고 지문의 근거를 바탕으로 답을 선택하는 독해 능력 향상,전문형,high_english
544,https://kimstutoring.co.kr,yongyeong-elementary-math,publish,ko,경상남도,통영,수학,초등학생,통영 초등학생 수학과외,통영 초등학생 수학과외,"초등학생 수학 과외 공부를 처음 시작한다면 통영에서도 기초부터 1:1로 배울 수 있습니다. 지역과 일정에 따라 1:1 방문수업 또는 화상수업으로 진행하며, 연산과 기초개념을 탄탄히 다지고 문제를 이해하는… 방식으로 수업하고 있습니다.",초등학생 수학 연산과 기초개념을 다지고 문제 이해와 풀이 습관을 기르는 온라인 과외 찾기,핵심 고민은 “계산 실수가 반복되고 문장형 문제에서 무엇을 구해야 하는지 파악하기 어려움”입니다.,"연산, 기초개념, 문제 이해, 풀이 습관","지역과 일정에 따라 1:1 방문수업 또는 화상수업으로 진행하며, 연산과 기초개념을 탄탄히 다지고 문제를 이해하는 과정과 올바른 풀이 습관을 학생 수준에 맞춰 지도",계산 과정을 점검하고 문제의 조건을 이해하며 풀이 순서를 정리하는 습관 형성,친근형,elementary_math
545,https://kimstutoring.co.kr,yongyeong-middle-math,publish,ko,경상남도,통영,수학,중학생,통영 중학생 수학과외,통영 중학생 수학과외,"중학생 수학 과외 공부를 처음 시작한다면 통영에서도 기초부터 1:1로 배울 수 있습니다. 지역과 일정에 따라 1:1 방문수업 또는 화상수업으로 진행하며, 개념 이해와 유형별 문제풀이를 연결하고 학교별… 방식으로 수업하고 있습니다.",중학생 수학 개념과 유형별 문제풀이를 연결하고 내신 및 서술형을 준비하는 온라인 과외 찾기,핵심 고민은 “개념을 외워도 문제 유형이 바뀌면 적용하기 어렵고 같은 오답과 풀이 과정 누락이 반복됨”입니다.,"개념, 유형별 문제풀이, 학교별 내신, 서술형, 오답관리","지역과 일정에 따라 1:1 방문수업 또는 화상수업으로 진행하며, 개념 이해와 유형별 문제풀이를 연결하고 학교별 내신, 서술형, 오답관리까지 취약 단원에 맞춰 지도",문제에 맞는 개념을 선택하고 풀이 근거를 순서대로 쓰며 반복되는 실수를 줄이는 능력 향상,코칭형,middle_math
546,https://kimstutoring.co.kr,yongyeong-high-math,publish,ko,경상남도,통영,수학,고등학생,통영 고등학생 수학과외,통영 고등학생 수학과외,"통영 고등학생 수학 과외 수업을 고민 중이라면 잘하는 부분과 보완할 부분을 나누어 시작합니다. 지역과 일정에 따라 1:1 방문수업 또는 화상수업으로 진행하며, 개념과 유형별 문제풀이부터 학교별 내신,… 방식으로 수업하고 있습니다.",고등학생 수학 취약단원을 보완하면서 내신과 모의고사 및 수능을 준비하는 온라인 과외 찾기,핵심 고민은 “개념 사이의 연결이 약하고 복합 문제의 접근 방법을 찾기 어려우며 취약단원에서 오답이 반복됨”입니다.,"개념, 유형별 문제풀이, 학교별 내신, 모의고사, 수능, 취약단원, 오답분석","지역과 일정에 따라 1:1 방문수업 또는 화상수업으로 진행하며, 개념과 유형별 문제풀이부터 학교별 내신, 모의고사와 수능 대비, 취약단원 및 오답분석까지 목표에 맞춰 지도",취약단원의 개념을 연결하고 문제 조건에 맞는 풀이 전략을 선택하며 오답 원인을 스스로 설명하는 능력 향상,전문형,high_math
547,https://kimstutoring.co.kr,yongyeong-elementary-korean,publish,ko,경상남도,통영,국어,초등학생,통영 초등학생 국어과외,통영 초등학생 국어과외,"통영 초등학생 국어 과외 수업을 고민 중이라면 잘하는 부분과 보완할 부분을 나누어 시작합니다. 지역과 일정에 따라 1:1 방문수업 또는 화상수업으로 진행하며, 어휘와 독해를 바탕으로 글의 내용을 이해하고… 방식으로 수업하고 있습니다.",초등학생의 국어 기초와 문해력을 잡아줄 1:1 국어과외 탐색,핵심 고민은 “글을 읽어도 내용을 정확히 이해하지 못하거나 어휘력이 부족해 문제의 뜻을 파악하는 데 어려움”입니다.,"어휘, 독해, 문장 이해, 글의 중심내용 파악, 기초 문해력, 글쓰기, 학습 습관","지역과 일정에 따라 1:1 방문수업 또는 화상수업으로 진행하며, 어휘와 독해를 바탕으로 글의 내용을 이해하고 자신의 생각을 표현하는 힘을 학생의 수준과 학습 속도에 맞춰 지도","글을 읽고 핵심 내용을 파악하는 힘을 기르고, 국어뿐 아니라 다른 과목의 문제를 이해하는 데 필요한 기초 문해력과 학습 습관 형성",친근형,elementary_korean
548,https://kimstutoring.co.kr,yongyeong-middle-korean,publish,ko,경상남도,통영,국어,중학생,통영 중학생 국어과외,통영 중학생 국어과외,"중학생 국어 과외 공부를 처음 시작한다면 통영에서도 기초부터 1:1로 배울 수 있습니다. 지역과 일정에 따라 1:1 방문수업 또는 화상수업으로 진행하며, 문학·비문학 독해와 문법을 기본으로 학교별… 방식으로 수업하고 있습니다.",학교 내신과 국어 기본기를 함께 준비할 1:1 중등 국어과외 탐색,"핵심 고민은 “문학과 비문학 지문을 감으로 풀거나 문법 개념이 부족하고, 학교 시험의 서술형·수행평가 대비가 어려움”입니다.","문학, 비문학, 문법, 어휘, 학교별 내신, 서술형, 수행평가, 오답관리","지역과 일정에 따라 1:1 방문수업 또는 화상수업으로 진행하며, 문학·비문학 독해와 문법을 기본으로 학교별 내신, 서술형과 수행평가까지 학생의 취약 부분에 맞춰 지도","지문을 근거로 읽고 문제를 해결하는 방법을 익히며, 부족한 영역을 파악해 내신과 고등 국어 학습에 필요한 기본기 강화",코칭형,middle_korean
549,https://kimstutoring.co.kr,yongyeong-high-korean,publish,ko,경상남도,통영,국어,고등학생,통영 고등학생 국어과외,통영 고등학생 국어과외,"통영 고등학생 국어 과외 수업을 고민 중이라면 잘하는 부분과 보완할 부분을 나누어 시작합니다. 지역과 일정에 따라 1:1 방문수업 또는 화상수업으로 진행하며, 문학과 독서의 지문 분석부터 학교별 내신,… 방식으로 수업하고 있습니다.",내신과 모의고사·수능을 함께 대비할 1:1 고등 국어과외 탐색,"핵심 고민은 “긴 지문의 핵심을 빠르게 파악하기 어렵거나 문학·독서·문법 영역별 편차가 크고, 모의고사에서 시간 관리와…”입니다.","문학, 독서, 화법과 언어, 작문, 학교별 내신, 모의고사, 수능, 취약영역, 오답분석","지역과 일정에 따라 1:1 방문수업 또는 화상수업으로 진행하며, 문학과 독서의 지문 분석부터 학교별 내신, 모의고사와 수능 대비, 취약영역 및 오답분석까지 현재 실력과 목표에 맞춰 지도","지문을 분석하는 기준과 문제 접근 방법을 익히고, 취약영역과 반복되는 오답을 점검하면서 내신·모의고사·수능 학습의 방향을 구체화",전문형,high_korean
550,https://kimstutoring.co.kr,geoje-elementary-english,publish,ko,경상남도,거제,영어,초등학생,거제 초등학생 영어과외,거제 초등학생 영어과외,"거제에서 배우는 초등학생 영어 과외, 실제로 쓰려는 상황에 맞춰 수업 내용을 정합니다. 지역과 일정에 따라 1:1 방문수업 또는 화상수업으로 진행하며, 기초 어휘와 문장 이해, 읽기 학습을 학생의… 방식으로 수업하고 있습니다.",초등학생 수준에 맞춰 영어 기초와 꾸준한 학습 습관을 기르는 1:1 온라인 과외 찾기,핵심 고민은 “기초 어휘가 부족하고 짧은 문장의 뜻을 이해하거나 꾸준히 읽는 데 어려움이 있음”입니다.,"기초 어휘, 문장 이해, 짧은 글 읽기, 학습 습관","지역과 일정에 따라 1:1 방문수업 또는 화상수업으로 진행하며, 기초 어휘와 문장 이해, 읽기 학습을 학생의 수준과 학습 속도에 맞춰 지도",익숙한 어휘로 짧은 문장의 뜻을 파악하고 스스로 읽고 복습하는 습관 형성,친근형,elementary_english
551,https://kimstutoring.co.kr,geoje-middle-english,publish,ko,경상남도,거제,영어,중학생,거제 중학생 영어과외,거제 중학생 영어과외,"거제에서 중학생 영어 과외 수업을 찾고 계신다면 지금 필요한 내용부터 시작할 수 있습니다. 지역과 일정에 따라 1:1 방문수업 또는 화상수업으로 진행하며, 어휘·문법·독해를 기본으로 학교별 내신과… 방식으로 수업하고 있습니다.",중학생 영어 문법과 독해를 보완하고 학교별 내신과 서술형 및 수행평가를 준비하는 온라인 과외 찾기,핵심 고민은 “어휘와 문법을 배워도 지문에 적용하기 어렵고 서술형 답안과 수행평가 준비가 막막함”입니다.,"어휘, 문법, 독해, 학교별 내신, 서술형, 수행평가","지역과 일정에 따라 1:1 방문수업 또는 화상수업으로 진행하며, 어휘·문법·독해를 기본으로 학교별 내신과 서술형, 수행평가까지 학생의 취약 부분에 맞춰 지도",문법 근거를 설명하며 지문을 읽고 학교 평가 기준에 맞춰 답안을 작성하는 능력 향상,코칭형,middle_english
552,https://kimstutoring.co.kr,geoje-high-english,publish,ko,경상남도,거제,영어,고등학생,거제 고등학생 영어과외,거제 고등학생 영어과외,"거제 고등학생 영어 과외 수업은 정해진 진도보다 현재 실력과 배우는 이유를 중요하게 봅니다. 지역과 일정에 따라 1:1 방문수업 또는 화상수업으로 진행하며, 어휘·구문독해부터 학교별 내신, 모의고사와 수능… 방식으로 수업하고 있습니다.",고등학생 영어 내신과 모의고사 및 수능 준비를 현재 수준에 맞춰 병행하는 온라인 과외 찾기,핵심 고민은 “긴 문장의 구조를 파악하기 어렵고 내신과 모의고사 지문을 읽는 데 시간이 오래 걸림”입니다.,"어휘, 구문독해, 학교별 내신, 모의고사, 수능","지역과 일정에 따라 1:1 방문수업 또는 화상수업으로 진행하며, 어휘·구문독해부터 학교별 내신, 모의고사와 수능 대비까지 현재 실력과 목표에 맞춰 지도",복잡한 문장의 구조를 파악하고 지문의 근거를 바탕으로 답을 선택하는 독해 능력 향상,전문형,high_english
553,https://kimstutoring.co.kr,geoje-elementary-math,publish,ko,경상남도,거제,수학,초등학생,거제 초등학생 수학과외,거제 초등학생 수학과외,"거제에서 초등학생 수학 과외 수업을 찾고 계신다면 지금 필요한 내용부터 시작할 수 있습니다. 지역과 일정에 따라 1:1 방문수업 또는 화상수업으로 진행하며, 연산과 기초개념을 탄탄히 다지고 문제를 이해하는… 방식으로 수업하고 있습니다.",초등학생 수학 연산과 기초개념을 다지고 문제 이해와 풀이 습관을 기르는 온라인 과외 찾기,핵심 고민은 “계산 실수가 반복되고 문장형 문제에서 무엇을 구해야 하는지 파악하기 어려움”입니다.,"연산, 기초개념, 문제 이해, 풀이 습관","지역과 일정에 따라 1:1 방문수업 또는 화상수업으로 진행하며, 연산과 기초개념을 탄탄히 다지고 문제를 이해하는 과정과 올바른 풀이 습관을 학생 수준에 맞춰 지도",계산 과정을 점검하고 문제의 조건을 이해하며 풀이 순서를 정리하는 습관 형성,친근형,elementary_math
554,https://kimstutoring.co.kr,geoje-middle-math,publish,ko,경상남도,거제,수학,중학생,거제 중학생 수학과외,거제 중학생 수학과외,"거제에서 중학생 수학 과외 수업을 찾고 계신다면 지금 필요한 내용부터 시작할 수 있습니다. 지역과 일정에 따라 1:1 방문수업 또는 화상수업으로 진행하며, 개념 이해와 유형별 문제풀이를 연결하고 학교별… 방식으로 수업하고 있습니다.",중학생 수학 개념과 유형별 문제풀이를 연결하고 내신 및 서술형을 준비하는 온라인 과외 찾기,핵심 고민은 “개념을 외워도 문제 유형이 바뀌면 적용하기 어렵고 같은 오답과 풀이 과정 누락이 반복됨”입니다.,"개념, 유형별 문제풀이, 학교별 내신, 서술형, 오답관리","지역과 일정에 따라 1:1 방문수업 또는 화상수업으로 진행하며, 개념 이해와 유형별 문제풀이를 연결하고 학교별 내신, 서술형, 오답관리까지 취약 단원에 맞춰 지도",문제에 맞는 개념을 선택하고 풀이 근거를 순서대로 쓰며 반복되는 실수를 줄이는 능력 향상,코칭형,middle_math
555,https://kimstutoring.co.kr,geoje-high-math,publish,ko,경상남도,거제,수학,고등학생,거제 고등학생 수학과외,거제 고등학생 수학과외,"고등학생 수학 과외 공부를 다시 시작하려는 분께 거제 1:1 수업이 맞는 출발점을 찾아드립니다. 지역과 일정에 따라 1:1 방문수업 또는 화상수업으로 진행하며, 개념과 유형별 문제풀이부터 학교별 내신,… 방식으로 수업하고 있습니다.",고등학생 수학 취약단원을 보완하면서 내신과 모의고사 및 수능을 준비하는 온라인 과외 찾기,핵심 고민은 “개념 사이의 연결이 약하고 복합 문제의 접근 방법을 찾기 어려우며 취약단원에서 오답이 반복됨”입니다.,"개념, 유형별 문제풀이, 학교별 내신, 모의고사, 수능, 취약단원, 오답분석","지역과 일정에 따라 1:1 방문수업 또는 화상수업으로 진행하며, 개념과 유형별 문제풀이부터 학교별 내신, 모의고사와 수능 대비, 취약단원 및 오답분석까지 목표에 맞춰 지도",취약단원의 개념을 연결하고 문제 조건에 맞는 풀이 전략을 선택하며 오답 원인을 스스로 설명하는 능력 향상,전문형,high_math
556,https://kimstutoring.co.kr,geoje-elementary-korean,publish,ko,경상남도,거제,국어,초등학생,거제 초등학생 국어과외,거제 초등학생 국어과외,"초등학생 국어 과외 공부를 다시 시작하려는 분께 거제 1:1 수업이 맞는 출발점을 찾아드립니다. 지역과 일정에 따라 1:1 방문수업 또는 화상수업으로 진행하며, 어휘와 독해를 바탕으로 글의 내용을 이해하고… 방식으로 수업하고 있습니다.",초등학생의 국어 기초와 문해력을 잡아줄 1:1 국어과외 탐색,핵심 고민은 “글을 읽어도 내용을 정확히 이해하지 못하거나 어휘력이 부족해 문제의 뜻을 파악하는 데 어려움”입니다.,"어휘, 독해, 문장 이해, 글의 중심내용 파악, 기초 문해력, 글쓰기, 학습 습관","지역과 일정에 따라 1:1 방문수업 또는 화상수업으로 진행하며, 어휘와 독해를 바탕으로 글의 내용을 이해하고 자신의 생각을 표현하는 힘을 학생의 수준과 학습 속도에 맞춰 지도","글을 읽고 핵심 내용을 파악하는 힘을 기르고, 국어뿐 아니라 다른 과목의 문제를 이해하는 데 필요한 기초 문해력과 학습 습관 형성",친근형,elementary_korean
557,https://kimstutoring.co.kr,geoje-middle-korean,publish,ko,경상남도,거제,국어,중학생,거제 중학생 국어과외,거제 중학생 국어과외,"거제에서 중학생 국어 과외 수업을 찾고 계신다면 지금 필요한 내용부터 시작할 수 있습니다. 지역과 일정에 따라 1:1 방문수업 또는 화상수업으로 진행하며, 문학·비문학 독해와 문법을 기본으로 학교별… 방식으로 수업하고 있습니다.",학교 내신과 국어 기본기를 함께 준비할 1:1 중등 국어과외 탐색,"핵심 고민은 “문학과 비문학 지문을 감으로 풀거나 문법 개념이 부족하고, 학교 시험의 서술형·수행평가 대비가 어려움”입니다.","문학, 비문학, 문법, 어휘, 학교별 내신, 서술형, 수행평가, 오답관리","지역과 일정에 따라 1:1 방문수업 또는 화상수업으로 진행하며, 문학·비문학 독해와 문법을 기본으로 학교별 내신, 서술형과 수행평가까지 학생의 취약 부분에 맞춰 지도","지문을 근거로 읽고 문제를 해결하는 방법을 익히며, 부족한 영역을 파악해 내신과 고등 국어 학습에 필요한 기본기 강화",코칭형,middle_korean
558,https://kimstutoring.co.kr,geoje-high-korean,publish,ko,경상남도,거제,국어,고등학생,거제 고등학생 국어과외,거제 고등학생 국어과외,"고등학생 국어 과외 공부를 다시 시작하려는 분께 거제 1:1 수업이 맞는 출발점을 찾아드립니다. 지역과 일정에 따라 1:1 방문수업 또는 화상수업으로 진행하며, 문학과 독서의 지문 분석부터 학교별 내신,… 방식으로 수업하고 있습니다.",내신과 모의고사·수능을 함께 대비할 1:1 고등 국어과외 탐색,"핵심 고민은 “긴 지문의 핵심을 빠르게 파악하기 어렵거나 문학·독서·문법 영역별 편차가 크고, 모의고사에서 시간 관리와…”입니다.","문학, 독서, 화법과 언어, 작문, 학교별 내신, 모의고사, 수능, 취약영역, 오답분석","지역과 일정에 따라 1:1 방문수업 또는 화상수업으로 진행하며, 문학과 독서의 지문 분석부터 학교별 내신, 모의고사와 수능 대비, 취약영역 및 오답분석까지 현재 실력과 목표에 맞춰 지도","지문을 분석하는 기준과 문제 접근 방법을 익히고, 취약영역과 반복되는 오답을 점검하면서 내신·모의고사·수능 학습의 방향을 구체화",전문형,high_korean
559,https://kimstutoring.co.kr,changwon-elementary-english,publish,ko,경상남도,창원,영어,초등학생,창원 초등학생 영어과외,창원 초등학생 영어과외,"창원에서 초등학생 영어 과외 실력을 늘리고 싶다면 자주 막히는 부분부터 직접 다뤄봅니다. 지역과 일정에 따라 1:1 방문수업 또는 화상수업으로 진행하며, 기초 어휘와 문장 이해, 읽기 학습을 학생의… 방식으로 수업하고 있습니다.",초등학생 수준에 맞춰 영어 기초와 꾸준한 학습 습관을 기르는 1:1 온라인 과외 찾기,핵심 고민은 “기초 어휘가 부족하고 짧은 문장의 뜻을 이해하거나 꾸준히 읽는 데 어려움이 있음”입니다.,"기초 어휘, 문장 이해, 짧은 글 읽기, 학습 습관","지역과 일정에 따라 1:1 방문수업 또는 화상수업으로 진행하며, 기초 어휘와 문장 이해, 읽기 학습을 학생의 수준과 학습 속도에 맞춰 지도",익숙한 어휘로 짧은 문장의 뜻을 파악하고 스스로 읽고 복습하는 습관 형성,친근형,elementary_english
560,https://kimstutoring.co.kr,changwon-middle-english,publish,ko,경상남도,창원,영어,중학생,창원 중학생 영어과외,창원 중학생 영어과외,"중학생 영어 과외 공부를 처음 시작한다면 창원에서도 기초부터 1:1로 배울 수 있습니다. 지역과 일정에 따라 1:1 방문수업 또는 화상수업으로 진행하며, 어휘·문법·독해를 기본으로 학교별 내신과… 방식으로 수업하고 있습니다.",중학생 영어 문법과 독해를 보완하고 학교별 내신과 서술형 및 수행평가를 준비하는 온라인 과외 찾기,핵심 고민은 “어휘와 문법을 배워도 지문에 적용하기 어렵고 서술형 답안과 수행평가 준비가 막막함”입니다.,"어휘, 문법, 독해, 학교별 내신, 서술형, 수행평가","지역과 일정에 따라 1:1 방문수업 또는 화상수업으로 진행하며, 어휘·문법·독해를 기본으로 학교별 내신과 서술형, 수행평가까지 학생의 취약 부분에 맞춰 지도",문법 근거를 설명하며 지문을 읽고 학교 평가 기준에 맞춰 답안을 작성하는 능력 향상,코칭형,middle_english
561,https://kimstutoring.co.kr,changwon-high-english,publish,ko,경상남도,창원,영어,고등학생,창원 고등학생 영어과외,창원 고등학생 영어과외,"창원에서 고등학생 영어 과외 실력을 늘리고 싶다면 자주 막히는 부분부터 직접 다뤄봅니다. 지역과 일정에 따라 1:1 방문수업 또는 화상수업으로 진행하며, 어휘·구문독해부터 학교별 내신, 모의고사와 수능… 방식으로 수업하고 있습니다.",고등학생 영어 내신과 모의고사 및 수능 준비를 현재 수준에 맞춰 병행하는 온라인 과외 찾기,핵심 고민은 “긴 문장의 구조를 파악하기 어렵고 내신과 모의고사 지문을 읽는 데 시간이 오래 걸림”입니다.,"어휘, 구문독해, 학교별 내신, 모의고사, 수능","지역과 일정에 따라 1:1 방문수업 또는 화상수업으로 진행하며, 어휘·구문독해부터 학교별 내신, 모의고사와 수능 대비까지 현재 실력과 목표에 맞춰 지도",복잡한 문장의 구조를 파악하고 지문의 근거를 바탕으로 답을 선택하는 독해 능력 향상,전문형,high_english
562,https://kimstutoring.co.kr,changwon-elementary-math,publish,ko,경상남도,창원,수학,초등학생,창원 초등학생 수학과외,창원 초등학생 수학과외,"초등학생 수학 과외 공부를 처음 시작한다면 창원에서도 기초부터 1:1로 배울 수 있습니다. 지역과 일정에 따라 1:1 방문수업 또는 화상수업으로 진행하며, 연산과 기초개념을 탄탄히 다지고 문제를 이해하는… 방식으로 수업하고 있습니다.",초등학생 수학 연산과 기초개념을 다지고 문제 이해와 풀이 습관을 기르는 온라인 과외 찾기,핵심 고민은 “계산 실수가 반복되고 문장형 문제에서 무엇을 구해야 하는지 파악하기 어려움”입니다.,"연산, 기초개념, 문제 이해, 풀이 습관","지역과 일정에 따라 1:1 방문수업 또는 화상수업으로 진행하며, 연산과 기초개념을 탄탄히 다지고 문제를 이해하는 과정과 올바른 풀이 습관을 학생 수준에 맞춰 지도",계산 과정을 점검하고 문제의 조건을 이해하며 풀이 순서를 정리하는 습관 형성,친근형,elementary_math
563,https://kimstutoring.co.kr,changwon-middle-math,publish,ko,경상남도,창원,수학,중학생,창원 중학생 수학과외,창원 중학생 수학과외,"중학생 수학 과외 공부를 처음 시작한다면 창원에서도 기초부터 1:1로 배울 수 있습니다. 지역과 일정에 따라 1:1 방문수업 또는 화상수업으로 진행하며, 개념 이해와 유형별 문제풀이를 연결하고 학교별… 방식으로 수업하고 있습니다.",중학생 수학 개념과 유형별 문제풀이를 연결하고 내신 및 서술형을 준비하는 온라인 과외 찾기,핵심 고민은 “개념을 외워도 문제 유형이 바뀌면 적용하기 어렵고 같은 오답과 풀이 과정 누락이 반복됨”입니다.,"개념, 유형별 문제풀이, 학교별 내신, 서술형, 오답관리","지역과 일정에 따라 1:1 방문수업 또는 화상수업으로 진행하며, 개념 이해와 유형별 문제풀이를 연결하고 학교별 내신, 서술형, 오답관리까지 취약 단원에 맞춰 지도",문제에 맞는 개념을 선택하고 풀이 근거를 순서대로 쓰며 반복되는 실수를 줄이는 능력 향상,코칭형,middle_math
564,https://kimstutoring.co.kr,changwon-high-math,publish,ko,경상남도,창원,수학,고등학생,창원 고등학생 수학과외,창원 고등학생 수학과외,"창원 고등학생 수학 과외 수업을 고민 중이라면 잘하는 부분과 보완할 부분을 나누어 시작합니다. 지역과 일정에 따라 1:1 방문수업 또는 화상수업으로 진행하며, 개념과 유형별 문제풀이부터 학교별 내신,… 방식으로 수업하고 있습니다.",고등학생 수학 취약단원을 보완하면서 내신과 모의고사 및 수능을 준비하는 온라인 과외 찾기,핵심 고민은 “개념 사이의 연결이 약하고 복합 문제의 접근 방법을 찾기 어려우며 취약단원에서 오답이 반복됨”입니다.,"개념, 유형별 문제풀이, 학교별 내신, 모의고사, 수능, 취약단원, 오답분석","지역과 일정에 따라 1:1 방문수업 또는 화상수업으로 진행하며, 개념과 유형별 문제풀이부터 학교별 내신, 모의고사와 수능 대비, 취약단원 및 오답분석까지 목표에 맞춰 지도",취약단원의 개념을 연결하고 문제 조건에 맞는 풀이 전략을 선택하며 오답 원인을 스스로 설명하는 능력 향상,전문형,high_math
565,https://kimstutoring.co.kr,changwon-elementary-korean,publish,ko,경상남도,창원,국어,초등학생,창원 초등학생 국어과외,창원 초등학생 국어과외,"창원 초등학생 국어 과외 수업을 고민 중이라면 잘하는 부분과 보완할 부분을 나누어 시작합니다. 지역과 일정에 따라 1:1 방문수업 또는 화상수업으로 진행하며, 어휘와 독해를 바탕으로 글의 내용을 이해하고… 방식으로 수업하고 있습니다.",초등학생의 국어 기초와 문해력을 잡아줄 1:1 국어과외 탐색,핵심 고민은 “글을 읽어도 내용을 정확히 이해하지 못하거나 어휘력이 부족해 문제의 뜻을 파악하는 데 어려움”입니다.,"어휘, 독해, 문장 이해, 글의 중심내용 파악, 기초 문해력, 글쓰기, 학습 습관","지역과 일정에 따라 1:1 방문수업 또는 화상수업으로 진행하며, 어휘와 독해를 바탕으로 글의 내용을 이해하고 자신의 생각을 표현하는 힘을 학생의 수준과 학습 속도에 맞춰 지도","글을 읽고 핵심 내용을 파악하는 힘을 기르고, 국어뿐 아니라 다른 과목의 문제를 이해하는 데 필요한 기초 문해력과 학습 습관 형성",친근형,elementary_korean
566,https://kimstutoring.co.kr,changwon-middle-korean,publish,ko,경상남도,창원,국어,중학생,창원 중학생 국어과외,창원 중학생 국어과외,"중학생 국어 과외 공부를 처음 시작한다면 창원에서도 기초부터 1:1로 배울 수 있습니다. 지역과 일정에 따라 1:1 방문수업 또는 화상수업으로 진행하며, 문학·비문학 독해와 문법을 기본으로 학교별… 방식으로 수업하고 있습니다.",학교 내신과 국어 기본기를 함께 준비할 1:1 중등 국어과외 탐색,"핵심 고민은 “문학과 비문학 지문을 감으로 풀거나 문법 개념이 부족하고, 학교 시험의 서술형·수행평가 대비가 어려움”입니다.","문학, 비문학, 문법, 어휘, 학교별 내신, 서술형, 수행평가, 오답관리","지역과 일정에 따라 1:1 방문수업 또는 화상수업으로 진행하며, 문학·비문학 독해와 문법을 기본으로 학교별 내신, 서술형과 수행평가까지 학생의 취약 부분에 맞춰 지도","지문을 근거로 읽고 문제를 해결하는 방법을 익히며, 부족한 영역을 파악해 내신과 고등 국어 학습에 필요한 기본기 강화",코칭형,middle_korean
567,https://kimstutoring.co.kr,changwon-high-korean,publish,ko,경상남도,창원,국어,고등학생,창원 고등학생 국어과외,창원 고등학생 국어과외,"창원 고등학생 국어 과외 수업을 고민 중이라면 잘하는 부분과 보완할 부분을 나누어 시작합니다. 지역과 일정에 따라 1:1 방문수업 또는 화상수업으로 진행하며, 문학과 독서의 지문 분석부터 학교별 내신,… 방식으로 수업하고 있습니다.",내신과 모의고사·수능을 함께 대비할 1:1 고등 국어과외 탐색,"핵심 고민은 “긴 지문의 핵심을 빠르게 파악하기 어렵거나 문학·독서·문법 영역별 편차가 크고, 모의고사에서 시간 관리와…”입니다.","문학, 독서, 화법과 언어, 작문, 학교별 내신, 모의고사, 수능, 취약영역, 오답분석","지역과 일정에 따라 1:1 방문수업 또는 화상수업으로 진행하며, 문학과 독서의 지문 분석부터 학교별 내신, 모의고사와 수능 대비, 취약영역 및 오답분석까지 현재 실력과 목표에 맞춰 지도","지문을 분석하는 기준과 문제 접근 방법을 익히고, 취약영역과 반복되는 오답을 점검하면서 내신·모의고사·수능 학습의 방향을 구체화",전문형,high_korean
568,https://kimstutoring.co.kr,gimhae-elementary-english,publish,ko,경상남도,김해,영어,초등학생,김해 초등학생 영어과외,김해 초등학생 영어과외,"김해에서 초등학생 영어 과외 실력을 늘리고 싶다면 자주 막히는 부분부터 직접 다뤄봅니다. 지역과 일정에 따라 1:1 방문수업 또는 화상수업으로 진행하며, 기초 어휘와 문장 이해, 읽기 학습을 학생의… 방식으로 수업하고 있습니다.",초등학생 수준에 맞춰 영어 기초와 꾸준한 학습 습관을 기르는 1:1 온라인 과외 찾기,핵심 고민은 “기초 어휘가 부족하고 짧은 문장의 뜻을 이해하거나 꾸준히 읽는 데 어려움이 있음”입니다.,"기초 어휘, 문장 이해, 짧은 글 읽기, 학습 습관","지역과 일정에 따라 1:1 방문수업 또는 화상수업으로 진행하며, 기초 어휘와 문장 이해, 읽기 학습을 학생의 수준과 학습 속도에 맞춰 지도",익숙한 어휘로 짧은 문장의 뜻을 파악하고 스스로 읽고 복습하는 습관 형성,친근형,elementary_english
569,https://kimstutoring.co.kr,gimhae-middle-english,publish,ko,경상남도,김해,영어,중학생,김해 중학생 영어과외,김해 중학생 영어과외,"중학생 영어 과외 공부를 처음 시작한다면 김해에서도 기초부터 1:1로 배울 수 있습니다. 지역과 일정에 따라 1:1 방문수업 또는 화상수업으로 진행하며, 어휘·문법·독해를 기본으로 학교별 내신과… 방식으로 수업하고 있습니다.",중학생 영어 문법과 독해를 보완하고 학교별 내신과 서술형 및 수행평가를 준비하는 온라인 과외 찾기,핵심 고민은 “어휘와 문법을 배워도 지문에 적용하기 어렵고 서술형 답안과 수행평가 준비가 막막함”입니다.,"어휘, 문법, 독해, 학교별 내신, 서술형, 수행평가","지역과 일정에 따라 1:1 방문수업 또는 화상수업으로 진행하며, 어휘·문법·독해를 기본으로 학교별 내신과 서술형, 수행평가까지 학생의 취약 부분에 맞춰 지도",문법 근거를 설명하며 지문을 읽고 학교 평가 기준에 맞춰 답안을 작성하는 능력 향상,코칭형,middle_english
570,https://kimstutoring.co.kr,gimhae-high-english,publish,ko,경상남도,김해,영어,고등학생,김해 고등학생 영어과외,김해 고등학생 영어과외,"김해에서 고등학생 영어 과외 실력을 늘리고 싶다면 자주 막히는 부분부터 직접 다뤄봅니다. 지역과 일정에 따라 1:1 방문수업 또는 화상수업으로 진행하며, 어휘·구문독해부터 학교별 내신, 모의고사와 수능… 방식으로 수업하고 있습니다.",고등학생 영어 내신과 모의고사 및 수능 준비를 현재 수준에 맞춰 병행하는 온라인 과외 찾기,핵심 고민은 “긴 문장의 구조를 파악하기 어렵고 내신과 모의고사 지문을 읽는 데 시간이 오래 걸림”입니다.,"어휘, 구문독해, 학교별 내신, 모의고사, 수능","지역과 일정에 따라 1:1 방문수업 또는 화상수업으로 진행하며, 어휘·구문독해부터 학교별 내신, 모의고사와 수능 대비까지 현재 실력과 목표에 맞춰 지도",복잡한 문장의 구조를 파악하고 지문의 근거를 바탕으로 답을 선택하는 독해 능력 향상,전문형,high_english
571,https://kimstutoring.co.kr,gimhae-elementary-math,publish,ko,경상남도,김해,수학,초등학생,김해 초등학생 수학과외,김해 초등학생 수학과외,"초등학생 수학 과외 공부를 처음 시작한다면 김해에서도 기초부터 1:1로 배울 수 있습니다. 지역과 일정에 따라 1:1 방문수업 또는 화상수업으로 진행하며, 연산과 기초개념을 탄탄히 다지고 문제를 이해하는… 방식으로 수업하고 있습니다.",초등학생 수학 연산과 기초개념을 다지고 문제 이해와 풀이 습관을 기르는 온라인 과외 찾기,핵심 고민은 “계산 실수가 반복되고 문장형 문제에서 무엇을 구해야 하는지 파악하기 어려움”입니다.,"연산, 기초개념, 문제 이해, 풀이 습관","지역과 일정에 따라 1:1 방문수업 또는 화상수업으로 진행하며, 연산과 기초개념을 탄탄히 다지고 문제를 이해하는 과정과 올바른 풀이 습관을 학생 수준에 맞춰 지도",계산 과정을 점검하고 문제의 조건을 이해하며 풀이 순서를 정리하는 습관 형성,친근형,elementary_math
572,https://kimstutoring.co.kr,gimhae-middle-math,publish,ko,경상남도,김해,수학,중학생,김해 중학생 수학과외,김해 중학생 수학과외,"중학생 수학 과외 공부를 처음 시작한다면 김해에서도 기초부터 1:1로 배울 수 있습니다. 지역과 일정에 따라 1:1 방문수업 또는 화상수업으로 진행하며, 개념 이해와 유형별 문제풀이를 연결하고 학교별… 방식으로 수업하고 있습니다.",중학생 수학 개념과 유형별 문제풀이를 연결하고 내신 및 서술형을 준비하는 온라인 과외 찾기,핵심 고민은 “개념을 외워도 문제 유형이 바뀌면 적용하기 어렵고 같은 오답과 풀이 과정 누락이 반복됨”입니다.,"개념, 유형별 문제풀이, 학교별 내신, 서술형, 오답관리","지역과 일정에 따라 1:1 방문수업 또는 화상수업으로 진행하며, 개념 이해와 유형별 문제풀이를 연결하고 학교별 내신, 서술형, 오답관리까지 취약 단원에 맞춰 지도",문제에 맞는 개념을 선택하고 풀이 근거를 순서대로 쓰며 반복되는 실수를 줄이는 능력 향상,코칭형,middle_math
573,https://kimstutoring.co.kr,gimhae-high-math,publish,ko,경상남도,김해,수학,고등학생,김해 고등학생 수학과외,김해 고등학생 수학과외,"김해 고등학생 수학 과외 수업을 고민 중이라면 잘하는 부분과 보완할 부분을 나누어 시작합니다. 지역과 일정에 따라 1:1 방문수업 또는 화상수업으로 진행하며, 개념과 유형별 문제풀이부터 학교별 내신,… 방식으로 수업하고 있습니다.",고등학생 수학 취약단원을 보완하면서 내신과 모의고사 및 수능을 준비하는 온라인 과외 찾기,핵심 고민은 “개념 사이의 연결이 약하고 복합 문제의 접근 방법을 찾기 어려우며 취약단원에서 오답이 반복됨”입니다.,"개념, 유형별 문제풀이, 학교별 내신, 모의고사, 수능, 취약단원, 오답분석","지역과 일정에 따라 1:1 방문수업 또는 화상수업으로 진행하며, 개념과 유형별 문제풀이부터 학교별 내신, 모의고사와 수능 대비, 취약단원 및 오답분석까지 목표에 맞춰 지도",취약단원의 개념을 연결하고 문제 조건에 맞는 풀이 전략을 선택하며 오답 원인을 스스로 설명하는 능력 향상,전문형,high_math
574,https://kimstutoring.co.kr,gimhae-elementary-korean,publish,ko,경상남도,김해,국어,초등학생,김해 초등학생 국어과외,김해 초등학생 국어과외,"김해 초등학생 국어 과외 수업을 고민 중이라면 잘하는 부분과 보완할 부분을 나누어 시작합니다. 지역과 일정에 따라 1:1 방문수업 또는 화상수업으로 진행하며, 어휘와 독해를 바탕으로 글의 내용을 이해하고… 방식으로 수업하고 있습니다.",초등학생의 국어 기초와 문해력을 잡아줄 1:1 국어과외 탐색,핵심 고민은 “글을 읽어도 내용을 정확히 이해하지 못하거나 어휘력이 부족해 문제의 뜻을 파악하는 데 어려움”입니다.,"어휘, 독해, 문장 이해, 글의 중심내용 파악, 기초 문해력, 글쓰기, 학습 습관","지역과 일정에 따라 1:1 방문수업 또는 화상수업으로 진행하며, 어휘와 독해를 바탕으로 글의 내용을 이해하고 자신의 생각을 표현하는 힘을 학생의 수준과 학습 속도에 맞춰 지도","글을 읽고 핵심 내용을 파악하는 힘을 기르고, 국어뿐 아니라 다른 과목의 문제를 이해하는 데 필요한 기초 문해력과 학습 습관 형성",친근형,elementary_korean
575,https://kimstutoring.co.kr,gimhae-middle-korean,publish,ko,경상남도,김해,국어,중학생,김해 중학생 국어과외,김해 중학생 국어과외,"중학생 국어 과외 공부를 처음 시작한다면 김해에서도 기초부터 1:1로 배울 수 있습니다. 지역과 일정에 따라 1:1 방문수업 또는 화상수업으로 진행하며, 문학·비문학 독해와 문법을 기본으로 학교별… 방식으로 수업하고 있습니다.",학교 내신과 국어 기본기를 함께 준비할 1:1 중등 국어과외 탐색,"핵심 고민은 “문학과 비문학 지문을 감으로 풀거나 문법 개념이 부족하고, 학교 시험의 서술형·수행평가 대비가 어려움”입니다.","문학, 비문학, 문법, 어휘, 학교별 내신, 서술형, 수행평가, 오답관리","지역과 일정에 따라 1:1 방문수업 또는 화상수업으로 진행하며, 문학·비문학 독해와 문법을 기본으로 학교별 내신, 서술형과 수행평가까지 학생의 취약 부분에 맞춰 지도","지문을 근거로 읽고 문제를 해결하는 방법을 익히며, 부족한 영역을 파악해 내신과 고등 국어 학습에 필요한 기본기 강화",코칭형,middle_korean
576,https://kimstutoring.co.kr,gimhae-high-korean,publish,ko,경상남도,김해,국어,고등학생,김해 고등학생 국어과외,김해 고등학생 국어과외,"김해 고등학생 국어 과외 수업을 고민 중이라면 잘하는 부분과 보완할 부분을 나누어 시작합니다. 지역과 일정에 따라 1:1 방문수업 또는 화상수업으로 진행하며, 문학과 독서의 지문 분석부터 학교별 내신,… 방식으로 수업하고 있습니다.",내신과 모의고사·수능을 함께 대비할 1:1 고등 국어과외 탐색,"핵심 고민은 “긴 지문의 핵심을 빠르게 파악하기 어렵거나 문학·독서·문법 영역별 편차가 크고, 모의고사에서 시간 관리와…”입니다.","문학, 독서, 화법과 언어, 작문, 학교별 내신, 모의고사, 수능, 취약영역, 오답분석","지역과 일정에 따라 1:1 방문수업 또는 화상수업으로 진행하며, 문학과 독서의 지문 분석부터 학교별 내신, 모의고사와 수능 대비, 취약영역 및 오답분석까지 현재 실력과 목표에 맞춰 지도","지문을 분석하는 기준과 문제 접근 방법을 익히고, 취약영역과 반복되는 오답을 점검하면서 내신·모의고사·수능 학습의 방향을 구체화",전문형,high_korean
577,https://kimstutoring.co.kr,busan-elementary-english,publish,ko,부산광역시,부산,영어,초등학생,부산 초등학생 영어과외,부산 초등학생 영어과외,"부산에서 초등학생 영어 과외 실력을 늘리고 싶다면 자주 막히는 부분부터 직접 다뤄봅니다. 지역과 일정에 따라 1:1 방문수업 또는 화상수업으로 진행하며, 기초 어휘와 문장 이해, 읽기 학습을 학생의… 방식으로 수업하고 있습니다.",초등학생 수준에 맞춰 영어 기초와 꾸준한 학습 습관을 기르는 1:1 온라인 과외 찾기,핵심 고민은 “기초 어휘가 부족하고 짧은 문장의 뜻을 이해하거나 꾸준히 읽는 데 어려움이 있음”입니다.,"기초 어휘, 문장 이해, 짧은 글 읽기, 학습 습관","지역과 일정에 따라 1:1 방문수업 또는 화상수업으로 진행하며, 기초 어휘와 문장 이해, 읽기 학습을 학생의 수준과 학습 속도에 맞춰 지도",익숙한 어휘로 짧은 문장의 뜻을 파악하고 스스로 읽고 복습하는 습관 형성,친근형,elementary_english
578,https://kimstutoring.co.kr,busan-middle-english,publish,ko,부산광역시,부산,영어,중학생,부산 중학생 영어과외,부산 중학생 영어과외,"중학생 영어 과외 공부를 처음 시작한다면 부산에서도 기초부터 1:1로 배울 수 있습니다. 지역과 일정에 따라 1:1 방문수업 또는 화상수업으로 진행하며, 어휘·문법·독해를 기본으로 학교별 내신과… 방식으로 수업하고 있습니다.",중학생 영어 문법과 독해를 보완하고 학교별 내신과 서술형 및 수행평가를 준비하는 온라인 과외 찾기,핵심 고민은 “어휘와 문법을 배워도 지문에 적용하기 어렵고 서술형 답안과 수행평가 준비가 막막함”입니다.,"어휘, 문법, 독해, 학교별 내신, 서술형, 수행평가","지역과 일정에 따라 1:1 방문수업 또는 화상수업으로 진행하며, 어휘·문법·독해를 기본으로 학교별 내신과 서술형, 수행평가까지 학생의 취약 부분에 맞춰 지도",문법 근거를 설명하며 지문을 읽고 학교 평가 기준에 맞춰 답안을 작성하는 능력 향상,코칭형,middle_english
579,https://kimstutoring.co.kr,busan-high-english,publish,ko,부산광역시,부산,영어,고등학생,부산 고등학생 영어과외,부산 고등학생 영어과외,"부산에서 고등학생 영어 과외 실력을 늘리고 싶다면 자주 막히는 부분부터 직접 다뤄봅니다. 지역과 일정에 따라 1:1 방문수업 또는 화상수업으로 진행하며, 어휘·구문독해부터 학교별 내신, 모의고사와 수능… 방식으로 수업하고 있습니다.",고등학생 영어 내신과 모의고사 및 수능 준비를 현재 수준에 맞춰 병행하는 온라인 과외 찾기,핵심 고민은 “긴 문장의 구조를 파악하기 어렵고 내신과 모의고사 지문을 읽는 데 시간이 오래 걸림”입니다.,"어휘, 구문독해, 학교별 내신, 모의고사, 수능","지역과 일정에 따라 1:1 방문수업 또는 화상수업으로 진행하며, 어휘·구문독해부터 학교별 내신, 모의고사와 수능 대비까지 현재 실력과 목표에 맞춰 지도",복잡한 문장의 구조를 파악하고 지문의 근거를 바탕으로 답을 선택하는 독해 능력 향상,전문형,high_english
580,https://kimstutoring.co.kr,busan-elementary-math,publish,ko,부산광역시,부산,수학,초등학생,부산 초등학생 수학과외,부산 초등학생 수학과외,"초등학생 수학 과외 공부를 처음 시작한다면 부산에서도 기초부터 1:1로 배울 수 있습니다. 지역과 일정에 따라 1:1 방문수업 또는 화상수업으로 진행하며, 연산과 기초개념을 탄탄히 다지고 문제를 이해하는… 방식으로 수업하고 있습니다.",초등학생 수학 연산과 기초개념을 다지고 문제 이해와 풀이 습관을 기르는 온라인 과외 찾기,핵심 고민은 “계산 실수가 반복되고 문장형 문제에서 무엇을 구해야 하는지 파악하기 어려움”입니다.,"연산, 기초개념, 문제 이해, 풀이 습관","지역과 일정에 따라 1:1 방문수업 또는 화상수업으로 진행하며, 연산과 기초개념을 탄탄히 다지고 문제를 이해하는 과정과 올바른 풀이 습관을 학생 수준에 맞춰 지도",계산 과정을 점검하고 문제의 조건을 이해하며 풀이 순서를 정리하는 습관 형성,친근형,elementary_math
581,https://kimstutoring.co.kr,busan-middle-math,publish,ko,부산광역시,부산,수학,중학생,부산 중학생 수학과외,부산 중학생 수학과외,"중학생 수학 과외 공부를 처음 시작한다면 부산에서도 기초부터 1:1로 배울 수 있습니다. 지역과 일정에 따라 1:1 방문수업 또는 화상수업으로 진행하며, 개념 이해와 유형별 문제풀이를 연결하고 학교별… 방식으로 수업하고 있습니다.",중학생 수학 개념과 유형별 문제풀이를 연결하고 내신 및 서술형을 준비하는 온라인 과외 찾기,핵심 고민은 “개념을 외워도 문제 유형이 바뀌면 적용하기 어렵고 같은 오답과 풀이 과정 누락이 반복됨”입니다.,"개념, 유형별 문제풀이, 학교별 내신, 서술형, 오답관리","지역과 일정에 따라 1:1 방문수업 또는 화상수업으로 진행하며, 개념 이해와 유형별 문제풀이를 연결하고 학교별 내신, 서술형, 오답관리까지 취약 단원에 맞춰 지도",문제에 맞는 개념을 선택하고 풀이 근거를 순서대로 쓰며 반복되는 실수를 줄이는 능력 향상,코칭형,middle_math
582,https://kimstutoring.co.kr,busan-high-math,publish,ko,부산광역시,부산,수학,고등학생,부산 고등학생 수학과외,부산 고등학생 수학과외,"부산 고등학생 수학 과외 수업을 고민 중이라면 잘하는 부분과 보완할 부분을 나누어 시작합니다. 지역과 일정에 따라 1:1 방문수업 또는 화상수업으로 진행하며, 개념과 유형별 문제풀이부터 학교별 내신,… 방식으로 수업하고 있습니다.",고등학생 수학 취약단원을 보완하면서 내신과 모의고사 및 수능을 준비하는 온라인 과외 찾기,핵심 고민은 “개념 사이의 연결이 약하고 복합 문제의 접근 방법을 찾기 어려우며 취약단원에서 오답이 반복됨”입니다.,"개념, 유형별 문제풀이, 학교별 내신, 모의고사, 수능, 취약단원, 오답분석","지역과 일정에 따라 1:1 방문수업 또는 화상수업으로 진행하며, 개념과 유형별 문제풀이부터 학교별 내신, 모의고사와 수능 대비, 취약단원 및 오답분석까지 목표에 맞춰 지도",취약단원의 개념을 연결하고 문제 조건에 맞는 풀이 전략을 선택하며 오답 원인을 스스로 설명하는 능력 향상,전문형,high_math
583,https://kimstutoring.co.kr,busan-elementary-korean,publish,ko,부산광역시,부산,국어,초등학생,부산 초등학생 국어과외,부산 초등학생 국어과외,"부산 초등학생 국어 과외 수업을 고민 중이라면 잘하는 부분과 보완할 부분을 나누어 시작합니다. 지역과 일정에 따라 1:1 방문수업 또는 화상수업으로 진행하며, 어휘와 독해를 바탕으로 글의 내용을 이해하고… 방식으로 수업하고 있습니다.",초등학생의 국어 기초와 문해력을 잡아줄 1:1 국어과외 탐색,핵심 고민은 “글을 읽어도 내용을 정확히 이해하지 못하거나 어휘력이 부족해 문제의 뜻을 파악하는 데 어려움”입니다.,"어휘, 독해, 문장 이해, 글의 중심내용 파악, 기초 문해력, 글쓰기, 학습 습관","지역과 일정에 따라 1:1 방문수업 또는 화상수업으로 진행하며, 어휘와 독해를 바탕으로 글의 내용을 이해하고 자신의 생각을 표현하는 힘을 학생의 수준과 학습 속도에 맞춰 지도","글을 읽고 핵심 내용을 파악하는 힘을 기르고, 국어뿐 아니라 다른 과목의 문제를 이해하는 데 필요한 기초 문해력과 학습 습관 형성",친근형,elementary_korean
584,https://kimstutoring.co.kr,busan-middle-korean,publish,ko,부산광역시,부산,국어,중학생,부산 중학생 국어과외,부산 중학생 국어과외,"중학생 국어 과외 공부를 처음 시작한다면 부산에서도 기초부터 1:1로 배울 수 있습니다. 지역과 일정에 따라 1:1 방문수업 또는 화상수업으로 진행하며, 문학·비문학 독해와 문법을 기본으로 학교별… 방식으로 수업하고 있습니다.",학교 내신과 국어 기본기를 함께 준비할 1:1 중등 국어과외 탐색,"핵심 고민은 “문학과 비문학 지문을 감으로 풀거나 문법 개념이 부족하고, 학교 시험의 서술형·수행평가 대비가 어려움”입니다.","문학, 비문학, 문법, 어휘, 학교별 내신, 서술형, 수행평가, 오답관리","지역과 일정에 따라 1:1 방문수업 또는 화상수업으로 진행하며, 문학·비문학 독해와 문법을 기본으로 학교별 내신, 서술형과 수행평가까지 학생의 취약 부분에 맞춰 지도","지문을 근거로 읽고 문제를 해결하는 방법을 익히며, 부족한 영역을 파악해 내신과 고등 국어 학습에 필요한 기본기 강화",코칭형,middle_korean
585,https://kimstutoring.co.kr,busan-high-korean,publish,ko,부산광역시,부산,국어,고등학생,부산 고등학생 국어과외,부산 고등학생 국어과외,"부산 고등학생 국어 과외 수업을 고민 중이라면 잘하는 부분과 보완할 부분을 나누어 시작합니다. 지역과 일정에 따라 1:1 방문수업 또는 화상수업으로 진행하며, 문학과 독서의 지문 분석부터 학교별 내신,… 방식으로 수업하고 있습니다.",내신과 모의고사·수능을 함께 대비할 1:1 고등 국어과외 탐색,"핵심 고민은 “긴 지문의 핵심을 빠르게 파악하기 어렵거나 문학·독서·문법 영역별 편차가 크고, 모의고사에서 시간 관리와…”입니다.","문학, 독서, 화법과 언어, 작문, 학교별 내신, 모의고사, 수능, 취약영역, 오답분석","지역과 일정에 따라 1:1 방문수업 또는 화상수업으로 진행하며, 문학과 독서의 지문 분석부터 학교별 내신, 모의고사와 수능 대비, 취약영역 및 오답분석까지 현재 실력과 목표에 맞춰 지도","지문을 분석하는 기준과 문제 접근 방법을 익히고, 취약영역과 반복되는 오답을 점검하면서 내신·모의고사·수능 학습의 방향을 구체화",전문형,high_korean
586,https://kimstutoring.co.kr,yangsan-elementary-english,publish,ko,경상남도,양산,영어,초등학생,양산 초등학생 영어과외,양산 초등학생 영어과외,"초등학생 영어 과외 때문에 고민이 있다면 양산 수업에서 지금 필요한 연습부터 함께 해볼 수 있습니다. 지역과 일정에 따라 1:1 방문수업 또는 화상수업으로 진행하며, 기초 어휘와 문장 이해, 읽기 학습을 학생의… 방식으로 수업하고 있습니다.",초등학생 수준에 맞춰 영어 기초와 꾸준한 학습 습관을 기르는 1:1 온라인 과외 찾기,핵심 고민은 “기초 어휘가 부족하고 짧은 문장의 뜻을 이해하거나 꾸준히 읽는 데 어려움이 있음”입니다.,"기초 어휘, 문장 이해, 짧은 글 읽기, 학습 습관","지역과 일정에 따라 1:1 방문수업 또는 화상수업으로 진행하며, 기초 어휘와 문장 이해, 읽기 학습을 학생의 수준과 학습 속도에 맞춰 지도",익숙한 어휘로 짧은 문장의 뜻을 파악하고 스스로 읽고 복습하는 습관 형성,친근형,elementary_english
587,https://kimstutoring.co.kr,yangsan-middle-english,publish,ko,경상남도,양산,영어,중학생,양산 중학생 영어과외,양산 중학생 영어과외,"양산 중학생 영어 과외 수업을 고민 중이라면 잘하는 부분과 보완할 부분을 나누어 시작합니다. 지역과 일정에 따라 1:1 방문수업 또는 화상수업으로 진행하며, 어휘·문법·독해를 기본으로 학교별 내신과… 방식으로 수업하고 있습니다.",중학생 영어 문법과 독해를 보완하고 학교별 내신과 서술형 및 수행평가를 준비하는 온라인 과외 찾기,핵심 고민은 “어휘와 문법을 배워도 지문에 적용하기 어렵고 서술형 답안과 수행평가 준비가 막막함”입니다.,"어휘, 문법, 독해, 학교별 내신, 서술형, 수행평가","지역과 일정에 따라 1:1 방문수업 또는 화상수업으로 진행하며, 어휘·문법·독해를 기본으로 학교별 내신과 서술형, 수행평가까지 학생의 취약 부분에 맞춰 지도",문법 근거를 설명하며 지문을 읽고 학교 평가 기준에 맞춰 답안을 작성하는 능력 향상,코칭형,middle_english
588,https://kimstutoring.co.kr,yangsan-high-english,publish,ko,경상남도,양산,영어,고등학생,양산 고등학생 영어과외,양산 고등학생 영어과외,"고등학생 영어 과외 때문에 고민이 있다면 양산 수업에서 지금 필요한 연습부터 함께 해볼 수 있습니다. 지역과 일정에 따라 1:1 방문수업 또는 화상수업으로 진행하며, 어휘·구문독해부터 학교별 내신, 모의고사와 수능… 방식으로 수업하고 있습니다.",고등학생 영어 내신과 모의고사 및 수능 준비를 현재 수준에 맞춰 병행하는 온라인 과외 찾기,핵심 고민은 “긴 문장의 구조를 파악하기 어렵고 내신과 모의고사 지문을 읽는 데 시간이 오래 걸림”입니다.,"어휘, 구문독해, 학교별 내신, 모의고사, 수능","지역과 일정에 따라 1:1 방문수업 또는 화상수업으로 진행하며, 어휘·구문독해부터 학교별 내신, 모의고사와 수능 대비까지 현재 실력과 목표에 맞춰 지도",복잡한 문장의 구조를 파악하고 지문의 근거를 바탕으로 답을 선택하는 독해 능력 향상,전문형,high_english
589,https://kimstutoring.co.kr,yangsan-elementary-math,publish,ko,경상남도,양산,수학,초등학생,양산 초등학생 수학과외,양산 초등학생 수학과외,"양산 초등학생 수학 과외 수업을 고민 중이라면 잘하는 부분과 보완할 부분을 나누어 시작합니다. 지역과 일정에 따라 1:1 방문수업 또는 화상수업으로 진행하며, 연산과 기초개념을 탄탄히 다지고 문제를 이해하는… 방식으로 수업하고 있습니다.",초등학생 수학 연산과 기초개념을 다지고 문제 이해와 풀이 습관을 기르는 온라인 과외 찾기,핵심 고민은 “계산 실수가 반복되고 문장형 문제에서 무엇을 구해야 하는지 파악하기 어려움”입니다.,"연산, 기초개념, 문제 이해, 풀이 습관","지역과 일정에 따라 1:1 방문수업 또는 화상수업으로 진행하며, 연산과 기초개념을 탄탄히 다지고 문제를 이해하는 과정과 올바른 풀이 습관을 학생 수준에 맞춰 지도",계산 과정을 점검하고 문제의 조건을 이해하며 풀이 순서를 정리하는 습관 형성,친근형,elementary_math
590,https://kimstutoring.co.kr,yangsan-middle-math,publish,ko,경상남도,양산,수학,중학생,양산 중학생 수학과외,양산 중학생 수학과외,"양산 중학생 수학 과외 수업을 고민 중이라면 잘하는 부분과 보완할 부분을 나누어 시작합니다. 지역과 일정에 따라 1:1 방문수업 또는 화상수업으로 진행하며, 개념 이해와 유형별 문제풀이를 연결하고 학교별… 방식으로 수업하고 있습니다.",중학생 수학 개념과 유형별 문제풀이를 연결하고 내신 및 서술형을 준비하는 온라인 과외 찾기,핵심 고민은 “개념을 외워도 문제 유형이 바뀌면 적용하기 어렵고 같은 오답과 풀이 과정 누락이 반복됨”입니다.,"개념, 유형별 문제풀이, 학교별 내신, 서술형, 오답관리","지역과 일정에 따라 1:1 방문수업 또는 화상수업으로 진행하며, 개념 이해와 유형별 문제풀이를 연결하고 학교별 내신, 서술형, 오답관리까지 취약 단원에 맞춰 지도",문제에 맞는 개념을 선택하고 풀이 근거를 순서대로 쓰며 반복되는 실수를 줄이는 능력 향상,코칭형,middle_math
591,https://kimstutoring.co.kr,yangsan-high-math,publish,ko,경상남도,양산,수학,고등학생,양산 고등학생 수학과외,양산 고등학생 수학과외,"고등학생 수학 과외 공부를 처음 시작한다면 양산에서도 기초부터 1:1로 배울 수 있습니다. 지역과 일정에 따라 1:1 방문수업 또는 화상수업으로 진행하며, 개념과 유형별 문제풀이부터 학교별 내신,… 방식으로 수업하고 있습니다.",고등학생 수학 취약단원을 보완하면서 내신과 모의고사 및 수능을 준비하는 온라인 과외 찾기,핵심 고민은 “개념 사이의 연결이 약하고 복합 문제의 접근 방법을 찾기 어려우며 취약단원에서 오답이 반복됨”입니다.,"개념, 유형별 문제풀이, 학교별 내신, 모의고사, 수능, 취약단원, 오답분석","지역과 일정에 따라 1:1 방문수업 또는 화상수업으로 진행하며, 개념과 유형별 문제풀이부터 학교별 내신, 모의고사와 수능 대비, 취약단원 및 오답분석까지 목표에 맞춰 지도",취약단원의 개념을 연결하고 문제 조건에 맞는 풀이 전략을 선택하며 오답 원인을 스스로 설명하는 능력 향상,전문형,high_math
592,https://kimstutoring.co.kr,yangsan-elementary-korean,publish,ko,경상남도,양산,국어,초등학생,양산 초등학생 국어과외,양산 초등학생 국어과외,"초등학생 국어 과외 공부를 처음 시작한다면 양산에서도 기초부터 1:1로 배울 수 있습니다. 지역과 일정에 따라 1:1 방문수업 또는 화상수업으로 진행하며, 어휘와 독해를 바탕으로 글의 내용을 이해하고… 방식으로 수업하고 있습니다.",초등학생의 국어 기초와 문해력을 잡아줄 1:1 국어과외 탐색,핵심 고민은 “글을 읽어도 내용을 정확히 이해하지 못하거나 어휘력이 부족해 문제의 뜻을 파악하는 데 어려움”입니다.,"어휘, 독해, 문장 이해, 글의 중심내용 파악, 기초 문해력, 글쓰기, 학습 습관","지역과 일정에 따라 1:1 방문수업 또는 화상수업으로 진행하며, 어휘와 독해를 바탕으로 글의 내용을 이해하고 자신의 생각을 표현하는 힘을 학생의 수준과 학습 속도에 맞춰 지도","글을 읽고 핵심 내용을 파악하는 힘을 기르고, 국어뿐 아니라 다른 과목의 문제를 이해하는 데 필요한 기초 문해력과 학습 습관 형성",친근형,elementary_korean
593,https://kimstutoring.co.kr,yangsan-middle-korean,publish,ko,경상남도,양산,국어,중학생,양산 중학생 국어과외,양산 중학생 국어과외,"양산 중학생 국어 과외 수업을 고민 중이라면 잘하는 부분과 보완할 부분을 나누어 시작합니다. 지역과 일정에 따라 1:1 방문수업 또는 화상수업으로 진행하며, 문학·비문학 독해와 문법을 기본으로 학교별… 방식으로 수업하고 있습니다.",학교 내신과 국어 기본기를 함께 준비할 1:1 중등 국어과외 탐색,"핵심 고민은 “문학과 비문학 지문을 감으로 풀거나 문법 개념이 부족하고, 학교 시험의 서술형·수행평가 대비가 어려움”입니다.","문학, 비문학, 문법, 어휘, 학교별 내신, 서술형, 수행평가, 오답관리","지역과 일정에 따라 1:1 방문수업 또는 화상수업으로 진행하며, 문학·비문학 독해와 문법을 기본으로 학교별 내신, 서술형과 수행평가까지 학생의 취약 부분에 맞춰 지도","지문을 근거로 읽고 문제를 해결하는 방법을 익히며, 부족한 영역을 파악해 내신과 고등 국어 학습에 필요한 기본기 강화",코칭형,middle_korean
594,https://kimstutoring.co.kr,yangsan-high-korean,publish,ko,경상남도,양산,국어,고등학생,양산 고등학생 국어과외,양산 고등학생 국어과외,"고등학생 국어 과외 공부를 처음 시작한다면 양산에서도 기초부터 1:1로 배울 수 있습니다. 지역과 일정에 따라 1:1 방문수업 또는 화상수업으로 진행하며, 문학과 독서의 지문 분석부터 학교별 내신,… 방식으로 수업하고 있습니다.",내신과 모의고사·수능을 함께 대비할 1:1 고등 국어과외 탐색,"핵심 고민은 “긴 지문의 핵심을 빠르게 파악하기 어렵거나 문학·독서·문법 영역별 편차가 크고, 모의고사에서 시간 관리와…”입니다.","문학, 독서, 화법과 언어, 작문, 학교별 내신, 모의고사, 수능, 취약영역, 오답분석","지역과 일정에 따라 1:1 방문수업 또는 화상수업으로 진행하며, 문학과 독서의 지문 분석부터 학교별 내신, 모의고사와 수능 대비, 취약영역 및 오답분석까지 현재 실력과 목표에 맞춰 지도","지문을 분석하는 기준과 문제 접근 방법을 익히고, 취약영역과 반복되는 오답을 점검하면서 내신·모의고사·수능 학습의 방향을 구체화",전문형,high_korean
595,https://kimstutoring.co.kr,ulsan-elementary-english,publish,ko,울산광역시,울산,영어,초등학생,울산 초등학생 영어과외,울산 초등학생 영어과외,"초등학생 영어 과외 때문에 고민이 있다면 울산 수업에서 지금 필요한 연습부터 함께 해볼 수 있습니다. 지역과 일정에 따라 1:1 방문수업 또는 화상수업으로 진행하며, 기초 어휘와 문장 이해, 읽기 학습을 학생의… 방식으로 수업하고 있습니다.",초등학생 수준에 맞춰 영어 기초와 꾸준한 학습 습관을 기르는 1:1 온라인 과외 찾기,핵심 고민은 “기초 어휘가 부족하고 짧은 문장의 뜻을 이해하거나 꾸준히 읽는 데 어려움이 있음”입니다.,"기초 어휘, 문장 이해, 짧은 글 읽기, 학습 습관","지역과 일정에 따라 1:1 방문수업 또는 화상수업으로 진행하며, 기초 어휘와 문장 이해, 읽기 학습을 학생의 수준과 학습 속도에 맞춰 지도",익숙한 어휘로 짧은 문장의 뜻을 파악하고 스스로 읽고 복습하는 습관 형성,친근형,elementary_english
596,https://kimstutoring.co.kr,ulsan-middle-english,publish,ko,울산광역시,울산,영어,중학생,울산 중학생 영어과외,울산 중학생 영어과외,"울산 중학생 영어 과외 수업을 고민 중이라면 잘하는 부분과 보완할 부분을 나누어 시작합니다. 지역과 일정에 따라 1:1 방문수업 또는 화상수업으로 진행하며, 어휘·문법·독해를 기본으로 학교별 내신과… 방식으로 수업하고 있습니다.",중학생 영어 문법과 독해를 보완하고 학교별 내신과 서술형 및 수행평가를 준비하는 온라인 과외 찾기,핵심 고민은 “어휘와 문법을 배워도 지문에 적용하기 어렵고 서술형 답안과 수행평가 준비가 막막함”입니다.,"어휘, 문법, 독해, 학교별 내신, 서술형, 수행평가","지역과 일정에 따라 1:1 방문수업 또는 화상수업으로 진행하며, 어휘·문법·독해를 기본으로 학교별 내신과 서술형, 수행평가까지 학생의 취약 부분에 맞춰 지도",문법 근거를 설명하며 지문을 읽고 학교 평가 기준에 맞춰 답안을 작성하는 능력 향상,코칭형,middle_english
597,https://kimstutoring.co.kr,ulsan-high-english,publish,ko,울산광역시,울산,영어,고등학생,울산 고등학생 영어과외,울산 고등학생 영어과외,"고등학생 영어 과외 때문에 고민이 있다면 울산 수업에서 지금 필요한 연습부터 함께 해볼 수 있습니다. 지역과 일정에 따라 1:1 방문수업 또는 화상수업으로 진행하며, 어휘·구문독해부터 학교별 내신, 모의고사와 수능… 방식으로 수업하고 있습니다.",고등학생 영어 내신과 모의고사 및 수능 준비를 현재 수준에 맞춰 병행하는 온라인 과외 찾기,핵심 고민은 “긴 문장의 구조를 파악하기 어렵고 내신과 모의고사 지문을 읽는 데 시간이 오래 걸림”입니다.,"어휘, 구문독해, 학교별 내신, 모의고사, 수능","지역과 일정에 따라 1:1 방문수업 또는 화상수업으로 진행하며, 어휘·구문독해부터 학교별 내신, 모의고사와 수능 대비까지 현재 실력과 목표에 맞춰 지도",복잡한 문장의 구조를 파악하고 지문의 근거를 바탕으로 답을 선택하는 독해 능력 향상,전문형,high_english
598,https://kimstutoring.co.kr,ulsan-elementary-math,publish,ko,울산광역시,울산,수학,초등학생,울산 초등학생 수학과외,울산 초등학생 수학과외,"울산 초등학생 수학 과외 수업을 고민 중이라면 잘하는 부분과 보완할 부분을 나누어 시작합니다. 지역과 일정에 따라 1:1 방문수업 또는 화상수업으로 진행하며, 연산과 기초개념을 탄탄히 다지고 문제를 이해하는… 방식으로 수업하고 있습니다.",초등학생 수학 연산과 기초개념을 다지고 문제 이해와 풀이 습관을 기르는 온라인 과외 찾기,핵심 고민은 “계산 실수가 반복되고 문장형 문제에서 무엇을 구해야 하는지 파악하기 어려움”입니다.,"연산, 기초개념, 문제 이해, 풀이 습관","지역과 일정에 따라 1:1 방문수업 또는 화상수업으로 진행하며, 연산과 기초개념을 탄탄히 다지고 문제를 이해하는 과정과 올바른 풀이 습관을 학생 수준에 맞춰 지도",계산 과정을 점검하고 문제의 조건을 이해하며 풀이 순서를 정리하는 습관 형성,친근형,elementary_math
599,https://kimstutoring.co.kr,ulsan-middle-math,publish,ko,울산광역시,울산,수학,중학생,울산 중학생 수학과외,울산 중학생 수학과외,"울산 중학생 수학 과외 수업을 고민 중이라면 잘하는 부분과 보완할 부분을 나누어 시작합니다. 지역과 일정에 따라 1:1 방문수업 또는 화상수업으로 진행하며, 개념 이해와 유형별 문제풀이를 연결하고 학교별… 방식으로 수업하고 있습니다.",중학생 수학 개념과 유형별 문제풀이를 연결하고 내신 및 서술형을 준비하는 온라인 과외 찾기,핵심 고민은 “개념을 외워도 문제 유형이 바뀌면 적용하기 어렵고 같은 오답과 풀이 과정 누락이 반복됨”입니다.,"개념, 유형별 문제풀이, 학교별 내신, 서술형, 오답관리","지역과 일정에 따라 1:1 방문수업 또는 화상수업으로 진행하며, 개념 이해와 유형별 문제풀이를 연결하고 학교별 내신, 서술형, 오답관리까지 취약 단원에 맞춰 지도",문제에 맞는 개념을 선택하고 풀이 근거를 순서대로 쓰며 반복되는 실수를 줄이는 능력 향상,코칭형,middle_math
600,https://kimstutoring.co.kr,ulsan-high-math,publish,ko,울산광역시,울산,수학,고등학생,울산 고등학생 수학과외,울산 고등학생 수학과외,"고등학생 수학 과외 공부를 처음 시작한다면 울산에서도 기초부터 1:1로 배울 수 있습니다. 지역과 일정에 따라 1:1 방문수업 또는 화상수업으로 진행하며, 개념과 유형별 문제풀이부터 학교별 내신,… 방식으로 수업하고 있습니다.",고등학생 수학 취약단원을 보완하면서 내신과 모의고사 및 수능을 준비하는 온라인 과외 찾기,핵심 고민은 “개념 사이의 연결이 약하고 복합 문제의 접근 방법을 찾기 어려우며 취약단원에서 오답이 반복됨”입니다.,"개념, 유형별 문제풀이, 학교별 내신, 모의고사, 수능, 취약단원, 오답분석","지역과 일정에 따라 1:1 방문수업 또는 화상수업으로 진행하며, 개념과 유형별 문제풀이부터 학교별 내신, 모의고사와 수능 대비, 취약단원 및 오답분석까지 목표에 맞춰 지도",취약단원의 개념을 연결하고 문제 조건에 맞는 풀이 전략을 선택하며 오답 원인을 스스로 설명하는 능력 향상,전문형,high_math
601,https://kimstutoring.co.kr,ulsan-elementary-korean,publish,ko,울산광역시,울산,국어,초등학생,울산 초등학생 국어과외,울산 초등학생 국어과외,"초등학생 국어 과외 공부를 처음 시작한다면 울산에서도 기초부터 1:1로 배울 수 있습니다. 지역과 일정에 따라 1:1 방문수업 또는 화상수업으로 진행하며, 어휘와 독해를 바탕으로 글의 내용을 이해하고… 방식으로 수업하고 있습니다.",초등학생의 국어 기초와 문해력을 잡아줄 1:1 국어과외 탐색,핵심 고민은 “글을 읽어도 내용을 정확히 이해하지 못하거나 어휘력이 부족해 문제의 뜻을 파악하는 데 어려움”입니다.,"어휘, 독해, 문장 이해, 글의 중심내용 파악, 기초 문해력, 글쓰기, 학습 습관","지역과 일정에 따라 1:1 방문수업 또는 화상수업으로 진행하며, 어휘와 독해를 바탕으로 글의 내용을 이해하고 자신의 생각을 표현하는 힘을 학생의 수준과 학습 속도에 맞춰 지도","글을 읽고 핵심 내용을 파악하는 힘을 기르고, 국어뿐 아니라 다른 과목의 문제를 이해하는 데 필요한 기초 문해력과 학습 습관 형성",친근형,elementary_korean
602,https://kimstutoring.co.kr,ulsan-middle-korean,publish,ko,울산광역시,울산,국어,중학생,울산 중학생 국어과외,울산 중학생 국어과외,"울산 중학생 국어 과외 수업을 고민 중이라면 잘하는 부분과 보완할 부분을 나누어 시작합니다. 지역과 일정에 따라 1:1 방문수업 또는 화상수업으로 진행하며, 문학·비문학 독해와 문법을 기본으로 학교별… 방식으로 수업하고 있습니다.",학교 내신과 국어 기본기를 함께 준비할 1:1 중등 국어과외 탐색,"핵심 고민은 “문학과 비문학 지문을 감으로 풀거나 문법 개념이 부족하고, 학교 시험의 서술형·수행평가 대비가 어려움”입니다.","문학, 비문학, 문법, 어휘, 학교별 내신, 서술형, 수행평가, 오답관리","지역과 일정에 따라 1:1 방문수업 또는 화상수업으로 진행하며, 문학·비문학 독해와 문법을 기본으로 학교별 내신, 서술형과 수행평가까지 학생의 취약 부분에 맞춰 지도","지문을 근거로 읽고 문제를 해결하는 방법을 익히며, 부족한 영역을 파악해 내신과 고등 국어 학습에 필요한 기본기 강화",코칭형,middle_korean
603,https://kimstutoring.co.kr,ulsan-high-korean,publish,ko,울산광역시,울산,국어,고등학생,울산 고등학생 국어과외,울산 고등학생 국어과외,"고등학생 국어 과외 공부를 처음 시작한다면 울산에서도 기초부터 1:1로 배울 수 있습니다. 지역과 일정에 따라 1:1 방문수업 또는 화상수업으로 진행하며, 문학과 독서의 지문 분석부터 학교별 내신,… 방식으로 수업하고 있습니다.",내신과 모의고사·수능을 함께 대비할 1:1 고등 국어과외 탐색,"핵심 고민은 “긴 지문의 핵심을 빠르게 파악하기 어렵거나 문학·독서·문법 영역별 편차가 크고, 모의고사에서 시간 관리와…”입니다.","문학, 독서, 화법과 언어, 작문, 학교별 내신, 모의고사, 수능, 취약영역, 오답분석","지역과 일정에 따라 1:1 방문수업 또는 화상수업으로 진행하며, 문학과 독서의 지문 분석부터 학교별 내신, 모의고사와 수능 대비, 취약영역 및 오답분석까지 현재 실력과 목표에 맞춰 지도","지문을 분석하는 기준과 문제 접근 방법을 익히고, 취약영역과 반복되는 오답을 점검하면서 내신·모의고사·수능 학습의 방향을 구체화",전문형,high_korean
604,https://kimstutoring.co.kr,miryang-elementary-english,publish,ko,경상남도,밀양,영어,초등학생,밀양 초등학생 영어과외,밀양 초등학생 영어과외,"밀양에서 초등학생 영어 과외 실력을 늘리고 싶다면 자주 막히는 부분부터 직접 다뤄봅니다. 지역과 일정에 따라 1:1 방문수업 또는 화상수업으로 진행하며, 기초 어휘와 문장 이해, 읽기 학습을 학생의… 방식으로 수업하고 있습니다.",초등학생 수준에 맞춰 영어 기초와 꾸준한 학습 습관을 기르는 1:1 온라인 과외 찾기,핵심 고민은 “기초 어휘가 부족하고 짧은 문장의 뜻을 이해하거나 꾸준히 읽는 데 어려움이 있음”입니다.,"기초 어휘, 문장 이해, 짧은 글 읽기, 학습 습관","지역과 일정에 따라 1:1 방문수업 또는 화상수업으로 진행하며, 기초 어휘와 문장 이해, 읽기 학습을 학생의 수준과 학습 속도에 맞춰 지도",익숙한 어휘로 짧은 문장의 뜻을 파악하고 스스로 읽고 복습하는 습관 형성,친근형,elementary_english
605,https://kimstutoring.co.kr,miryang-middle-english,publish,ko,경상남도,밀양,영어,중학생,밀양 중학생 영어과외,밀양 중학생 영어과외,"중학생 영어 과외 공부를 처음 시작한다면 밀양에서도 기초부터 1:1로 배울 수 있습니다. 지역과 일정에 따라 1:1 방문수업 또는 화상수업으로 진행하며, 어휘·문법·독해를 기본으로 학교별 내신과… 방식으로 수업하고 있습니다.",중학생 영어 문법과 독해를 보완하고 학교별 내신과 서술형 및 수행평가를 준비하는 온라인 과외 찾기,핵심 고민은 “어휘와 문법을 배워도 지문에 적용하기 어렵고 서술형 답안과 수행평가 준비가 막막함”입니다.,"어휘, 문법, 독해, 학교별 내신, 서술형, 수행평가","지역과 일정에 따라 1:1 방문수업 또는 화상수업으로 진행하며, 어휘·문법·독해를 기본으로 학교별 내신과 서술형, 수행평가까지 학생의 취약 부분에 맞춰 지도",문법 근거를 설명하며 지문을 읽고 학교 평가 기준에 맞춰 답안을 작성하는 능력 향상,코칭형,middle_english
606,https://kimstutoring.co.kr,miryang-high-english,publish,ko,경상남도,밀양,영어,고등학생,밀양 고등학생 영어과외,밀양 고등학생 영어과외,"밀양에서 고등학생 영어 과외 실력을 늘리고 싶다면 자주 막히는 부분부터 직접 다뤄봅니다. 지역과 일정에 따라 1:1 방문수업 또는 화상수업으로 진행하며, 어휘·구문독해부터 학교별 내신, 모의고사와 수능… 방식으로 수업하고 있습니다.",고등학생 영어 내신과 모의고사 및 수능 준비를 현재 수준에 맞춰 병행하는 온라인 과외 찾기,핵심 고민은 “긴 문장의 구조를 파악하기 어렵고 내신과 모의고사 지문을 읽는 데 시간이 오래 걸림”입니다.,"어휘, 구문독해, 학교별 내신, 모의고사, 수능","지역과 일정에 따라 1:1 방문수업 또는 화상수업으로 진행하며, 어휘·구문독해부터 학교별 내신, 모의고사와 수능 대비까지 현재 실력과 목표에 맞춰 지도",복잡한 문장의 구조를 파악하고 지문의 근거를 바탕으로 답을 선택하는 독해 능력 향상,전문형,high_english
607,https://kimstutoring.co.kr,miryang-elementary-math,publish,ko,경상남도,밀양,수학,초등학생,밀양 초등학생 수학과외,밀양 초등학생 수학과외,"초등학생 수학 과외 공부를 처음 시작한다면 밀양에서도 기초부터 1:1로 배울 수 있습니다. 지역과 일정에 따라 1:1 방문수업 또는 화상수업으로 진행하며, 연산과 기초개념을 탄탄히 다지고 문제를 이해하는… 방식으로 수업하고 있습니다.",초등학생 수학 연산과 기초개념을 다지고 문제 이해와 풀이 습관을 기르는 온라인 과외 찾기,핵심 고민은 “계산 실수가 반복되고 문장형 문제에서 무엇을 구해야 하는지 파악하기 어려움”입니다.,"연산, 기초개념, 문제 이해, 풀이 습관","지역과 일정에 따라 1:1 방문수업 또는 화상수업으로 진행하며, 연산과 기초개념을 탄탄히 다지고 문제를 이해하는 과정과 올바른 풀이 습관을 학생 수준에 맞춰 지도",계산 과정을 점검하고 문제의 조건을 이해하며 풀이 순서를 정리하는 습관 형성,친근형,elementary_math
608,https://kimstutoring.co.kr,miryang-middle-math,publish,ko,경상남도,밀양,수학,중학생,밀양 중학생 수학과외,밀양 중학생 수학과외,"중학생 수학 과외 공부를 처음 시작한다면 밀양에서도 기초부터 1:1로 배울 수 있습니다. 지역과 일정에 따라 1:1 방문수업 또는 화상수업으로 진행하며, 개념 이해와 유형별 문제풀이를 연결하고 학교별… 방식으로 수업하고 있습니다.",중학생 수학 개념과 유형별 문제풀이를 연결하고 내신 및 서술형을 준비하는 온라인 과외 찾기,핵심 고민은 “개념을 외워도 문제 유형이 바뀌면 적용하기 어렵고 같은 오답과 풀이 과정 누락이 반복됨”입니다.,"개념, 유형별 문제풀이, 학교별 내신, 서술형, 오답관리","지역과 일정에 따라 1:1 방문수업 또는 화상수업으로 진행하며, 개념 이해와 유형별 문제풀이를 연결하고 학교별 내신, 서술형, 오답관리까지 취약 단원에 맞춰 지도",문제에 맞는 개념을 선택하고 풀이 근거를 순서대로 쓰며 반복되는 실수를 줄이는 능력 향상,코칭형,middle_math
609,https://kimstutoring.co.kr,miryang-high-math,publish,ko,경상남도,밀양,수학,고등학생,밀양 고등학생 수학과외,밀양 고등학생 수학과외,"밀양 고등학생 수학 과외 수업을 고민 중이라면 잘하는 부분과 보완할 부분을 나누어 시작합니다. 지역과 일정에 따라 1:1 방문수업 또는 화상수업으로 진행하며, 개념과 유형별 문제풀이부터 학교별 내신,… 방식으로 수업하고 있습니다.",고등학생 수학 취약단원을 보완하면서 내신과 모의고사 및 수능을 준비하는 온라인 과외 찾기,핵심 고민은 “개념 사이의 연결이 약하고 복합 문제의 접근 방법을 찾기 어려우며 취약단원에서 오답이 반복됨”입니다.,"개념, 유형별 문제풀이, 학교별 내신, 모의고사, 수능, 취약단원, 오답분석","지역과 일정에 따라 1:1 방문수업 또는 화상수업으로 진행하며, 개념과 유형별 문제풀이부터 학교별 내신, 모의고사와 수능 대비, 취약단원 및 오답분석까지 목표에 맞춰 지도",취약단원의 개념을 연결하고 문제 조건에 맞는 풀이 전략을 선택하며 오답 원인을 스스로 설명하는 능력 향상,전문형,high_math
610,https://kimstutoring.co.kr,miryang-elementary-korean,publish,ko,경상남도,밀양,국어,초등학생,밀양 초등학생 국어과외,밀양 초등학생 국어과외,"밀양 초등학생 국어 과외 수업을 고민 중이라면 잘하는 부분과 보완할 부분을 나누어 시작합니다. 지역과 일정에 따라 1:1 방문수업 또는 화상수업으로 진행하며, 어휘와 독해를 바탕으로 글의 내용을 이해하고… 방식으로 수업하고 있습니다.",초등학생의 국어 기초와 문해력을 잡아줄 1:1 국어과외 탐색,핵심 고민은 “글을 읽어도 내용을 정확히 이해하지 못하거나 어휘력이 부족해 문제의 뜻을 파악하는 데 어려움”입니다.,"어휘, 독해, 문장 이해, 글의 중심내용 파악, 기초 문해력, 글쓰기, 학습 습관","지역과 일정에 따라 1:1 방문수업 또는 화상수업으로 진행하며, 어휘와 독해를 바탕으로 글의 내용을 이해하고 자신의 생각을 표현하는 힘을 학생의 수준과 학습 속도에 맞춰 지도","글을 읽고 핵심 내용을 파악하는 힘을 기르고, 국어뿐 아니라 다른 과목의 문제를 이해하는 데 필요한 기초 문해력과 학습 습관 형성",친근형,elementary_korean
611,https://kimstutoring.co.kr,miryang-middle-korean,publish,ko,경상남도,밀양,국어,중학생,밀양 중학생 국어과외,밀양 중학생 국어과외,"중학생 국어 과외 공부를 처음 시작한다면 밀양에서도 기초부터 1:1로 배울 수 있습니다. 지역과 일정에 따라 1:1 방문수업 또는 화상수업으로 진행하며, 문학·비문학 독해와 문법을 기본으로 학교별… 방식으로 수업하고 있습니다.",학교 내신과 국어 기본기를 함께 준비할 1:1 중등 국어과외 탐색,"핵심 고민은 “문학과 비문학 지문을 감으로 풀거나 문법 개념이 부족하고, 학교 시험의 서술형·수행평가 대비가 어려움”입니다.","문학, 비문학, 문법, 어휘, 학교별 내신, 서술형, 수행평가, 오답관리","지역과 일정에 따라 1:1 방문수업 또는 화상수업으로 진행하며, 문학·비문학 독해와 문법을 기본으로 학교별 내신, 서술형과 수행평가까지 학생의 취약 부분에 맞춰 지도","지문을 근거로 읽고 문제를 해결하는 방법을 익히며, 부족한 영역을 파악해 내신과 고등 국어 학습에 필요한 기본기 강화",코칭형,middle_korean
612,https://kimstutoring.co.kr,miryang-high-korean,publish,ko,경상남도,밀양,국어,고등학생,밀양 고등학생 국어과외,밀양 고등학생 국어과외,"밀양 고등학생 국어 과외 수업을 고민 중이라면 잘하는 부분과 보완할 부분을 나누어 시작합니다. 지역과 일정에 따라 1:1 방문수업 또는 화상수업으로 진행하며, 문학과 독서의 지문 분석부터 학교별 내신,… 방식으로 수업하고 있습니다.",내신과 모의고사·수능을 함께 대비할 1:1 고등 국어과외 탐색,"핵심 고민은 “긴 지문의 핵심을 빠르게 파악하기 어렵거나 문학·독서·문법 영역별 편차가 크고, 모의고사에서 시간 관리와…”입니다.","문학, 독서, 화법과 언어, 작문, 학교별 내신, 모의고사, 수능, 취약영역, 오답분석","지역과 일정에 따라 1:1 방문수업 또는 화상수업으로 진행하며, 문학과 독서의 지문 분석부터 학교별 내신, 모의고사와 수능 대비, 취약영역 및 오답분석까지 현재 실력과 목표에 맞춰 지도","지문을 분석하는 기준과 문제 접근 방법을 익히고, 취약영역과 반복되는 오답을 점검하면서 내신·모의고사·수능 학습의 방향을 구체화",전문형,high_korean
613,https://kimstutoring.co.kr,jeju-elementary-english,publish,ko,제주특별자치도,제주,영어,초등학생,제주 초등학생 영어과외,제주 초등학생 영어과외,"초등학생 영어 과외 공부를 다시 시작하려는 분께 제주 1:1 수업이 맞는 출발점을 찾아드립니다. 지역과 일정에 따라 1:1 방문수업 또는 화상수업으로 진행하며, 기초 어휘와 문장 이해, 읽기 학습을 학생의… 방식으로 수업하고 있습니다.",초등학생 수준에 맞춰 영어 기초와 꾸준한 학습 습관을 기르는 1:1 온라인 과외 찾기,핵심 고민은 “기초 어휘가 부족하고 짧은 문장의 뜻을 이해하거나 꾸준히 읽는 데 어려움이 있음”입니다.,"기초 어휘, 문장 이해, 짧은 글 읽기, 학습 습관","지역과 일정에 따라 1:1 방문수업 또는 화상수업으로 진행하며, 기초 어휘와 문장 이해, 읽기 학습을 학생의 수준과 학습 속도에 맞춰 지도",익숙한 어휘로 짧은 문장의 뜻을 파악하고 스스로 읽고 복습하는 습관 형성,친근형,elementary_english
614,https://kimstutoring.co.kr,jeju-middle-english,publish,ko,제주특별자치도,제주,영어,중학생,제주 중학생 영어과외,제주 중학생 영어과외,"제주에서 배우는 중학생 영어 과외, 실제로 쓰려는 상황에 맞춰 수업 내용을 정합니다. 지역과 일정에 따라 1:1 방문수업 또는 화상수업으로 진행하며, 어휘·문법·독해를 기본으로 학교별 내신과… 방식으로 수업하고 있습니다.",중학생 영어 문법과 독해를 보완하고 학교별 내신과 서술형 및 수행평가를 준비하는 온라인 과외 찾기,핵심 고민은 “어휘와 문법을 배워도 지문에 적용하기 어렵고 서술형 답안과 수행평가 준비가 막막함”입니다.,"어휘, 문법, 독해, 학교별 내신, 서술형, 수행평가","지역과 일정에 따라 1:1 방문수업 또는 화상수업으로 진행하며, 어휘·문법·독해를 기본으로 학교별 내신과 서술형, 수행평가까지 학생의 취약 부분에 맞춰 지도",문법 근거를 설명하며 지문을 읽고 학교 평가 기준에 맞춰 답안을 작성하는 능력 향상,코칭형,middle_english
615,https://kimstutoring.co.kr,jeju-high-english,publish,ko,제주특별자치도,제주,영어,고등학생,제주 고등학생 영어과외,제주 고등학생 영어과외,"제주에서 고등학생 영어 과외 수업을 찾고 계신다면 지금 필요한 내용부터 시작할 수 있습니다. 지역과 일정에 따라 1:1 방문수업 또는 화상수업으로 진행하며, 어휘·구문독해부터 학교별 내신, 모의고사와 수능… 방식으로 수업하고 있습니다.",고등학생 영어 내신과 모의고사 및 수능 준비를 현재 수준에 맞춰 병행하는 온라인 과외 찾기,핵심 고민은 “긴 문장의 구조를 파악하기 어렵고 내신과 모의고사 지문을 읽는 데 시간이 오래 걸림”입니다.,"어휘, 구문독해, 학교별 내신, 모의고사, 수능","지역과 일정에 따라 1:1 방문수업 또는 화상수업으로 진행하며, 어휘·구문독해부터 학교별 내신, 모의고사와 수능 대비까지 현재 실력과 목표에 맞춰 지도",복잡한 문장의 구조를 파악하고 지문의 근거를 바탕으로 답을 선택하는 독해 능력 향상,전문형,high_english
616,https://kimstutoring.co.kr,jeju-elementary-math,publish,ko,제주특별자치도,제주,수학,초등학생,제주 초등학생 수학과외,제주 초등학생 수학과외,"제주에서 배우는 초등학생 수학 과외, 실제로 쓰려는 상황에 맞춰 수업 내용을 정합니다. 지역과 일정에 따라 1:1 방문수업 또는 화상수업으로 진행하며, 연산과 기초개념을 탄탄히 다지고 문제를 이해하는… 방식으로 수업하고 있습니다.",초등학생 수학 연산과 기초개념을 다지고 문제 이해와 풀이 습관을 기르는 온라인 과외 찾기,핵심 고민은 “계산 실수가 반복되고 문장형 문제에서 무엇을 구해야 하는지 파악하기 어려움”입니다.,"연산, 기초개념, 문제 이해, 풀이 습관","지역과 일정에 따라 1:1 방문수업 또는 화상수업으로 진행하며, 연산과 기초개념을 탄탄히 다지고 문제를 이해하는 과정과 올바른 풀이 습관을 학생 수준에 맞춰 지도",계산 과정을 점검하고 문제의 조건을 이해하며 풀이 순서를 정리하는 습관 형성,친근형,elementary_math
617,https://kimstutoring.co.kr,jeju-middle-math,publish,ko,제주특별자치도,제주,수학,중학생,제주 중학생 수학과외,제주 중학생 수학과외,"제주에서 배우는 중학생 수학 과외, 실제로 쓰려는 상황에 맞춰 수업 내용을 정합니다. 지역과 일정에 따라 1:1 방문수업 또는 화상수업으로 진행하며, 개념 이해와 유형별 문제풀이를 연결하고 학교별… 방식으로 수업하고 있습니다.",중학생 수학 개념과 유형별 문제풀이를 연결하고 내신 및 서술형을 준비하는 온라인 과외 찾기,핵심 고민은 “개념을 외워도 문제 유형이 바뀌면 적용하기 어렵고 같은 오답과 풀이 과정 누락이 반복됨”입니다.,"개념, 유형별 문제풀이, 학교별 내신, 서술형, 오답관리","지역과 일정에 따라 1:1 방문수업 또는 화상수업으로 진행하며, 개념 이해와 유형별 문제풀이를 연결하고 학교별 내신, 서술형, 오답관리까지 취약 단원에 맞춰 지도",문제에 맞는 개념을 선택하고 풀이 근거를 순서대로 쓰며 반복되는 실수를 줄이는 능력 향상,코칭형,middle_math
618,https://kimstutoring.co.kr,jeju-high-math,publish,ko,제주특별자치도,제주,수학,고등학생,제주 고등학생 수학과외,제주 고등학생 수학과외,"제주 고등학생 수학 과외 수업은 정해진 진도보다 현재 실력과 배우는 이유를 중요하게 봅니다. 지역과 일정에 따라 1:1 방문수업 또는 화상수업으로 진행하며, 개념과 유형별 문제풀이부터 학교별 내신,… 방식으로 수업하고 있습니다.",고등학생 수학 취약단원을 보완하면서 내신과 모의고사 및 수능을 준비하는 온라인 과외 찾기,핵심 고민은 “개념 사이의 연결이 약하고 복합 문제의 접근 방법을 찾기 어려우며 취약단원에서 오답이 반복됨”입니다.,"개념, 유형별 문제풀이, 학교별 내신, 모의고사, 수능, 취약단원, 오답분석","지역과 일정에 따라 1:1 방문수업 또는 화상수업으로 진행하며, 개념과 유형별 문제풀이부터 학교별 내신, 모의고사와 수능 대비, 취약단원 및 오답분석까지 목표에 맞춰 지도",취약단원의 개념을 연결하고 문제 조건에 맞는 풀이 전략을 선택하며 오답 원인을 스스로 설명하는 능력 향상,전문형,high_math
619,https://kimstutoring.co.kr,jeju-elementary-korean,publish,ko,제주특별자치도,제주,국어,초등학생,제주 초등학생 국어과외,제주 초등학생 국어과외,"제주 초등학생 국어 과외 수업은 정해진 진도보다 현재 실력과 배우는 이유를 중요하게 봅니다. 지역과 일정에 따라 1:1 방문수업 또는 화상수업으로 진행하며, 어휘와 독해를 바탕으로 글의 내용을 이해하고… 방식으로 수업하고 있습니다.",초등학생의 국어 기초와 문해력을 잡아줄 1:1 국어과외 탐색,핵심 고민은 “글을 읽어도 내용을 정확히 이해하지 못하거나 어휘력이 부족해 문제의 뜻을 파악하는 데 어려움”입니다.,"어휘, 독해, 문장 이해, 글의 중심내용 파악, 기초 문해력, 글쓰기, 학습 습관","지역과 일정에 따라 1:1 방문수업 또는 화상수업으로 진행하며, 어휘와 독해를 바탕으로 글의 내용을 이해하고 자신의 생각을 표현하는 힘을 학생의 수준과 학습 속도에 맞춰 지도","글을 읽고 핵심 내용을 파악하는 힘을 기르고, 국어뿐 아니라 다른 과목의 문제를 이해하는 데 필요한 기초 문해력과 학습 습관 형성",친근형,elementary_korean
620,https://kimstutoring.co.kr,jeju-middle-korean,publish,ko,제주특별자치도,제주,국어,중학생,제주 중학생 국어과외,제주 중학생 국어과외,"제주에서 배우는 중학생 국어 과외, 실제로 쓰려는 상황에 맞춰 수업 내용을 정합니다. 지역과 일정에 따라 1:1 방문수업 또는 화상수업으로 진행하며, 문학·비문학 독해와 문법을 기본으로 학교별… 방식으로 수업하고 있습니다.",학교 내신과 국어 기본기를 함께 준비할 1:1 중등 국어과외 탐색,"핵심 고민은 “문학과 비문학 지문을 감으로 풀거나 문법 개념이 부족하고, 학교 시험의 서술형·수행평가 대비가 어려움”입니다.","문학, 비문학, 문법, 어휘, 학교별 내신, 서술형, 수행평가, 오답관리","지역과 일정에 따라 1:1 방문수업 또는 화상수업으로 진행하며, 문학·비문학 독해와 문법을 기본으로 학교별 내신, 서술형과 수행평가까지 학생의 취약 부분에 맞춰 지도","지문을 근거로 읽고 문제를 해결하는 방법을 익히며, 부족한 영역을 파악해 내신과 고등 국어 학습에 필요한 기본기 강화",코칭형,middle_korean
621,https://kimstutoring.co.kr,jeju-high-korean,publish,ko,제주특별자치도,제주,국어,고등학생,제주 고등학생 국어과외,제주 고등학생 국어과외,"제주 고등학생 국어 과외 수업은 정해진 진도보다 현재 실력과 배우는 이유를 중요하게 봅니다. 지역과 일정에 따라 1:1 방문수업 또는 화상수업으로 진행하며, 문학과 독서의 지문 분석부터 학교별 내신,… 방식으로 수업하고 있습니다.",내신과 모의고사·수능을 함께 대비할 1:1 고등 국어과외 탐색,"핵심 고민은 “긴 지문의 핵심을 빠르게 파악하기 어렵거나 문학·독서·문법 영역별 편차가 크고, 모의고사에서 시간 관리와…”입니다.","문학, 독서, 화법과 언어, 작문, 학교별 내신, 모의고사, 수능, 취약영역, 오답분석","지역과 일정에 따라 1:1 방문수업 또는 화상수업으로 진행하며, 문학과 독서의 지문 분석부터 학교별 내신, 모의고사와 수능 대비, 취약영역 및 오답분석까지 현재 실력과 목표에 맞춰 지도","지문을 분석하는 기준과 문제 접근 방법을 익히고, 취약영역과 반복되는 오답을 점검하면서 내신·모의고사·수능 학습의 방향을 구체화",전문형,high_korean
622,https://kimstutoring.co.kr,seogwipo-elementary-english,publish,ko,제주특별자치도,서귀포,영어,초등학생,서귀포 초등학생 영어과외,서귀포 초등학생 영어과외,"초등학생 영어 과외 때문에 고민이 있다면 서귀포 수업에서 지금 필요한 연습부터 함께 해볼 수 있습니다. 지역과 일정에 따라 1:1 방문수업 또는 화상수업으로 진행하며, 기초 어휘와 문장 이해, 읽기 학습을 학생의… 방식으로 수업하고 있습니다.",초등학생 수준에 맞춰 영어 기초와 꾸준한 학습 습관을 기르는 1:1 온라인 과외 찾기,핵심 고민은 “기초 어휘가 부족하고 짧은 문장의 뜻을 이해하거나 꾸준히 읽는 데 어려움이 있음”입니다.,"기초 어휘, 문장 이해, 짧은 글 읽기, 학습 습관","지역과 일정에 따라 1:1 방문수업 또는 화상수업으로 진행하며, 기초 어휘와 문장 이해, 읽기 학습을 학생의 수준과 학습 속도에 맞춰 지도",익숙한 어휘로 짧은 문장의 뜻을 파악하고 스스로 읽고 복습하는 습관 형성,친근형,elementary_english
623,https://kimstutoring.co.kr,seogwipo-middle-english,publish,ko,제주특별자치도,서귀포,영어,중학생,서귀포 중학생 영어과외,서귀포 중학생 영어과외,"서귀포 중학생 영어 과외 수업을 고민 중이라면 잘하는 부분과 보완할 부분을 나누어 시작합니다. 지역과 일정에 따라 1:1 방문수업 또는 화상수업으로 진행하며, 어휘·문법·독해를 기본으로 학교별 내신과… 방식으로 수업하고 있습니다.",중학생 영어 문법과 독해를 보완하고 학교별 내신과 서술형 및 수행평가를 준비하는 온라인 과외 찾기,핵심 고민은 “어휘와 문법을 배워도 지문에 적용하기 어렵고 서술형 답안과 수행평가 준비가 막막함”입니다.,"어휘, 문법, 독해, 학교별 내신, 서술형, 수행평가","지역과 일정에 따라 1:1 방문수업 또는 화상수업으로 진행하며, 어휘·문법·독해를 기본으로 학교별 내신과 서술형, 수행평가까지 학생의 취약 부분에 맞춰 지도",문법 근거를 설명하며 지문을 읽고 학교 평가 기준에 맞춰 답안을 작성하는 능력 향상,코칭형,middle_english
624,https://kimstutoring.co.kr,seogwipo-high-english,publish,ko,제주특별자치도,서귀포,영어,고등학생,서귀포 고등학생 영어과외,서귀포 고등학생 영어과외,"고등학생 영어 과외 때문에 고민이 있다면 서귀포 수업에서 지금 필요한 연습부터 함께 해볼 수 있습니다. 지역과 일정에 따라 1:1 방문수업 또는 화상수업으로 진행하며, 어휘·구문독해부터 학교별 내신, 모의고사와 수능… 방식으로 수업하고 있습니다.",고등학생 영어 내신과 모의고사 및 수능 준비를 현재 수준에 맞춰 병행하는 온라인 과외 찾기,핵심 고민은 “긴 문장의 구조를 파악하기 어렵고 내신과 모의고사 지문을 읽는 데 시간이 오래 걸림”입니다.,"어휘, 구문독해, 학교별 내신, 모의고사, 수능","지역과 일정에 따라 1:1 방문수업 또는 화상수업으로 진행하며, 어휘·구문독해부터 학교별 내신, 모의고사와 수능 대비까지 현재 실력과 목표에 맞춰 지도",복잡한 문장의 구조를 파악하고 지문의 근거를 바탕으로 답을 선택하는 독해 능력 향상,전문형,high_english
625,https://kimstutoring.co.kr,seogwipo-elementary-math,publish,ko,제주특별자치도,서귀포,수학,초등학생,서귀포 초등학생 수학과외,서귀포 초등학생 수학과외,"서귀포 초등학생 수학 과외 수업을 고민 중이라면 잘하는 부분과 보완할 부분을 나누어 시작합니다. 지역과 일정에 따라 1:1 방문수업 또는 화상수업으로 진행하며, 연산과 기초개념을 탄탄히 다지고 문제를 이해하는… 방식으로 수업하고 있습니다.",초등학생 수학 연산과 기초개념을 다지고 문제 이해와 풀이 습관을 기르는 온라인 과외 찾기,핵심 고민은 “계산 실수가 반복되고 문장형 문제에서 무엇을 구해야 하는지 파악하기 어려움”입니다.,"연산, 기초개념, 문제 이해, 풀이 습관","지역과 일정에 따라 1:1 방문수업 또는 화상수업으로 진행하며, 연산과 기초개념을 탄탄히 다지고 문제를 이해하는 과정과 올바른 풀이 습관을 학생 수준에 맞춰 지도",계산 과정을 점검하고 문제의 조건을 이해하며 풀이 순서를 정리하는 습관 형성,친근형,elementary_math
626,https://kimstutoring.co.kr,seogwipo-middle-math,publish,ko,제주특별자치도,서귀포,수학,중학생,서귀포 중학생 수학과외,서귀포 중학생 수학과외,"서귀포 중학생 수학 과외 수업을 고민 중이라면 잘하는 부분과 보완할 부분을 나누어 시작합니다. 지역과 일정에 따라 1:1 방문수업 또는 화상수업으로 진행하며, 개념 이해와 유형별 문제풀이를 연결하고 학교별… 방식으로 수업하고 있습니다.",중학생 수학 개념과 유형별 문제풀이를 연결하고 내신 및 서술형을 준비하는 온라인 과외 찾기,핵심 고민은 “개념을 외워도 문제 유형이 바뀌면 적용하기 어렵고 같은 오답과 풀이 과정 누락이 반복됨”입니다.,"개념, 유형별 문제풀이, 학교별 내신, 서술형, 오답관리","지역과 일정에 따라 1:1 방문수업 또는 화상수업으로 진행하며, 개념 이해와 유형별 문제풀이를 연결하고 학교별 내신, 서술형, 오답관리까지 취약 단원에 맞춰 지도",문제에 맞는 개념을 선택하고 풀이 근거를 순서대로 쓰며 반복되는 실수를 줄이는 능력 향상,코칭형,middle_math
627,https://kimstutoring.co.kr,seogwipo-high-math,publish,ko,제주특별자치도,서귀포,수학,고등학생,서귀포 고등학생 수학과외,서귀포 고등학생 수학과외,"고등학생 수학 과외 공부를 처음 시작한다면 서귀포에서도 기초부터 1:1로 배울 수 있습니다. 지역과 일정에 따라 1:1 방문수업 또는 화상수업으로 진행하며, 개념과 유형별 문제풀이부터 학교별 내신,… 방식으로 수업하고 있습니다.",고등학생 수학 취약단원을 보완하면서 내신과 모의고사 및 수능을 준비하는 온라인 과외 찾기,핵심 고민은 “개념 사이의 연결이 약하고 복합 문제의 접근 방법을 찾기 어려우며 취약단원에서 오답이 반복됨”입니다.,"개념, 유형별 문제풀이, 학교별 내신, 모의고사, 수능, 취약단원, 오답분석","지역과 일정에 따라 1:1 방문수업 또는 화상수업으로 진행하며, 개념과 유형별 문제풀이부터 학교별 내신, 모의고사와 수능 대비, 취약단원 및 오답분석까지 목표에 맞춰 지도",취약단원의 개념을 연결하고 문제 조건에 맞는 풀이 전략을 선택하며 오답 원인을 스스로 설명하는 능력 향상,전문형,high_math
628,https://kimstutoring.co.kr,seogwipo-elementary-korean,publish,ko,제주특별자치도,서귀포,국어,초등학생,서귀포 초등학생 국어과외,서귀포 초등학생 국어과외,"초등학생 국어 과외 공부를 처음 시작한다면 서귀포에서도 기초부터 1:1로 배울 수 있습니다. 지역과 일정에 따라 1:1 방문수업 또는 화상수업으로 진행하며, 어휘와 독해를 바탕으로 글의 내용을 이해하고… 방식으로 수업하고 있습니다.",초등학생의 국어 기초와 문해력을 잡아줄 1:1 국어과외 탐색,핵심 고민은 “글을 읽어도 내용을 정확히 이해하지 못하거나 어휘력이 부족해 문제의 뜻을 파악하는 데 어려움”입니다.,"어휘, 독해, 문장 이해, 글의 중심내용 파악, 기초 문해력, 글쓰기, 학습 습관","지역과 일정에 따라 1:1 방문수업 또는 화상수업으로 진행하며, 어휘와 독해를 바탕으로 글의 내용을 이해하고 자신의 생각을 표현하는 힘을 학생의 수준과 학습 속도에 맞춰 지도","글을 읽고 핵심 내용을 파악하는 힘을 기르고, 국어뿐 아니라 다른 과목의 문제를 이해하는 데 필요한 기초 문해력과 학습 습관 형성",친근형,elementary_korean
629,https://kimstutoring.co.kr,seogwipo-middle-korean,publish,ko,제주특별자치도,서귀포,국어,중학생,서귀포 중학생 국어과외,서귀포 중학생 국어과외,"서귀포 중학생 국어 과외 수업을 고민 중이라면 잘하는 부분과 보완할 부분을 나누어 시작합니다. 지역과 일정에 따라 1:1 방문수업 또는 화상수업으로 진행하며, 문학·비문학 독해와 문법을 기본으로 학교별… 방식으로 수업하고 있습니다.",학교 내신과 국어 기본기를 함께 준비할 1:1 중등 국어과외 탐색,"핵심 고민은 “문학과 비문학 지문을 감으로 풀거나 문법 개념이 부족하고, 학교 시험의 서술형·수행평가 대비가 어려움”입니다.","문학, 비문학, 문법, 어휘, 학교별 내신, 서술형, 수행평가, 오답관리","지역과 일정에 따라 1:1 방문수업 또는 화상수업으로 진행하며, 문학·비문학 독해와 문법을 기본으로 학교별 내신, 서술형과 수행평가까지 학생의 취약 부분에 맞춰 지도","지문을 근거로 읽고 문제를 해결하는 방법을 익히며, 부족한 영역을 파악해 내신과 고등 국어 학습에 필요한 기본기 강화",코칭형,middle_korean
630,https://kimstutoring.co.kr,seogwipo-high-korean,publish,ko,제주특별자치도,서귀포,국어,고등학생,서귀포 고등학생 국어과외,서귀포 고등학생 국어과외,"고등학생 국어 과외 공부를 처음 시작한다면 서귀포에서도 기초부터 1:1로 배울 수 있습니다. 지역과 일정에 따라 1:1 방문수업 또는 화상수업으로 진행하며, 문학과 독서의 지문 분석부터 학교별 내신,… 방식으로 수업하고 있습니다.",내신과 모의고사·수능을 함께 대비할 1:1 고등 국어과외 탐색,"핵심 고민은 “긴 지문의 핵심을 빠르게 파악하기 어렵거나 문학·독서·문법 영역별 편차가 크고, 모의고사에서 시간 관리와…”입니다.","문학, 독서, 화법과 언어, 작문, 학교별 내신, 모의고사, 수능, 취약영역, 오답분석","지역과 일정에 따라 1:1 방문수업 또는 화상수업으로 진행하며, 문학과 독서의 지문 분석부터 학교별 내신, 모의고사와 수능 대비, 취약영역 및 오답분석까지 현재 실력과 목표에 맞춰 지도","지문을 분석하는 기준과 문제 접근 방법을 익히고, 취약영역과 반복되는 오답을 점검하면서 내신·모의고사·수능 학습의 방향을 구체화",전문형,high_korean
631,https://kimstutoring.co.kr,aewol-elementary-english,publish,ko,제주특별자치도,애월,영어,초등학생,애월 초등학생 영어과외,애월 초등학생 영어과외,"애월에서 배우는 초등학생 영어 과외, 실제로 쓰려는 상황에 맞춰 수업 내용을 정합니다. 지역과 일정에 따라 1:1 방문수업 또는 화상수업으로 진행하며, 기초 어휘와 문장 이해, 읽기 학습을 학생의… 방식으로 수업하고 있습니다.",초등학생 수준에 맞춰 영어 기초와 꾸준한 학습 습관을 기르는 1:1 온라인 과외 찾기,핵심 고민은 “기초 어휘가 부족하고 짧은 문장의 뜻을 이해하거나 꾸준히 읽는 데 어려움이 있음”입니다.,"기초 어휘, 문장 이해, 짧은 글 읽기, 학습 습관","지역과 일정에 따라 1:1 방문수업 또는 화상수업으로 진행하며, 기초 어휘와 문장 이해, 읽기 학습을 학생의 수준과 학습 속도에 맞춰 지도",익숙한 어휘로 짧은 문장의 뜻을 파악하고 스스로 읽고 복습하는 습관 형성,친근형,elementary_english
632,https://kimstutoring.co.kr,aewol-middle-english,publish,ko,제주특별자치도,애월,영어,중학생,애월 중학생 영어과외,애월 중학생 영어과외,"애월에서 중학생 영어 과외 수업을 찾고 계신다면 지금 필요한 내용부터 시작할 수 있습니다. 지역과 일정에 따라 1:1 방문수업 또는 화상수업으로 진행하며, 어휘·문법·독해를 기본으로 학교별 내신과… 방식으로 수업하고 있습니다.",중학생 영어 문법과 독해를 보완하고 학교별 내신과 서술형 및 수행평가를 준비하는 온라인 과외 찾기,핵심 고민은 “어휘와 문법을 배워도 지문에 적용하기 어렵고 서술형 답안과 수행평가 준비가 막막함”입니다.,"어휘, 문법, 독해, 학교별 내신, 서술형, 수행평가","지역과 일정에 따라 1:1 방문수업 또는 화상수업으로 진행하며, 어휘·문법·독해를 기본으로 학교별 내신과 서술형, 수행평가까지 학생의 취약 부분에 맞춰 지도",문법 근거를 설명하며 지문을 읽고 학교 평가 기준에 맞춰 답안을 작성하는 능력 향상,코칭형,middle_english
633,https://kimstutoring.co.kr,aewol-high-english,publish,ko,제주특별자치도,애월,영어,고등학생,애월 고등학생 영어과외,애월 고등학생 영어과외,"애월 고등학생 영어 과외 수업은 정해진 진도보다 현재 실력과 배우는 이유를 중요하게 봅니다. 지역과 일정에 따라 1:1 방문수업 또는 화상수업으로 진행하며, 어휘·구문독해부터 학교별 내신, 모의고사와 수능… 방식으로 수업하고 있습니다.",고등학생 영어 내신과 모의고사 및 수능 준비를 현재 수준에 맞춰 병행하는 온라인 과외 찾기,핵심 고민은 “긴 문장의 구조를 파악하기 어렵고 내신과 모의고사 지문을 읽는 데 시간이 오래 걸림”입니다.,"어휘, 구문독해, 학교별 내신, 모의고사, 수능","지역과 일정에 따라 1:1 방문수업 또는 화상수업으로 진행하며, 어휘·구문독해부터 학교별 내신, 모의고사와 수능 대비까지 현재 실력과 목표에 맞춰 지도",복잡한 문장의 구조를 파악하고 지문의 근거를 바탕으로 답을 선택하는 독해 능력 향상,전문형,high_english
634,https://kimstutoring.co.kr,aewol-elementary-math,publish,ko,제주특별자치도,애월,수학,초등학생,애월 초등학생 수학과외,애월 초등학생 수학과외,"애월에서 초등학생 수학 과외 수업을 찾고 계신다면 지금 필요한 내용부터 시작할 수 있습니다. 지역과 일정에 따라 1:1 방문수업 또는 화상수업으로 진행하며, 연산과 기초개념을 탄탄히 다지고 문제를 이해하는… 방식으로 수업하고 있습니다.",초등학생 수학 연산과 기초개념을 다지고 문제 이해와 풀이 습관을 기르는 온라인 과외 찾기,핵심 고민은 “계산 실수가 반복되고 문장형 문제에서 무엇을 구해야 하는지 파악하기 어려움”입니다.,"연산, 기초개념, 문제 이해, 풀이 습관","지역과 일정에 따라 1:1 방문수업 또는 화상수업으로 진행하며, 연산과 기초개념을 탄탄히 다지고 문제를 이해하는 과정과 올바른 풀이 습관을 학생 수준에 맞춰 지도",계산 과정을 점검하고 문제의 조건을 이해하며 풀이 순서를 정리하는 습관 형성,친근형,elementary_math
635,https://kimstutoring.co.kr,aewol-middle-math,publish,ko,제주특별자치도,애월,수학,중학생,애월 중학생 수학과외,애월 중학생 수학과외,"애월에서 중학생 수학 과외 수업을 찾고 계신다면 지금 필요한 내용부터 시작할 수 있습니다. 지역과 일정에 따라 1:1 방문수업 또는 화상수업으로 진행하며, 개념 이해와 유형별 문제풀이를 연결하고 학교별… 방식으로 수업하고 있습니다.",중학생 수학 개념과 유형별 문제풀이를 연결하고 내신 및 서술형을 준비하는 온라인 과외 찾기,핵심 고민은 “개념을 외워도 문제 유형이 바뀌면 적용하기 어렵고 같은 오답과 풀이 과정 누락이 반복됨”입니다.,"개념, 유형별 문제풀이, 학교별 내신, 서술형, 오답관리","지역과 일정에 따라 1:1 방문수업 또는 화상수업으로 진행하며, 개념 이해와 유형별 문제풀이를 연결하고 학교별 내신, 서술형, 오답관리까지 취약 단원에 맞춰 지도",문제에 맞는 개념을 선택하고 풀이 근거를 순서대로 쓰며 반복되는 실수를 줄이는 능력 향상,코칭형,middle_math
636,https://kimstutoring.co.kr,aewol-high-math,publish,ko,제주특별자치도,애월,수학,고등학생,애월 고등학생 수학과외,애월 고등학생 수학과외,"고등학생 수학 과외 공부를 다시 시작하려는 분께 애월 1:1 수업이 맞는 출발점을 찾아드립니다. 지역과 일정에 따라 1:1 방문수업 또는 화상수업으로 진행하며, 개념과 유형별 문제풀이부터 학교별 내신,… 방식으로 수업하고 있습니다.",고등학생 수학 취약단원을 보완하면서 내신과 모의고사 및 수능을 준비하는 온라인 과외 찾기,핵심 고민은 “개념 사이의 연결이 약하고 복합 문제의 접근 방법을 찾기 어려우며 취약단원에서 오답이 반복됨”입니다.,"개념, 유형별 문제풀이, 학교별 내신, 모의고사, 수능, 취약단원, 오답분석","지역과 일정에 따라 1:1 방문수업 또는 화상수업으로 진행하며, 개념과 유형별 문제풀이부터 학교별 내신, 모의고사와 수능 대비, 취약단원 및 오답분석까지 목표에 맞춰 지도",취약단원의 개념을 연결하고 문제 조건에 맞는 풀이 전략을 선택하며 오답 원인을 스스로 설명하는 능력 향상,전문형,high_math
637,https://kimstutoring.co.kr,aewol-elementary-korean,publish,ko,제주특별자치도,애월,국어,초등학생,애월 초등학생 국어과외,애월 초등학생 국어과외,"초등학생 국어 과외 공부를 다시 시작하려는 분께 애월 1:1 수업이 맞는 출발점을 찾아드립니다. 지역과 일정에 따라 1:1 방문수업 또는 화상수업으로 진행하며, 어휘와 독해를 바탕으로 글의 내용을 이해하고… 방식으로 수업하고 있습니다.",초등학생의 국어 기초와 문해력을 잡아줄 1:1 국어과외 탐색,핵심 고민은 “글을 읽어도 내용을 정확히 이해하지 못하거나 어휘력이 부족해 문제의 뜻을 파악하는 데 어려움”입니다.,"어휘, 독해, 문장 이해, 글의 중심내용 파악, 기초 문해력, 글쓰기, 학습 습관","지역과 일정에 따라 1:1 방문수업 또는 화상수업으로 진행하며, 어휘와 독해를 바탕으로 글의 내용을 이해하고 자신의 생각을 표현하는 힘을 학생의 수준과 학습 속도에 맞춰 지도","글을 읽고 핵심 내용을 파악하는 힘을 기르고, 국어뿐 아니라 다른 과목의 문제를 이해하는 데 필요한 기초 문해력과 학습 습관 형성",친근형,elementary_korean
638,https://kimstutoring.co.kr,aewol-middle-korean,publish,ko,제주특별자치도,애월,국어,중학생,애월 중학생 국어과외,애월 중학생 국어과외,"애월에서 중학생 국어 과외 수업을 찾고 계신다면 지금 필요한 내용부터 시작할 수 있습니다. 지역과 일정에 따라 1:1 방문수업 또는 화상수업으로 진행하며, 문학·비문학 독해와 문법을 기본으로 학교별… 방식으로 수업하고 있습니다.",학교 내신과 국어 기본기를 함께 준비할 1:1 중등 국어과외 탐색,"핵심 고민은 “문학과 비문학 지문을 감으로 풀거나 문법 개념이 부족하고, 학교 시험의 서술형·수행평가 대비가 어려움”입니다.","문학, 비문학, 문법, 어휘, 학교별 내신, 서술형, 수행평가, 오답관리","지역과 일정에 따라 1:1 방문수업 또는 화상수업으로 진행하며, 문학·비문학 독해와 문법을 기본으로 학교별 내신, 서술형과 수행평가까지 학생의 취약 부분에 맞춰 지도","지문을 근거로 읽고 문제를 해결하는 방법을 익히며, 부족한 영역을 파악해 내신과 고등 국어 학습에 필요한 기본기 강화",코칭형,middle_korean
639,https://kimstutoring.co.kr,aewol-high-korean,publish,ko,제주특별자치도,애월,국어,고등학생,애월 고등학생 국어과외,애월 고등학생 국어과외,"고등학생 국어 과외 공부를 다시 시작하려는 분께 애월 1:1 수업이 맞는 출발점을 찾아드립니다. 지역과 일정에 따라 1:1 방문수업 또는 화상수업으로 진행하며, 문학과 독서의 지문 분석부터 학교별 내신,… 방식으로 수업하고 있습니다.",내신과 모의고사·수능을 함께 대비할 1:1 고등 국어과외 탐색,"핵심 고민은 “긴 지문의 핵심을 빠르게 파악하기 어렵거나 문학·독서·문법 영역별 편차가 크고, 모의고사에서 시간 관리와…”입니다.","문학, 독서, 화법과 언어, 작문, 학교별 내신, 모의고사, 수능, 취약영역, 오답분석","지역과 일정에 따라 1:1 방문수업 또는 화상수업으로 진행하며, 문학과 독서의 지문 분석부터 학교별 내신, 모의고사와 수능 대비, 취약영역 및 오답분석까지 현재 실력과 목표에 맞춰 지도","지문을 분석하는 기준과 문제 접근 방법을 익히고, 취약영역과 반복되는 오답을 점검하면서 내신·모의고사·수능 학습의 방향을 구체화",전문형,high_korean
640,https://kimstutoring.co.kr,jeju-do-elementary-english,publish,ko,제주특별자치도,제주도,영어,초등학생,제주도 초등학생 영어과외,제주도 초등학생 영어과외,"제주도에서 초등학생 영어 과외 수업을 찾고 계신다면 지금 필요한 내용부터 시작할 수 있습니다. 지역과 일정에 따라 1:1 방문수업 또는 화상수업으로 진행하며, 기초 어휘와 문장 이해, 읽기 학습을 학생의… 방식으로 수업하고 있습니다.",초등학생 수준에 맞춰 영어 기초와 꾸준한 학습 습관을 기르는 1:1 온라인 과외 찾기,핵심 고민은 “기초 어휘가 부족하고 짧은 문장의 뜻을 이해하거나 꾸준히 읽는 데 어려움이 있음”입니다.,"기초 어휘, 문장 이해, 짧은 글 읽기, 학습 습관","지역과 일정에 따라 1:1 방문수업 또는 화상수업으로 진행하며, 기초 어휘와 문장 이해, 읽기 학습을 학생의 수준과 학습 속도에 맞춰 지도",익숙한 어휘로 짧은 문장의 뜻을 파악하고 스스로 읽고 복습하는 습관 형성,친근형,elementary_english
641,https://kimstutoring.co.kr,jeju-do-middle-english,publish,ko,제주특별자치도,제주도,영어,중학생,제주도 중학생 영어과외,제주도 중학생 영어과외,"제주도 중학생 영어 과외 수업은 정해진 진도보다 현재 실력과 배우는 이유를 중요하게 봅니다. 지역과 일정에 따라 1:1 방문수업 또는 화상수업으로 진행하며, 어휘·문법·독해를 기본으로 학교별 내신과… 방식으로 수업하고 있습니다.",중학생 영어 문법과 독해를 보완하고 학교별 내신과 서술형 및 수행평가를 준비하는 온라인 과외 찾기,핵심 고민은 “어휘와 문법을 배워도 지문에 적용하기 어렵고 서술형 답안과 수행평가 준비가 막막함”입니다.,"어휘, 문법, 독해, 학교별 내신, 서술형, 수행평가","지역과 일정에 따라 1:1 방문수업 또는 화상수업으로 진행하며, 어휘·문법·독해를 기본으로 학교별 내신과 서술형, 수행평가까지 학생의 취약 부분에 맞춰 지도",문법 근거를 설명하며 지문을 읽고 학교 평가 기준에 맞춰 답안을 작성하는 능력 향상,코칭형,middle_english
642,https://kimstutoring.co.kr,jeju-do-high-english,publish,ko,제주특별자치도,제주도,영어,고등학생,제주도 고등학생 영어과외,제주도 고등학생 영어과외,"고등학생 영어 과외 공부를 다시 시작하려는 분께 제주도 1:1 수업이 맞는 출발점을 찾아드립니다. 지역과 일정에 따라 1:1 방문수업 또는 화상수업으로 진행하며, 어휘·구문독해부터 학교별 내신, 모의고사와 수능… 방식으로 수업하고 있습니다.",고등학생 영어 내신과 모의고사 및 수능 준비를 현재 수준에 맞춰 병행하는 온라인 과외 찾기,핵심 고민은 “긴 문장의 구조를 파악하기 어렵고 내신과 모의고사 지문을 읽는 데 시간이 오래 걸림”입니다.,"어휘, 구문독해, 학교별 내신, 모의고사, 수능","지역과 일정에 따라 1:1 방문수업 또는 화상수업으로 진행하며, 어휘·구문독해부터 학교별 내신, 모의고사와 수능 대비까지 현재 실력과 목표에 맞춰 지도",복잡한 문장의 구조를 파악하고 지문의 근거를 바탕으로 답을 선택하는 독해 능력 향상,전문형,high_english
643,https://kimstutoring.co.kr,jeju-do-elementary-math,publish,ko,제주특별자치도,제주도,수학,초등학생,제주도 초등학생 수학과외,제주도 초등학생 수학과외,"제주도 초등학생 수학 과외 수업은 정해진 진도보다 현재 실력과 배우는 이유를 중요하게 봅니다. 지역과 일정에 따라 1:1 방문수업 또는 화상수업으로 진행하며, 연산과 기초개념을 탄탄히 다지고 문제를 이해하는… 방식으로 수업하고 있습니다.",초등학생 수학 연산과 기초개념을 다지고 문제 이해와 풀이 습관을 기르는 온라인 과외 찾기,핵심 고민은 “계산 실수가 반복되고 문장형 문제에서 무엇을 구해야 하는지 파악하기 어려움”입니다.,"연산, 기초개념, 문제 이해, 풀이 습관","지역과 일정에 따라 1:1 방문수업 또는 화상수업으로 진행하며, 연산과 기초개념을 탄탄히 다지고 문제를 이해하는 과정과 올바른 풀이 습관을 학생 수준에 맞춰 지도",계산 과정을 점검하고 문제의 조건을 이해하며 풀이 순서를 정리하는 습관 형성,친근형,elementary_math
644,https://kimstutoring.co.kr,jeju-do-middle-math,publish,ko,제주특별자치도,제주도,수학,중학생,제주도 중학생 수학과외,제주도 중학생 수학과외,"제주도 중학생 수학 과외 수업은 정해진 진도보다 현재 실력과 배우는 이유를 중요하게 봅니다. 지역과 일정에 따라 1:1 방문수업 또는 화상수업으로 진행하며, 개념 이해와 유형별 문제풀이를 연결하고 학교별… 방식으로 수업하고 있습니다.",중학생 수학 개념과 유형별 문제풀이를 연결하고 내신 및 서술형을 준비하는 온라인 과외 찾기,핵심 고민은 “개념을 외워도 문제 유형이 바뀌면 적용하기 어렵고 같은 오답과 풀이 과정 누락이 반복됨”입니다.,"개념, 유형별 문제풀이, 학교별 내신, 서술형, 오답관리","지역과 일정에 따라 1:1 방문수업 또는 화상수업으로 진행하며, 개념 이해와 유형별 문제풀이를 연결하고 학교별 내신, 서술형, 오답관리까지 취약 단원에 맞춰 지도",문제에 맞는 개념을 선택하고 풀이 근거를 순서대로 쓰며 반복되는 실수를 줄이는 능력 향상,코칭형,middle_math
645,https://kimstutoring.co.kr,jeju-do-high-math,publish,ko,제주특별자치도,제주도,수학,고등학생,제주도 고등학생 수학과외,제주도 고등학생 수학과외,"제주도에서 배우는 고등학생 수학 과외, 실제로 쓰려는 상황에 맞춰 수업 내용을 정합니다. 지역과 일정에 따라 1:1 방문수업 또는 화상수업으로 진행하며, 개념과 유형별 문제풀이부터 학교별 내신,… 방식으로 수업하고 있습니다.",고등학생 수학 취약단원을 보완하면서 내신과 모의고사 및 수능을 준비하는 온라인 과외 찾기,핵심 고민은 “개념 사이의 연결이 약하고 복합 문제의 접근 방법을 찾기 어려우며 취약단원에서 오답이 반복됨”입니다.,"개념, 유형별 문제풀이, 학교별 내신, 모의고사, 수능, 취약단원, 오답분석","지역과 일정에 따라 1:1 방문수업 또는 화상수업으로 진행하며, 개념과 유형별 문제풀이부터 학교별 내신, 모의고사와 수능 대비, 취약단원 및 오답분석까지 목표에 맞춰 지도",취약단원의 개념을 연결하고 문제 조건에 맞는 풀이 전략을 선택하며 오답 원인을 스스로 설명하는 능력 향상,전문형,high_math
646,https://kimstutoring.co.kr,jeju-do-elementary-korean,publish,ko,제주특별자치도,제주도,국어,초등학생,제주도 초등학생 국어과외,제주도 초등학생 국어과외,"제주도에서 배우는 초등학생 국어 과외, 실제로 쓰려는 상황에 맞춰 수업 내용을 정합니다. 지역과 일정에 따라 1:1 방문수업 또는 화상수업으로 진행하며, 어휘와 독해를 바탕으로 글의 내용을 이해하고… 방식으로 수업하고 있습니다.",초등학생의 국어 기초와 문해력을 잡아줄 1:1 국어과외 탐색,핵심 고민은 “글을 읽어도 내용을 정확히 이해하지 못하거나 어휘력이 부족해 문제의 뜻을 파악하는 데 어려움”입니다.,"어휘, 독해, 문장 이해, 글의 중심내용 파악, 기초 문해력, 글쓰기, 학습 습관","지역과 일정에 따라 1:1 방문수업 또는 화상수업으로 진행하며, 어휘와 독해를 바탕으로 글의 내용을 이해하고 자신의 생각을 표현하는 힘을 학생의 수준과 학습 속도에 맞춰 지도","글을 읽고 핵심 내용을 파악하는 힘을 기르고, 국어뿐 아니라 다른 과목의 문제를 이해하는 데 필요한 기초 문해력과 학습 습관 형성",친근형,elementary_korean
647,https://kimstutoring.co.kr,jeju-do-middle-korean,publish,ko,제주특별자치도,제주도,국어,중학생,제주도 중학생 국어과외,제주도 중학생 국어과외,"제주도 중학생 국어 과외 수업은 정해진 진도보다 현재 실력과 배우는 이유를 중요하게 봅니다. 지역과 일정에 따라 1:1 방문수업 또는 화상수업으로 진행하며, 문학·비문학 독해와 문법을 기본으로 학교별… 방식으로 수업하고 있습니다.",학교 내신과 국어 기본기를 함께 준비할 1:1 중등 국어과외 탐색,"핵심 고민은 “문학과 비문학 지문을 감으로 풀거나 문법 개념이 부족하고, 학교 시험의 서술형·수행평가 대비가 어려움”입니다.","문학, 비문학, 문법, 어휘, 학교별 내신, 서술형, 수행평가, 오답관리","지역과 일정에 따라 1:1 방문수업 또는 화상수업으로 진행하며, 문학·비문학 독해와 문법을 기본으로 학교별 내신, 서술형과 수행평가까지 학생의 취약 부분에 맞춰 지도","지문을 근거로 읽고 문제를 해결하는 방법을 익히며, 부족한 영역을 파악해 내신과 고등 국어 학습에 필요한 기본기 강화",코칭형,middle_korean
648,https://kimstutoring.co.kr,jeju-do-high-korean,publish,ko,제주특별자치도,제주도,국어,고등학생,제주도 고등학생 국어과외,제주도 고등학생 국어과외,"제주도에서 배우는 고등학생 국어 과외, 실제로 쓰려는 상황에 맞춰 수업 내용을 정합니다. 지역과 일정에 따라 1:1 방문수업 또는 화상수업으로 진행하며, 문학과 독서의 지문 분석부터 학교별 내신,… 방식으로 수업하고 있습니다.",내신과 모의고사·수능을 함께 대비할 1:1 고등 국어과외 탐색,"핵심 고민은 “긴 지문의 핵심을 빠르게 파악하기 어렵거나 문학·독서·문법 영역별 편차가 크고, 모의고사에서 시간 관리와…”입니다.","문학, 독서, 화법과 언어, 작문, 학교별 내신, 모의고사, 수능, 취약영역, 오답분석","지역과 일정에 따라 1:1 방문수업 또는 화상수업으로 진행하며, 문학과 독서의 지문 분석부터 학교별 내신, 모의고사와 수능 대비, 취약영역 및 오답분석까지 현재 실력과 목표에 맞춰 지도","지문을 분석하는 기준과 문제 접근 방법을 익히고, 취약영역과 반복되는 오답을 점검하면서 내신·모의고사·수능 학습의 방향을 구체화",전문형,high_korean
649,https://kimstutoring.co.kr,gyeongju-elementary-english,publish,ko,경상북도,경주,영어,초등학생,경주 초등학생 영어과외,경주 초등학생 영어과외,"경주에서 배우는 초등학생 영어 과외, 실제로 쓰려는 상황에 맞춰 수업 내용을 정합니다. 지역과 일정에 따라 1:1 방문수업 또는 화상수업으로 진행하며, 기초 어휘와 문장 이해, 읽기 학습을 학생의… 방식으로 수업하고 있습니다.",초등학생 수준에 맞춰 영어 기초와 꾸준한 학습 습관을 기르는 1:1 온라인 과외 찾기,핵심 고민은 “기초 어휘가 부족하고 짧은 문장의 뜻을 이해하거나 꾸준히 읽는 데 어려움이 있음”입니다.,"기초 어휘, 문장 이해, 짧은 글 읽기, 학습 습관","지역과 일정에 따라 1:1 방문수업 또는 화상수업으로 진행하며, 기초 어휘와 문장 이해, 읽기 학습을 학생의 수준과 학습 속도에 맞춰 지도",익숙한 어휘로 짧은 문장의 뜻을 파악하고 스스로 읽고 복습하는 습관 형성,친근형,elementary_english
650,https://kimstutoring.co.kr,gyeongju-middle-english,publish,ko,경상북도,경주,영어,중학생,경주 중학생 영어과외,경주 중학생 영어과외,"경주에서 중학생 영어 과외 수업을 찾고 계신다면 지금 필요한 내용부터 시작할 수 있습니다. 지역과 일정에 따라 1:1 방문수업 또는 화상수업으로 진행하며, 어휘·문법·독해를 기본으로 학교별 내신과… 방식으로 수업하고 있습니다.",중학생 영어 문법과 독해를 보완하고 학교별 내신과 서술형 및 수행평가를 준비하는 온라인 과외 찾기,핵심 고민은 “어휘와 문법을 배워도 지문에 적용하기 어렵고 서술형 답안과 수행평가 준비가 막막함”입니다.,"어휘, 문법, 독해, 학교별 내신, 서술형, 수행평가","지역과 일정에 따라 1:1 방문수업 또는 화상수업으로 진행하며, 어휘·문법·독해를 기본으로 학교별 내신과 서술형, 수행평가까지 학생의 취약 부분에 맞춰 지도",문법 근거를 설명하며 지문을 읽고 학교 평가 기준에 맞춰 답안을 작성하는 능력 향상,코칭형,middle_english
651,https://kimstutoring.co.kr,gyeongju-high-english,publish,ko,경상북도,경주,영어,고등학생,경주 고등학생 영어과외,경주 고등학생 영어과외,"경주 고등학생 영어 과외 수업은 정해진 진도보다 현재 실력과 배우는 이유를 중요하게 봅니다. 지역과 일정에 따라 1:1 방문수업 또는 화상수업으로 진행하며, 어휘·구문독해부터 학교별 내신, 모의고사와 수능… 방식으로 수업하고 있습니다.",고등학생 영어 내신과 모의고사 및 수능 준비를 현재 수준에 맞춰 병행하는 온라인 과외 찾기,핵심 고민은 “긴 문장의 구조를 파악하기 어렵고 내신과 모의고사 지문을 읽는 데 시간이 오래 걸림”입니다.,"어휘, 구문독해, 학교별 내신, 모의고사, 수능","지역과 일정에 따라 1:1 방문수업 또는 화상수업으로 진행하며, 어휘·구문독해부터 학교별 내신, 모의고사와 수능 대비까지 현재 실력과 목표에 맞춰 지도",복잡한 문장의 구조를 파악하고 지문의 근거를 바탕으로 답을 선택하는 독해 능력 향상,전문형,high_english
652,https://kimstutoring.co.kr,gyeongju-elementary-math,publish,ko,경상북도,경주,수학,초등학생,경주 초등학생 수학과외,경주 초등학생 수학과외,"경주에서 초등학생 수학 과외 수업을 찾고 계신다면 지금 필요한 내용부터 시작할 수 있습니다. 지역과 일정에 따라 1:1 방문수업 또는 화상수업으로 진행하며, 연산과 기초개념을 탄탄히 다지고 문제를 이해하는… 방식으로 수업하고 있습니다.",초등학생 수학 연산과 기초개념을 다지고 문제 이해와 풀이 습관을 기르는 온라인 과외 찾기,핵심 고민은 “계산 실수가 반복되고 문장형 문제에서 무엇을 구해야 하는지 파악하기 어려움”입니다.,"연산, 기초개념, 문제 이해, 풀이 습관","지역과 일정에 따라 1:1 방문수업 또는 화상수업으로 진행하며, 연산과 기초개념을 탄탄히 다지고 문제를 이해하는 과정과 올바른 풀이 습관을 학생 수준에 맞춰 지도",계산 과정을 점검하고 문제의 조건을 이해하며 풀이 순서를 정리하는 습관 형성,친근형,elementary_math
653,https://kimstutoring.co.kr,gyeongju-middle-math,publish,ko,경상북도,경주,수학,중학생,경주 중학생 수학과외,경주 중학생 수학과외,"경주에서 중학생 수학 과외 수업을 찾고 계신다면 지금 필요한 내용부터 시작할 수 있습니다. 지역과 일정에 따라 1:1 방문수업 또는 화상수업으로 진행하며, 개념 이해와 유형별 문제풀이를 연결하고 학교별… 방식으로 수업하고 있습니다.",중학생 수학 개념과 유형별 문제풀이를 연결하고 내신 및 서술형을 준비하는 온라인 과외 찾기,핵심 고민은 “개념을 외워도 문제 유형이 바뀌면 적용하기 어렵고 같은 오답과 풀이 과정 누락이 반복됨”입니다.,"개념, 유형별 문제풀이, 학교별 내신, 서술형, 오답관리","지역과 일정에 따라 1:1 방문수업 또는 화상수업으로 진행하며, 개념 이해와 유형별 문제풀이를 연결하고 학교별 내신, 서술형, 오답관리까지 취약 단원에 맞춰 지도",문제에 맞는 개념을 선택하고 풀이 근거를 순서대로 쓰며 반복되는 실수를 줄이는 능력 향상,코칭형,middle_math
654,https://kimstutoring.co.kr,gyeongju-high-math,publish,ko,경상북도,경주,수학,고등학생,경주 고등학생 수학과외,경주 고등학생 수학과외,"고등학생 수학 과외 공부를 다시 시작하려는 분께 경주 1:1 수업이 맞는 출발점을 찾아드립니다. 지역과 일정에 따라 1:1 방문수업 또는 화상수업으로 진행하며, 개념과 유형별 문제풀이부터 학교별 내신,… 방식으로 수업하고 있습니다.",고등학생 수학 취약단원을 보완하면서 내신과 모의고사 및 수능을 준비하는 온라인 과외 찾기,핵심 고민은 “개념 사이의 연결이 약하고 복합 문제의 접근 방법을 찾기 어려우며 취약단원에서 오답이 반복됨”입니다.,"개념, 유형별 문제풀이, 학교별 내신, 모의고사, 수능, 취약단원, 오답분석","지역과 일정에 따라 1:1 방문수업 또는 화상수업으로 진행하며, 개념과 유형별 문제풀이부터 학교별 내신, 모의고사와 수능 대비, 취약단원 및 오답분석까지 목표에 맞춰 지도",취약단원의 개념을 연결하고 문제 조건에 맞는 풀이 전략을 선택하며 오답 원인을 스스로 설명하는 능력 향상,전문형,high_math
655,https://kimstutoring.co.kr,gyeongju-elementary-korean,publish,ko,경상북도,경주,국어,초등학생,경주 초등학생 국어과외,경주 초등학생 국어과외,"초등학생 국어 과외 공부를 다시 시작하려는 분께 경주 1:1 수업이 맞는 출발점을 찾아드립니다. 지역과 일정에 따라 1:1 방문수업 또는 화상수업으로 진행하며, 어휘와 독해를 바탕으로 글의 내용을 이해하고… 방식으로 수업하고 있습니다.",초등학생의 국어 기초와 문해력을 잡아줄 1:1 국어과외 탐색,핵심 고민은 “글을 읽어도 내용을 정확히 이해하지 못하거나 어휘력이 부족해 문제의 뜻을 파악하는 데 어려움”입니다.,"어휘, 독해, 문장 이해, 글의 중심내용 파악, 기초 문해력, 글쓰기, 학습 습관","지역과 일정에 따라 1:1 방문수업 또는 화상수업으로 진행하며, 어휘와 독해를 바탕으로 글의 내용을 이해하고 자신의 생각을 표현하는 힘을 학생의 수준과 학습 속도에 맞춰 지도","글을 읽고 핵심 내용을 파악하는 힘을 기르고, 국어뿐 아니라 다른 과목의 문제를 이해하는 데 필요한 기초 문해력과 학습 습관 형성",친근형,elementary_korean
656,https://kimstutoring.co.kr,gyeongju-middle-korean,publish,ko,경상북도,경주,국어,중학생,경주 중학생 국어과외,경주 중학생 국어과외,"경주에서 중학생 국어 과외 수업을 찾고 계신다면 지금 필요한 내용부터 시작할 수 있습니다. 지역과 일정에 따라 1:1 방문수업 또는 화상수업으로 진행하며, 문학·비문학 독해와 문법을 기본으로 학교별… 방식으로 수업하고 있습니다.",학교 내신과 국어 기본기를 함께 준비할 1:1 중등 국어과외 탐색,"핵심 고민은 “문학과 비문학 지문을 감으로 풀거나 문법 개념이 부족하고, 학교 시험의 서술형·수행평가 대비가 어려움”입니다.","문학, 비문학, 문법, 어휘, 학교별 내신, 서술형, 수행평가, 오답관리","지역과 일정에 따라 1:1 방문수업 또는 화상수업으로 진행하며, 문학·비문학 독해와 문법을 기본으로 학교별 내신, 서술형과 수행평가까지 학생의 취약 부분에 맞춰 지도","지문을 근거로 읽고 문제를 해결하는 방법을 익히며, 부족한 영역을 파악해 내신과 고등 국어 학습에 필요한 기본기 강화",코칭형,middle_korean
657,https://kimstutoring.co.kr,gyeongju-high-korean,publish,ko,경상북도,경주,국어,고등학생,경주 고등학생 국어과외,경주 고등학생 국어과외,"고등학생 국어 과외 공부를 다시 시작하려는 분께 경주 1:1 수업이 맞는 출발점을 찾아드립니다. 지역과 일정에 따라 1:1 방문수업 또는 화상수업으로 진행하며, 문학과 독서의 지문 분석부터 학교별 내신,… 방식으로 수업하고 있습니다.",내신과 모의고사·수능을 함께 대비할 1:1 고등 국어과외 탐색,"핵심 고민은 “긴 지문의 핵심을 빠르게 파악하기 어렵거나 문학·독서·문법 영역별 편차가 크고, 모의고사에서 시간 관리와…”입니다.","문학, 독서, 화법과 언어, 작문, 학교별 내신, 모의고사, 수능, 취약영역, 오답분석","지역과 일정에 따라 1:1 방문수업 또는 화상수업으로 진행하며, 문학과 독서의 지문 분석부터 학교별 내신, 모의고사와 수능 대비, 취약영역 및 오답분석까지 현재 실력과 목표에 맞춰 지도","지문을 분석하는 기준과 문제 접근 방법을 익히고, 취약영역과 반복되는 오답을 점검하면서 내신·모의고사·수능 학습의 방향을 구체화",전문형,high_korean
658,https://kimstutoring.co.kr,gyeongsan-elementary-english,publish,ko,경상북도,경산,영어,초등학생,경산 초등학생 영어과외,경산 초등학생 영어과외,"경산 초등학생 영어 과외 수업을 고민 중이라면 잘하는 부분과 보완할 부분을 나누어 시작합니다. 지역과 일정에 따라 1:1 방문수업 또는 화상수업으로 진행하며, 기초 어휘와 문장 이해, 읽기 학습을 학생의… 방식으로 수업하고 있습니다.",초등학생 수준에 맞춰 영어 기초와 꾸준한 학습 습관을 기르는 1:1 온라인 과외 찾기,핵심 고민은 “기초 어휘가 부족하고 짧은 문장의 뜻을 이해하거나 꾸준히 읽는 데 어려움이 있음”입니다.,"기초 어휘, 문장 이해, 짧은 글 읽기, 학습 습관","지역과 일정에 따라 1:1 방문수업 또는 화상수업으로 진행하며, 기초 어휘와 문장 이해, 읽기 학습을 학생의 수준과 학습 속도에 맞춰 지도",익숙한 어휘로 짧은 문장의 뜻을 파악하고 스스로 읽고 복습하는 습관 형성,친근형,elementary_english
659,https://kimstutoring.co.kr,gyeongsan-middle-english,publish,ko,경상북도,경산,영어,중학생,경산 중학생 영어과외,경산 중학생 영어과외,"경산에서 중학생 영어 과외 실력을 늘리고 싶다면 자주 막히는 부분부터 직접 다뤄봅니다. 지역과 일정에 따라 1:1 방문수업 또는 화상수업으로 진행하며, 어휘·문법·독해를 기본으로 학교별 내신과… 방식으로 수업하고 있습니다.",중학생 영어 문법과 독해를 보완하고 학교별 내신과 서술형 및 수행평가를 준비하는 온라인 과외 찾기,핵심 고민은 “어휘와 문법을 배워도 지문에 적용하기 어렵고 서술형 답안과 수행평가 준비가 막막함”입니다.,"어휘, 문법, 독해, 학교별 내신, 서술형, 수행평가","지역과 일정에 따라 1:1 방문수업 또는 화상수업으로 진행하며, 어휘·문법·독해를 기본으로 학교별 내신과 서술형, 수행평가까지 학생의 취약 부분에 맞춰 지도",문법 근거를 설명하며 지문을 읽고 학교 평가 기준에 맞춰 답안을 작성하는 능력 향상,코칭형,middle_english
660,https://kimstutoring.co.kr,gyeongsan-high-english,publish,ko,경상북도,경산,영어,고등학생,경산 고등학생 영어과외,경산 고등학생 영어과외,"경산 고등학생 영어 과외 수업을 고민 중이라면 잘하는 부분과 보완할 부분을 나누어 시작합니다. 지역과 일정에 따라 1:1 방문수업 또는 화상수업으로 진행하며, 어휘·구문독해부터 학교별 내신, 모의고사와 수능… 방식으로 수업하고 있습니다.",고등학생 영어 내신과 모의고사 및 수능 준비를 현재 수준에 맞춰 병행하는 온라인 과외 찾기,핵심 고민은 “긴 문장의 구조를 파악하기 어렵고 내신과 모의고사 지문을 읽는 데 시간이 오래 걸림”입니다.,"어휘, 구문독해, 학교별 내신, 모의고사, 수능","지역과 일정에 따라 1:1 방문수업 또는 화상수업으로 진행하며, 어휘·구문독해부터 학교별 내신, 모의고사와 수능 대비까지 현재 실력과 목표에 맞춰 지도",복잡한 문장의 구조를 파악하고 지문의 근거를 바탕으로 답을 선택하는 독해 능력 향상,전문형,high_english
661,https://kimstutoring.co.kr,gyeongsan-elementary-math,publish,ko,경상북도,경산,수학,초등학생,경산 초등학생 수학과외,경산 초등학생 수학과외,"경산에서 초등학생 수학 과외 실력을 늘리고 싶다면 자주 막히는 부분부터 직접 다뤄봅니다. 지역과 일정에 따라 1:1 방문수업 또는 화상수업으로 진행하며, 연산과 기초개념을 탄탄히 다지고 문제를 이해하는… 방식으로 수업하고 있습니다.",초등학생 수학 연산과 기초개념을 다지고 문제 이해와 풀이 습관을 기르는 온라인 과외 찾기,핵심 고민은 “계산 실수가 반복되고 문장형 문제에서 무엇을 구해야 하는지 파악하기 어려움”입니다.,"연산, 기초개념, 문제 이해, 풀이 습관","지역과 일정에 따라 1:1 방문수업 또는 화상수업으로 진행하며, 연산과 기초개념을 탄탄히 다지고 문제를 이해하는 과정과 올바른 풀이 습관을 학생 수준에 맞춰 지도",계산 과정을 점검하고 문제의 조건을 이해하며 풀이 순서를 정리하는 습관 형성,친근형,elementary_math
662,https://kimstutoring.co.kr,gyeongsan-middle-math,publish,ko,경상북도,경산,수학,중학생,경산 중학생 수학과외,경산 중학생 수학과외,"경산에서 중학생 수학 과외 실력을 늘리고 싶다면 자주 막히는 부분부터 직접 다뤄봅니다. 지역과 일정에 따라 1:1 방문수업 또는 화상수업으로 진행하며, 개념 이해와 유형별 문제풀이를 연결하고 학교별… 방식으로 수업하고 있습니다.",중학생 수학 개념과 유형별 문제풀이를 연결하고 내신 및 서술형을 준비하는 온라인 과외 찾기,핵심 고민은 “개념을 외워도 문제 유형이 바뀌면 적용하기 어렵고 같은 오답과 풀이 과정 누락이 반복됨”입니다.,"개념, 유형별 문제풀이, 학교별 내신, 서술형, 오답관리","지역과 일정에 따라 1:1 방문수업 또는 화상수업으로 진행하며, 개념 이해와 유형별 문제풀이를 연결하고 학교별 내신, 서술형, 오답관리까지 취약 단원에 맞춰 지도",문제에 맞는 개념을 선택하고 풀이 근거를 순서대로 쓰며 반복되는 실수를 줄이는 능력 향상,코칭형,middle_math
663,https://kimstutoring.co.kr,gyeongsan-high-math,publish,ko,경상북도,경산,수학,고등학생,경산 고등학생 수학과외,경산 고등학생 수학과외,"고등학생 수학 과외 때문에 고민이 있다면 경산 수업에서 지금 필요한 연습부터 함께 해볼 수 있습니다. 지역과 일정에 따라 1:1 방문수업 또는 화상수업으로 진행하며, 개념과 유형별 문제풀이부터 학교별 내신,… 방식으로 수업하고 있습니다.",고등학생 수학 취약단원을 보완하면서 내신과 모의고사 및 수능을 준비하는 온라인 과외 찾기,핵심 고민은 “개념 사이의 연결이 약하고 복합 문제의 접근 방법을 찾기 어려우며 취약단원에서 오답이 반복됨”입니다.,"개념, 유형별 문제풀이, 학교별 내신, 모의고사, 수능, 취약단원, 오답분석","지역과 일정에 따라 1:1 방문수업 또는 화상수업으로 진행하며, 개념과 유형별 문제풀이부터 학교별 내신, 모의고사와 수능 대비, 취약단원 및 오답분석까지 목표에 맞춰 지도",취약단원의 개념을 연결하고 문제 조건에 맞는 풀이 전략을 선택하며 오답 원인을 스스로 설명하는 능력 향상,전문형,high_math
664,https://kimstutoring.co.kr,gyeongsan-elementary-korean,publish,ko,경상북도,경산,국어,초등학생,경산 초등학생 국어과외,경산 초등학생 국어과외,"초등학생 국어 과외 때문에 고민이 있다면 경산 수업에서 지금 필요한 연습부터 함께 해볼 수 있습니다. 지역과 일정에 따라 1:1 방문수업 또는 화상수업으로 진행하며, 어휘와 독해를 바탕으로 글의 내용을 이해하고… 방식으로 수업하고 있습니다.",초등학생의 국어 기초와 문해력을 잡아줄 1:1 국어과외 탐색,핵심 고민은 “글을 읽어도 내용을 정확히 이해하지 못하거나 어휘력이 부족해 문제의 뜻을 파악하는 데 어려움”입니다.,"어휘, 독해, 문장 이해, 글의 중심내용 파악, 기초 문해력, 글쓰기, 학습 습관","지역과 일정에 따라 1:1 방문수업 또는 화상수업으로 진행하며, 어휘와 독해를 바탕으로 글의 내용을 이해하고 자신의 생각을 표현하는 힘을 학생의 수준과 학습 속도에 맞춰 지도","글을 읽고 핵심 내용을 파악하는 힘을 기르고, 국어뿐 아니라 다른 과목의 문제를 이해하는 데 필요한 기초 문해력과 학습 습관 형성",친근형,elementary_korean
665,https://kimstutoring.co.kr,gyeongsan-middle-korean,publish,ko,경상북도,경산,국어,중학생,경산 중학생 국어과외,경산 중학생 국어과외,"경산에서 중학생 국어 과외 실력을 늘리고 싶다면 자주 막히는 부분부터 직접 다뤄봅니다. 지역과 일정에 따라 1:1 방문수업 또는 화상수업으로 진행하며, 문학·비문학 독해와 문법을 기본으로 학교별… 방식으로 수업하고 있습니다.",학교 내신과 국어 기본기를 함께 준비할 1:1 중등 국어과외 탐색,"핵심 고민은 “문학과 비문학 지문을 감으로 풀거나 문법 개념이 부족하고, 학교 시험의 서술형·수행평가 대비가 어려움”입니다.","문학, 비문학, 문법, 어휘, 학교별 내신, 서술형, 수행평가, 오답관리","지역과 일정에 따라 1:1 방문수업 또는 화상수업으로 진행하며, 문학·비문학 독해와 문법을 기본으로 학교별 내신, 서술형과 수행평가까지 학생의 취약 부분에 맞춰 지도","지문을 근거로 읽고 문제를 해결하는 방법을 익히며, 부족한 영역을 파악해 내신과 고등 국어 학습에 필요한 기본기 강화",코칭형,middle_korean
666,https://kimstutoring.co.kr,gyeongsan-high-korean,publish,ko,경상북도,경산,국어,고등학생,경산 고등학생 국어과외,경산 고등학생 국어과외,"고등학생 국어 과외 때문에 고민이 있다면 경산 수업에서 지금 필요한 연습부터 함께 해볼 수 있습니다. 지역과 일정에 따라 1:1 방문수업 또는 화상수업으로 진행하며, 문학과 독서의 지문 분석부터 학교별 내신,… 방식으로 수업하고 있습니다.",내신과 모의고사·수능을 함께 대비할 1:1 고등 국어과외 탐색,"핵심 고민은 “긴 지문의 핵심을 빠르게 파악하기 어렵거나 문학·독서·문법 영역별 편차가 크고, 모의고사에서 시간 관리와…”입니다.","문학, 독서, 화법과 언어, 작문, 학교별 내신, 모의고사, 수능, 취약영역, 오답분석","지역과 일정에 따라 1:1 방문수업 또는 화상수업으로 진행하며, 문학과 독서의 지문 분석부터 학교별 내신, 모의고사와 수능 대비, 취약영역 및 오답분석까지 현재 실력과 목표에 맞춰 지도","지문을 분석하는 기준과 문제 접근 방법을 익히고, 취약영역과 반복되는 오답을 점검하면서 내신·모의고사·수능 학습의 방향을 구체화",전문형,high_korean
667,https://kimstutoring.co.kr,pohang-elementary-english,publish,ko,경상북도,포항,영어,초등학생,포항 초등학생 영어과외,포항 초등학생 영어과외,"포항 초등학생 영어 과외 수업을 고민 중이라면 잘하는 부분과 보완할 부분을 나누어 시작합니다. 지역과 일정에 따라 1:1 방문수업 또는 화상수업으로 진행하며, 기초 어휘와 문장 이해, 읽기 학습을 학생의… 방식으로 수업하고 있습니다.",초등학생 수준에 맞춰 영어 기초와 꾸준한 학습 습관을 기르는 1:1 온라인 과외 찾기,핵심 고민은 “기초 어휘가 부족하고 짧은 문장의 뜻을 이해하거나 꾸준히 읽는 데 어려움이 있음”입니다.,"기초 어휘, 문장 이해, 짧은 글 읽기, 학습 습관","지역과 일정에 따라 1:1 방문수업 또는 화상수업으로 진행하며, 기초 어휘와 문장 이해, 읽기 학습을 학생의 수준과 학습 속도에 맞춰 지도",익숙한 어휘로 짧은 문장의 뜻을 파악하고 스스로 읽고 복습하는 습관 형성,친근형,elementary_english
668,https://kimstutoring.co.kr,pohang-middle-english,publish,ko,경상북도,포항,영어,중학생,포항 중학생 영어과외,포항 중학생 영어과외,"포항에서 중학생 영어 과외 실력을 늘리고 싶다면 자주 막히는 부분부터 직접 다뤄봅니다. 지역과 일정에 따라 1:1 방문수업 또는 화상수업으로 진행하며, 어휘·문법·독해를 기본으로 학교별 내신과… 방식으로 수업하고 있습니다.",중학생 영어 문법과 독해를 보완하고 학교별 내신과 서술형 및 수행평가를 준비하는 온라인 과외 찾기,핵심 고민은 “어휘와 문법을 배워도 지문에 적용하기 어렵고 서술형 답안과 수행평가 준비가 막막함”입니다.,"어휘, 문법, 독해, 학교별 내신, 서술형, 수행평가","지역과 일정에 따라 1:1 방문수업 또는 화상수업으로 진행하며, 어휘·문법·독해를 기본으로 학교별 내신과 서술형, 수행평가까지 학생의 취약 부분에 맞춰 지도",문법 근거를 설명하며 지문을 읽고 학교 평가 기준에 맞춰 답안을 작성하는 능력 향상,코칭형,middle_english
669,https://kimstutoring.co.kr,pohang-high-english,publish,ko,경상북도,포항,영어,고등학생,포항 고등학생 영어과외,포항 고등학생 영어과외,"포항 고등학생 영어 과외 수업을 고민 중이라면 잘하는 부분과 보완할 부분을 나누어 시작합니다. 지역과 일정에 따라 1:1 방문수업 또는 화상수업으로 진행하며, 어휘·구문독해부터 학교별 내신, 모의고사와 수능… 방식으로 수업하고 있습니다.",고등학생 영어 내신과 모의고사 및 수능 준비를 현재 수준에 맞춰 병행하는 온라인 과외 찾기,핵심 고민은 “긴 문장의 구조를 파악하기 어렵고 내신과 모의고사 지문을 읽는 데 시간이 오래 걸림”입니다.,"어휘, 구문독해, 학교별 내신, 모의고사, 수능","지역과 일정에 따라 1:1 방문수업 또는 화상수업으로 진행하며, 어휘·구문독해부터 학교별 내신, 모의고사와 수능 대비까지 현재 실력과 목표에 맞춰 지도",복잡한 문장의 구조를 파악하고 지문의 근거를 바탕으로 답을 선택하는 독해 능력 향상,전문형,high_english
670,https://kimstutoring.co.kr,pohang-elementary-math,publish,ko,경상북도,포항,수학,초등학생,포항 초등학생 수학과외,포항 초등학생 수학과외,"포항에서 초등학생 수학 과외 실력을 늘리고 싶다면 자주 막히는 부분부터 직접 다뤄봅니다. 지역과 일정에 따라 1:1 방문수업 또는 화상수업으로 진행하며, 연산과 기초개념을 탄탄히 다지고 문제를 이해하는… 방식으로 수업하고 있습니다.",초등학생 수학 연산과 기초개념을 다지고 문제 이해와 풀이 습관을 기르는 온라인 과외 찾기,핵심 고민은 “계산 실수가 반복되고 문장형 문제에서 무엇을 구해야 하는지 파악하기 어려움”입니다.,"연산, 기초개념, 문제 이해, 풀이 습관","지역과 일정에 따라 1:1 방문수업 또는 화상수업으로 진행하며, 연산과 기초개념을 탄탄히 다지고 문제를 이해하는 과정과 올바른 풀이 습관을 학생 수준에 맞춰 지도",계산 과정을 점검하고 문제의 조건을 이해하며 풀이 순서를 정리하는 습관 형성,친근형,elementary_math
671,https://kimstutoring.co.kr,pohang-middle-math,publish,ko,경상북도,포항,수학,중학생,포항 중학생 수학과외,포항 중학생 수학과외,"포항에서 중학생 수학 과외 실력을 늘리고 싶다면 자주 막히는 부분부터 직접 다뤄봅니다. 지역과 일정에 따라 1:1 방문수업 또는 화상수업으로 진행하며, 개념 이해와 유형별 문제풀이를 연결하고 학교별… 방식으로 수업하고 있습니다.",중학생 수학 개념과 유형별 문제풀이를 연결하고 내신 및 서술형을 준비하는 온라인 과외 찾기,핵심 고민은 “개념을 외워도 문제 유형이 바뀌면 적용하기 어렵고 같은 오답과 풀이 과정 누락이 반복됨”입니다.,"개념, 유형별 문제풀이, 학교별 내신, 서술형, 오답관리","지역과 일정에 따라 1:1 방문수업 또는 화상수업으로 진행하며, 개념 이해와 유형별 문제풀이를 연결하고 학교별 내신, 서술형, 오답관리까지 취약 단원에 맞춰 지도",문제에 맞는 개념을 선택하고 풀이 근거를 순서대로 쓰며 반복되는 실수를 줄이는 능력 향상,코칭형,middle_math
672,https://kimstutoring.co.kr,pohang-high-math,publish,ko,경상북도,포항,수학,고등학생,포항 고등학생 수학과외,포항 고등학생 수학과외,"고등학생 수학 과외 때문에 고민이 있다면 포항 수업에서 지금 필요한 연습부터 함께 해볼 수 있습니다. 지역과 일정에 따라 1:1 방문수업 또는 화상수업으로 진행하며, 개념과 유형별 문제풀이부터 학교별 내신,… 방식으로 수업하고 있습니다.",고등학생 수학 취약단원을 보완하면서 내신과 모의고사 및 수능을 준비하는 온라인 과외 찾기,핵심 고민은 “개념 사이의 연결이 약하고 복합 문제의 접근 방법을 찾기 어려우며 취약단원에서 오답이 반복됨”입니다.,"개념, 유형별 문제풀이, 학교별 내신, 모의고사, 수능, 취약단원, 오답분석","지역과 일정에 따라 1:1 방문수업 또는 화상수업으로 진행하며, 개념과 유형별 문제풀이부터 학교별 내신, 모의고사와 수능 대비, 취약단원 및 오답분석까지 목표에 맞춰 지도",취약단원의 개념을 연결하고 문제 조건에 맞는 풀이 전략을 선택하며 오답 원인을 스스로 설명하는 능력 향상,전문형,high_math
673,https://kimstutoring.co.kr,pohang-elementary-korean,publish,ko,경상북도,포항,국어,초등학생,포항 초등학생 국어과외,포항 초등학생 국어과외,"초등학생 국어 과외 때문에 고민이 있다면 포항 수업에서 지금 필요한 연습부터 함께 해볼 수 있습니다. 지역과 일정에 따라 1:1 방문수업 또는 화상수업으로 진행하며, 어휘와 독해를 바탕으로 글의 내용을 이해하고… 방식으로 수업하고 있습니다.",초등학생의 국어 기초와 문해력을 잡아줄 1:1 국어과외 탐색,핵심 고민은 “글을 읽어도 내용을 정확히 이해하지 못하거나 어휘력이 부족해 문제의 뜻을 파악하는 데 어려움”입니다.,"어휘, 독해, 문장 이해, 글의 중심내용 파악, 기초 문해력, 글쓰기, 학습 습관","지역과 일정에 따라 1:1 방문수업 또는 화상수업으로 진행하며, 어휘와 독해를 바탕으로 글의 내용을 이해하고 자신의 생각을 표현하는 힘을 학생의 수준과 학습 속도에 맞춰 지도","글을 읽고 핵심 내용을 파악하는 힘을 기르고, 국어뿐 아니라 다른 과목의 문제를 이해하는 데 필요한 기초 문해력과 학습 습관 형성",친근형,elementary_korean
674,https://kimstutoring.co.kr,pohang-middle-korean,publish,ko,경상북도,포항,국어,중학생,포항 중학생 국어과외,포항 중학생 국어과외,"포항에서 중학생 국어 과외 실력을 늘리고 싶다면 자주 막히는 부분부터 직접 다뤄봅니다. 지역과 일정에 따라 1:1 방문수업 또는 화상수업으로 진행하며, 문학·비문학 독해와 문법을 기본으로 학교별… 방식으로 수업하고 있습니다.",학교 내신과 국어 기본기를 함께 준비할 1:1 중등 국어과외 탐색,"핵심 고민은 “문학과 비문학 지문을 감으로 풀거나 문법 개념이 부족하고, 학교 시험의 서술형·수행평가 대비가 어려움”입니다.","문학, 비문학, 문법, 어휘, 학교별 내신, 서술형, 수행평가, 오답관리","지역과 일정에 따라 1:1 방문수업 또는 화상수업으로 진행하며, 문학·비문학 독해와 문법을 기본으로 학교별 내신, 서술형과 수행평가까지 학생의 취약 부분에 맞춰 지도","지문을 근거로 읽고 문제를 해결하는 방법을 익히며, 부족한 영역을 파악해 내신과 고등 국어 학습에 필요한 기본기 강화",코칭형,middle_korean
675,https://kimstutoring.co.kr,pohang-high-korean,publish,ko,경상북도,포항,국어,고등학생,포항 고등학생 국어과외,포항 고등학생 국어과외,"고등학생 국어 과외 때문에 고민이 있다면 포항 수업에서 지금 필요한 연습부터 함께 해볼 수 있습니다. 지역과 일정에 따라 1:1 방문수업 또는 화상수업으로 진행하며, 문학과 독서의 지문 분석부터 학교별 내신,… 방식으로 수업하고 있습니다.",내신과 모의고사·수능을 함께 대비할 1:1 고등 국어과외 탐색,"핵심 고민은 “긴 지문의 핵심을 빠르게 파악하기 어렵거나 문학·독서·문법 영역별 편차가 크고, 모의고사에서 시간 관리와…”입니다.","문학, 독서, 화법과 언어, 작문, 학교별 내신, 모의고사, 수능, 취약영역, 오답분석","지역과 일정에 따라 1:1 방문수업 또는 화상수업으로 진행하며, 문학과 독서의 지문 분석부터 학교별 내신, 모의고사와 수능 대비, 취약영역 및 오답분석까지 현재 실력과 목표에 맞춰 지도","지문을 분석하는 기준과 문제 접근 방법을 익히고, 취약영역과 반복되는 오답을 점검하면서 내신·모의고사·수능 학습의 방향을 구체화",전문형,high_korean
676,https://kimstutoring.co.kr,yeongcheon-elementary-english,publish,ko,경상북도,영천,영어,초등학생,영천 초등학생 영어과외,영천 초등학생 영어과외,"영천에서 초등학생 영어 과외 실력을 늘리고 싶다면 자주 막히는 부분부터 직접 다뤄봅니다. 지역과 일정에 따라 1:1 방문수업 또는 화상수업으로 진행하며, 기초 어휘와 문장 이해, 읽기 학습을 학생의… 방식으로 수업하고 있습니다.",초등학생 수준에 맞춰 영어 기초와 꾸준한 학습 습관을 기르는 1:1 온라인 과외 찾기,핵심 고민은 “기초 어휘가 부족하고 짧은 문장의 뜻을 이해하거나 꾸준히 읽는 데 어려움이 있음”입니다.,"기초 어휘, 문장 이해, 짧은 글 읽기, 학습 습관","지역과 일정에 따라 1:1 방문수업 또는 화상수업으로 진행하며, 기초 어휘와 문장 이해, 읽기 학습을 학생의 수준과 학습 속도에 맞춰 지도",익숙한 어휘로 짧은 문장의 뜻을 파악하고 스스로 읽고 복습하는 습관 형성,친근형,elementary_english
677,https://kimstutoring.co.kr,yeongcheon-middle-english,publish,ko,경상북도,영천,영어,중학생,영천 중학생 영어과외,영천 중학생 영어과외,"중학생 영어 과외 공부를 처음 시작한다면 영천에서도 기초부터 1:1로 배울 수 있습니다. 지역과 일정에 따라 1:1 방문수업 또는 화상수업으로 진행하며, 어휘·문법·독해를 기본으로 학교별 내신과… 방식으로 수업하고 있습니다.",중학생 영어 문법과 독해를 보완하고 학교별 내신과 서술형 및 수행평가를 준비하는 온라인 과외 찾기,핵심 고민은 “어휘와 문법을 배워도 지문에 적용하기 어렵고 서술형 답안과 수행평가 준비가 막막함”입니다.,"어휘, 문법, 독해, 학교별 내신, 서술형, 수행평가","지역과 일정에 따라 1:1 방문수업 또는 화상수업으로 진행하며, 어휘·문법·독해를 기본으로 학교별 내신과 서술형, 수행평가까지 학생의 취약 부분에 맞춰 지도",문법 근거를 설명하며 지문을 읽고 학교 평가 기준에 맞춰 답안을 작성하는 능력 향상,코칭형,middle_english
678,https://kimstutoring.co.kr,yeongcheon-high-english,publish,ko,경상북도,영천,영어,고등학생,영천 고등학생 영어과외,영천 고등학생 영어과외,"영천에서 고등학생 영어 과외 실력을 늘리고 싶다면 자주 막히는 부분부터 직접 다뤄봅니다. 지역과 일정에 따라 1:1 방문수업 또는 화상수업으로 진행하며, 어휘·구문독해부터 학교별 내신, 모의고사와 수능… 방식으로 수업하고 있습니다.",고등학생 영어 내신과 모의고사 및 수능 준비를 현재 수준에 맞춰 병행하는 온라인 과외 찾기,핵심 고민은 “긴 문장의 구조를 파악하기 어렵고 내신과 모의고사 지문을 읽는 데 시간이 오래 걸림”입니다.,"어휘, 구문독해, 학교별 내신, 모의고사, 수능","지역과 일정에 따라 1:1 방문수업 또는 화상수업으로 진행하며, 어휘·구문독해부터 학교별 내신, 모의고사와 수능 대비까지 현재 실력과 목표에 맞춰 지도",복잡한 문장의 구조를 파악하고 지문의 근거를 바탕으로 답을 선택하는 독해 능력 향상,전문형,high_english
679,https://kimstutoring.co.kr,yeongcheon-elementary-math,publish,ko,경상북도,영천,수학,초등학생,영천 초등학생 수학과외,영천 초등학생 수학과외,"초등학생 수학 과외 공부를 처음 시작한다면 영천에서도 기초부터 1:1로 배울 수 있습니다. 지역과 일정에 따라 1:1 방문수업 또는 화상수업으로 진행하며, 연산과 기초개념을 탄탄히 다지고 문제를 이해하는… 방식으로 수업하고 있습니다.",초등학생 수학 연산과 기초개념을 다지고 문제 이해와 풀이 습관을 기르는 온라인 과외 찾기,핵심 고민은 “계산 실수가 반복되고 문장형 문제에서 무엇을 구해야 하는지 파악하기 어려움”입니다.,"연산, 기초개념, 문제 이해, 풀이 습관","지역과 일정에 따라 1:1 방문수업 또는 화상수업으로 진행하며, 연산과 기초개념을 탄탄히 다지고 문제를 이해하는 과정과 올바른 풀이 습관을 학생 수준에 맞춰 지도",계산 과정을 점검하고 문제의 조건을 이해하며 풀이 순서를 정리하는 습관 형성,친근형,elementary_math
680,https://kimstutoring.co.kr,yeongcheon-middle-math,publish,ko,경상북도,영천,수학,중학생,영천 중학생 수학과외,영천 중학생 수학과외,"중학생 수학 과외 공부를 처음 시작한다면 영천에서도 기초부터 1:1로 배울 수 있습니다. 지역과 일정에 따라 1:1 방문수업 또는 화상수업으로 진행하며, 개념 이해와 유형별 문제풀이를 연결하고 학교별… 방식으로 수업하고 있습니다.",중학생 수학 개념과 유형별 문제풀이를 연결하고 내신 및 서술형을 준비하는 온라인 과외 찾기,핵심 고민은 “개념을 외워도 문제 유형이 바뀌면 적용하기 어렵고 같은 오답과 풀이 과정 누락이 반복됨”입니다.,"개념, 유형별 문제풀이, 학교별 내신, 서술형, 오답관리","지역과 일정에 따라 1:1 방문수업 또는 화상수업으로 진행하며, 개념 이해와 유형별 문제풀이를 연결하고 학교별 내신, 서술형, 오답관리까지 취약 단원에 맞춰 지도",문제에 맞는 개념을 선택하고 풀이 근거를 순서대로 쓰며 반복되는 실수를 줄이는 능력 향상,코칭형,middle_math
681,https://kimstutoring.co.kr,yeongcheon-high-math,publish,ko,경상북도,영천,수학,고등학생,영천 고등학생 수학과외,영천 고등학생 수학과외,"영천 고등학생 수학 과외 수업을 고민 중이라면 잘하는 부분과 보완할 부분을 나누어 시작합니다. 지역과 일정에 따라 1:1 방문수업 또는 화상수업으로 진행하며, 개념과 유형별 문제풀이부터 학교별 내신,… 방식으로 수업하고 있습니다.",고등학생 수학 취약단원을 보완하면서 내신과 모의고사 및 수능을 준비하는 온라인 과외 찾기,핵심 고민은 “개념 사이의 연결이 약하고 복합 문제의 접근 방법을 찾기 어려우며 취약단원에서 오답이 반복됨”입니다.,"개념, 유형별 문제풀이, 학교별 내신, 모의고사, 수능, 취약단원, 오답분석","지역과 일정에 따라 1:1 방문수업 또는 화상수업으로 진행하며, 개념과 유형별 문제풀이부터 학교별 내신, 모의고사와 수능 대비, 취약단원 및 오답분석까지 목표에 맞춰 지도",취약단원의 개념을 연결하고 문제 조건에 맞는 풀이 전략을 선택하며 오답 원인을 스스로 설명하는 능력 향상,전문형,high_math
682,https://kimstutoring.co.kr,yeongcheon-elementary-korean,publish,ko,경상북도,영천,국어,초등학생,영천 초등학생 국어과외,영천 초등학생 국어과외,"영천 초등학생 국어 과외 수업을 고민 중이라면 잘하는 부분과 보완할 부분을 나누어 시작합니다. 지역과 일정에 따라 1:1 방문수업 또는 화상수업으로 진행하며, 어휘와 독해를 바탕으로 글의 내용을 이해하고… 방식으로 수업하고 있습니다.",초등학생의 국어 기초와 문해력을 잡아줄 1:1 국어과외 탐색,핵심 고민은 “글을 읽어도 내용을 정확히 이해하지 못하거나 어휘력이 부족해 문제의 뜻을 파악하는 데 어려움”입니다.,"어휘, 독해, 문장 이해, 글의 중심내용 파악, 기초 문해력, 글쓰기, 학습 습관","지역과 일정에 따라 1:1 방문수업 또는 화상수업으로 진행하며, 어휘와 독해를 바탕으로 글의 내용을 이해하고 자신의 생각을 표현하는 힘을 학생의 수준과 학습 속도에 맞춰 지도","글을 읽고 핵심 내용을 파악하는 힘을 기르고, 국어뿐 아니라 다른 과목의 문제를 이해하는 데 필요한 기초 문해력과 학습 습관 형성",친근형,elementary_korean
683,https://kimstutoring.co.kr,yeongcheon-middle-korean,publish,ko,경상북도,영천,국어,중학생,영천 중학생 국어과외,영천 중학생 국어과외,"중학생 국어 과외 공부를 처음 시작한다면 영천에서도 기초부터 1:1로 배울 수 있습니다. 지역과 일정에 따라 1:1 방문수업 또는 화상수업으로 진행하며, 문학·비문학 독해와 문법을 기본으로 학교별… 방식으로 수업하고 있습니다.",학교 내신과 국어 기본기를 함께 준비할 1:1 중등 국어과외 탐색,"핵심 고민은 “문학과 비문학 지문을 감으로 풀거나 문법 개념이 부족하고, 학교 시험의 서술형·수행평가 대비가 어려움”입니다.","문학, 비문학, 문법, 어휘, 학교별 내신, 서술형, 수행평가, 오답관리","지역과 일정에 따라 1:1 방문수업 또는 화상수업으로 진행하며, 문학·비문학 독해와 문법을 기본으로 학교별 내신, 서술형과 수행평가까지 학생의 취약 부분에 맞춰 지도","지문을 근거로 읽고 문제를 해결하는 방법을 익히며, 부족한 영역을 파악해 내신과 고등 국어 학습에 필요한 기본기 강화",코칭형,middle_korean
684,https://kimstutoring.co.kr,yeongcheon-high-korean,publish,ko,경상북도,영천,국어,고등학생,영천 고등학생 국어과외,영천 고등학생 국어과외,"영천 고등학생 국어 과외 수업을 고민 중이라면 잘하는 부분과 보완할 부분을 나누어 시작합니다. 지역과 일정에 따라 1:1 방문수업 또는 화상수업으로 진행하며, 문학과 독서의 지문 분석부터 학교별 내신,… 방식으로 수업하고 있습니다.",내신과 모의고사·수능을 함께 대비할 1:1 고등 국어과외 탐색,"핵심 고민은 “긴 지문의 핵심을 빠르게 파악하기 어렵거나 문학·독서·문법 영역별 편차가 크고, 모의고사에서 시간 관리와…”입니다.","문학, 독서, 화법과 언어, 작문, 학교별 내신, 모의고사, 수능, 취약영역, 오답분석","지역과 일정에 따라 1:1 방문수업 또는 화상수업으로 진행하며, 문학과 독서의 지문 분석부터 학교별 내신, 모의고사와 수능 대비, 취약영역 및 오답분석까지 현재 실력과 목표에 맞춰 지도","지문을 분석하는 기준과 문제 접근 방법을 익히고, 취약영역과 반복되는 오답을 점검하면서 내신·모의고사·수능 학습의 방향을 구체화",전문형,high_korean
685,https://kimstutoring.co.kr,daegu-elementary-english,publish,ko,대구광역시,대구,영어,초등학생,대구 초등학생 영어과외,대구 초등학생 영어과외,"대구에서 초등학생 영어 과외 수업을 찾고 계신다면 지금 필요한 내용부터 시작할 수 있습니다. 지역과 일정에 따라 1:1 방문수업 또는 화상수업으로 진행하며, 기초 어휘와 문장 이해, 읽기 학습을 학생의… 방식으로 수업하고 있습니다.",초등학생 수준에 맞춰 영어 기초와 꾸준한 학습 습관을 기르는 1:1 온라인 과외 찾기,핵심 고민은 “기초 어휘가 부족하고 짧은 문장의 뜻을 이해하거나 꾸준히 읽는 데 어려움이 있음”입니다.,"기초 어휘, 문장 이해, 짧은 글 읽기, 학습 습관","지역과 일정에 따라 1:1 방문수업 또는 화상수업으로 진행하며, 기초 어휘와 문장 이해, 읽기 학습을 학생의 수준과 학습 속도에 맞춰 지도",익숙한 어휘로 짧은 문장의 뜻을 파악하고 스스로 읽고 복습하는 습관 형성,친근형,elementary_english
686,https://kimstutoring.co.kr,daegu-middle-english,publish,ko,대구광역시,대구,영어,중학생,대구 중학생 영어과외,대구 중학생 영어과외,"대구 중학생 영어 과외 수업은 정해진 진도보다 현재 실력과 배우는 이유를 중요하게 봅니다. 지역과 일정에 따라 1:1 방문수업 또는 화상수업으로 진행하며, 어휘·문법·독해를 기본으로 학교별 내신과… 방식으로 수업하고 있습니다.",중학생 영어 문법과 독해를 보완하고 학교별 내신과 서술형 및 수행평가를 준비하는 온라인 과외 찾기,핵심 고민은 “어휘와 문법을 배워도 지문에 적용하기 어렵고 서술형 답안과 수행평가 준비가 막막함”입니다.,"어휘, 문법, 독해, 학교별 내신, 서술형, 수행평가","지역과 일정에 따라 1:1 방문수업 또는 화상수업으로 진행하며, 어휘·문법·독해를 기본으로 학교별 내신과 서술형, 수행평가까지 학생의 취약 부분에 맞춰 지도",문법 근거를 설명하며 지문을 읽고 학교 평가 기준에 맞춰 답안을 작성하는 능력 향상,코칭형,middle_english
687,https://kimstutoring.co.kr,daegu-high-english,publish,ko,대구광역시,대구,영어,고등학생,대구 고등학생 영어과외,대구 고등학생 영어과외,"고등학생 영어 과외 공부를 다시 시작하려는 분께 대구 1:1 수업이 맞는 출발점을 찾아드립니다. 지역과 일정에 따라 1:1 방문수업 또는 화상수업으로 진행하며, 어휘·구문독해부터 학교별 내신, 모의고사와 수능… 방식으로 수업하고 있습니다.",고등학생 영어 내신과 모의고사 및 수능 준비를 현재 수준에 맞춰 병행하는 온라인 과외 찾기,핵심 고민은 “긴 문장의 구조를 파악하기 어렵고 내신과 모의고사 지문을 읽는 데 시간이 오래 걸림”입니다.,"어휘, 구문독해, 학교별 내신, 모의고사, 수능","지역과 일정에 따라 1:1 방문수업 또는 화상수업으로 진행하며, 어휘·구문독해부터 학교별 내신, 모의고사와 수능 대비까지 현재 실력과 목표에 맞춰 지도",복잡한 문장의 구조를 파악하고 지문의 근거를 바탕으로 답을 선택하는 독해 능력 향상,전문형,high_english
688,https://kimstutoring.co.kr,daegu-elementary-math,publish,ko,대구광역시,대구,수학,초등학생,대구 초등학생 수학과외,대구 초등학생 수학과외,"대구 초등학생 수학 과외 수업은 정해진 진도보다 현재 실력과 배우는 이유를 중요하게 봅니다. 지역과 일정에 따라 1:1 방문수업 또는 화상수업으로 진행하며, 연산과 기초개념을 탄탄히 다지고 문제를 이해하는… 방식으로 수업하고 있습니다.",초등학생 수학 연산과 기초개념을 다지고 문제 이해와 풀이 습관을 기르는 온라인 과외 찾기,핵심 고민은 “계산 실수가 반복되고 문장형 문제에서 무엇을 구해야 하는지 파악하기 어려움”입니다.,"연산, 기초개념, 문제 이해, 풀이 습관","지역과 일정에 따라 1:1 방문수업 또는 화상수업으로 진행하며, 연산과 기초개념을 탄탄히 다지고 문제를 이해하는 과정과 올바른 풀이 습관을 학생 수준에 맞춰 지도",계산 과정을 점검하고 문제의 조건을 이해하며 풀이 순서를 정리하는 습관 형성,친근형,elementary_math
689,https://kimstutoring.co.kr,daegu-middle-math,publish,ko,대구광역시,대구,수학,중학생,대구 중학생 수학과외,대구 중학생 수학과외,"대구 중학생 수학 과외 수업은 정해진 진도보다 현재 실력과 배우는 이유를 중요하게 봅니다. 지역과 일정에 따라 1:1 방문수업 또는 화상수업으로 진행하며, 개념 이해와 유형별 문제풀이를 연결하고 학교별… 방식으로 수업하고 있습니다.",중학생 수학 개념과 유형별 문제풀이를 연결하고 내신 및 서술형을 준비하는 온라인 과외 찾기,핵심 고민은 “개념을 외워도 문제 유형이 바뀌면 적용하기 어렵고 같은 오답과 풀이 과정 누락이 반복됨”입니다.,"개념, 유형별 문제풀이, 학교별 내신, 서술형, 오답관리","지역과 일정에 따라 1:1 방문수업 또는 화상수업으로 진행하며, 개념 이해와 유형별 문제풀이를 연결하고 학교별 내신, 서술형, 오답관리까지 취약 단원에 맞춰 지도",문제에 맞는 개념을 선택하고 풀이 근거를 순서대로 쓰며 반복되는 실수를 줄이는 능력 향상,코칭형,middle_math
690,https://kimstutoring.co.kr,daegu-high-math,publish,ko,대구광역시,대구,수학,고등학생,대구 고등학생 수학과외,대구 고등학생 수학과외,"대구에서 배우는 고등학생 수학 과외, 실제로 쓰려는 상황에 맞춰 수업 내용을 정합니다. 지역과 일정에 따라 1:1 방문수업 또는 화상수업으로 진행하며, 개념과 유형별 문제풀이부터 학교별 내신,… 방식으로 수업하고 있습니다.",고등학생 수학 취약단원을 보완하면서 내신과 모의고사 및 수능을 준비하는 온라인 과외 찾기,핵심 고민은 “개념 사이의 연결이 약하고 복합 문제의 접근 방법을 찾기 어려우며 취약단원에서 오답이 반복됨”입니다.,"개념, 유형별 문제풀이, 학교별 내신, 모의고사, 수능, 취약단원, 오답분석","지역과 일정에 따라 1:1 방문수업 또는 화상수업으로 진행하며, 개념과 유형별 문제풀이부터 학교별 내신, 모의고사와 수능 대비, 취약단원 및 오답분석까지 목표에 맞춰 지도",취약단원의 개념을 연결하고 문제 조건에 맞는 풀이 전략을 선택하며 오답 원인을 스스로 설명하는 능력 향상,전문형,high_math
691,https://kimstutoring.co.kr,daegu-elementary-korean,publish,ko,대구광역시,대구,국어,초등학생,대구 초등학생 국어과외,대구 초등학생 국어과외,"대구에서 배우는 초등학생 국어 과외, 실제로 쓰려는 상황에 맞춰 수업 내용을 정합니다. 지역과 일정에 따라 1:1 방문수업 또는 화상수업으로 진행하며, 어휘와 독해를 바탕으로 글의 내용을 이해하고… 방식으로 수업하고 있습니다.",초등학생의 국어 기초와 문해력을 잡아줄 1:1 국어과외 탐색,핵심 고민은 “글을 읽어도 내용을 정확히 이해하지 못하거나 어휘력이 부족해 문제의 뜻을 파악하는 데 어려움”입니다.,"어휘, 독해, 문장 이해, 글의 중심내용 파악, 기초 문해력, 글쓰기, 학습 습관","지역과 일정에 따라 1:1 방문수업 또는 화상수업으로 진행하며, 어휘와 독해를 바탕으로 글의 내용을 이해하고 자신의 생각을 표현하는 힘을 학생의 수준과 학습 속도에 맞춰 지도","글을 읽고 핵심 내용을 파악하는 힘을 기르고, 국어뿐 아니라 다른 과목의 문제를 이해하는 데 필요한 기초 문해력과 학습 습관 형성",친근형,elementary_korean
692,https://kimstutoring.co.kr,daegu-middle-korean,publish,ko,대구광역시,대구,국어,중학생,대구 중학생 국어과외,대구 중학생 국어과외,"대구 중학생 국어 과외 수업은 정해진 진도보다 현재 실력과 배우는 이유를 중요하게 봅니다. 지역과 일정에 따라 1:1 방문수업 또는 화상수업으로 진행하며, 문학·비문학 독해와 문법을 기본으로 학교별… 방식으로 수업하고 있습니다.",학교 내신과 국어 기본기를 함께 준비할 1:1 중등 국어과외 탐색,"핵심 고민은 “문학과 비문학 지문을 감으로 풀거나 문법 개념이 부족하고, 학교 시험의 서술형·수행평가 대비가 어려움”입니다.","문학, 비문학, 문법, 어휘, 학교별 내신, 서술형, 수행평가, 오답관리","지역과 일정에 따라 1:1 방문수업 또는 화상수업으로 진행하며, 문학·비문학 독해와 문법을 기본으로 학교별 내신, 서술형과 수행평가까지 학생의 취약 부분에 맞춰 지도","지문을 근거로 읽고 문제를 해결하는 방법을 익히며, 부족한 영역을 파악해 내신과 고등 국어 학습에 필요한 기본기 강화",코칭형,middle_korean
693,https://kimstutoring.co.kr,daegu-high-korean,publish,ko,대구광역시,대구,국어,고등학생,대구 고등학생 국어과외,대구 고등학생 국어과외,"대구에서 배우는 고등학생 국어 과외, 실제로 쓰려는 상황에 맞춰 수업 내용을 정합니다. 지역과 일정에 따라 1:1 방문수업 또는 화상수업으로 진행하며, 문학과 독서의 지문 분석부터 학교별 내신,… 방식으로 수업하고 있습니다.",내신과 모의고사·수능을 함께 대비할 1:1 고등 국어과외 탐색,"핵심 고민은 “긴 지문의 핵심을 빠르게 파악하기 어렵거나 문학·독서·문법 영역별 편차가 크고, 모의고사에서 시간 관리와…”입니다.","문학, 독서, 화법과 언어, 작문, 학교별 내신, 모의고사, 수능, 취약영역, 오답분석","지역과 일정에 따라 1:1 방문수업 또는 화상수업으로 진행하며, 문학과 독서의 지문 분석부터 학교별 내신, 모의고사와 수능 대비, 취약영역 및 오답분석까지 현재 실력과 목표에 맞춰 지도","지문을 분석하는 기준과 문제 접근 방법을 익히고, 취약영역과 반복되는 오답을 점검하면서 내신·모의고사·수능 학습의 방향을 구체화",전문형,high_korean
694,https://kimstutoring.co.kr,gumi-elementary-english,publish,ko,경상북도,구미,영어,초등학생,구미 초등학생 영어과외,구미 초등학생 영어과외,"구미에서 배우는 초등학생 영어 과외, 실제로 쓰려는 상황에 맞춰 수업 내용을 정합니다. 지역과 일정에 따라 1:1 방문수업 또는 화상수업으로 진행하며, 기초 어휘와 문장 이해, 읽기 학습을 학생의… 방식으로 수업하고 있습니다.",초등학생 수준에 맞춰 영어 기초와 꾸준한 학습 습관을 기르는 1:1 온라인 과외 찾기,핵심 고민은 “기초 어휘가 부족하고 짧은 문장의 뜻을 이해하거나 꾸준히 읽는 데 어려움이 있음”입니다.,"기초 어휘, 문장 이해, 짧은 글 읽기, 학습 습관","지역과 일정에 따라 1:1 방문수업 또는 화상수업으로 진행하며, 기초 어휘와 문장 이해, 읽기 학습을 학생의 수준과 학습 속도에 맞춰 지도",익숙한 어휘로 짧은 문장의 뜻을 파악하고 스스로 읽고 복습하는 습관 형성,친근형,elementary_english
695,https://kimstutoring.co.kr,gumi-middle-english,publish,ko,경상북도,구미,영어,중학생,구미 중학생 영어과외,구미 중학생 영어과외,"구미에서 중학생 영어 과외 수업을 찾고 계신다면 지금 필요한 내용부터 시작할 수 있습니다. 지역과 일정에 따라 1:1 방문수업 또는 화상수업으로 진행하며, 어휘·문법·독해를 기본으로 학교별 내신과… 방식으로 수업하고 있습니다.",중학생 영어 문법과 독해를 보완하고 학교별 내신과 서술형 및 수행평가를 준비하는 온라인 과외 찾기,핵심 고민은 “어휘와 문법을 배워도 지문에 적용하기 어렵고 서술형 답안과 수행평가 준비가 막막함”입니다.,"어휘, 문법, 독해, 학교별 내신, 서술형, 수행평가","지역과 일정에 따라 1:1 방문수업 또는 화상수업으로 진행하며, 어휘·문법·독해를 기본으로 학교별 내신과 서술형, 수행평가까지 학생의 취약 부분에 맞춰 지도",문법 근거를 설명하며 지문을 읽고 학교 평가 기준에 맞춰 답안을 작성하는 능력 향상,코칭형,middle_english
696,https://kimstutoring.co.kr,gumi-high-english,publish,ko,경상북도,구미,영어,고등학생,구미 고등학생 영어과외,구미 고등학생 영어과외,"구미 고등학생 영어 과외 수업은 정해진 진도보다 현재 실력과 배우는 이유를 중요하게 봅니다. 지역과 일정에 따라 1:1 방문수업 또는 화상수업으로 진행하며, 어휘·구문독해부터 학교별 내신, 모의고사와 수능… 방식으로 수업하고 있습니다.",고등학생 영어 내신과 모의고사 및 수능 준비를 현재 수준에 맞춰 병행하는 온라인 과외 찾기,핵심 고민은 “긴 문장의 구조를 파악하기 어렵고 내신과 모의고사 지문을 읽는 데 시간이 오래 걸림”입니다.,"어휘, 구문독해, 학교별 내신, 모의고사, 수능","지역과 일정에 따라 1:1 방문수업 또는 화상수업으로 진행하며, 어휘·구문독해부터 학교별 내신, 모의고사와 수능 대비까지 현재 실력과 목표에 맞춰 지도",복잡한 문장의 구조를 파악하고 지문의 근거를 바탕으로 답을 선택하는 독해 능력 향상,전문형,high_english
697,https://kimstutoring.co.kr,gumi-elementary-math,publish,ko,경상북도,구미,수학,초등학생,구미 초등학생 수학과외,구미 초등학생 수학과외,"구미에서 초등학생 수학 과외 수업을 찾고 계신다면 지금 필요한 내용부터 시작할 수 있습니다. 지역과 일정에 따라 1:1 방문수업 또는 화상수업으로 진행하며, 연산과 기초개념을 탄탄히 다지고 문제를 이해하는… 방식으로 수업하고 있습니다.",초등학생 수학 연산과 기초개념을 다지고 문제 이해와 풀이 습관을 기르는 온라인 과외 찾기,핵심 고민은 “계산 실수가 반복되고 문장형 문제에서 무엇을 구해야 하는지 파악하기 어려움”입니다.,"연산, 기초개념, 문제 이해, 풀이 습관","지역과 일정에 따라 1:1 방문수업 또는 화상수업으로 진행하며, 연산과 기초개념을 탄탄히 다지고 문제를 이해하는 과정과 올바른 풀이 습관을 학생 수준에 맞춰 지도",계산 과정을 점검하고 문제의 조건을 이해하며 풀이 순서를 정리하는 습관 형성,친근형,elementary_math
698,https://kimstutoring.co.kr,gumi-middle-math,publish,ko,경상북도,구미,수학,중학생,구미 중학생 수학과외,구미 중학생 수학과외,"구미에서 중학생 수학 과외 수업을 찾고 계신다면 지금 필요한 내용부터 시작할 수 있습니다. 지역과 일정에 따라 1:1 방문수업 또는 화상수업으로 진행하며, 개념 이해와 유형별 문제풀이를 연결하고 학교별… 방식으로 수업하고 있습니다.",중학생 수학 개념과 유형별 문제풀이를 연결하고 내신 및 서술형을 준비하는 온라인 과외 찾기,핵심 고민은 “개념을 외워도 문제 유형이 바뀌면 적용하기 어렵고 같은 오답과 풀이 과정 누락이 반복됨”입니다.,"개념, 유형별 문제풀이, 학교별 내신, 서술형, 오답관리","지역과 일정에 따라 1:1 방문수업 또는 화상수업으로 진행하며, 개념 이해와 유형별 문제풀이를 연결하고 학교별 내신, 서술형, 오답관리까지 취약 단원에 맞춰 지도",문제에 맞는 개념을 선택하고 풀이 근거를 순서대로 쓰며 반복되는 실수를 줄이는 능력 향상,코칭형,middle_math
699,https://kimstutoring.co.kr,gumi-high-math,publish,ko,경상북도,구미,수학,고등학생,구미 고등학생 수학과외,구미 고등학생 수학과외,"고등학생 수학 과외 공부를 다시 시작하려는 분께 구미 1:1 수업이 맞는 출발점을 찾아드립니다. 지역과 일정에 따라 1:1 방문수업 또는 화상수업으로 진행하며, 개념과 유형별 문제풀이부터 학교별 내신,… 방식으로 수업하고 있습니다.",고등학생 수학 취약단원을 보완하면서 내신과 모의고사 및 수능을 준비하는 온라인 과외 찾기,핵심 고민은 “개념 사이의 연결이 약하고 복합 문제의 접근 방법을 찾기 어려우며 취약단원에서 오답이 반복됨”입니다.,"개념, 유형별 문제풀이, 학교별 내신, 모의고사, 수능, 취약단원, 오답분석","지역과 일정에 따라 1:1 방문수업 또는 화상수업으로 진행하며, 개념과 유형별 문제풀이부터 학교별 내신, 모의고사와 수능 대비, 취약단원 및 오답분석까지 목표에 맞춰 지도",취약단원의 개념을 연결하고 문제 조건에 맞는 풀이 전략을 선택하며 오답 원인을 스스로 설명하는 능력 향상,전문형,high_math
700,https://kimstutoring.co.kr,gumi-elementary-korean,publish,ko,경상북도,구미,국어,초등학생,구미 초등학생 국어과외,구미 초등학생 국어과외,"초등학생 국어 과외 공부를 다시 시작하려는 분께 구미 1:1 수업이 맞는 출발점을 찾아드립니다. 지역과 일정에 따라 1:1 방문수업 또는 화상수업으로 진행하며, 어휘와 독해를 바탕으로 글의 내용을 이해하고… 방식으로 수업하고 있습니다.",초등학생의 국어 기초와 문해력을 잡아줄 1:1 국어과외 탐색,핵심 고민은 “글을 읽어도 내용을 정확히 이해하지 못하거나 어휘력이 부족해 문제의 뜻을 파악하는 데 어려움”입니다.,"어휘, 독해, 문장 이해, 글의 중심내용 파악, 기초 문해력, 글쓰기, 학습 습관","지역과 일정에 따라 1:1 방문수업 또는 화상수업으로 진행하며, 어휘와 독해를 바탕으로 글의 내용을 이해하고 자신의 생각을 표현하는 힘을 학생의 수준과 학습 속도에 맞춰 지도","글을 읽고 핵심 내용을 파악하는 힘을 기르고, 국어뿐 아니라 다른 과목의 문제를 이해하는 데 필요한 기초 문해력과 학습 습관 형성",친근형,elementary_korean
701,https://kimstutoring.co.kr,gumi-middle-korean,publish,ko,경상북도,구미,국어,중학생,구미 중학생 국어과외,구미 중학생 국어과외,"구미에서 중학생 국어 과외 수업을 찾고 계신다면 지금 필요한 내용부터 시작할 수 있습니다. 지역과 일정에 따라 1:1 방문수업 또는 화상수업으로 진행하며, 문학·비문학 독해와 문법을 기본으로 학교별… 방식으로 수업하고 있습니다.",학교 내신과 국어 기본기를 함께 준비할 1:1 중등 국어과외 탐색,"핵심 고민은 “문학과 비문학 지문을 감으로 풀거나 문법 개념이 부족하고, 학교 시험의 서술형·수행평가 대비가 어려움”입니다.","문학, 비문학, 문법, 어휘, 학교별 내신, 서술형, 수행평가, 오답관리","지역과 일정에 따라 1:1 방문수업 또는 화상수업으로 진행하며, 문학·비문학 독해와 문법을 기본으로 학교별 내신, 서술형과 수행평가까지 학생의 취약 부분에 맞춰 지도","지문을 근거로 읽고 문제를 해결하는 방법을 익히며, 부족한 영역을 파악해 내신과 고등 국어 학습에 필요한 기본기 강화",코칭형,middle_korean
702,https://kimstutoring.co.kr,gumi-high-korean,publish,ko,경상북도,구미,국어,고등학생,구미 고등학생 국어과외,구미 고등학생 국어과외,"고등학생 국어 과외 공부를 다시 시작하려는 분께 구미 1:1 수업이 맞는 출발점을 찾아드립니다. 지역과 일정에 따라 1:1 방문수업 또는 화상수업으로 진행하며, 문학과 독서의 지문 분석부터 학교별 내신,… 방식으로 수업하고 있습니다.",내신과 모의고사·수능을 함께 대비할 1:1 고등 국어과외 탐색,"핵심 고민은 “긴 지문의 핵심을 빠르게 파악하기 어렵거나 문학·독서·문법 영역별 편차가 크고, 모의고사에서 시간 관리와…”입니다.","문학, 독서, 화법과 언어, 작문, 학교별 내신, 모의고사, 수능, 취약영역, 오답분석","지역과 일정에 따라 1:1 방문수업 또는 화상수업으로 진행하며, 문학과 독서의 지문 분석부터 학교별 내신, 모의고사와 수능 대비, 취약영역 및 오답분석까지 현재 실력과 목표에 맞춰 지도","지문을 분석하는 기준과 문제 접근 방법을 익히고, 취약영역과 반복되는 오답을 점검하면서 내신·모의고사·수능 학습의 방향을 구체화",전문형,high_korean
703,https://kimstutoring.co.kr,gimcheon-elementary-english,publish,ko,경상북도,김천,영어,초등학생,김천 초등학생 영어과외,김천 초등학생 영어과외,"김천 초등학생 영어 과외 수업은 정해진 진도보다 현재 실력과 배우는 이유를 중요하게 봅니다. 지역과 일정에 따라 1:1 방문수업 또는 화상수업으로 진행하며, 기초 어휘와 문장 이해, 읽기 학습을 학생의… 방식으로 수업하고 있습니다.",초등학생 수준에 맞춰 영어 기초와 꾸준한 학습 습관을 기르는 1:1 온라인 과외 찾기,핵심 고민은 “기초 어휘가 부족하고 짧은 문장의 뜻을 이해하거나 꾸준히 읽는 데 어려움이 있음”입니다.,"기초 어휘, 문장 이해, 짧은 글 읽기, 학습 습관","지역과 일정에 따라 1:1 방문수업 또는 화상수업으로 진행하며, 기초 어휘와 문장 이해, 읽기 학습을 학생의 수준과 학습 속도에 맞춰 지도",익숙한 어휘로 짧은 문장의 뜻을 파악하고 스스로 읽고 복습하는 습관 형성,친근형,elementary_english
704,https://kimstutoring.co.kr,gimcheon-middle-english,publish,ko,경상북도,김천,영어,중학생,김천 중학생 영어과외,김천 중학생 영어과외,"중학생 영어 과외 공부를 다시 시작하려는 분께 김천 1:1 수업이 맞는 출발점을 찾아드립니다. 지역과 일정에 따라 1:1 방문수업 또는 화상수업으로 진행하며, 어휘·문법·독해를 기본으로 학교별 내신과… 방식으로 수업하고 있습니다.",중학생 영어 문법과 독해를 보완하고 학교별 내신과 서술형 및 수행평가를 준비하는 온라인 과외 찾기,핵심 고민은 “어휘와 문법을 배워도 지문에 적용하기 어렵고 서술형 답안과 수행평가 준비가 막막함”입니다.,"어휘, 문법, 독해, 학교별 내신, 서술형, 수행평가","지역과 일정에 따라 1:1 방문수업 또는 화상수업으로 진행하며, 어휘·문법·독해를 기본으로 학교별 내신과 서술형, 수행평가까지 학생의 취약 부분에 맞춰 지도",문법 근거를 설명하며 지문을 읽고 학교 평가 기준에 맞춰 답안을 작성하는 능력 향상,코칭형,middle_english
705,https://kimstutoring.co.kr,gimcheon-high-english,publish,ko,경상북도,김천,영어,고등학생,김천 고등학생 영어과외,김천 고등학생 영어과외,"김천에서 배우는 고등학생 영어 과외, 실제로 쓰려는 상황에 맞춰 수업 내용을 정합니다. 지역과 일정에 따라 1:1 방문수업 또는 화상수업으로 진행하며, 어휘·구문독해부터 학교별 내신, 모의고사와 수능… 방식으로 수업하고 있습니다.",고등학생 영어 내신과 모의고사 및 수능 준비를 현재 수준에 맞춰 병행하는 온라인 과외 찾기,핵심 고민은 “긴 문장의 구조를 파악하기 어렵고 내신과 모의고사 지문을 읽는 데 시간이 오래 걸림”입니다.,"어휘, 구문독해, 학교별 내신, 모의고사, 수능","지역과 일정에 따라 1:1 방문수업 또는 화상수업으로 진행하며, 어휘·구문독해부터 학교별 내신, 모의고사와 수능 대비까지 현재 실력과 목표에 맞춰 지도",복잡한 문장의 구조를 파악하고 지문의 근거를 바탕으로 답을 선택하는 독해 능력 향상,전문형,high_english
706,https://kimstutoring.co.kr,gimcheon-elementary-math,publish,ko,경상북도,김천,수학,초등학생,김천 초등학생 수학과외,김천 초등학생 수학과외,"초등학생 수학 과외 공부를 다시 시작하려는 분께 김천 1:1 수업이 맞는 출발점을 찾아드립니다. 지역과 일정에 따라 1:1 방문수업 또는 화상수업으로 진행하며, 연산과 기초개념을 탄탄히 다지고 문제를 이해하는… 방식으로 수업하고 있습니다.",초등학생 수학 연산과 기초개념을 다지고 문제 이해와 풀이 습관을 기르는 온라인 과외 찾기,핵심 고민은 “계산 실수가 반복되고 문장형 문제에서 무엇을 구해야 하는지 파악하기 어려움”입니다.,"연산, 기초개념, 문제 이해, 풀이 습관","지역과 일정에 따라 1:1 방문수업 또는 화상수업으로 진행하며, 연산과 기초개념을 탄탄히 다지고 문제를 이해하는 과정과 올바른 풀이 습관을 학생 수준에 맞춰 지도",계산 과정을 점검하고 문제의 조건을 이해하며 풀이 순서를 정리하는 습관 형성,친근형,elementary_math
707,https://kimstutoring.co.kr,gimcheon-middle-math,publish,ko,경상북도,김천,수학,중학생,김천 중학생 수학과외,김천 중학생 수학과외,"중학생 수학 과외 공부를 다시 시작하려는 분께 김천 1:1 수업이 맞는 출발점을 찾아드립니다. 지역과 일정에 따라 1:1 방문수업 또는 화상수업으로 진행하며, 개념 이해와 유형별 문제풀이를 연결하고 학교별… 방식으로 수업하고 있습니다.",중학생 수학 개념과 유형별 문제풀이를 연결하고 내신 및 서술형을 준비하는 온라인 과외 찾기,핵심 고민은 “개념을 외워도 문제 유형이 바뀌면 적용하기 어렵고 같은 오답과 풀이 과정 누락이 반복됨”입니다.,"개념, 유형별 문제풀이, 학교별 내신, 서술형, 오답관리","지역과 일정에 따라 1:1 방문수업 또는 화상수업으로 진행하며, 개념 이해와 유형별 문제풀이를 연결하고 학교별 내신, 서술형, 오답관리까지 취약 단원에 맞춰 지도",문제에 맞는 개념을 선택하고 풀이 근거를 순서대로 쓰며 반복되는 실수를 줄이는 능력 향상,코칭형,middle_math
708,https://kimstutoring.co.kr,gimcheon-high-math,publish,ko,경상북도,김천,수학,고등학생,김천 고등학생 수학과외,김천 고등학생 수학과외,"김천에서 고등학생 수학 과외 수업을 찾고 계신다면 지금 필요한 내용부터 시작할 수 있습니다. 지역과 일정에 따라 1:1 방문수업 또는 화상수업으로 진행하며, 개념과 유형별 문제풀이부터 학교별 내신,… 방식으로 수업하고 있습니다.",고등학생 수학 취약단원을 보완하면서 내신과 모의고사 및 수능을 준비하는 온라인 과외 찾기,핵심 고민은 “개념 사이의 연결이 약하고 복합 문제의 접근 방법을 찾기 어려우며 취약단원에서 오답이 반복됨”입니다.,"개념, 유형별 문제풀이, 학교별 내신, 모의고사, 수능, 취약단원, 오답분석","지역과 일정에 따라 1:1 방문수업 또는 화상수업으로 진행하며, 개념과 유형별 문제풀이부터 학교별 내신, 모의고사와 수능 대비, 취약단원 및 오답분석까지 목표에 맞춰 지도",취약단원의 개념을 연결하고 문제 조건에 맞는 풀이 전략을 선택하며 오답 원인을 스스로 설명하는 능력 향상,전문형,high_math
709,https://kimstutoring.co.kr,gimcheon-elementary-korean,publish,ko,경상북도,김천,국어,초등학생,김천 초등학생 국어과외,김천 초등학생 국어과외,"김천에서 초등학생 국어 과외 수업을 찾고 계신다면 지금 필요한 내용부터 시작할 수 있습니다. 지역과 일정에 따라 1:1 방문수업 또는 화상수업으로 진행하며, 어휘와 독해를 바탕으로 글의 내용을 이해하고… 방식으로 수업하고 있습니다.",초등학생의 국어 기초와 문해력을 잡아줄 1:1 국어과외 탐색,핵심 고민은 “글을 읽어도 내용을 정확히 이해하지 못하거나 어휘력이 부족해 문제의 뜻을 파악하는 데 어려움”입니다.,"어휘, 독해, 문장 이해, 글의 중심내용 파악, 기초 문해력, 글쓰기, 학습 습관","지역과 일정에 따라 1:1 방문수업 또는 화상수업으로 진행하며, 어휘와 독해를 바탕으로 글의 내용을 이해하고 자신의 생각을 표현하는 힘을 학생의 수준과 학습 속도에 맞춰 지도","글을 읽고 핵심 내용을 파악하는 힘을 기르고, 국어뿐 아니라 다른 과목의 문제를 이해하는 데 필요한 기초 문해력과 학습 습관 형성",친근형,elementary_korean
710,https://kimstutoring.co.kr,gimcheon-middle-korean,publish,ko,경상북도,김천,국어,중학생,김천 중학생 국어과외,김천 중학생 국어과외,"중학생 국어 과외 공부를 다시 시작하려는 분께 김천 1:1 수업이 맞는 출발점을 찾아드립니다. 지역과 일정에 따라 1:1 방문수업 또는 화상수업으로 진행하며, 문학·비문학 독해와 문법을 기본으로 학교별… 방식으로 수업하고 있습니다.",학교 내신과 국어 기본기를 함께 준비할 1:1 중등 국어과외 탐색,"핵심 고민은 “문학과 비문학 지문을 감으로 풀거나 문법 개념이 부족하고, 학교 시험의 서술형·수행평가 대비가 어려움”입니다.","문학, 비문학, 문법, 어휘, 학교별 내신, 서술형, 수행평가, 오답관리","지역과 일정에 따라 1:1 방문수업 또는 화상수업으로 진행하며, 문학·비문학 독해와 문법을 기본으로 학교별 내신, 서술형과 수행평가까지 학생의 취약 부분에 맞춰 지도","지문을 근거로 읽고 문제를 해결하는 방법을 익히며, 부족한 영역을 파악해 내신과 고등 국어 학습에 필요한 기본기 강화",코칭형,middle_korean
711,https://kimstutoring.co.kr,gimcheon-high-korean,publish,ko,경상북도,김천,국어,고등학생,김천 고등학생 국어과외,김천 고등학생 국어과외,"김천에서 고등학생 국어 과외 수업을 찾고 계신다면 지금 필요한 내용부터 시작할 수 있습니다. 지역과 일정에 따라 1:1 방문수업 또는 화상수업으로 진행하며, 문학과 독서의 지문 분석부터 학교별 내신,… 방식으로 수업하고 있습니다.",내신과 모의고사·수능을 함께 대비할 1:1 고등 국어과외 탐색,"핵심 고민은 “긴 지문의 핵심을 빠르게 파악하기 어렵거나 문학·독서·문법 영역별 편차가 크고, 모의고사에서 시간 관리와…”입니다.","문학, 독서, 화법과 언어, 작문, 학교별 내신, 모의고사, 수능, 취약영역, 오답분석","지역과 일정에 따라 1:1 방문수업 또는 화상수업으로 진행하며, 문학과 독서의 지문 분석부터 학교별 내신, 모의고사와 수능 대비, 취약영역 및 오답분석까지 현재 실력과 목표에 맞춰 지도","지문을 분석하는 기준과 문제 접근 방법을 익히고, 취약영역과 반복되는 오답을 점검하면서 내신·모의고사·수능 학습의 방향을 구체화",전문형,high_korean
712,https://kimstutoring.co.kr,sangju-elementary-english,publish,ko,경상북도,상주,영어,초등학생,상주 초등학생 영어과외,상주 초등학생 영어과외,"상주 초등학생 영어 과외 수업은 정해진 진도보다 현재 실력과 배우는 이유를 중요하게 봅니다. 지역과 일정에 따라 1:1 방문수업 또는 화상수업으로 진행하며, 기초 어휘와 문장 이해, 읽기 학습을 학생의… 방식으로 수업하고 있습니다.",초등학생 수준에 맞춰 영어 기초와 꾸준한 학습 습관을 기르는 1:1 온라인 과외 찾기,핵심 고민은 “기초 어휘가 부족하고 짧은 문장의 뜻을 이해하거나 꾸준히 읽는 데 어려움이 있음”입니다.,"기초 어휘, 문장 이해, 짧은 글 읽기, 학습 습관","지역과 일정에 따라 1:1 방문수업 또는 화상수업으로 진행하며, 기초 어휘와 문장 이해, 읽기 학습을 학생의 수준과 학습 속도에 맞춰 지도",익숙한 어휘로 짧은 문장의 뜻을 파악하고 스스로 읽고 복습하는 습관 형성,친근형,elementary_english
713,https://kimstutoring.co.kr,sangju-middle-english,publish,ko,경상북도,상주,영어,중학생,상주 중학생 영어과외,상주 중학생 영어과외,"중학생 영어 과외 공부를 다시 시작하려는 분께 상주 1:1 수업이 맞는 출발점을 찾아드립니다. 지역과 일정에 따라 1:1 방문수업 또는 화상수업으로 진행하며, 어휘·문법·독해를 기본으로 학교별 내신과… 방식으로 수업하고 있습니다.",중학생 영어 문법과 독해를 보완하고 학교별 내신과 서술형 및 수행평가를 준비하는 온라인 과외 찾기,핵심 고민은 “어휘와 문법을 배워도 지문에 적용하기 어렵고 서술형 답안과 수행평가 준비가 막막함”입니다.,"어휘, 문법, 독해, 학교별 내신, 서술형, 수행평가","지역과 일정에 따라 1:1 방문수업 또는 화상수업으로 진행하며, 어휘·문법·독해를 기본으로 학교별 내신과 서술형, 수행평가까지 학생의 취약 부분에 맞춰 지도",문법 근거를 설명하며 지문을 읽고 학교 평가 기준에 맞춰 답안을 작성하는 능력 향상,코칭형,middle_english
714,https://kimstutoring.co.kr,sangju-high-english,publish,ko,경상북도,상주,영어,고등학생,상주 고등학생 영어과외,상주 고등학생 영어과외,"상주에서 배우는 고등학생 영어 과외, 실제로 쓰려는 상황에 맞춰 수업 내용을 정합니다. 지역과 일정에 따라 1:1 방문수업 또는 화상수업으로 진행하며, 어휘·구문독해부터 학교별 내신, 모의고사와 수능… 방식으로 수업하고 있습니다.",고등학생 영어 내신과 모의고사 및 수능 준비를 현재 수준에 맞춰 병행하는 온라인 과외 찾기,핵심 고민은 “긴 문장의 구조를 파악하기 어렵고 내신과 모의고사 지문을 읽는 데 시간이 오래 걸림”입니다.,"어휘, 구문독해, 학교별 내신, 모의고사, 수능","지역과 일정에 따라 1:1 방문수업 또는 화상수업으로 진행하며, 어휘·구문독해부터 학교별 내신, 모의고사와 수능 대비까지 현재 실력과 목표에 맞춰 지도",복잡한 문장의 구조를 파악하고 지문의 근거를 바탕으로 답을 선택하는 독해 능력 향상,전문형,high_english
715,https://kimstutoring.co.kr,sangju-elementary-math,publish,ko,경상북도,상주,수학,초등학생,상주 초등학생 수학과외,상주 초등학생 수학과외,"초등학생 수학 과외 공부를 다시 시작하려는 분께 상주 1:1 수업이 맞는 출발점을 찾아드립니다. 지역과 일정에 따라 1:1 방문수업 또는 화상수업으로 진행하며, 연산과 기초개념을 탄탄히 다지고 문제를 이해하는… 방식으로 수업하고 있습니다.",초등학생 수학 연산과 기초개념을 다지고 문제 이해와 풀이 습관을 기르는 온라인 과외 찾기,핵심 고민은 “계산 실수가 반복되고 문장형 문제에서 무엇을 구해야 하는지 파악하기 어려움”입니다.,"연산, 기초개념, 문제 이해, 풀이 습관","지역과 일정에 따라 1:1 방문수업 또는 화상수업으로 진행하며, 연산과 기초개념을 탄탄히 다지고 문제를 이해하는 과정과 올바른 풀이 습관을 학생 수준에 맞춰 지도",계산 과정을 점검하고 문제의 조건을 이해하며 풀이 순서를 정리하는 습관 형성,친근형,elementary_math
716,https://kimstutoring.co.kr,sangju-middle-math,publish,ko,경상북도,상주,수학,중학생,상주 중학생 수학과외,상주 중학생 수학과외,"중학생 수학 과외 공부를 다시 시작하려는 분께 상주 1:1 수업이 맞는 출발점을 찾아드립니다. 지역과 일정에 따라 1:1 방문수업 또는 화상수업으로 진행하며, 개념 이해와 유형별 문제풀이를 연결하고 학교별… 방식으로 수업하고 있습니다.",중학생 수학 개념과 유형별 문제풀이를 연결하고 내신 및 서술형을 준비하는 온라인 과외 찾기,핵심 고민은 “개념을 외워도 문제 유형이 바뀌면 적용하기 어렵고 같은 오답과 풀이 과정 누락이 반복됨”입니다.,"개념, 유형별 문제풀이, 학교별 내신, 서술형, 오답관리","지역과 일정에 따라 1:1 방문수업 또는 화상수업으로 진행하며, 개념 이해와 유형별 문제풀이를 연결하고 학교별 내신, 서술형, 오답관리까지 취약 단원에 맞춰 지도",문제에 맞는 개념을 선택하고 풀이 근거를 순서대로 쓰며 반복되는 실수를 줄이는 능력 향상,코칭형,middle_math
717,https://kimstutoring.co.kr,sangju-high-math,publish,ko,경상북도,상주,수학,고등학생,상주 고등학생 수학과외,상주 고등학생 수학과외,"상주에서 고등학생 수학 과외 수업을 찾고 계신다면 지금 필요한 내용부터 시작할 수 있습니다. 지역과 일정에 따라 1:1 방문수업 또는 화상수업으로 진행하며, 개념과 유형별 문제풀이부터 학교별 내신,… 방식으로 수업하고 있습니다.",고등학생 수학 취약단원을 보완하면서 내신과 모의고사 및 수능을 준비하는 온라인 과외 찾기,핵심 고민은 “개념 사이의 연결이 약하고 복합 문제의 접근 방법을 찾기 어려우며 취약단원에서 오답이 반복됨”입니다.,"개념, 유형별 문제풀이, 학교별 내신, 모의고사, 수능, 취약단원, 오답분석","지역과 일정에 따라 1:1 방문수업 또는 화상수업으로 진행하며, 개념과 유형별 문제풀이부터 학교별 내신, 모의고사와 수능 대비, 취약단원 및 오답분석까지 목표에 맞춰 지도",취약단원의 개념을 연결하고 문제 조건에 맞는 풀이 전략을 선택하며 오답 원인을 스스로 설명하는 능력 향상,전문형,high_math
718,https://kimstutoring.co.kr,sangju-elementary-korean,publish,ko,경상북도,상주,국어,초등학생,상주 초등학생 국어과외,상주 초등학생 국어과외,"상주에서 초등학생 국어 과외 수업을 찾고 계신다면 지금 필요한 내용부터 시작할 수 있습니다. 지역과 일정에 따라 1:1 방문수업 또는 화상수업으로 진행하며, 어휘와 독해를 바탕으로 글의 내용을 이해하고… 방식으로 수업하고 있습니다.",초등학생의 국어 기초와 문해력을 잡아줄 1:1 국어과외 탐색,핵심 고민은 “글을 읽어도 내용을 정확히 이해하지 못하거나 어휘력이 부족해 문제의 뜻을 파악하는 데 어려움”입니다.,"어휘, 독해, 문장 이해, 글의 중심내용 파악, 기초 문해력, 글쓰기, 학습 습관","지역과 일정에 따라 1:1 방문수업 또는 화상수업으로 진행하며, 어휘와 독해를 바탕으로 글의 내용을 이해하고 자신의 생각을 표현하는 힘을 학생의 수준과 학습 속도에 맞춰 지도","글을 읽고 핵심 내용을 파악하는 힘을 기르고, 국어뿐 아니라 다른 과목의 문제를 이해하는 데 필요한 기초 문해력과 학습 습관 형성",친근형,elementary_korean
719,https://kimstutoring.co.kr,sangju-middle-korean,publish,ko,경상북도,상주,국어,중학생,상주 중학생 국어과외,상주 중학생 국어과외,"중학생 국어 과외 공부를 다시 시작하려는 분께 상주 1:1 수업이 맞는 출발점을 찾아드립니다. 지역과 일정에 따라 1:1 방문수업 또는 화상수업으로 진행하며, 문학·비문학 독해와 문법을 기본으로 학교별… 방식으로 수업하고 있습니다.",학교 내신과 국어 기본기를 함께 준비할 1:1 중등 국어과외 탐색,"핵심 고민은 “문학과 비문학 지문을 감으로 풀거나 문법 개념이 부족하고, 학교 시험의 서술형·수행평가 대비가 어려움”입니다.","문학, 비문학, 문법, 어휘, 학교별 내신, 서술형, 수행평가, 오답관리","지역과 일정에 따라 1:1 방문수업 또는 화상수업으로 진행하며, 문학·비문학 독해와 문법을 기본으로 학교별 내신, 서술형과 수행평가까지 학생의 취약 부분에 맞춰 지도","지문을 근거로 읽고 문제를 해결하는 방법을 익히며, 부족한 영역을 파악해 내신과 고등 국어 학습에 필요한 기본기 강화",코칭형,middle_korean
720,https://kimstutoring.co.kr,sangju-high-korean,publish,ko,경상북도,상주,국어,고등학생,상주 고등학생 국어과외,상주 고등학생 국어과외,"상주에서 고등학생 국어 과외 수업을 찾고 계신다면 지금 필요한 내용부터 시작할 수 있습니다. 지역과 일정에 따라 1:1 방문수업 또는 화상수업으로 진행하며, 문학과 독서의 지문 분석부터 학교별 내신,… 방식으로 수업하고 있습니다.",내신과 모의고사·수능을 함께 대비할 1:1 고등 국어과외 탐색,"핵심 고민은 “긴 지문의 핵심을 빠르게 파악하기 어렵거나 문학·독서·문법 영역별 편차가 크고, 모의고사에서 시간 관리와…”입니다.","문학, 독서, 화법과 언어, 작문, 학교별 내신, 모의고사, 수능, 취약영역, 오답분석","지역과 일정에 따라 1:1 방문수업 또는 화상수업으로 진행하며, 문학과 독서의 지문 분석부터 학교별 내신, 모의고사와 수능 대비, 취약영역 및 오답분석까지 현재 실력과 목표에 맞춰 지도","지문을 분석하는 기준과 문제 접근 방법을 익히고, 취약영역과 반복되는 오답을 점검하면서 내신·모의고사·수능 학습의 방향을 구체화",전문형,high_korean
721,https://kimstutoring.co.kr,andong-elementary-english,publish,ko,경상북도,안동,영어,초등학생,안동 초등학생 영어과외,안동 초등학생 영어과외,"안동 초등학생 영어 과외 수업을 고민 중이라면 잘하는 부분과 보완할 부분을 나누어 시작합니다. 지역과 일정에 따라 1:1 방문수업 또는 화상수업으로 진행하며, 기초 어휘와 문장 이해, 읽기 학습을 학생의… 방식으로 수업하고 있습니다.",초등학생 수준에 맞춰 영어 기초와 꾸준한 학습 습관을 기르는 1:1 온라인 과외 찾기,핵심 고민은 “기초 어휘가 부족하고 짧은 문장의 뜻을 이해하거나 꾸준히 읽는 데 어려움이 있음”입니다.,"기초 어휘, 문장 이해, 짧은 글 읽기, 학습 습관","지역과 일정에 따라 1:1 방문수업 또는 화상수업으로 진행하며, 기초 어휘와 문장 이해, 읽기 학습을 학생의 수준과 학습 속도에 맞춰 지도",익숙한 어휘로 짧은 문장의 뜻을 파악하고 스스로 읽고 복습하는 습관 형성,친근형,elementary_english
722,https://kimstutoring.co.kr,andong-middle-english,publish,ko,경상북도,안동,영어,중학생,안동 중학생 영어과외,안동 중학생 영어과외,"안동에서 중학생 영어 과외 실력을 늘리고 싶다면 자주 막히는 부분부터 직접 다뤄봅니다. 지역과 일정에 따라 1:1 방문수업 또는 화상수업으로 진행하며, 어휘·문법·독해를 기본으로 학교별 내신과… 방식으로 수업하고 있습니다.",중학생 영어 문법과 독해를 보완하고 학교별 내신과 서술형 및 수행평가를 준비하는 온라인 과외 찾기,핵심 고민은 “어휘와 문법을 배워도 지문에 적용하기 어렵고 서술형 답안과 수행평가 준비가 막막함”입니다.,"어휘, 문법, 독해, 학교별 내신, 서술형, 수행평가","지역과 일정에 따라 1:1 방문수업 또는 화상수업으로 진행하며, 어휘·문법·독해를 기본으로 학교별 내신과 서술형, 수행평가까지 학생의 취약 부분에 맞춰 지도",문법 근거를 설명하며 지문을 읽고 학교 평가 기준에 맞춰 답안을 작성하는 능력 향상,코칭형,middle_english
723,https://kimstutoring.co.kr,andong-high-english,publish,ko,경상북도,안동,영어,고등학생,안동 고등학생 영어과외,안동 고등학생 영어과외,"안동 고등학생 영어 과외 수업을 고민 중이라면 잘하는 부분과 보완할 부분을 나누어 시작합니다. 지역과 일정에 따라 1:1 방문수업 또는 화상수업으로 진행하며, 어휘·구문독해부터 학교별 내신, 모의고사와 수능… 방식으로 수업하고 있습니다.",고등학생 영어 내신과 모의고사 및 수능 준비를 현재 수준에 맞춰 병행하는 온라인 과외 찾기,핵심 고민은 “긴 문장의 구조를 파악하기 어렵고 내신과 모의고사 지문을 읽는 데 시간이 오래 걸림”입니다.,"어휘, 구문독해, 학교별 내신, 모의고사, 수능","지역과 일정에 따라 1:1 방문수업 또는 화상수업으로 진행하며, 어휘·구문독해부터 학교별 내신, 모의고사와 수능 대비까지 현재 실력과 목표에 맞춰 지도",복잡한 문장의 구조를 파악하고 지문의 근거를 바탕으로 답을 선택하는 독해 능력 향상,전문형,high_english
724,https://kimstutoring.co.kr,andong-elementary-math,publish,ko,경상북도,안동,수학,초등학생,안동 초등학생 수학과외,안동 초등학생 수학과외,"안동에서 초등학생 수학 과외 실력을 늘리고 싶다면 자주 막히는 부분부터 직접 다뤄봅니다. 지역과 일정에 따라 1:1 방문수업 또는 화상수업으로 진행하며, 연산과 기초개념을 탄탄히 다지고 문제를 이해하는… 방식으로 수업하고 있습니다.",초등학생 수학 연산과 기초개념을 다지고 문제 이해와 풀이 습관을 기르는 온라인 과외 찾기,핵심 고민은 “계산 실수가 반복되고 문장형 문제에서 무엇을 구해야 하는지 파악하기 어려움”입니다.,"연산, 기초개념, 문제 이해, 풀이 습관","지역과 일정에 따라 1:1 방문수업 또는 화상수업으로 진행하며, 연산과 기초개념을 탄탄히 다지고 문제를 이해하는 과정과 올바른 풀이 습관을 학생 수준에 맞춰 지도",계산 과정을 점검하고 문제의 조건을 이해하며 풀이 순서를 정리하는 습관 형성,친근형,elementary_math
725,https://kimstutoring.co.kr,andong-middle-math,publish,ko,경상북도,안동,수학,중학생,안동 중학생 수학과외,안동 중학생 수학과외,"안동에서 중학생 수학 과외 실력을 늘리고 싶다면 자주 막히는 부분부터 직접 다뤄봅니다. 지역과 일정에 따라 1:1 방문수업 또는 화상수업으로 진행하며, 개념 이해와 유형별 문제풀이를 연결하고 학교별… 방식으로 수업하고 있습니다.",중학생 수학 개념과 유형별 문제풀이를 연결하고 내신 및 서술형을 준비하는 온라인 과외 찾기,핵심 고민은 “개념을 외워도 문제 유형이 바뀌면 적용하기 어렵고 같은 오답과 풀이 과정 누락이 반복됨”입니다.,"개념, 유형별 문제풀이, 학교별 내신, 서술형, 오답관리","지역과 일정에 따라 1:1 방문수업 또는 화상수업으로 진행하며, 개념 이해와 유형별 문제풀이를 연결하고 학교별 내신, 서술형, 오답관리까지 취약 단원에 맞춰 지도",문제에 맞는 개념을 선택하고 풀이 근거를 순서대로 쓰며 반복되는 실수를 줄이는 능력 향상,코칭형,middle_math
726,https://kimstutoring.co.kr,andong-high-math,publish,ko,경상북도,안동,수학,고등학생,안동 고등학생 수학과외,안동 고등학생 수학과외,"고등학생 수학 과외 때문에 고민이 있다면 안동 수업에서 지금 필요한 연습부터 함께 해볼 수 있습니다. 지역과 일정에 따라 1:1 방문수업 또는 화상수업으로 진행하며, 개념과 유형별 문제풀이부터 학교별 내신,… 방식으로 수업하고 있습니다.",고등학생 수학 취약단원을 보완하면서 내신과 모의고사 및 수능을 준비하는 온라인 과외 찾기,핵심 고민은 “개념 사이의 연결이 약하고 복합 문제의 접근 방법을 찾기 어려우며 취약단원에서 오답이 반복됨”입니다.,"개념, 유형별 문제풀이, 학교별 내신, 모의고사, 수능, 취약단원, 오답분석","지역과 일정에 따라 1:1 방문수업 또는 화상수업으로 진행하며, 개념과 유형별 문제풀이부터 학교별 내신, 모의고사와 수능 대비, 취약단원 및 오답분석까지 목표에 맞춰 지도",취약단원의 개념을 연결하고 문제 조건에 맞는 풀이 전략을 선택하며 오답 원인을 스스로 설명하는 능력 향상,전문형,high_math
727,https://kimstutoring.co.kr,andong-elementary-korean,publish,ko,경상북도,안동,국어,초등학생,안동 초등학생 국어과외,안동 초등학생 국어과외,"초등학생 국어 과외 때문에 고민이 있다면 안동 수업에서 지금 필요한 연습부터 함께 해볼 수 있습니다. 지역과 일정에 따라 1:1 방문수업 또는 화상수업으로 진행하며, 어휘와 독해를 바탕으로 글의 내용을 이해하고… 방식으로 수업하고 있습니다.",초등학생의 국어 기초와 문해력을 잡아줄 1:1 국어과외 탐색,핵심 고민은 “글을 읽어도 내용을 정확히 이해하지 못하거나 어휘력이 부족해 문제의 뜻을 파악하는 데 어려움”입니다.,"어휘, 독해, 문장 이해, 글의 중심내용 파악, 기초 문해력, 글쓰기, 학습 습관","지역과 일정에 따라 1:1 방문수업 또는 화상수업으로 진행하며, 어휘와 독해를 바탕으로 글의 내용을 이해하고 자신의 생각을 표현하는 힘을 학생의 수준과 학습 속도에 맞춰 지도","글을 읽고 핵심 내용을 파악하는 힘을 기르고, 국어뿐 아니라 다른 과목의 문제를 이해하는 데 필요한 기초 문해력과 학습 습관 형성",친근형,elementary_korean
728,https://kimstutoring.co.kr,andong-middle-korean,publish,ko,경상북도,안동,국어,중학생,안동 중학생 국어과외,안동 중학생 국어과외,"안동에서 중학생 국어 과외 실력을 늘리고 싶다면 자주 막히는 부분부터 직접 다뤄봅니다. 지역과 일정에 따라 1:1 방문수업 또는 화상수업으로 진행하며, 문학·비문학 독해와 문법을 기본으로 학교별… 방식으로 수업하고 있습니다.",학교 내신과 국어 기본기를 함께 준비할 1:1 중등 국어과외 탐색,"핵심 고민은 “문학과 비문학 지문을 감으로 풀거나 문법 개념이 부족하고, 학교 시험의 서술형·수행평가 대비가 어려움”입니다.","문학, 비문학, 문법, 어휘, 학교별 내신, 서술형, 수행평가, 오답관리","지역과 일정에 따라 1:1 방문수업 또는 화상수업으로 진행하며, 문학·비문학 독해와 문법을 기본으로 학교별 내신, 서술형과 수행평가까지 학생의 취약 부분에 맞춰 지도","지문을 근거로 읽고 문제를 해결하는 방법을 익히며, 부족한 영역을 파악해 내신과 고등 국어 학습에 필요한 기본기 강화",코칭형,middle_korean
729,https://kimstutoring.co.kr,andong-high-korean,publish,ko,경상북도,안동,국어,고등학생,안동 고등학생 국어과외,안동 고등학생 국어과외,"고등학생 국어 과외 때문에 고민이 있다면 안동 수업에서 지금 필요한 연습부터 함께 해볼 수 있습니다. 지역과 일정에 따라 1:1 방문수업 또는 화상수업으로 진행하며, 문학과 독서의 지문 분석부터 학교별 내신,… 방식으로 수업하고 있습니다.",내신과 모의고사·수능을 함께 대비할 1:1 고등 국어과외 탐색,"핵심 고민은 “긴 지문의 핵심을 빠르게 파악하기 어렵거나 문학·독서·문법 영역별 편차가 크고, 모의고사에서 시간 관리와…”입니다.","문학, 독서, 화법과 언어, 작문, 학교별 내신, 모의고사, 수능, 취약영역, 오답분석","지역과 일정에 따라 1:1 방문수업 또는 화상수업으로 진행하며, 문학과 독서의 지문 분석부터 학교별 내신, 모의고사와 수능 대비, 취약영역 및 오답분석까지 현재 실력과 목표에 맞춰 지도","지문을 분석하는 기준과 문제 접근 방법을 익히고, 취약영역과 반복되는 오답을 점검하면서 내신·모의고사·수능 학습의 방향을 구체화",전문형,high_korean
730,https://kimstutoring.co.kr,mungyeong-elementary-english,publish,ko,경상북도,문경,영어,초등학생,문경 초등학생 영어과외,문경 초등학생 영어과외,"문경 초등학생 영어 과외 수업을 고민 중이라면 잘하는 부분과 보완할 부분을 나누어 시작합니다. 지역과 일정에 따라 1:1 방문수업 또는 화상수업으로 진행하며, 기초 어휘와 문장 이해, 읽기 학습을 학생의… 방식으로 수업하고 있습니다.",초등학생 수준에 맞춰 영어 기초와 꾸준한 학습 습관을 기르는 1:1 온라인 과외 찾기,핵심 고민은 “기초 어휘가 부족하고 짧은 문장의 뜻을 이해하거나 꾸준히 읽는 데 어려움이 있음”입니다.,"기초 어휘, 문장 이해, 짧은 글 읽기, 학습 습관","지역과 일정에 따라 1:1 방문수업 또는 화상수업으로 진행하며, 기초 어휘와 문장 이해, 읽기 학습을 학생의 수준과 학습 속도에 맞춰 지도",익숙한 어휘로 짧은 문장의 뜻을 파악하고 스스로 읽고 복습하는 습관 형성,친근형,elementary_english
731,https://kimstutoring.co.kr,mungyeong-middle-english,publish,ko,경상북도,문경,영어,중학생,문경 중학생 영어과외,문경 중학생 영어과외,"문경에서 중학생 영어 과외 실력을 늘리고 싶다면 자주 막히는 부분부터 직접 다뤄봅니다. 지역과 일정에 따라 1:1 방문수업 또는 화상수업으로 진행하며, 어휘·문법·독해를 기본으로 학교별 내신과… 방식으로 수업하고 있습니다.",중학생 영어 문법과 독해를 보완하고 학교별 내신과 서술형 및 수행평가를 준비하는 온라인 과외 찾기,핵심 고민은 “어휘와 문법을 배워도 지문에 적용하기 어렵고 서술형 답안과 수행평가 준비가 막막함”입니다.,"어휘, 문법, 독해, 학교별 내신, 서술형, 수행평가","지역과 일정에 따라 1:1 방문수업 또는 화상수업으로 진행하며, 어휘·문법·독해를 기본으로 학교별 내신과 서술형, 수행평가까지 학생의 취약 부분에 맞춰 지도",문법 근거를 설명하며 지문을 읽고 학교 평가 기준에 맞춰 답안을 작성하는 능력 향상,코칭형,middle_english
732,https://kimstutoring.co.kr,mungyeong-high-english,publish,ko,경상북도,문경,영어,고등학생,문경 고등학생 영어과외,문경 고등학생 영어과외,"문경 고등학생 영어 과외 수업을 고민 중이라면 잘하는 부분과 보완할 부분을 나누어 시작합니다. 지역과 일정에 따라 1:1 방문수업 또는 화상수업으로 진행하며, 어휘·구문독해부터 학교별 내신, 모의고사와 수능… 방식으로 수업하고 있습니다.",고등학생 영어 내신과 모의고사 및 수능 준비를 현재 수준에 맞춰 병행하는 온라인 과외 찾기,핵심 고민은 “긴 문장의 구조를 파악하기 어렵고 내신과 모의고사 지문을 읽는 데 시간이 오래 걸림”입니다.,"어휘, 구문독해, 학교별 내신, 모의고사, 수능","지역과 일정에 따라 1:1 방문수업 또는 화상수업으로 진행하며, 어휘·구문독해부터 학교별 내신, 모의고사와 수능 대비까지 현재 실력과 목표에 맞춰 지도",복잡한 문장의 구조를 파악하고 지문의 근거를 바탕으로 답을 선택하는 독해 능력 향상,전문형,high_english
733,https://kimstutoring.co.kr,mungyeong-elementary-math,publish,ko,경상북도,문경,수학,초등학생,문경 초등학생 수학과외,문경 초등학생 수학과외,"문경에서 초등학생 수학 과외 실력을 늘리고 싶다면 자주 막히는 부분부터 직접 다뤄봅니다. 지역과 일정에 따라 1:1 방문수업 또는 화상수업으로 진행하며, 연산과 기초개념을 탄탄히 다지고 문제를 이해하는… 방식으로 수업하고 있습니다.",초등학생 수학 연산과 기초개념을 다지고 문제 이해와 풀이 습관을 기르는 온라인 과외 찾기,핵심 고민은 “계산 실수가 반복되고 문장형 문제에서 무엇을 구해야 하는지 파악하기 어려움”입니다.,"연산, 기초개념, 문제 이해, 풀이 습관","지역과 일정에 따라 1:1 방문수업 또는 화상수업으로 진행하며, 연산과 기초개념을 탄탄히 다지고 문제를 이해하는 과정과 올바른 풀이 습관을 학생 수준에 맞춰 지도",계산 과정을 점검하고 문제의 조건을 이해하며 풀이 순서를 정리하는 습관 형성,친근형,elementary_math
734,https://kimstutoring.co.kr,mungyeong-middle-math,publish,ko,경상북도,문경,수학,중학생,문경 중학생 수학과외,문경 중학생 수학과외,"문경에서 중학생 수학 과외 실력을 늘리고 싶다면 자주 막히는 부분부터 직접 다뤄봅니다. 지역과 일정에 따라 1:1 방문수업 또는 화상수업으로 진행하며, 개념 이해와 유형별 문제풀이를 연결하고 학교별… 방식으로 수업하고 있습니다.",중학생 수학 개념과 유형별 문제풀이를 연결하고 내신 및 서술형을 준비하는 온라인 과외 찾기,핵심 고민은 “개념을 외워도 문제 유형이 바뀌면 적용하기 어렵고 같은 오답과 풀이 과정 누락이 반복됨”입니다.,"개념, 유형별 문제풀이, 학교별 내신, 서술형, 오답관리","지역과 일정에 따라 1:1 방문수업 또는 화상수업으로 진행하며, 개념 이해와 유형별 문제풀이를 연결하고 학교별 내신, 서술형, 오답관리까지 취약 단원에 맞춰 지도",문제에 맞는 개념을 선택하고 풀이 근거를 순서대로 쓰며 반복되는 실수를 줄이는 능력 향상,코칭형,middle_math
735,https://kimstutoring.co.kr,mungyeong-high-math,publish,ko,경상북도,문경,수학,고등학생,문경 고등학생 수학과외,문경 고등학생 수학과외,"고등학생 수학 과외 때문에 고민이 있다면 문경 수업에서 지금 필요한 연습부터 함께 해볼 수 있습니다. 지역과 일정에 따라 1:1 방문수업 또는 화상수업으로 진행하며, 개념과 유형별 문제풀이부터 학교별 내신,… 방식으로 수업하고 있습니다.",고등학생 수학 취약단원을 보완하면서 내신과 모의고사 및 수능을 준비하는 온라인 과외 찾기,핵심 고민은 “개념 사이의 연결이 약하고 복합 문제의 접근 방법을 찾기 어려우며 취약단원에서 오답이 반복됨”입니다.,"개념, 유형별 문제풀이, 학교별 내신, 모의고사, 수능, 취약단원, 오답분석","지역과 일정에 따라 1:1 방문수업 또는 화상수업으로 진행하며, 개념과 유형별 문제풀이부터 학교별 내신, 모의고사와 수능 대비, 취약단원 및 오답분석까지 목표에 맞춰 지도",취약단원의 개념을 연결하고 문제 조건에 맞는 풀이 전략을 선택하며 오답 원인을 스스로 설명하는 능력 향상,전문형,high_math
736,https://kimstutoring.co.kr,mungyeong-elementary-korean,publish,ko,경상북도,문경,국어,초등학생,문경 초등학생 국어과외,문경 초등학생 국어과외,"초등학생 국어 과외 때문에 고민이 있다면 문경 수업에서 지금 필요한 연습부터 함께 해볼 수 있습니다. 지역과 일정에 따라 1:1 방문수업 또는 화상수업으로 진행하며, 어휘와 독해를 바탕으로 글의 내용을 이해하고… 방식으로 수업하고 있습니다.",초등학생의 국어 기초와 문해력을 잡아줄 1:1 국어과외 탐색,핵심 고민은 “글을 읽어도 내용을 정확히 이해하지 못하거나 어휘력이 부족해 문제의 뜻을 파악하는 데 어려움”입니다.,"어휘, 독해, 문장 이해, 글의 중심내용 파악, 기초 문해력, 글쓰기, 학습 습관","지역과 일정에 따라 1:1 방문수업 또는 화상수업으로 진행하며, 어휘와 독해를 바탕으로 글의 내용을 이해하고 자신의 생각을 표현하는 힘을 학생의 수준과 학습 속도에 맞춰 지도","글을 읽고 핵심 내용을 파악하는 힘을 기르고, 국어뿐 아니라 다른 과목의 문제를 이해하는 데 필요한 기초 문해력과 학습 습관 형성",친근형,elementary_korean
737,https://kimstutoring.co.kr,mungyeong-middle-korean,publish,ko,경상북도,문경,국어,중학생,문경 중학생 국어과외,문경 중학생 국어과외,"문경에서 중학생 국어 과외 실력을 늘리고 싶다면 자주 막히는 부분부터 직접 다뤄봅니다. 지역과 일정에 따라 1:1 방문수업 또는 화상수업으로 진행하며, 문학·비문학 독해와 문법을 기본으로 학교별… 방식으로 수업하고 있습니다.",학교 내신과 국어 기본기를 함께 준비할 1:1 중등 국어과외 탐색,"핵심 고민은 “문학과 비문학 지문을 감으로 풀거나 문법 개념이 부족하고, 학교 시험의 서술형·수행평가 대비가 어려움”입니다.","문학, 비문학, 문법, 어휘, 학교별 내신, 서술형, 수행평가, 오답관리","지역과 일정에 따라 1:1 방문수업 또는 화상수업으로 진행하며, 문학·비문학 독해와 문법을 기본으로 학교별 내신, 서술형과 수행평가까지 학생의 취약 부분에 맞춰 지도","지문을 근거로 읽고 문제를 해결하는 방법을 익히며, 부족한 영역을 파악해 내신과 고등 국어 학습에 필요한 기본기 강화",코칭형,middle_korean
738,https://kimstutoring.co.kr,mungyeong-high-korean,publish,ko,경상북도,문경,국어,고등학생,문경 고등학생 국어과외,문경 고등학생 국어과외,"고등학생 국어 과외 때문에 고민이 있다면 문경 수업에서 지금 필요한 연습부터 함께 해볼 수 있습니다. 지역과 일정에 따라 1:1 방문수업 또는 화상수업으로 진행하며, 문학과 독서의 지문 분석부터 학교별 내신,… 방식으로 수업하고 있습니다.",내신과 모의고사·수능을 함께 대비할 1:1 고등 국어과외 탐색,"핵심 고민은 “긴 지문의 핵심을 빠르게 파악하기 어렵거나 문학·독서·문법 영역별 편차가 크고, 모의고사에서 시간 관리와…”입니다.","문학, 독서, 화법과 언어, 작문, 학교별 내신, 모의고사, 수능, 취약영역, 오답분석","지역과 일정에 따라 1:1 방문수업 또는 화상수업으로 진행하며, 문학과 독서의 지문 분석부터 학교별 내신, 모의고사와 수능 대비, 취약영역 및 오답분석까지 현재 실력과 목표에 맞춰 지도","지문을 분석하는 기준과 문제 접근 방법을 익히고, 취약영역과 반복되는 오답을 점검하면서 내신·모의고사·수능 학습의 방향을 구체화",전문형,high_korean
739,https://kimstutoring.co.kr,yeongju-elementary-english,publish,ko,경상북도,영주,영어,초등학생,영주 초등학생 영어과외,영주 초등학생 영어과외,"영주에서 초등학생 영어 과외 실력을 늘리고 싶다면 자주 막히는 부분부터 직접 다뤄봅니다. 지역과 일정에 따라 1:1 방문수업 또는 화상수업으로 진행하며, 기초 어휘와 문장 이해, 읽기 학습을 학생의… 방식으로 수업하고 있습니다.",초등학생 수준에 맞춰 영어 기초와 꾸준한 학습 습관을 기르는 1:1 온라인 과외 찾기,핵심 고민은 “기초 어휘가 부족하고 짧은 문장의 뜻을 이해하거나 꾸준히 읽는 데 어려움이 있음”입니다.,"기초 어휘, 문장 이해, 짧은 글 읽기, 학습 습관","지역과 일정에 따라 1:1 방문수업 또는 화상수업으로 진행하며, 기초 어휘와 문장 이해, 읽기 학습을 학생의 수준과 학습 속도에 맞춰 지도",익숙한 어휘로 짧은 문장의 뜻을 파악하고 스스로 읽고 복습하는 습관 형성,친근형,elementary_english
740,https://kimstutoring.co.kr,yeongju-middle-english,publish,ko,경상북도,영주,영어,중학생,영주 중학생 영어과외,영주 중학생 영어과외,"중학생 영어 과외 공부를 처음 시작한다면 영주에서도 기초부터 1:1로 배울 수 있습니다. 지역과 일정에 따라 1:1 방문수업 또는 화상수업으로 진행하며, 어휘·문법·독해를 기본으로 학교별 내신과… 방식으로 수업하고 있습니다.",중학생 영어 문법과 독해를 보완하고 학교별 내신과 서술형 및 수행평가를 준비하는 온라인 과외 찾기,핵심 고민은 “어휘와 문법을 배워도 지문에 적용하기 어렵고 서술형 답안과 수행평가 준비가 막막함”입니다.,"어휘, 문법, 독해, 학교별 내신, 서술형, 수행평가","지역과 일정에 따라 1:1 방문수업 또는 화상수업으로 진행하며, 어휘·문법·독해를 기본으로 학교별 내신과 서술형, 수행평가까지 학생의 취약 부분에 맞춰 지도",문법 근거를 설명하며 지문을 읽고 학교 평가 기준에 맞춰 답안을 작성하는 능력 향상,코칭형,middle_english
741,https://kimstutoring.co.kr,yeongju-high-english,publish,ko,경상북도,영주,영어,고등학생,영주 고등학생 영어과외,영주 고등학생 영어과외,"영주에서 고등학생 영어 과외 실력을 늘리고 싶다면 자주 막히는 부분부터 직접 다뤄봅니다. 지역과 일정에 따라 1:1 방문수업 또는 화상수업으로 진행하며, 어휘·구문독해부터 학교별 내신, 모의고사와 수능… 방식으로 수업하고 있습니다.",고등학생 영어 내신과 모의고사 및 수능 준비를 현재 수준에 맞춰 병행하는 온라인 과외 찾기,핵심 고민은 “긴 문장의 구조를 파악하기 어렵고 내신과 모의고사 지문을 읽는 데 시간이 오래 걸림”입니다.,"어휘, 구문독해, 학교별 내신, 모의고사, 수능","지역과 일정에 따라 1:1 방문수업 또는 화상수업으로 진행하며, 어휘·구문독해부터 학교별 내신, 모의고사와 수능 대비까지 현재 실력과 목표에 맞춰 지도",복잡한 문장의 구조를 파악하고 지문의 근거를 바탕으로 답을 선택하는 독해 능력 향상,전문형,high_english
742,https://kimstutoring.co.kr,yeongju-elementary-math,publish,ko,경상북도,영주,수학,초등학생,영주 초등학생 수학과외,영주 초등학생 수학과외,"초등학생 수학 과외 공부를 처음 시작한다면 영주에서도 기초부터 1:1로 배울 수 있습니다. 지역과 일정에 따라 1:1 방문수업 또는 화상수업으로 진행하며, 연산과 기초개념을 탄탄히 다지고 문제를 이해하는… 방식으로 수업하고 있습니다.",초등학생 수학 연산과 기초개념을 다지고 문제 이해와 풀이 습관을 기르는 온라인 과외 찾기,핵심 고민은 “계산 실수가 반복되고 문장형 문제에서 무엇을 구해야 하는지 파악하기 어려움”입니다.,"연산, 기초개념, 문제 이해, 풀이 습관","지역과 일정에 따라 1:1 방문수업 또는 화상수업으로 진행하며, 연산과 기초개념을 탄탄히 다지고 문제를 이해하는 과정과 올바른 풀이 습관을 학생 수준에 맞춰 지도",계산 과정을 점검하고 문제의 조건을 이해하며 풀이 순서를 정리하는 습관 형성,친근형,elementary_math
743,https://kimstutoring.co.kr,yeongju-middle-math,publish,ko,경상북도,영주,수학,중학생,영주 중학생 수학과외,영주 중학생 수학과외,"중학생 수학 과외 공부를 처음 시작한다면 영주에서도 기초부터 1:1로 배울 수 있습니다. 지역과 일정에 따라 1:1 방문수업 또는 화상수업으로 진행하며, 개념 이해와 유형별 문제풀이를 연결하고 학교별… 방식으로 수업하고 있습니다.",중학생 수학 개념과 유형별 문제풀이를 연결하고 내신 및 서술형을 준비하는 온라인 과외 찾기,핵심 고민은 “개념을 외워도 문제 유형이 바뀌면 적용하기 어렵고 같은 오답과 풀이 과정 누락이 반복됨”입니다.,"개념, 유형별 문제풀이, 학교별 내신, 서술형, 오답관리","지역과 일정에 따라 1:1 방문수업 또는 화상수업으로 진행하며, 개념 이해와 유형별 문제풀이를 연결하고 학교별 내신, 서술형, 오답관리까지 취약 단원에 맞춰 지도",문제에 맞는 개념을 선택하고 풀이 근거를 순서대로 쓰며 반복되는 실수를 줄이는 능력 향상,코칭형,middle_math
744,https://kimstutoring.co.kr,yeongju-high-math,publish,ko,경상북도,영주,수학,고등학생,영주 고등학생 수학과외,영주 고등학생 수학과외,"영주 고등학생 수학 과외 수업을 고민 중이라면 잘하는 부분과 보완할 부분을 나누어 시작합니다. 지역과 일정에 따라 1:1 방문수업 또는 화상수업으로 진행하며, 개념과 유형별 문제풀이부터 학교별 내신,… 방식으로 수업하고 있습니다.",고등학생 수학 취약단원을 보완하면서 내신과 모의고사 및 수능을 준비하는 온라인 과외 찾기,핵심 고민은 “개념 사이의 연결이 약하고 복합 문제의 접근 방법을 찾기 어려우며 취약단원에서 오답이 반복됨”입니다.,"개념, 유형별 문제풀이, 학교별 내신, 모의고사, 수능, 취약단원, 오답분석","지역과 일정에 따라 1:1 방문수업 또는 화상수업으로 진행하며, 개념과 유형별 문제풀이부터 학교별 내신, 모의고사와 수능 대비, 취약단원 및 오답분석까지 목표에 맞춰 지도",취약단원의 개념을 연결하고 문제 조건에 맞는 풀이 전략을 선택하며 오답 원인을 스스로 설명하는 능력 향상,전문형,high_math
745,https://kimstutoring.co.kr,yeongju-elementary-korean,publish,ko,경상북도,영주,국어,초등학생,영주 초등학생 국어과외,영주 초등학생 국어과외,"영주 초등학생 국어 과외 수업을 고민 중이라면 잘하는 부분과 보완할 부분을 나누어 시작합니다. 지역과 일정에 따라 1:1 방문수업 또는 화상수업으로 진행하며, 어휘와 독해를 바탕으로 글의 내용을 이해하고… 방식으로 수업하고 있습니다.",초등학생의 국어 기초와 문해력을 잡아줄 1:1 국어과외 탐색,핵심 고민은 “글을 읽어도 내용을 정확히 이해하지 못하거나 어휘력이 부족해 문제의 뜻을 파악하는 데 어려움”입니다.,"어휘, 독해, 문장 이해, 글의 중심내용 파악, 기초 문해력, 글쓰기, 학습 습관","지역과 일정에 따라 1:1 방문수업 또는 화상수업으로 진행하며, 어휘와 독해를 바탕으로 글의 내용을 이해하고 자신의 생각을 표현하는 힘을 학생의 수준과 학습 속도에 맞춰 지도","글을 읽고 핵심 내용을 파악하는 힘을 기르고, 국어뿐 아니라 다른 과목의 문제를 이해하는 데 필요한 기초 문해력과 학습 습관 형성",친근형,elementary_korean
746,https://kimstutoring.co.kr,yeongju-middle-korean,publish,ko,경상북도,영주,국어,중학생,영주 중학생 국어과외,영주 중학생 국어과외,"중학생 국어 과외 공부를 처음 시작한다면 영주에서도 기초부터 1:1로 배울 수 있습니다. 지역과 일정에 따라 1:1 방문수업 또는 화상수업으로 진행하며, 문학·비문학 독해와 문법을 기본으로 학교별… 방식으로 수업하고 있습니다.",학교 내신과 국어 기본기를 함께 준비할 1:1 중등 국어과외 탐색,"핵심 고민은 “문학과 비문학 지문을 감으로 풀거나 문법 개념이 부족하고, 학교 시험의 서술형·수행평가 대비가 어려움”입니다.","문학, 비문학, 문법, 어휘, 학교별 내신, 서술형, 수행평가, 오답관리","지역과 일정에 따라 1:1 방문수업 또는 화상수업으로 진행하며, 문학·비문학 독해와 문법을 기본으로 학교별 내신, 서술형과 수행평가까지 학생의 취약 부분에 맞춰 지도","지문을 근거로 읽고 문제를 해결하는 방법을 익히며, 부족한 영역을 파악해 내신과 고등 국어 학습에 필요한 기본기 강화",코칭형,middle_korean
747,https://kimstutoring.co.kr,yeongju-high-korean,publish,ko,경상북도,영주,국어,고등학생,영주 고등학생 국어과외,영주 고등학생 국어과외,"영주 고등학생 국어 과외 수업을 고민 중이라면 잘하는 부분과 보완할 부분을 나누어 시작합니다. 지역과 일정에 따라 1:1 방문수업 또는 화상수업으로 진행하며, 문학과 독서의 지문 분석부터 학교별 내신,… 방식으로 수업하고 있습니다.",내신과 모의고사·수능을 함께 대비할 1:1 고등 국어과외 탐색,"핵심 고민은 “긴 지문의 핵심을 빠르게 파악하기 어렵거나 문학·독서·문법 영역별 편차가 크고, 모의고사에서 시간 관리와…”입니다.","문학, 독서, 화법과 언어, 작문, 학교별 내신, 모의고사, 수능, 취약영역, 오답분석","지역과 일정에 따라 1:1 방문수업 또는 화상수업으로 진행하며, 문학과 독서의 지문 분석부터 학교별 내신, 모의고사와 수능 대비, 취약영역 및 오답분석까지 현재 실력과 목표에 맞춰 지도","지문을 분석하는 기준과 문제 접근 방법을 익히고, 취약영역과 반복되는 오답을 점검하면서 내신·모의고사·수능 학습의 방향을 구체화",전문형,high_korean
748,https://kimstutoring.co.kr,jecheon-elementary-english,publish,ko,충청북도,제천,영어,초등학생,제천 초등학생 영어과외,제천 초등학생 영어과외,"제천 초등학생 영어 과외 수업은 정해진 진도보다 현재 실력과 배우는 이유를 중요하게 봅니다. 지역과 일정에 따라 1:1 방문수업 또는 화상수업으로 진행하며, 기초 어휘와 문장 이해, 읽기 학습을 학생의… 방식으로 수업하고 있습니다.",초등학생 수준에 맞춰 영어 기초와 꾸준한 학습 습관을 기르는 1:1 온라인 과외 찾기,핵심 고민은 “기초 어휘가 부족하고 짧은 문장의 뜻을 이해하거나 꾸준히 읽는 데 어려움이 있음”입니다.,"기초 어휘, 문장 이해, 짧은 글 읽기, 학습 습관","지역과 일정에 따라 1:1 방문수업 또는 화상수업으로 진행하며, 기초 어휘와 문장 이해, 읽기 학습을 학생의 수준과 학습 속도에 맞춰 지도",익숙한 어휘로 짧은 문장의 뜻을 파악하고 스스로 읽고 복습하는 습관 형성,친근형,elementary_english
749,https://kimstutoring.co.kr,jecheon-middle-english,publish,ko,충청북도,제천,영어,중학생,제천 중학생 영어과외,제천 중학생 영어과외,"중학생 영어 과외 공부를 다시 시작하려는 분께 제천 1:1 수업이 맞는 출발점을 찾아드립니다. 지역과 일정에 따라 1:1 방문수업 또는 화상수업으로 진행하며, 어휘·문법·독해를 기본으로 학교별 내신과… 방식으로 수업하고 있습니다.",중학생 영어 문법과 독해를 보완하고 학교별 내신과 서술형 및 수행평가를 준비하는 온라인 과외 찾기,핵심 고민은 “어휘와 문법을 배워도 지문에 적용하기 어렵고 서술형 답안과 수행평가 준비가 막막함”입니다.,"어휘, 문법, 독해, 학교별 내신, 서술형, 수행평가","지역과 일정에 따라 1:1 방문수업 또는 화상수업으로 진행하며, 어휘·문법·독해를 기본으로 학교별 내신과 서술형, 수행평가까지 학생의 취약 부분에 맞춰 지도",문법 근거를 설명하며 지문을 읽고 학교 평가 기준에 맞춰 답안을 작성하는 능력 향상,코칭형,middle_english
750,https://kimstutoring.co.kr,jecheon-high-english,publish,ko,충청북도,제천,영어,고등학생,제천 고등학생 영어과외,제천 고등학생 영어과외,"제천에서 배우는 고등학생 영어 과외, 실제로 쓰려는 상황에 맞춰 수업 내용을 정합니다. 지역과 일정에 따라 1:1 방문수업 또는 화상수업으로 진행하며, 어휘·구문독해부터 학교별 내신, 모의고사와 수능… 방식으로 수업하고 있습니다.",고등학생 영어 내신과 모의고사 및 수능 준비를 현재 수준에 맞춰 병행하는 온라인 과외 찾기,핵심 고민은 “긴 문장의 구조를 파악하기 어렵고 내신과 모의고사 지문을 읽는 데 시간이 오래 걸림”입니다.,"어휘, 구문독해, 학교별 내신, 모의고사, 수능","지역과 일정에 따라 1:1 방문수업 또는 화상수업으로 진행하며, 어휘·구문독해부터 학교별 내신, 모의고사와 수능 대비까지 현재 실력과 목표에 맞춰 지도",복잡한 문장의 구조를 파악하고 지문의 근거를 바탕으로 답을 선택하는 독해 능력 향상,전문형,high_english
751,https://kimstutoring.co.kr,jecheon-elementary-math,publish,ko,충청북도,제천,수학,초등학생,제천 초등학생 수학과외,제천 초등학생 수학과외,"초등학생 수학 과외 공부를 다시 시작하려는 분께 제천 1:1 수업이 맞는 출발점을 찾아드립니다. 지역과 일정에 따라 1:1 방문수업 또는 화상수업으로 진행하며, 연산과 기초개념을 탄탄히 다지고 문제를 이해하는… 방식으로 수업하고 있습니다.",초등학생 수학 연산과 기초개념을 다지고 문제 이해와 풀이 습관을 기르는 온라인 과외 찾기,핵심 고민은 “계산 실수가 반복되고 문장형 문제에서 무엇을 구해야 하는지 파악하기 어려움”입니다.,"연산, 기초개념, 문제 이해, 풀이 습관","지역과 일정에 따라 1:1 방문수업 또는 화상수업으로 진행하며, 연산과 기초개념을 탄탄히 다지고 문제를 이해하는 과정과 올바른 풀이 습관을 학생 수준에 맞춰 지도",계산 과정을 점검하고 문제의 조건을 이해하며 풀이 순서를 정리하는 습관 형성,친근형,elementary_math
752,https://kimstutoring.co.kr,jecheon-middle-math,publish,ko,충청북도,제천,수학,중학생,제천 중학생 수학과외,제천 중학생 수학과외,"중학생 수학 과외 공부를 다시 시작하려는 분께 제천 1:1 수업이 맞는 출발점을 찾아드립니다. 지역과 일정에 따라 1:1 방문수업 또는 화상수업으로 진행하며, 개념 이해와 유형별 문제풀이를 연결하고 학교별… 방식으로 수업하고 있습니다.",중학생 수학 개념과 유형별 문제풀이를 연결하고 내신 및 서술형을 준비하는 온라인 과외 찾기,핵심 고민은 “개념을 외워도 문제 유형이 바뀌면 적용하기 어렵고 같은 오답과 풀이 과정 누락이 반복됨”입니다.,"개념, 유형별 문제풀이, 학교별 내신, 서술형, 오답관리","지역과 일정에 따라 1:1 방문수업 또는 화상수업으로 진행하며, 개념 이해와 유형별 문제풀이를 연결하고 학교별 내신, 서술형, 오답관리까지 취약 단원에 맞춰 지도",문제에 맞는 개념을 선택하고 풀이 근거를 순서대로 쓰며 반복되는 실수를 줄이는 능력 향상,코칭형,middle_math
753,https://kimstutoring.co.kr,jecheon-high-math,publish,ko,충청북도,제천,수학,고등학생,제천 고등학생 수학과외,제천 고등학생 수학과외,"제천에서 고등학생 수학 과외 수업을 찾고 계신다면 지금 필요한 내용부터 시작할 수 있습니다. 지역과 일정에 따라 1:1 방문수업 또는 화상수업으로 진행하며, 개념과 유형별 문제풀이부터 학교별 내신,… 방식으로 수업하고 있습니다.",고등학생 수학 취약단원을 보완하면서 내신과 모의고사 및 수능을 준비하는 온라인 과외 찾기,핵심 고민은 “개념 사이의 연결이 약하고 복합 문제의 접근 방법을 찾기 어려우며 취약단원에서 오답이 반복됨”입니다.,"개념, 유형별 문제풀이, 학교별 내신, 모의고사, 수능, 취약단원, 오답분석","지역과 일정에 따라 1:1 방문수업 또는 화상수업으로 진행하며, 개념과 유형별 문제풀이부터 학교별 내신, 모의고사와 수능 대비, 취약단원 및 오답분석까지 목표에 맞춰 지도",취약단원의 개념을 연결하고 문제 조건에 맞는 풀이 전략을 선택하며 오답 원인을 스스로 설명하는 능력 향상,전문형,high_math
754,https://kimstutoring.co.kr,jecheon-elementary-korean,publish,ko,충청북도,제천,국어,초등학생,제천 초등학생 국어과외,제천 초등학생 국어과외,"제천에서 초등학생 국어 과외 수업을 찾고 계신다면 지금 필요한 내용부터 시작할 수 있습니다. 지역과 일정에 따라 1:1 방문수업 또는 화상수업으로 진행하며, 어휘와 독해를 바탕으로 글의 내용을 이해하고… 방식으로 수업하고 있습니다.",초등학생의 국어 기초와 문해력을 잡아줄 1:1 국어과외 탐색,핵심 고민은 “글을 읽어도 내용을 정확히 이해하지 못하거나 어휘력이 부족해 문제의 뜻을 파악하는 데 어려움”입니다.,"어휘, 독해, 문장 이해, 글의 중심내용 파악, 기초 문해력, 글쓰기, 학습 습관","지역과 일정에 따라 1:1 방문수업 또는 화상수업으로 진행하며, 어휘와 독해를 바탕으로 글의 내용을 이해하고 자신의 생각을 표현하는 힘을 학생의 수준과 학습 속도에 맞춰 지도","글을 읽고 핵심 내용을 파악하는 힘을 기르고, 국어뿐 아니라 다른 과목의 문제를 이해하는 데 필요한 기초 문해력과 학습 습관 형성",친근형,elementary_korean
755,https://kimstutoring.co.kr,jecheon-middle-korean,publish,ko,충청북도,제천,국어,중학생,제천 중학생 국어과외,제천 중학생 국어과외,"중학생 국어 과외 공부를 다시 시작하려는 분께 제천 1:1 수업이 맞는 출발점을 찾아드립니다. 지역과 일정에 따라 1:1 방문수업 또는 화상수업으로 진행하며, 문학·비문학 독해와 문법을 기본으로 학교별… 방식으로 수업하고 있습니다.",학교 내신과 국어 기본기를 함께 준비할 1:1 중등 국어과외 탐색,"핵심 고민은 “문학과 비문학 지문을 감으로 풀거나 문법 개념이 부족하고, 학교 시험의 서술형·수행평가 대비가 어려움”입니다.","문학, 비문학, 문법, 어휘, 학교별 내신, 서술형, 수행평가, 오답관리","지역과 일정에 따라 1:1 방문수업 또는 화상수업으로 진행하며, 문학·비문학 독해와 문법을 기본으로 학교별 내신, 서술형과 수행평가까지 학생의 취약 부분에 맞춰 지도","지문을 근거로 읽고 문제를 해결하는 방법을 익히며, 부족한 영역을 파악해 내신과 고등 국어 학습에 필요한 기본기 강화",코칭형,middle_korean
756,https://kimstutoring.co.kr,jecheon-high-korean,publish,ko,충청북도,제천,국어,고등학생,제천 고등학생 국어과외,제천 고등학생 국어과외,"제천에서 고등학생 국어 과외 수업을 찾고 계신다면 지금 필요한 내용부터 시작할 수 있습니다. 지역과 일정에 따라 1:1 방문수업 또는 화상수업으로 진행하며, 문학과 독서의 지문 분석부터 학교별 내신,… 방식으로 수업하고 있습니다.",내신과 모의고사·수능을 함께 대비할 1:1 고등 국어과외 탐색,"핵심 고민은 “긴 지문의 핵심을 빠르게 파악하기 어렵거나 문학·독서·문법 영역별 편차가 크고, 모의고사에서 시간 관리와…”입니다.","문학, 독서, 화법과 언어, 작문, 학교별 내신, 모의고사, 수능, 취약영역, 오답분석","지역과 일정에 따라 1:1 방문수업 또는 화상수업으로 진행하며, 문학과 독서의 지문 분석부터 학교별 내신, 모의고사와 수능 대비, 취약영역 및 오답분석까지 현재 실력과 목표에 맞춰 지도","지문을 분석하는 기준과 문제 접근 방법을 익히고, 취약영역과 반복되는 오답을 점검하면서 내신·모의고사·수능 학습의 방향을 구체화",전문형,high_korean
757,https://kimstutoring.co.kr,taebaek-elementary-english,publish,ko,강원특별자치도,태백,영어,초등학생,태백 초등학생 영어과외,태백 초등학생 영어과외,"초등학생 영어 과외 공부를 처음 시작한다면 태백에서도 기초부터 1:1로 배울 수 있습니다. 지역과 일정에 따라 1:1 방문수업 또는 화상수업으로 진행하며, 기초 어휘와 문장 이해, 읽기 학습을 학생의… 방식으로 수업하고 있습니다.",초등학생 수준에 맞춰 영어 기초와 꾸준한 학습 습관을 기르는 1:1 온라인 과외 찾기,핵심 고민은 “기초 어휘가 부족하고 짧은 문장의 뜻을 이해하거나 꾸준히 읽는 데 어려움이 있음”입니다.,"기초 어휘, 문장 이해, 짧은 글 읽기, 학습 습관","지역과 일정에 따라 1:1 방문수업 또는 화상수업으로 진행하며, 기초 어휘와 문장 이해, 읽기 학습을 학생의 수준과 학습 속도에 맞춰 지도",익숙한 어휘로 짧은 문장의 뜻을 파악하고 스스로 읽고 복습하는 습관 형성,친근형,elementary_english
758,https://kimstutoring.co.kr,taebaek-middle-english,publish,ko,강원특별자치도,태백,영어,중학생,태백 중학생 영어과외,태백 중학생 영어과외,"중학생 영어 과외 때문에 고민이 있다면 태백 수업에서 지금 필요한 연습부터 함께 해볼 수 있습니다. 지역과 일정에 따라 1:1 방문수업 또는 화상수업으로 진행하며, 어휘·문법·독해를 기본으로 학교별 내신과… 방식으로 수업하고 있습니다.",중학생 영어 문법과 독해를 보완하고 학교별 내신과 서술형 및 수행평가를 준비하는 온라인 과외 찾기,핵심 고민은 “어휘와 문법을 배워도 지문에 적용하기 어렵고 서술형 답안과 수행평가 준비가 막막함”입니다.,"어휘, 문법, 독해, 학교별 내신, 서술형, 수행평가","지역과 일정에 따라 1:1 방문수업 또는 화상수업으로 진행하며, 어휘·문법·독해를 기본으로 학교별 내신과 서술형, 수행평가까지 학생의 취약 부분에 맞춰 지도",문법 근거를 설명하며 지문을 읽고 학교 평가 기준에 맞춰 답안을 작성하는 능력 향상,코칭형,middle_english
759,https://kimstutoring.co.kr,taebaek-high-english,publish,ko,강원특별자치도,태백,영어,고등학생,태백 고등학생 영어과외,태백 고등학생 영어과외,"고등학생 영어 과외 공부를 처음 시작한다면 태백에서도 기초부터 1:1로 배울 수 있습니다. 지역과 일정에 따라 1:1 방문수업 또는 화상수업으로 진행하며, 어휘·구문독해부터 학교별 내신, 모의고사와 수능… 방식으로 수업하고 있습니다.",고등학생 영어 내신과 모의고사 및 수능 준비를 현재 수준에 맞춰 병행하는 온라인 과외 찾기,핵심 고민은 “긴 문장의 구조를 파악하기 어렵고 내신과 모의고사 지문을 읽는 데 시간이 오래 걸림”입니다.,"어휘, 구문독해, 학교별 내신, 모의고사, 수능","지역과 일정에 따라 1:1 방문수업 또는 화상수업으로 진행하며, 어휘·구문독해부터 학교별 내신, 모의고사와 수능 대비까지 현재 실력과 목표에 맞춰 지도",복잡한 문장의 구조를 파악하고 지문의 근거를 바탕으로 답을 선택하는 독해 능력 향상,전문형,high_english
760,https://kimstutoring.co.kr,taebaek-elementary-math,publish,ko,강원특별자치도,태백,수학,초등학생,태백 초등학생 수학과외,태백 초등학생 수학과외,"초등학생 수학 과외 때문에 고민이 있다면 태백 수업에서 지금 필요한 연습부터 함께 해볼 수 있습니다. 지역과 일정에 따라 1:1 방문수업 또는 화상수업으로 진행하며, 연산과 기초개념을 탄탄히 다지고 문제를 이해하는… 방식으로 수업하고 있습니다.",초등학생 수학 연산과 기초개념을 다지고 문제 이해와 풀이 습관을 기르는 온라인 과외 찾기,핵심 고민은 “계산 실수가 반복되고 문장형 문제에서 무엇을 구해야 하는지 파악하기 어려움”입니다.,"연산, 기초개념, 문제 이해, 풀이 습관","지역과 일정에 따라 1:1 방문수업 또는 화상수업으로 진행하며, 연산과 기초개념을 탄탄히 다지고 문제를 이해하는 과정과 올바른 풀이 습관을 학생 수준에 맞춰 지도",계산 과정을 점검하고 문제의 조건을 이해하며 풀이 순서를 정리하는 습관 형성,친근형,elementary_math
761,https://kimstutoring.co.kr,taebaek-middle-math,publish,ko,강원특별자치도,태백,수학,중학생,태백 중학생 수학과외,태백 중학생 수학과외,"중학생 수학 과외 때문에 고민이 있다면 태백 수업에서 지금 필요한 연습부터 함께 해볼 수 있습니다. 지역과 일정에 따라 1:1 방문수업 또는 화상수업으로 진행하며, 개념 이해와 유형별 문제풀이를 연결하고 학교별… 방식으로 수업하고 있습니다.",중학생 수학 개념과 유형별 문제풀이를 연결하고 내신 및 서술형을 준비하는 온라인 과외 찾기,핵심 고민은 “개념을 외워도 문제 유형이 바뀌면 적용하기 어렵고 같은 오답과 풀이 과정 누락이 반복됨”입니다.,"개념, 유형별 문제풀이, 학교별 내신, 서술형, 오답관리","지역과 일정에 따라 1:1 방문수업 또는 화상수업으로 진행하며, 개념 이해와 유형별 문제풀이를 연결하고 학교별 내신, 서술형, 오답관리까지 취약 단원에 맞춰 지도",문제에 맞는 개념을 선택하고 풀이 근거를 순서대로 쓰며 반복되는 실수를 줄이는 능력 향상,코칭형,middle_math
762,https://kimstutoring.co.kr,taebaek-high-math,publish,ko,강원특별자치도,태백,수학,고등학생,태백 고등학생 수학과외,태백 고등학생 수학과외,"태백에서 고등학생 수학 과외 실력을 늘리고 싶다면 자주 막히는 부분부터 직접 다뤄봅니다. 지역과 일정에 따라 1:1 방문수업 또는 화상수업으로 진행하며, 개념과 유형별 문제풀이부터 학교별 내신,… 방식으로 수업하고 있습니다.",고등학생 수학 취약단원을 보완하면서 내신과 모의고사 및 수능을 준비하는 온라인 과외 찾기,핵심 고민은 “개념 사이의 연결이 약하고 복합 문제의 접근 방법을 찾기 어려우며 취약단원에서 오답이 반복됨”입니다.,"개념, 유형별 문제풀이, 학교별 내신, 모의고사, 수능, 취약단원, 오답분석","지역과 일정에 따라 1:1 방문수업 또는 화상수업으로 진행하며, 개념과 유형별 문제풀이부터 학교별 내신, 모의고사와 수능 대비, 취약단원 및 오답분석까지 목표에 맞춰 지도",취약단원의 개념을 연결하고 문제 조건에 맞는 풀이 전략을 선택하며 오답 원인을 스스로 설명하는 능력 향상,전문형,high_math
763,https://kimstutoring.co.kr,taebaek-elementary-korean,publish,ko,강원특별자치도,태백,국어,초등학생,태백 초등학생 국어과외,태백 초등학생 국어과외,"태백에서 초등학생 국어 과외 실력을 늘리고 싶다면 자주 막히는 부분부터 직접 다뤄봅니다. 지역과 일정에 따라 1:1 방문수업 또는 화상수업으로 진행하며, 어휘와 독해를 바탕으로 글의 내용을 이해하고… 방식으로 수업하고 있습니다.",초등학생의 국어 기초와 문해력을 잡아줄 1:1 국어과외 탐색,핵심 고민은 “글을 읽어도 내용을 정확히 이해하지 못하거나 어휘력이 부족해 문제의 뜻을 파악하는 데 어려움”입니다.,"어휘, 독해, 문장 이해, 글의 중심내용 파악, 기초 문해력, 글쓰기, 학습 습관","지역과 일정에 따라 1:1 방문수업 또는 화상수업으로 진행하며, 어휘와 독해를 바탕으로 글의 내용을 이해하고 자신의 생각을 표현하는 힘을 학생의 수준과 학습 속도에 맞춰 지도","글을 읽고 핵심 내용을 파악하는 힘을 기르고, 국어뿐 아니라 다른 과목의 문제를 이해하는 데 필요한 기초 문해력과 학습 습관 형성",친근형,elementary_korean
764,https://kimstutoring.co.kr,taebaek-middle-korean,publish,ko,강원특별자치도,태백,국어,중학생,태백 중학생 국어과외,태백 중학생 국어과외,"중학생 국어 과외 때문에 고민이 있다면 태백 수업에서 지금 필요한 연습부터 함께 해볼 수 있습니다. 지역과 일정에 따라 1:1 방문수업 또는 화상수업으로 진행하며, 문학·비문학 독해와 문법을 기본으로 학교별… 방식으로 수업하고 있습니다.",학교 내신과 국어 기본기를 함께 준비할 1:1 중등 국어과외 탐색,"핵심 고민은 “문학과 비문학 지문을 감으로 풀거나 문법 개념이 부족하고, 학교 시험의 서술형·수행평가 대비가 어려움”입니다.","문학, 비문학, 문법, 어휘, 학교별 내신, 서술형, 수행평가, 오답관리","지역과 일정에 따라 1:1 방문수업 또는 화상수업으로 진행하며, 문학·비문학 독해와 문법을 기본으로 학교별 내신, 서술형과 수행평가까지 학생의 취약 부분에 맞춰 지도","지문을 근거로 읽고 문제를 해결하는 방법을 익히며, 부족한 영역을 파악해 내신과 고등 국어 학습에 필요한 기본기 강화",코칭형,middle_korean
765,https://kimstutoring.co.kr,taebaek-high-korean,publish,ko,강원특별자치도,태백,국어,고등학생,태백 고등학생 국어과외,태백 고등학생 국어과외,"태백에서 고등학생 국어 과외 실력을 늘리고 싶다면 자주 막히는 부분부터 직접 다뤄봅니다. 지역과 일정에 따라 1:1 방문수업 또는 화상수업으로 진행하며, 문학과 독서의 지문 분석부터 학교별 내신,… 방식으로 수업하고 있습니다.",내신과 모의고사·수능을 함께 대비할 1:1 고등 국어과외 탐색,"핵심 고민은 “긴 지문의 핵심을 빠르게 파악하기 어렵거나 문학·독서·문법 영역별 편차가 크고, 모의고사에서 시간 관리와…”입니다.","문학, 독서, 화법과 언어, 작문, 학교별 내신, 모의고사, 수능, 취약영역, 오답분석","지역과 일정에 따라 1:1 방문수업 또는 화상수업으로 진행하며, 문학과 독서의 지문 분석부터 학교별 내신, 모의고사와 수능 대비, 취약영역 및 오답분석까지 현재 실력과 목표에 맞춰 지도","지문을 분석하는 기준과 문제 접근 방법을 익히고, 취약영역과 반복되는 오답을 점검하면서 내신·모의고사·수능 학습의 방향을 구체화",전문형,high_korean
766,https://kimstutoring.co.kr,samcheok-elementary-english,publish,ko,강원특별자치도,삼척,영어,초등학생,삼척 초등학생 영어과외,삼척 초등학생 영어과외,"삼척 초등학생 영어 과외 수업을 고민 중이라면 잘하는 부분과 보완할 부분을 나누어 시작합니다. 지역과 일정에 따라 1:1 방문수업 또는 화상수업으로 진행하며, 기초 어휘와 문장 이해, 읽기 학습을 학생의… 방식으로 수업하고 있습니다.",초등학생 수준에 맞춰 영어 기초와 꾸준한 학습 습관을 기르는 1:1 온라인 과외 찾기,핵심 고민은 “기초 어휘가 부족하고 짧은 문장의 뜻을 이해하거나 꾸준히 읽는 데 어려움이 있음”입니다.,"기초 어휘, 문장 이해, 짧은 글 읽기, 학습 습관","지역과 일정에 따라 1:1 방문수업 또는 화상수업으로 진행하며, 기초 어휘와 문장 이해, 읽기 학습을 학생의 수준과 학습 속도에 맞춰 지도",익숙한 어휘로 짧은 문장의 뜻을 파악하고 스스로 읽고 복습하는 습관 형성,친근형,elementary_english
767,https://kimstutoring.co.kr,samcheok-middle-english,publish,ko,강원특별자치도,삼척,영어,중학생,삼척 중학생 영어과외,삼척 중학생 영어과외,"삼척에서 중학생 영어 과외 실력을 늘리고 싶다면 자주 막히는 부분부터 직접 다뤄봅니다. 지역과 일정에 따라 1:1 방문수업 또는 화상수업으로 진행하며, 어휘·문법·독해를 기본으로 학교별 내신과… 방식으로 수업하고 있습니다.",중학생 영어 문법과 독해를 보완하고 학교별 내신과 서술형 및 수행평가를 준비하는 온라인 과외 찾기,핵심 고민은 “어휘와 문법을 배워도 지문에 적용하기 어렵고 서술형 답안과 수행평가 준비가 막막함”입니다.,"어휘, 문법, 독해, 학교별 내신, 서술형, 수행평가","지역과 일정에 따라 1:1 방문수업 또는 화상수업으로 진행하며, 어휘·문법·독해를 기본으로 학교별 내신과 서술형, 수행평가까지 학생의 취약 부분에 맞춰 지도",문법 근거를 설명하며 지문을 읽고 학교 평가 기준에 맞춰 답안을 작성하는 능력 향상,코칭형,middle_english
768,https://kimstutoring.co.kr,samcheok-high-english,publish,ko,강원특별자치도,삼척,영어,고등학생,삼척 고등학생 영어과외,삼척 고등학생 영어과외,"삼척 고등학생 영어 과외 수업을 고민 중이라면 잘하는 부분과 보완할 부분을 나누어 시작합니다. 지역과 일정에 따라 1:1 방문수업 또는 화상수업으로 진행하며, 어휘·구문독해부터 학교별 내신, 모의고사와 수능… 방식으로 수업하고 있습니다.",고등학생 영어 내신과 모의고사 및 수능 준비를 현재 수준에 맞춰 병행하는 온라인 과외 찾기,핵심 고민은 “긴 문장의 구조를 파악하기 어렵고 내신과 모의고사 지문을 읽는 데 시간이 오래 걸림”입니다.,"어휘, 구문독해, 학교별 내신, 모의고사, 수능","지역과 일정에 따라 1:1 방문수업 또는 화상수업으로 진행하며, 어휘·구문독해부터 학교별 내신, 모의고사와 수능 대비까지 현재 실력과 목표에 맞춰 지도",복잡한 문장의 구조를 파악하고 지문의 근거를 바탕으로 답을 선택하는 독해 능력 향상,전문형,high_english
769,https://kimstutoring.co.kr,samcheok-elementary-math,publish,ko,강원특별자치도,삼척,수학,초등학생,삼척 초등학생 수학과외,삼척 초등학생 수학과외,"삼척에서 초등학생 수학 과외 실력을 늘리고 싶다면 자주 막히는 부분부터 직접 다뤄봅니다. 지역과 일정에 따라 1:1 방문수업 또는 화상수업으로 진행하며, 연산과 기초개념을 탄탄히 다지고 문제를 이해하는… 방식으로 수업하고 있습니다.",초등학생 수학 연산과 기초개념을 다지고 문제 이해와 풀이 습관을 기르는 온라인 과외 찾기,핵심 고민은 “계산 실수가 반복되고 문장형 문제에서 무엇을 구해야 하는지 파악하기 어려움”입니다.,"연산, 기초개념, 문제 이해, 풀이 습관","지역과 일정에 따라 1:1 방문수업 또는 화상수업으로 진행하며, 연산과 기초개념을 탄탄히 다지고 문제를 이해하는 과정과 올바른 풀이 습관을 학생 수준에 맞춰 지도",계산 과정을 점검하고 문제의 조건을 이해하며 풀이 순서를 정리하는 습관 형성,친근형,elementary_math
770,https://kimstutoring.co.kr,samcheok-middle-math,publish,ko,강원특별자치도,삼척,수학,중학생,삼척 중학생 수학과외,삼척 중학생 수학과외,"삼척에서 중학생 수학 과외 실력을 늘리고 싶다면 자주 막히는 부분부터 직접 다뤄봅니다. 지역과 일정에 따라 1:1 방문수업 또는 화상수업으로 진행하며, 개념 이해와 유형별 문제풀이를 연결하고 학교별… 방식으로 수업하고 있습니다.",중학생 수학 개념과 유형별 문제풀이를 연결하고 내신 및 서술형을 준비하는 온라인 과외 찾기,핵심 고민은 “개념을 외워도 문제 유형이 바뀌면 적용하기 어렵고 같은 오답과 풀이 과정 누락이 반복됨”입니다.,"개념, 유형별 문제풀이, 학교별 내신, 서술형, 오답관리","지역과 일정에 따라 1:1 방문수업 또는 화상수업으로 진행하며, 개념 이해와 유형별 문제풀이를 연결하고 학교별 내신, 서술형, 오답관리까지 취약 단원에 맞춰 지도",문제에 맞는 개념을 선택하고 풀이 근거를 순서대로 쓰며 반복되는 실수를 줄이는 능력 향상,코칭형,middle_math
771,https://kimstutoring.co.kr,samcheok-high-math,publish,ko,강원특별자치도,삼척,수학,고등학생,삼척 고등학생 수학과외,삼척 고등학생 수학과외,"고등학생 수학 과외 때문에 고민이 있다면 삼척 수업에서 지금 필요한 연습부터 함께 해볼 수 있습니다. 지역과 일정에 따라 1:1 방문수업 또는 화상수업으로 진행하며, 개념과 유형별 문제풀이부터 학교별 내신,… 방식으로 수업하고 있습니다.",고등학생 수학 취약단원을 보완하면서 내신과 모의고사 및 수능을 준비하는 온라인 과외 찾기,핵심 고민은 “개념 사이의 연결이 약하고 복합 문제의 접근 방법을 찾기 어려우며 취약단원에서 오답이 반복됨”입니다.,"개념, 유형별 문제풀이, 학교별 내신, 모의고사, 수능, 취약단원, 오답분석","지역과 일정에 따라 1:1 방문수업 또는 화상수업으로 진행하며, 개념과 유형별 문제풀이부터 학교별 내신, 모의고사와 수능 대비, 취약단원 및 오답분석까지 목표에 맞춰 지도",취약단원의 개념을 연결하고 문제 조건에 맞는 풀이 전략을 선택하며 오답 원인을 스스로 설명하는 능력 향상,전문형,high_math
772,https://kimstutoring.co.kr,samcheok-elementary-korean,publish,ko,강원특별자치도,삼척,국어,초등학생,삼척 초등학생 국어과외,삼척 초등학생 국어과외,"초등학생 국어 과외 때문에 고민이 있다면 삼척 수업에서 지금 필요한 연습부터 함께 해볼 수 있습니다. 지역과 일정에 따라 1:1 방문수업 또는 화상수업으로 진행하며, 어휘와 독해를 바탕으로 글의 내용을 이해하고… 방식으로 수업하고 있습니다.",초등학생의 국어 기초와 문해력을 잡아줄 1:1 국어과외 탐색,핵심 고민은 “글을 읽어도 내용을 정확히 이해하지 못하거나 어휘력이 부족해 문제의 뜻을 파악하는 데 어려움”입니다.,"어휘, 독해, 문장 이해, 글의 중심내용 파악, 기초 문해력, 글쓰기, 학습 습관","지역과 일정에 따라 1:1 방문수업 또는 화상수업으로 진행하며, 어휘와 독해를 바탕으로 글의 내용을 이해하고 자신의 생각을 표현하는 힘을 학생의 수준과 학습 속도에 맞춰 지도","글을 읽고 핵심 내용을 파악하는 힘을 기르고, 국어뿐 아니라 다른 과목의 문제를 이해하는 데 필요한 기초 문해력과 학습 습관 형성",친근형,elementary_korean
773,https://kimstutoring.co.kr,samcheok-middle-korean,publish,ko,강원특별자치도,삼척,국어,중학생,삼척 중학생 국어과외,삼척 중학생 국어과외,"삼척에서 중학생 국어 과외 실력을 늘리고 싶다면 자주 막히는 부분부터 직접 다뤄봅니다. 지역과 일정에 따라 1:1 방문수업 또는 화상수업으로 진행하며, 문학·비문학 독해와 문법을 기본으로 학교별… 방식으로 수업하고 있습니다.",학교 내신과 국어 기본기를 함께 준비할 1:1 중등 국어과외 탐색,"핵심 고민은 “문학과 비문학 지문을 감으로 풀거나 문법 개념이 부족하고, 학교 시험의 서술형·수행평가 대비가 어려움”입니다.","문학, 비문학, 문법, 어휘, 학교별 내신, 서술형, 수행평가, 오답관리","지역과 일정에 따라 1:1 방문수업 또는 화상수업으로 진행하며, 문학·비문학 독해와 문법을 기본으로 학교별 내신, 서술형과 수행평가까지 학생의 취약 부분에 맞춰 지도","지문을 근거로 읽고 문제를 해결하는 방법을 익히며, 부족한 영역을 파악해 내신과 고등 국어 학습에 필요한 기본기 강화",코칭형,middle_korean
774,https://kimstutoring.co.kr,samcheok-high-korean,publish,ko,강원특별자치도,삼척,국어,고등학생,삼척 고등학생 국어과외,삼척 고등학생 국어과외,"고등학생 국어 과외 때문에 고민이 있다면 삼척 수업에서 지금 필요한 연습부터 함께 해볼 수 있습니다. 지역과 일정에 따라 1:1 방문수업 또는 화상수업으로 진행하며, 문학과 독서의 지문 분석부터 학교별 내신,… 방식으로 수업하고 있습니다.",내신과 모의고사·수능을 함께 대비할 1:1 고등 국어과외 탐색,"핵심 고민은 “긴 지문의 핵심을 빠르게 파악하기 어렵거나 문학·독서·문법 영역별 편차가 크고, 모의고사에서 시간 관리와…”입니다.","문학, 독서, 화법과 언어, 작문, 학교별 내신, 모의고사, 수능, 취약영역, 오답분석","지역과 일정에 따라 1:1 방문수업 또는 화상수업으로 진행하며, 문학과 독서의 지문 분석부터 학교별 내신, 모의고사와 수능 대비, 취약영역 및 오답분석까지 현재 실력과 목표에 맞춰 지도","지문을 분석하는 기준과 문제 접근 방법을 익히고, 취약영역과 반복되는 오답을 점검하면서 내신·모의고사·수능 학습의 방향을 구체화",전문형,high_korean
775,https://kimstutoring.co.kr,donghae-elementary-english,publish,ko,강원특별자치도,동해,영어,초등학생,동해 초등학생 영어과외,동해 초등학생 영어과외,"동해에서 배우는 초등학생 영어 과외, 실제로 쓰려는 상황에 맞춰 수업 내용을 정합니다. 지역과 일정에 따라 1:1 방문수업 또는 화상수업으로 진행하며, 기초 어휘와 문장 이해, 읽기 학습을 학생의… 방식으로 수업하고 있습니다.",초등학생 수준에 맞춰 영어 기초와 꾸준한 학습 습관을 기르는 1:1 온라인 과외 찾기,핵심 고민은 “기초 어휘가 부족하고 짧은 문장의 뜻을 이해하거나 꾸준히 읽는 데 어려움이 있음”입니다.,"기초 어휘, 문장 이해, 짧은 글 읽기, 학습 습관","지역과 일정에 따라 1:1 방문수업 또는 화상수업으로 진행하며, 기초 어휘와 문장 이해, 읽기 학습을 학생의 수준과 학습 속도에 맞춰 지도",익숙한 어휘로 짧은 문장의 뜻을 파악하고 스스로 읽고 복습하는 습관 형성,친근형,elementary_english
776,https://kimstutoring.co.kr,donghae-middle-english,publish,ko,강원특별자치도,동해,영어,중학생,동해 중학생 영어과외,동해 중학생 영어과외,"동해에서 중학생 영어 과외 수업을 찾고 계신다면 지금 필요한 내용부터 시작할 수 있습니다. 지역과 일정에 따라 1:1 방문수업 또는 화상수업으로 진행하며, 어휘·문법·독해를 기본으로 학교별 내신과… 방식으로 수업하고 있습니다.",중학생 영어 문법과 독해를 보완하고 학교별 내신과 서술형 및 수행평가를 준비하는 온라인 과외 찾기,핵심 고민은 “어휘와 문법을 배워도 지문에 적용하기 어렵고 서술형 답안과 수행평가 준비가 막막함”입니다.,"어휘, 문법, 독해, 학교별 내신, 서술형, 수행평가","지역과 일정에 따라 1:1 방문수업 또는 화상수업으로 진행하며, 어휘·문법·독해를 기본으로 학교별 내신과 서술형, 수행평가까지 학생의 취약 부분에 맞춰 지도",문법 근거를 설명하며 지문을 읽고 학교 평가 기준에 맞춰 답안을 작성하는 능력 향상,코칭형,middle_english
777,https://kimstutoring.co.kr,donghae-high-english,publish,ko,강원특별자치도,동해,영어,고등학생,동해 고등학생 영어과외,동해 고등학생 영어과외,"동해 고등학생 영어 과외 수업은 정해진 진도보다 현재 실력과 배우는 이유를 중요하게 봅니다. 지역과 일정에 따라 1:1 방문수업 또는 화상수업으로 진행하며, 어휘·구문독해부터 학교별 내신, 모의고사와 수능… 방식으로 수업하고 있습니다.",고등학생 영어 내신과 모의고사 및 수능 준비를 현재 수준에 맞춰 병행하는 온라인 과외 찾기,핵심 고민은 “긴 문장의 구조를 파악하기 어렵고 내신과 모의고사 지문을 읽는 데 시간이 오래 걸림”입니다.,"어휘, 구문독해, 학교별 내신, 모의고사, 수능","지역과 일정에 따라 1:1 방문수업 또는 화상수업으로 진행하며, 어휘·구문독해부터 학교별 내신, 모의고사와 수능 대비까지 현재 실력과 목표에 맞춰 지도",복잡한 문장의 구조를 파악하고 지문의 근거를 바탕으로 답을 선택하는 독해 능력 향상,전문형,high_english
778,https://kimstutoring.co.kr,donghae-elementary-math,publish,ko,강원특별자치도,동해,수학,초등학생,동해 초등학생 수학과외,동해 초등학생 수학과외,"동해에서 초등학생 수학 과외 수업을 찾고 계신다면 지금 필요한 내용부터 시작할 수 있습니다. 지역과 일정에 따라 1:1 방문수업 또는 화상수업으로 진행하며, 연산과 기초개념을 탄탄히 다지고 문제를 이해하는… 방식으로 수업하고 있습니다.",초등학생 수학 연산과 기초개념을 다지고 문제 이해와 풀이 습관을 기르는 온라인 과외 찾기,핵심 고민은 “계산 실수가 반복되고 문장형 문제에서 무엇을 구해야 하는지 파악하기 어려움”입니다.,"연산, 기초개념, 문제 이해, 풀이 습관","지역과 일정에 따라 1:1 방문수업 또는 화상수업으로 진행하며, 연산과 기초개념을 탄탄히 다지고 문제를 이해하는 과정과 올바른 풀이 습관을 학생 수준에 맞춰 지도",계산 과정을 점검하고 문제의 조건을 이해하며 풀이 순서를 정리하는 습관 형성,친근형,elementary_math
779,https://kimstutoring.co.kr,donghae-middle-math,publish,ko,강원특별자치도,동해,수학,중학생,동해 중학생 수학과외,동해 중학생 수학과외,"동해에서 중학생 수학 과외 수업을 찾고 계신다면 지금 필요한 내용부터 시작할 수 있습니다. 지역과 일정에 따라 1:1 방문수업 또는 화상수업으로 진행하며, 개념 이해와 유형별 문제풀이를 연결하고 학교별… 방식으로 수업하고 있습니다.",중학생 수학 개념과 유형별 문제풀이를 연결하고 내신 및 서술형을 준비하는 온라인 과외 찾기,핵심 고민은 “개념을 외워도 문제 유형이 바뀌면 적용하기 어렵고 같은 오답과 풀이 과정 누락이 반복됨”입니다.,"개념, 유형별 문제풀이, 학교별 내신, 서술형, 오답관리","지역과 일정에 따라 1:1 방문수업 또는 화상수업으로 진행하며, 개념 이해와 유형별 문제풀이를 연결하고 학교별 내신, 서술형, 오답관리까지 취약 단원에 맞춰 지도",문제에 맞는 개념을 선택하고 풀이 근거를 순서대로 쓰며 반복되는 실수를 줄이는 능력 향상,코칭형,middle_math
780,https://kimstutoring.co.kr,donghae-high-math,publish,ko,강원특별자치도,동해,수학,고등학생,동해 고등학생 수학과외,동해 고등학생 수학과외,"고등학생 수학 과외 공부를 다시 시작하려는 분께 동해 1:1 수업이 맞는 출발점을 찾아드립니다. 지역과 일정에 따라 1:1 방문수업 또는 화상수업으로 진행하며, 개념과 유형별 문제풀이부터 학교별 내신,… 방식으로 수업하고 있습니다.",고등학생 수학 취약단원을 보완하면서 내신과 모의고사 및 수능을 준비하는 온라인 과외 찾기,핵심 고민은 “개념 사이의 연결이 약하고 복합 문제의 접근 방법을 찾기 어려우며 취약단원에서 오답이 반복됨”입니다.,"개념, 유형별 문제풀이, 학교별 내신, 모의고사, 수능, 취약단원, 오답분석","지역과 일정에 따라 1:1 방문수업 또는 화상수업으로 진행하며, 개념과 유형별 문제풀이부터 학교별 내신, 모의고사와 수능 대비, 취약단원 및 오답분석까지 목표에 맞춰 지도",취약단원의 개념을 연결하고 문제 조건에 맞는 풀이 전략을 선택하며 오답 원인을 스스로 설명하는 능력 향상,전문형,high_math
781,https://kimstutoring.co.kr,donghae-elementary-korean,publish,ko,강원특별자치도,동해,국어,초등학생,동해 초등학생 국어과외,동해 초등학생 국어과외,"초등학생 국어 과외 공부를 다시 시작하려는 분께 동해 1:1 수업이 맞는 출발점을 찾아드립니다. 지역과 일정에 따라 1:1 방문수업 또는 화상수업으로 진행하며, 어휘와 독해를 바탕으로 글의 내용을 이해하고… 방식으로 수업하고 있습니다.",초등학생의 국어 기초와 문해력을 잡아줄 1:1 국어과외 탐색,핵심 고민은 “글을 읽어도 내용을 정확히 이해하지 못하거나 어휘력이 부족해 문제의 뜻을 파악하는 데 어려움”입니다.,"어휘, 독해, 문장 이해, 글의 중심내용 파악, 기초 문해력, 글쓰기, 학습 습관","지역과 일정에 따라 1:1 방문수업 또는 화상수업으로 진행하며, 어휘와 독해를 바탕으로 글의 내용을 이해하고 자신의 생각을 표현하는 힘을 학생의 수준과 학습 속도에 맞춰 지도","글을 읽고 핵심 내용을 파악하는 힘을 기르고, 국어뿐 아니라 다른 과목의 문제를 이해하는 데 필요한 기초 문해력과 학습 습관 형성",친근형,elementary_korean
782,https://kimstutoring.co.kr,donghae-middle-korean,publish,ko,강원특별자치도,동해,국어,중학생,동해 중학생 국어과외,동해 중학생 국어과외,"동해에서 중학생 국어 과외 수업을 찾고 계신다면 지금 필요한 내용부터 시작할 수 있습니다. 지역과 일정에 따라 1:1 방문수업 또는 화상수업으로 진행하며, 문학·비문학 독해와 문법을 기본으로 학교별… 방식으로 수업하고 있습니다.",학교 내신과 국어 기본기를 함께 준비할 1:1 중등 국어과외 탐색,"핵심 고민은 “문학과 비문학 지문을 감으로 풀거나 문법 개념이 부족하고, 학교 시험의 서술형·수행평가 대비가 어려움”입니다.","문학, 비문학, 문법, 어휘, 학교별 내신, 서술형, 수행평가, 오답관리","지역과 일정에 따라 1:1 방문수업 또는 화상수업으로 진행하며, 문학·비문학 독해와 문법을 기본으로 학교별 내신, 서술형과 수행평가까지 학생의 취약 부분에 맞춰 지도","지문을 근거로 읽고 문제를 해결하는 방법을 익히며, 부족한 영역을 파악해 내신과 고등 국어 학습에 필요한 기본기 강화",코칭형,middle_korean
783,https://kimstutoring.co.kr,donghae-high-korean,publish,ko,강원특별자치도,동해,국어,고등학생,동해 고등학생 국어과외,동해 고등학생 국어과외,"고등학생 국어 과외 공부를 다시 시작하려는 분께 동해 1:1 수업이 맞는 출발점을 찾아드립니다. 지역과 일정에 따라 1:1 방문수업 또는 화상수업으로 진행하며, 문학과 독서의 지문 분석부터 학교별 내신,… 방식으로 수업하고 있습니다.",내신과 모의고사·수능을 함께 대비할 1:1 고등 국어과외 탐색,"핵심 고민은 “긴 지문의 핵심을 빠르게 파악하기 어렵거나 문학·독서·문법 영역별 편차가 크고, 모의고사에서 시간 관리와…”입니다.","문학, 독서, 화법과 언어, 작문, 학교별 내신, 모의고사, 수능, 취약영역, 오답분석","지역과 일정에 따라 1:1 방문수업 또는 화상수업으로 진행하며, 문학과 독서의 지문 분석부터 학교별 내신, 모의고사와 수능 대비, 취약영역 및 오답분석까지 현재 실력과 목표에 맞춰 지도","지문을 분석하는 기준과 문제 접근 방법을 익히고, 취약영역과 반복되는 오답을 점검하면서 내신·모의고사·수능 학습의 방향을 구체화",전문형,high_korean
784,https://kimstutoring.co.kr,wonju-elementary-english,publish,ko,강원특별자치도,원주,영어,초등학생,원주 초등학생 영어과외,원주 초등학생 영어과외,"초등학생 영어 과외 때문에 고민이 있다면 원주 수업에서 지금 필요한 연습부터 함께 해볼 수 있습니다. 지역과 일정에 따라 1:1 방문수업 또는 화상수업으로 진행하며, 기초 어휘와 문장 이해, 읽기 학습을 학생의… 방식으로 수업하고 있습니다.",초등학생 수준에 맞춰 영어 기초와 꾸준한 학습 습관을 기르는 1:1 온라인 과외 찾기,핵심 고민은 “기초 어휘가 부족하고 짧은 문장의 뜻을 이해하거나 꾸준히 읽는 데 어려움이 있음”입니다.,"기초 어휘, 문장 이해, 짧은 글 읽기, 학습 습관","지역과 일정에 따라 1:1 방문수업 또는 화상수업으로 진행하며, 기초 어휘와 문장 이해, 읽기 학습을 학생의 수준과 학습 속도에 맞춰 지도",익숙한 어휘로 짧은 문장의 뜻을 파악하고 스스로 읽고 복습하는 습관 형성,친근형,elementary_english
785,https://kimstutoring.co.kr,wonju-middle-english,publish,ko,강원특별자치도,원주,영어,중학생,원주 중학생 영어과외,원주 중학생 영어과외,"원주 중학생 영어 과외 수업을 고민 중이라면 잘하는 부분과 보완할 부분을 나누어 시작합니다. 지역과 일정에 따라 1:1 방문수업 또는 화상수업으로 진행하며, 어휘·문법·독해를 기본으로 학교별 내신과… 방식으로 수업하고 있습니다.",중학생 영어 문법과 독해를 보완하고 학교별 내신과 서술형 및 수행평가를 준비하는 온라인 과외 찾기,핵심 고민은 “어휘와 문법을 배워도 지문에 적용하기 어렵고 서술형 답안과 수행평가 준비가 막막함”입니다.,"어휘, 문법, 독해, 학교별 내신, 서술형, 수행평가","지역과 일정에 따라 1:1 방문수업 또는 화상수업으로 진행하며, 어휘·문법·독해를 기본으로 학교별 내신과 서술형, 수행평가까지 학생의 취약 부분에 맞춰 지도",문법 근거를 설명하며 지문을 읽고 학교 평가 기준에 맞춰 답안을 작성하는 능력 향상,코칭형,middle_english
786,https://kimstutoring.co.kr,wonju-high-english,publish,ko,강원특별자치도,원주,영어,고등학생,원주 고등학생 영어과외,원주 고등학생 영어과외,"고등학생 영어 과외 때문에 고민이 있다면 원주 수업에서 지금 필요한 연습부터 함께 해볼 수 있습니다. 지역과 일정에 따라 1:1 방문수업 또는 화상수업으로 진행하며, 어휘·구문독해부터 학교별 내신, 모의고사와 수능… 방식으로 수업하고 있습니다.",고등학생 영어 내신과 모의고사 및 수능 준비를 현재 수준에 맞춰 병행하는 온라인 과외 찾기,핵심 고민은 “긴 문장의 구조를 파악하기 어렵고 내신과 모의고사 지문을 읽는 데 시간이 오래 걸림”입니다.,"어휘, 구문독해, 학교별 내신, 모의고사, 수능","지역과 일정에 따라 1:1 방문수업 또는 화상수업으로 진행하며, 어휘·구문독해부터 학교별 내신, 모의고사와 수능 대비까지 현재 실력과 목표에 맞춰 지도",복잡한 문장의 구조를 파악하고 지문의 근거를 바탕으로 답을 선택하는 독해 능력 향상,전문형,high_english
787,https://kimstutoring.co.kr,wonju-elementary-math,publish,ko,강원특별자치도,원주,수학,초등학생,원주 초등학생 수학과외,원주 초등학생 수학과외,"원주 초등학생 수학 과외 수업을 고민 중이라면 잘하는 부분과 보완할 부분을 나누어 시작합니다. 지역과 일정에 따라 1:1 방문수업 또는 화상수업으로 진행하며, 연산과 기초개념을 탄탄히 다지고 문제를 이해하는… 방식으로 수업하고 있습니다.",초등학생 수학 연산과 기초개념을 다지고 문제 이해와 풀이 습관을 기르는 온라인 과외 찾기,핵심 고민은 “계산 실수가 반복되고 문장형 문제에서 무엇을 구해야 하는지 파악하기 어려움”입니다.,"연산, 기초개념, 문제 이해, 풀이 습관","지역과 일정에 따라 1:1 방문수업 또는 화상수업으로 진행하며, 연산과 기초개념을 탄탄히 다지고 문제를 이해하는 과정과 올바른 풀이 습관을 학생 수준에 맞춰 지도",계산 과정을 점검하고 문제의 조건을 이해하며 풀이 순서를 정리하는 습관 형성,친근형,elementary_math
788,https://kimstutoring.co.kr,wonju-middle-math,publish,ko,강원특별자치도,원주,수학,중학생,원주 중학생 수학과외,원주 중학생 수학과외,"원주 중학생 수학 과외 수업을 고민 중이라면 잘하는 부분과 보완할 부분을 나누어 시작합니다. 지역과 일정에 따라 1:1 방문수업 또는 화상수업으로 진행하며, 개념 이해와 유형별 문제풀이를 연결하고 학교별… 방식으로 수업하고 있습니다.",중학생 수학 개념과 유형별 문제풀이를 연결하고 내신 및 서술형을 준비하는 온라인 과외 찾기,핵심 고민은 “개념을 외워도 문제 유형이 바뀌면 적용하기 어렵고 같은 오답과 풀이 과정 누락이 반복됨”입니다.,"개념, 유형별 문제풀이, 학교별 내신, 서술형, 오답관리","지역과 일정에 따라 1:1 방문수업 또는 화상수업으로 진행하며, 개념 이해와 유형별 문제풀이를 연결하고 학교별 내신, 서술형, 오답관리까지 취약 단원에 맞춰 지도",문제에 맞는 개념을 선택하고 풀이 근거를 순서대로 쓰며 반복되는 실수를 줄이는 능력 향상,코칭형,middle_math
789,https://kimstutoring.co.kr,wonju-high-math,publish,ko,강원특별자치도,원주,수학,고등학생,원주 고등학생 수학과외,원주 고등학생 수학과외,"고등학생 수학 과외 공부를 처음 시작한다면 원주에서도 기초부터 1:1로 배울 수 있습니다. 지역과 일정에 따라 1:1 방문수업 또는 화상수업으로 진행하며, 개념과 유형별 문제풀이부터 학교별 내신,… 방식으로 수업하고 있습니다.",고등학생 수학 취약단원을 보완하면서 내신과 모의고사 및 수능을 준비하는 온라인 과외 찾기,핵심 고민은 “개념 사이의 연결이 약하고 복합 문제의 접근 방법을 찾기 어려우며 취약단원에서 오답이 반복됨”입니다.,"개념, 유형별 문제풀이, 학교별 내신, 모의고사, 수능, 취약단원, 오답분석","지역과 일정에 따라 1:1 방문수업 또는 화상수업으로 진행하며, 개념과 유형별 문제풀이부터 학교별 내신, 모의고사와 수능 대비, 취약단원 및 오답분석까지 목표에 맞춰 지도",취약단원의 개념을 연결하고 문제 조건에 맞는 풀이 전략을 선택하며 오답 원인을 스스로 설명하는 능력 향상,전문형,high_math
790,https://kimstutoring.co.kr,wonju-elementary-korean,publish,ko,강원특별자치도,원주,국어,초등학생,원주 초등학생 국어과외,원주 초등학생 국어과외,"초등학생 국어 과외 공부를 처음 시작한다면 원주에서도 기초부터 1:1로 배울 수 있습니다. 지역과 일정에 따라 1:1 방문수업 또는 화상수업으로 진행하며, 어휘와 독해를 바탕으로 글의 내용을 이해하고… 방식으로 수업하고 있습니다.",초등학생의 국어 기초와 문해력을 잡아줄 1:1 국어과외 탐색,핵심 고민은 “글을 읽어도 내용을 정확히 이해하지 못하거나 어휘력이 부족해 문제의 뜻을 파악하는 데 어려움”입니다.,"어휘, 독해, 문장 이해, 글의 중심내용 파악, 기초 문해력, 글쓰기, 학습 습관","지역과 일정에 따라 1:1 방문수업 또는 화상수업으로 진행하며, 어휘와 독해를 바탕으로 글의 내용을 이해하고 자신의 생각을 표현하는 힘을 학생의 수준과 학습 속도에 맞춰 지도","글을 읽고 핵심 내용을 파악하는 힘을 기르고, 국어뿐 아니라 다른 과목의 문제를 이해하는 데 필요한 기초 문해력과 학습 습관 형성",친근형,elementary_korean
791,https://kimstutoring.co.kr,wonju-middle-korean,publish,ko,강원특별자치도,원주,국어,중학생,원주 중학생 국어과외,원주 중학생 국어과외,"원주 중학생 국어 과외 수업을 고민 중이라면 잘하는 부분과 보완할 부분을 나누어 시작합니다. 지역과 일정에 따라 1:1 방문수업 또는 화상수업으로 진행하며, 문학·비문학 독해와 문법을 기본으로 학교별… 방식으로 수업하고 있습니다.",학교 내신과 국어 기본기를 함께 준비할 1:1 중등 국어과외 탐색,"핵심 고민은 “문학과 비문학 지문을 감으로 풀거나 문법 개념이 부족하고, 학교 시험의 서술형·수행평가 대비가 어려움”입니다.","문학, 비문학, 문법, 어휘, 학교별 내신, 서술형, 수행평가, 오답관리","지역과 일정에 따라 1:1 방문수업 또는 화상수업으로 진행하며, 문학·비문학 독해와 문법을 기본으로 학교별 내신, 서술형과 수행평가까지 학생의 취약 부분에 맞춰 지도","지문을 근거로 읽고 문제를 해결하는 방법을 익히며, 부족한 영역을 파악해 내신과 고등 국어 학습에 필요한 기본기 강화",코칭형,middle_korean
792,https://kimstutoring.co.kr,wonju-high-korean,publish,ko,강원특별자치도,원주,국어,고등학생,원주 고등학생 국어과외,원주 고등학생 국어과외,"고등학생 국어 과외 공부를 처음 시작한다면 원주에서도 기초부터 1:1로 배울 수 있습니다. 지역과 일정에 따라 1:1 방문수업 또는 화상수업으로 진행하며, 문학과 독서의 지문 분석부터 학교별 내신,… 방식으로 수업하고 있습니다.",내신과 모의고사·수능을 함께 대비할 1:1 고등 국어과외 탐색,"핵심 고민은 “긴 지문의 핵심을 빠르게 파악하기 어렵거나 문학·독서·문법 영역별 편차가 크고, 모의고사에서 시간 관리와…”입니다.","문학, 독서, 화법과 언어, 작문, 학교별 내신, 모의고사, 수능, 취약영역, 오답분석","지역과 일정에 따라 1:1 방문수업 또는 화상수업으로 진행하며, 문학과 독서의 지문 분석부터 학교별 내신, 모의고사와 수능 대비, 취약영역 및 오답분석까지 현재 실력과 목표에 맞춰 지도","지문을 분석하는 기준과 문제 접근 방법을 익히고, 취약영역과 반복되는 오답을 점검하면서 내신·모의고사·수능 학습의 방향을 구체화",전문형,high_korean
793,https://kimstutoring.co.kr,gangneung-elementary-english,publish,ko,강원특별자치도,강릉,영어,초등학생,강릉 초등학생 영어과외,강릉 초등학생 영어과외,"초등학생 영어 과외 공부를 다시 시작하려는 분께 강릉 1:1 수업이 맞는 출발점을 찾아드립니다. 지역과 일정에 따라 1:1 방문수업 또는 화상수업으로 진행하며, 기초 어휘와 문장 이해, 읽기 학습을 학생의… 방식으로 수업하고 있습니다.",초등학생 수준에 맞춰 영어 기초와 꾸준한 학습 습관을 기르는 1:1 온라인 과외 찾기,핵심 고민은 “기초 어휘가 부족하고 짧은 문장의 뜻을 이해하거나 꾸준히 읽는 데 어려움이 있음”입니다.,"기초 어휘, 문장 이해, 짧은 글 읽기, 학습 습관","지역과 일정에 따라 1:1 방문수업 또는 화상수업으로 진행하며, 기초 어휘와 문장 이해, 읽기 학습을 학생의 수준과 학습 속도에 맞춰 지도",익숙한 어휘로 짧은 문장의 뜻을 파악하고 스스로 읽고 복습하는 습관 형성,친근형,elementary_english
794,https://kimstutoring.co.kr,gangneung-middle-english,publish,ko,강원특별자치도,강릉,영어,중학생,강릉 중학생 영어과외,강릉 중학생 영어과외,"강릉에서 배우는 중학생 영어 과외, 실제로 쓰려는 상황에 맞춰 수업 내용을 정합니다. 지역과 일정에 따라 1:1 방문수업 또는 화상수업으로 진행하며, 어휘·문법·독해를 기본으로 학교별 내신과… 방식으로 수업하고 있습니다.",중학생 영어 문법과 독해를 보완하고 학교별 내신과 서술형 및 수행평가를 준비하는 온라인 과외 찾기,핵심 고민은 “어휘와 문법을 배워도 지문에 적용하기 어렵고 서술형 답안과 수행평가 준비가 막막함”입니다.,"어휘, 문법, 독해, 학교별 내신, 서술형, 수행평가","지역과 일정에 따라 1:1 방문수업 또는 화상수업으로 진행하며, 어휘·문법·독해를 기본으로 학교별 내신과 서술형, 수행평가까지 학생의 취약 부분에 맞춰 지도",문법 근거를 설명하며 지문을 읽고 학교 평가 기준에 맞춰 답안을 작성하는 능력 향상,코칭형,middle_english
795,https://kimstutoring.co.kr,gangneung-high-english,publish,ko,강원특별자치도,강릉,영어,고등학생,강릉 고등학생 영어과외,강릉 고등학생 영어과외,"강릉에서 고등학생 영어 과외 수업을 찾고 계신다면 지금 필요한 내용부터 시작할 수 있습니다. 지역과 일정에 따라 1:1 방문수업 또는 화상수업으로 진행하며, 어휘·구문독해부터 학교별 내신, 모의고사와 수능… 방식으로 수업하고 있습니다.",고등학생 영어 내신과 모의고사 및 수능 준비를 현재 수준에 맞춰 병행하는 온라인 과외 찾기,핵심 고민은 “긴 문장의 구조를 파악하기 어렵고 내신과 모의고사 지문을 읽는 데 시간이 오래 걸림”입니다.,"어휘, 구문독해, 학교별 내신, 모의고사, 수능","지역과 일정에 따라 1:1 방문수업 또는 화상수업으로 진행하며, 어휘·구문독해부터 학교별 내신, 모의고사와 수능 대비까지 현재 실력과 목표에 맞춰 지도",복잡한 문장의 구조를 파악하고 지문의 근거를 바탕으로 답을 선택하는 독해 능력 향상,전문형,high_english
796,https://kimstutoring.co.kr,gangneung-elementary-math,publish,ko,강원특별자치도,강릉,수학,초등학생,강릉 초등학생 수학과외,강릉 초등학생 수학과외,"강릉에서 배우는 초등학생 수학 과외, 실제로 쓰려는 상황에 맞춰 수업 내용을 정합니다. 지역과 일정에 따라 1:1 방문수업 또는 화상수업으로 진행하며, 연산과 기초개념을 탄탄히 다지고 문제를 이해하는… 방식으로 수업하고 있습니다.",초등학생 수학 연산과 기초개념을 다지고 문제 이해와 풀이 습관을 기르는 온라인 과외 찾기,핵심 고민은 “계산 실수가 반복되고 문장형 문제에서 무엇을 구해야 하는지 파악하기 어려움”입니다.,"연산, 기초개념, 문제 이해, 풀이 습관","지역과 일정에 따라 1:1 방문수업 또는 화상수업으로 진행하며, 연산과 기초개념을 탄탄히 다지고 문제를 이해하는 과정과 올바른 풀이 습관을 학생 수준에 맞춰 지도",계산 과정을 점검하고 문제의 조건을 이해하며 풀이 순서를 정리하는 습관 형성,친근형,elementary_math
797,https://kimstutoring.co.kr,gangneung-middle-math,publish,ko,강원특별자치도,강릉,수학,중학생,강릉 중학생 수학과외,강릉 중학생 수학과외,"강릉에서 배우는 중학생 수학 과외, 실제로 쓰려는 상황에 맞춰 수업 내용을 정합니다. 지역과 일정에 따라 1:1 방문수업 또는 화상수업으로 진행하며, 개념 이해와 유형별 문제풀이를 연결하고 학교별… 방식으로 수업하고 있습니다.",중학생 수학 개념과 유형별 문제풀이를 연결하고 내신 및 서술형을 준비하는 온라인 과외 찾기,핵심 고민은 “개념을 외워도 문제 유형이 바뀌면 적용하기 어렵고 같은 오답과 풀이 과정 누락이 반복됨”입니다.,"개념, 유형별 문제풀이, 학교별 내신, 서술형, 오답관리","지역과 일정에 따라 1:1 방문수업 또는 화상수업으로 진행하며, 개념 이해와 유형별 문제풀이를 연결하고 학교별 내신, 서술형, 오답관리까지 취약 단원에 맞춰 지도",문제에 맞는 개념을 선택하고 풀이 근거를 순서대로 쓰며 반복되는 실수를 줄이는 능력 향상,코칭형,middle_math
798,https://kimstutoring.co.kr,gangneung-high-math,publish,ko,강원특별자치도,강릉,수학,고등학생,강릉 고등학생 수학과외,강릉 고등학생 수학과외,"강릉 고등학생 수학 과외 수업은 정해진 진도보다 현재 실력과 배우는 이유를 중요하게 봅니다. 지역과 일정에 따라 1:1 방문수업 또는 화상수업으로 진행하며, 개념과 유형별 문제풀이부터 학교별 내신,… 방식으로 수업하고 있습니다.",고등학생 수학 취약단원을 보완하면서 내신과 모의고사 및 수능을 준비하는 온라인 과외 찾기,핵심 고민은 “개념 사이의 연결이 약하고 복합 문제의 접근 방법을 찾기 어려우며 취약단원에서 오답이 반복됨”입니다.,"개념, 유형별 문제풀이, 학교별 내신, 모의고사, 수능, 취약단원, 오답분석","지역과 일정에 따라 1:1 방문수업 또는 화상수업으로 진행하며, 개념과 유형별 문제풀이부터 학교별 내신, 모의고사와 수능 대비, 취약단원 및 오답분석까지 목표에 맞춰 지도",취약단원의 개념을 연결하고 문제 조건에 맞는 풀이 전략을 선택하며 오답 원인을 스스로 설명하는 능력 향상,전문형,high_math
799,https://kimstutoring.co.kr,gangneung-elementary-korean,publish,ko,강원특별자치도,강릉,국어,초등학생,강릉 초등학생 국어과외,강릉 초등학생 국어과외,"강릉 초등학생 국어 과외 수업은 정해진 진도보다 현재 실력과 배우는 이유를 중요하게 봅니다. 지역과 일정에 따라 1:1 방문수업 또는 화상수업으로 진행하며, 어휘와 독해를 바탕으로 글의 내용을 이해하고… 방식으로 수업하고 있습니다.",초등학생의 국어 기초와 문해력을 잡아줄 1:1 국어과외 탐색,핵심 고민은 “글을 읽어도 내용을 정확히 이해하지 못하거나 어휘력이 부족해 문제의 뜻을 파악하는 데 어려움”입니다.,"어휘, 독해, 문장 이해, 글의 중심내용 파악, 기초 문해력, 글쓰기, 학습 습관","지역과 일정에 따라 1:1 방문수업 또는 화상수업으로 진행하며, 어휘와 독해를 바탕으로 글의 내용을 이해하고 자신의 생각을 표현하는 힘을 학생의 수준과 학습 속도에 맞춰 지도","글을 읽고 핵심 내용을 파악하는 힘을 기르고, 국어뿐 아니라 다른 과목의 문제를 이해하는 데 필요한 기초 문해력과 학습 습관 형성",친근형,elementary_korean
800,https://kimstutoring.co.kr,gangneung-middle-korean,publish,ko,강원특별자치도,강릉,국어,중학생,강릉 중학생 국어과외,강릉 중학생 국어과외,"강릉에서 배우는 중학생 국어 과외, 실제로 쓰려는 상황에 맞춰 수업 내용을 정합니다. 지역과 일정에 따라 1:1 방문수업 또는 화상수업으로 진행하며, 문학·비문학 독해와 문법을 기본으로 학교별… 방식으로 수업하고 있습니다.",학교 내신과 국어 기본기를 함께 준비할 1:1 중등 국어과외 탐색,"핵심 고민은 “문학과 비문학 지문을 감으로 풀거나 문법 개념이 부족하고, 학교 시험의 서술형·수행평가 대비가 어려움”입니다.","문학, 비문학, 문법, 어휘, 학교별 내신, 서술형, 수행평가, 오답관리","지역과 일정에 따라 1:1 방문수업 또는 화상수업으로 진행하며, 문학·비문학 독해와 문법을 기본으로 학교별 내신, 서술형과 수행평가까지 학생의 취약 부분에 맞춰 지도","지문을 근거로 읽고 문제를 해결하는 방법을 익히며, 부족한 영역을 파악해 내신과 고등 국어 학습에 필요한 기본기 강화",코칭형,middle_korean
801,https://kimstutoring.co.kr,gangneung-high-korean,publish,ko,강원특별자치도,강릉,국어,고등학생,강릉 고등학생 국어과외,강릉 고등학생 국어과외,"강릉 고등학생 국어 과외 수업은 정해진 진도보다 현재 실력과 배우는 이유를 중요하게 봅니다. 지역과 일정에 따라 1:1 방문수업 또는 화상수업으로 진행하며, 문학과 독서의 지문 분석부터 학교별 내신,… 방식으로 수업하고 있습니다.",내신과 모의고사·수능을 함께 대비할 1:1 고등 국어과외 탐색,"핵심 고민은 “긴 지문의 핵심을 빠르게 파악하기 어렵거나 문학·독서·문법 영역별 편차가 크고, 모의고사에서 시간 관리와…”입니다.","문학, 독서, 화법과 언어, 작문, 학교별 내신, 모의고사, 수능, 취약영역, 오답분석","지역과 일정에 따라 1:1 방문수업 또는 화상수업으로 진행하며, 문학과 독서의 지문 분석부터 학교별 내신, 모의고사와 수능 대비, 취약영역 및 오답분석까지 현재 실력과 목표에 맞춰 지도","지문을 분석하는 기준과 문제 접근 방법을 익히고, 취약영역과 반복되는 오답을 점검하면서 내신·모의고사·수능 학습의 방향을 구체화",전문형,high_korean
802,https://kimstutoring.co.kr,sokcho-elementary-english,publish,ko,강원특별자치도,속초,영어,초등학생,속초 초등학생 영어과외,속초 초등학생 영어과외,"속초 초등학생 영어 과외 수업을 고민 중이라면 잘하는 부분과 보완할 부분을 나누어 시작합니다. 지역과 일정에 따라 1:1 방문수업 또는 화상수업으로 진행하며, 기초 어휘와 문장 이해, 읽기 학습을 학생의… 방식으로 수업하고 있습니다.",초등학생 수준에 맞춰 영어 기초와 꾸준한 학습 습관을 기르는 1:1 온라인 과외 찾기,핵심 고민은 “기초 어휘가 부족하고 짧은 문장의 뜻을 이해하거나 꾸준히 읽는 데 어려움이 있음”입니다.,"기초 어휘, 문장 이해, 짧은 글 읽기, 학습 습관","지역과 일정에 따라 1:1 방문수업 또는 화상수업으로 진행하며, 기초 어휘와 문장 이해, 읽기 학습을 학생의 수준과 학습 속도에 맞춰 지도",익숙한 어휘로 짧은 문장의 뜻을 파악하고 스스로 읽고 복습하는 습관 형성,친근형,elementary_english
803,https://kimstutoring.co.kr,sokcho-middle-english,publish,ko,강원특별자치도,속초,영어,중학생,속초 중학생 영어과외,속초 중학생 영어과외,"속초에서 중학생 영어 과외 실력을 늘리고 싶다면 자주 막히는 부분부터 직접 다뤄봅니다. 지역과 일정에 따라 1:1 방문수업 또는 화상수업으로 진행하며, 어휘·문법·독해를 기본으로 학교별 내신과… 방식으로 수업하고 있습니다.",중학생 영어 문법과 독해를 보완하고 학교별 내신과 서술형 및 수행평가를 준비하는 온라인 과외 찾기,핵심 고민은 “어휘와 문법을 배워도 지문에 적용하기 어렵고 서술형 답안과 수행평가 준비가 막막함”입니다.,"어휘, 문법, 독해, 학교별 내신, 서술형, 수행평가","지역과 일정에 따라 1:1 방문수업 또는 화상수업으로 진행하며, 어휘·문법·독해를 기본으로 학교별 내신과 서술형, 수행평가까지 학생의 취약 부분에 맞춰 지도",문법 근거를 설명하며 지문을 읽고 학교 평가 기준에 맞춰 답안을 작성하는 능력 향상,코칭형,middle_english
804,https://kimstutoring.co.kr,sokcho-high-english,publish,ko,강원특별자치도,속초,영어,고등학생,속초 고등학생 영어과외,속초 고등학생 영어과외,"속초 고등학생 영어 과외 수업을 고민 중이라면 잘하는 부분과 보완할 부분을 나누어 시작합니다. 지역과 일정에 따라 1:1 방문수업 또는 화상수업으로 진행하며, 어휘·구문독해부터 학교별 내신, 모의고사와 수능… 방식으로 수업하고 있습니다.",고등학생 영어 내신과 모의고사 및 수능 준비를 현재 수준에 맞춰 병행하는 온라인 과외 찾기,핵심 고민은 “긴 문장의 구조를 파악하기 어렵고 내신과 모의고사 지문을 읽는 데 시간이 오래 걸림”입니다.,"어휘, 구문독해, 학교별 내신, 모의고사, 수능","지역과 일정에 따라 1:1 방문수업 또는 화상수업으로 진행하며, 어휘·구문독해부터 학교별 내신, 모의고사와 수능 대비까지 현재 실력과 목표에 맞춰 지도",복잡한 문장의 구조를 파악하고 지문의 근거를 바탕으로 답을 선택하는 독해 능력 향상,전문형,high_english
805,https://kimstutoring.co.kr,sokcho-elementary-math,publish,ko,강원특별자치도,속초,수학,초등학생,속초 초등학생 수학과외,속초 초등학생 수학과외,"속초에서 초등학생 수학 과외 실력을 늘리고 싶다면 자주 막히는 부분부터 직접 다뤄봅니다. 지역과 일정에 따라 1:1 방문수업 또는 화상수업으로 진행하며, 연산과 기초개념을 탄탄히 다지고 문제를 이해하는… 방식으로 수업하고 있습니다.",초등학생 수학 연산과 기초개념을 다지고 문제 이해와 풀이 습관을 기르는 온라인 과외 찾기,핵심 고민은 “계산 실수가 반복되고 문장형 문제에서 무엇을 구해야 하는지 파악하기 어려움”입니다.,"연산, 기초개념, 문제 이해, 풀이 습관","지역과 일정에 따라 1:1 방문수업 또는 화상수업으로 진행하며, 연산과 기초개념을 탄탄히 다지고 문제를 이해하는 과정과 올바른 풀이 습관을 학생 수준에 맞춰 지도",계산 과정을 점검하고 문제의 조건을 이해하며 풀이 순서를 정리하는 습관 형성,친근형,elementary_math
806,https://kimstutoring.co.kr,sokcho-middle-math,publish,ko,강원특별자치도,속초,수학,중학생,속초 중학생 수학과외,속초 중학생 수학과외,"속초에서 중학생 수학 과외 실력을 늘리고 싶다면 자주 막히는 부분부터 직접 다뤄봅니다. 지역과 일정에 따라 1:1 방문수업 또는 화상수업으로 진행하며, 개념 이해와 유형별 문제풀이를 연결하고 학교별… 방식으로 수업하고 있습니다.",중학생 수학 개념과 유형별 문제풀이를 연결하고 내신 및 서술형을 준비하는 온라인 과외 찾기,핵심 고민은 “개념을 외워도 문제 유형이 바뀌면 적용하기 어렵고 같은 오답과 풀이 과정 누락이 반복됨”입니다.,"개념, 유형별 문제풀이, 학교별 내신, 서술형, 오답관리","지역과 일정에 따라 1:1 방문수업 또는 화상수업으로 진행하며, 개념 이해와 유형별 문제풀이를 연결하고 학교별 내신, 서술형, 오답관리까지 취약 단원에 맞춰 지도",문제에 맞는 개념을 선택하고 풀이 근거를 순서대로 쓰며 반복되는 실수를 줄이는 능력 향상,코칭형,middle_math
807,https://kimstutoring.co.kr,sokcho-high-math,publish,ko,강원특별자치도,속초,수학,고등학생,속초 고등학생 수학과외,속초 고등학생 수학과외,"고등학생 수학 과외 때문에 고민이 있다면 속초 수업에서 지금 필요한 연습부터 함께 해볼 수 있습니다. 지역과 일정에 따라 1:1 방문수업 또는 화상수업으로 진행하며, 개념과 유형별 문제풀이부터 학교별 내신,… 방식으로 수업하고 있습니다.",고등학생 수학 취약단원을 보완하면서 내신과 모의고사 및 수능을 준비하는 온라인 과외 찾기,핵심 고민은 “개념 사이의 연결이 약하고 복합 문제의 접근 방법을 찾기 어려우며 취약단원에서 오답이 반복됨”입니다.,"개념, 유형별 문제풀이, 학교별 내신, 모의고사, 수능, 취약단원, 오답분석","지역과 일정에 따라 1:1 방문수업 또는 화상수업으로 진행하며, 개념과 유형별 문제풀이부터 학교별 내신, 모의고사와 수능 대비, 취약단원 및 오답분석까지 목표에 맞춰 지도",취약단원의 개념을 연결하고 문제 조건에 맞는 풀이 전략을 선택하며 오답 원인을 스스로 설명하는 능력 향상,전문형,high_math
808,https://kimstutoring.co.kr,sokcho-elementary-korean,publish,ko,강원특별자치도,속초,국어,초등학생,속초 초등학생 국어과외,속초 초등학생 국어과외,"초등학생 국어 과외 때문에 고민이 있다면 속초 수업에서 지금 필요한 연습부터 함께 해볼 수 있습니다. 지역과 일정에 따라 1:1 방문수업 또는 화상수업으로 진행하며, 어휘와 독해를 바탕으로 글의 내용을 이해하고… 방식으로 수업하고 있습니다.",초등학생의 국어 기초와 문해력을 잡아줄 1:1 국어과외 탐색,핵심 고민은 “글을 읽어도 내용을 정확히 이해하지 못하거나 어휘력이 부족해 문제의 뜻을 파악하는 데 어려움”입니다.,"어휘, 독해, 문장 이해, 글의 중심내용 파악, 기초 문해력, 글쓰기, 학습 습관","지역과 일정에 따라 1:1 방문수업 또는 화상수업으로 진행하며, 어휘와 독해를 바탕으로 글의 내용을 이해하고 자신의 생각을 표현하는 힘을 학생의 수준과 학습 속도에 맞춰 지도","글을 읽고 핵심 내용을 파악하는 힘을 기르고, 국어뿐 아니라 다른 과목의 문제를 이해하는 데 필요한 기초 문해력과 학습 습관 형성",친근형,elementary_korean
809,https://kimstutoring.co.kr,sokcho-middle-korean,publish,ko,강원특별자치도,속초,국어,중학생,속초 중학생 국어과외,속초 중학생 국어과외,"속초에서 중학생 국어 과외 실력을 늘리고 싶다면 자주 막히는 부분부터 직접 다뤄봅니다. 지역과 일정에 따라 1:1 방문수업 또는 화상수업으로 진행하며, 문학·비문학 독해와 문법을 기본으로 학교별… 방식으로 수업하고 있습니다.",학교 내신과 국어 기본기를 함께 준비할 1:1 중등 국어과외 탐색,"핵심 고민은 “문학과 비문학 지문을 감으로 풀거나 문법 개념이 부족하고, 학교 시험의 서술형·수행평가 대비가 어려움”입니다.","문학, 비문학, 문법, 어휘, 학교별 내신, 서술형, 수행평가, 오답관리","지역과 일정에 따라 1:1 방문수업 또는 화상수업으로 진행하며, 문학·비문학 독해와 문법을 기본으로 학교별 내신, 서술형과 수행평가까지 학생의 취약 부분에 맞춰 지도","지문을 근거로 읽고 문제를 해결하는 방법을 익히며, 부족한 영역을 파악해 내신과 고등 국어 학습에 필요한 기본기 강화",코칭형,middle_korean
810,https://kimstutoring.co.kr,sokcho-high-korean,publish,ko,강원특별자치도,속초,국어,고등학생,속초 고등학생 국어과외,속초 고등학생 국어과외,"고등학생 국어 과외 때문에 고민이 있다면 속초 수업에서 지금 필요한 연습부터 함께 해볼 수 있습니다. 지역과 일정에 따라 1:1 방문수업 또는 화상수업으로 진행하며, 문학과 독서의 지문 분석부터 학교별 내신,… 방식으로 수업하고 있습니다.",내신과 모의고사·수능을 함께 대비할 1:1 고등 국어과외 탐색,"핵심 고민은 “긴 지문의 핵심을 빠르게 파악하기 어렵거나 문학·독서·문법 영역별 편차가 크고, 모의고사에서 시간 관리와…”입니다.","문학, 독서, 화법과 언어, 작문, 학교별 내신, 모의고사, 수능, 취약영역, 오답분석","지역과 일정에 따라 1:1 방문수업 또는 화상수업으로 진행하며, 문학과 독서의 지문 분석부터 학교별 내신, 모의고사와 수능 대비, 취약영역 및 오답분석까지 현재 실력과 목표에 맞춰 지도","지문을 분석하는 기준과 문제 접근 방법을 익히고, 취약영역과 반복되는 오답을 점검하면서 내신·모의고사·수능 학습의 방향을 구체화",전문형,high_korean
811,https://kimstutoring.co.kr,chuncheon-elementary-english,publish,ko,강원특별자치도,춘천,영어,초등학생,춘천 초등학생 영어과외,춘천 초등학생 영어과외,"초등학생 영어 과외 공부를 처음 시작한다면 춘천에서도 기초부터 1:1로 배울 수 있습니다. 지역과 일정에 따라 1:1 방문수업 또는 화상수업으로 진행하며, 기초 어휘와 문장 이해, 읽기 학습을 학생의… 방식으로 수업하고 있습니다.",초등학생 수준에 맞춰 영어 기초와 꾸준한 학습 습관을 기르는 1:1 온라인 과외 찾기,핵심 고민은 “기초 어휘가 부족하고 짧은 문장의 뜻을 이해하거나 꾸준히 읽는 데 어려움이 있음”입니다.,"기초 어휘, 문장 이해, 짧은 글 읽기, 학습 습관","지역과 일정에 따라 1:1 방문수업 또는 화상수업으로 진행하며, 기초 어휘와 문장 이해, 읽기 학습을 학생의 수준과 학습 속도에 맞춰 지도",익숙한 어휘로 짧은 문장의 뜻을 파악하고 스스로 읽고 복습하는 습관 형성,친근형,elementary_english
812,https://kimstutoring.co.kr,chuncheon-middle-english,publish,ko,강원특별자치도,춘천,영어,중학생,춘천 중학생 영어과외,춘천 중학생 영어과외,"중학생 영어 과외 때문에 고민이 있다면 춘천 수업에서 지금 필요한 연습부터 함께 해볼 수 있습니다. 지역과 일정에 따라 1:1 방문수업 또는 화상수업으로 진행하며, 어휘·문법·독해를 기본으로 학교별 내신과… 방식으로 수업하고 있습니다.",중학생 영어 문법과 독해를 보완하고 학교별 내신과 서술형 및 수행평가를 준비하는 온라인 과외 찾기,핵심 고민은 “어휘와 문법을 배워도 지문에 적용하기 어렵고 서술형 답안과 수행평가 준비가 막막함”입니다.,"어휘, 문법, 독해, 학교별 내신, 서술형, 수행평가","지역과 일정에 따라 1:1 방문수업 또는 화상수업으로 진행하며, 어휘·문법·독해를 기본으로 학교별 내신과 서술형, 수행평가까지 학생의 취약 부분에 맞춰 지도",문법 근거를 설명하며 지문을 읽고 학교 평가 기준에 맞춰 답안을 작성하는 능력 향상,코칭형,middle_english
813,https://kimstutoring.co.kr,chuncheon-high-english,publish,ko,강원특별자치도,춘천,영어,고등학생,춘천 고등학생 영어과외,춘천 고등학생 영어과외,"고등학생 영어 과외 공부를 처음 시작한다면 춘천에서도 기초부터 1:1로 배울 수 있습니다. 지역과 일정에 따라 1:1 방문수업 또는 화상수업으로 진행하며, 어휘·구문독해부터 학교별 내신, 모의고사와 수능… 방식으로 수업하고 있습니다.",고등학생 영어 내신과 모의고사 및 수능 준비를 현재 수준에 맞춰 병행하는 온라인 과외 찾기,핵심 고민은 “긴 문장의 구조를 파악하기 어렵고 내신과 모의고사 지문을 읽는 데 시간이 오래 걸림”입니다.,"어휘, 구문독해, 학교별 내신, 모의고사, 수능","지역과 일정에 따라 1:1 방문수업 또는 화상수업으로 진행하며, 어휘·구문독해부터 학교별 내신, 모의고사와 수능 대비까지 현재 실력과 목표에 맞춰 지도",복잡한 문장의 구조를 파악하고 지문의 근거를 바탕으로 답을 선택하는 독해 능력 향상,전문형,high_english
814,https://kimstutoring.co.kr,chuncheon-elementary-math,publish,ko,강원특별자치도,춘천,수학,초등학생,춘천 초등학생 수학과외,춘천 초등학생 수학과외,"초등학생 수학 과외 때문에 고민이 있다면 춘천 수업에서 지금 필요한 연습부터 함께 해볼 수 있습니다. 지역과 일정에 따라 1:1 방문수업 또는 화상수업으로 진행하며, 연산과 기초개념을 탄탄히 다지고 문제를 이해하는… 방식으로 수업하고 있습니다.",초등학생 수학 연산과 기초개념을 다지고 문제 이해와 풀이 습관을 기르는 온라인 과외 찾기,핵심 고민은 “계산 실수가 반복되고 문장형 문제에서 무엇을 구해야 하는지 파악하기 어려움”입니다.,"연산, 기초개념, 문제 이해, 풀이 습관","지역과 일정에 따라 1:1 방문수업 또는 화상수업으로 진행하며, 연산과 기초개념을 탄탄히 다지고 문제를 이해하는 과정과 올바른 풀이 습관을 학생 수준에 맞춰 지도",계산 과정을 점검하고 문제의 조건을 이해하며 풀이 순서를 정리하는 습관 형성,친근형,elementary_math
815,https://kimstutoring.co.kr,chuncheon-middle-math,publish,ko,강원특별자치도,춘천,수학,중학생,춘천 중학생 수학과외,춘천 중학생 수학과외,"중학생 수학 과외 때문에 고민이 있다면 춘천 수업에서 지금 필요한 연습부터 함께 해볼 수 있습니다. 지역과 일정에 따라 1:1 방문수업 또는 화상수업으로 진행하며, 개념 이해와 유형별 문제풀이를 연결하고 학교별… 방식으로 수업하고 있습니다.",중학생 수학 개념과 유형별 문제풀이를 연결하고 내신 및 서술형을 준비하는 온라인 과외 찾기,핵심 고민은 “개념을 외워도 문제 유형이 바뀌면 적용하기 어렵고 같은 오답과 풀이 과정 누락이 반복됨”입니다.,"개념, 유형별 문제풀이, 학교별 내신, 서술형, 오답관리","지역과 일정에 따라 1:1 방문수업 또는 화상수업으로 진행하며, 개념 이해와 유형별 문제풀이를 연결하고 학교별 내신, 서술형, 오답관리까지 취약 단원에 맞춰 지도",문제에 맞는 개념을 선택하고 풀이 근거를 순서대로 쓰며 반복되는 실수를 줄이는 능력 향상,코칭형,middle_math
816,https://kimstutoring.co.kr,chuncheon-high-math,publish,ko,강원특별자치도,춘천,수학,고등학생,춘천 고등학생 수학과외,춘천 고등학생 수학과외,"춘천에서 고등학생 수학 과외 실력을 늘리고 싶다면 자주 막히는 부분부터 직접 다뤄봅니다. 지역과 일정에 따라 1:1 방문수업 또는 화상수업으로 진행하며, 개념과 유형별 문제풀이부터 학교별 내신,… 방식으로 수업하고 있습니다.",고등학생 수학 취약단원을 보완하면서 내신과 모의고사 및 수능을 준비하는 온라인 과외 찾기,핵심 고민은 “개념 사이의 연결이 약하고 복합 문제의 접근 방법을 찾기 어려우며 취약단원에서 오답이 반복됨”입니다.,"개념, 유형별 문제풀이, 학교별 내신, 모의고사, 수능, 취약단원, 오답분석","지역과 일정에 따라 1:1 방문수업 또는 화상수업으로 진행하며, 개념과 유형별 문제풀이부터 학교별 내신, 모의고사와 수능 대비, 취약단원 및 오답분석까지 목표에 맞춰 지도",취약단원의 개념을 연결하고 문제 조건에 맞는 풀이 전략을 선택하며 오답 원인을 스스로 설명하는 능력 향상,전문형,high_math
817,https://kimstutoring.co.kr,chuncheon-elementary-korean,publish,ko,강원특별자치도,춘천,국어,초등학생,춘천 초등학생 국어과외,춘천 초등학생 국어과외,"춘천에서 초등학생 국어 과외 실력을 늘리고 싶다면 자주 막히는 부분부터 직접 다뤄봅니다. 지역과 일정에 따라 1:1 방문수업 또는 화상수업으로 진행하며, 어휘와 독해를 바탕으로 글의 내용을 이해하고… 방식으로 수업하고 있습니다.",초등학생의 국어 기초와 문해력을 잡아줄 1:1 국어과외 탐색,핵심 고민은 “글을 읽어도 내용을 정확히 이해하지 못하거나 어휘력이 부족해 문제의 뜻을 파악하는 데 어려움”입니다.,"어휘, 독해, 문장 이해, 글의 중심내용 파악, 기초 문해력, 글쓰기, 학습 습관","지역과 일정에 따라 1:1 방문수업 또는 화상수업으로 진행하며, 어휘와 독해를 바탕으로 글의 내용을 이해하고 자신의 생각을 표현하는 힘을 학생의 수준과 학습 속도에 맞춰 지도","글을 읽고 핵심 내용을 파악하는 힘을 기르고, 국어뿐 아니라 다른 과목의 문제를 이해하는 데 필요한 기초 문해력과 학습 습관 형성",친근형,elementary_korean
818,https://kimstutoring.co.kr,chuncheon-middle-korean,publish,ko,강원특별자치도,춘천,국어,중학생,춘천 중학생 국어과외,춘천 중학생 국어과외,"중학생 국어 과외 때문에 고민이 있다면 춘천 수업에서 지금 필요한 연습부터 함께 해볼 수 있습니다. 지역과 일정에 따라 1:1 방문수업 또는 화상수업으로 진행하며, 문학·비문학 독해와 문법을 기본으로 학교별… 방식으로 수업하고 있습니다.",학교 내신과 국어 기본기를 함께 준비할 1:1 중등 국어과외 탐색,"핵심 고민은 “문학과 비문학 지문을 감으로 풀거나 문법 개념이 부족하고, 학교 시험의 서술형·수행평가 대비가 어려움”입니다.","문학, 비문학, 문법, 어휘, 학교별 내신, 서술형, 수행평가, 오답관리","지역과 일정에 따라 1:1 방문수업 또는 화상수업으로 진행하며, 문학·비문학 독해와 문법을 기본으로 학교별 내신, 서술형과 수행평가까지 학생의 취약 부분에 맞춰 지도","지문을 근거로 읽고 문제를 해결하는 방법을 익히며, 부족한 영역을 파악해 내신과 고등 국어 학습에 필요한 기본기 강화",코칭형,middle_korean
819,https://kimstutoring.co.kr,chuncheon-high-korean,publish,ko,강원특별자치도,춘천,국어,고등학생,춘천 고등학생 국어과외,춘천 고등학생 국어과외,"춘천에서 고등학생 국어 과외 실력을 늘리고 싶다면 자주 막히는 부분부터 직접 다뤄봅니다. 지역과 일정에 따라 1:1 방문수업 또는 화상수업으로 진행하며, 문학과 독서의 지문 분석부터 학교별 내신,… 방식으로 수업하고 있습니다.",내신과 모의고사·수능을 함께 대비할 1:1 고등 국어과외 탐색,"핵심 고민은 “긴 지문의 핵심을 빠르게 파악하기 어렵거나 문학·독서·문법 영역별 편차가 크고, 모의고사에서 시간 관리와…”입니다.","문학, 독서, 화법과 언어, 작문, 학교별 내신, 모의고사, 수능, 취약영역, 오답분석","지역과 일정에 따라 1:1 방문수업 또는 화상수업으로 진행하며, 문학과 독서의 지문 분석부터 학교별 내신, 모의고사와 수능 대비, 취약영역 및 오답분석까지 현재 실력과 목표에 맞춰 지도","지문을 분석하는 기준과 문제 접근 방법을 익히고, 취약영역과 반복되는 오답을 점검하면서 내신·모의고사·수능 학습의 방향을 구체화",전문형,high_korean
820,https://kimstutoring.co.kr,gangwon-goseong-gun-elementary-english,publish,ko,강원특별자치도,강원 고성군,영어,초등학생,강원 고성군 초등학생 영어과외,강원 고성군 초등학생 영어과외,"초등학생 영어 과외 공부를 처음 시작한다면 강원 고성군에서도 기초부터 1:1로 배울 수 있습니다. 지역과 일정에 따라 1:1 방문수업 또는 화상수업으로 진행하며, 기초 어휘와 문장 이해, 읽기 학습을 학생의… 방식으로 수업하고 있습니다.",초등학생 수준에 맞춰 영어 기초와 꾸준한 학습 습관을 기르는 1:1 온라인 과외 찾기,핵심 고민은 “기초 어휘가 부족하고 짧은 문장의 뜻을 이해하거나 꾸준히 읽는 데 어려움이 있음”입니다.,"기초 어휘, 문장 이해, 짧은 글 읽기, 학습 습관","지역과 일정에 따라 1:1 방문수업 또는 화상수업으로 진행하며, 기초 어휘와 문장 이해, 읽기 학습을 학생의 수준과 학습 속도에 맞춰 지도",익숙한 어휘로 짧은 문장의 뜻을 파악하고 스스로 읽고 복습하는 습관 형성,친근형,elementary_english
821,https://kimstutoring.co.kr,gangwon-goseong-gun-middle-english,publish,ko,강원특별자치도,강원 고성군,영어,중학생,강원 고성군 중학생 영어과외,강원 고성군 중학생 영어과외,"중학생 영어 과외 때문에 고민이 있다면 강원 고성군 수업에서 지금 필요한 연습부터 함께 해볼 수 있습니다. 지역과 일정에 따라 1:1 방문수업 또는 화상수업으로 진행하며, 어휘·문법·독해를 기본으로 학교별 내신과… 방식으로 수업하고 있습니다.",중학생 영어 문법과 독해를 보완하고 학교별 내신과 서술형 및 수행평가를 준비하는 온라인 과외 찾기,핵심 고민은 “어휘와 문법을 배워도 지문에 적용하기 어렵고 서술형 답안과 수행평가 준비가 막막함”입니다.,"어휘, 문법, 독해, 학교별 내신, 서술형, 수행평가","지역과 일정에 따라 1:1 방문수업 또는 화상수업으로 진행하며, 어휘·문법·독해를 기본으로 학교별 내신과 서술형, 수행평가까지 학생의 취약 부분에 맞춰 지도",문법 근거를 설명하며 지문을 읽고 학교 평가 기준에 맞춰 답안을 작성하는 능력 향상,코칭형,middle_english
822,https://kimstutoring.co.kr,gangwon-goseong-gun-high-english,publish,ko,강원특별자치도,강원 고성군,영어,고등학생,강원 고성군 고등학생 영어과외,강원 고성군 고등학생 영어과외,"고등학생 영어 과외 공부를 처음 시작한다면 강원 고성군에서도 기초부터 1:1로 배울 수 있습니다. 지역과 일정에 따라 1:1 방문수업 또는 화상수업으로 진행하며, 어휘·구문독해부터 학교별 내신, 모의고사와 수능… 방식으로 수업하고 있습니다.",고등학생 영어 내신과 모의고사 및 수능 준비를 현재 수준에 맞춰 병행하는 온라인 과외 찾기,핵심 고민은 “긴 문장의 구조를 파악하기 어렵고 내신과 모의고사 지문을 읽는 데 시간이 오래 걸림”입니다.,"어휘, 구문독해, 학교별 내신, 모의고사, 수능","지역과 일정에 따라 1:1 방문수업 또는 화상수업으로 진행하며, 어휘·구문독해부터 학교별 내신, 모의고사와 수능 대비까지 현재 실력과 목표에 맞춰 지도",복잡한 문장의 구조를 파악하고 지문의 근거를 바탕으로 답을 선택하는 독해 능력 향상,전문형,high_english
823,https://kimstutoring.co.kr,gangwon-goseong-gun-elementary-math,publish,ko,강원특별자치도,강원 고성군,수학,초등학생,강원 고성군 초등학생 수학과외,강원 고성군 초등학생 수학과외,"초등학생 수학 과외 때문에 고민이 있다면 강원 고성군 수업에서 지금 필요한 연습부터 함께 해볼 수 있습니다. 지역과 일정에 따라 1:1 방문수업 또는 화상수업으로 진행하며, 연산과 기초개념을 탄탄히 다지고 문제를 이해하는… 방식으로 수업하고 있습니다.",초등학생 수학 연산과 기초개념을 다지고 문제 이해와 풀이 습관을 기르는 온라인 과외 찾기,핵심 고민은 “계산 실수가 반복되고 문장형 문제에서 무엇을 구해야 하는지 파악하기 어려움”입니다.,"연산, 기초개념, 문제 이해, 풀이 습관","지역과 일정에 따라 1:1 방문수업 또는 화상수업으로 진행하며, 연산과 기초개념을 탄탄히 다지고 문제를 이해하는 과정과 올바른 풀이 습관을 학생 수준에 맞춰 지도",계산 과정을 점검하고 문제의 조건을 이해하며 풀이 순서를 정리하는 습관 형성,친근형,elementary_math
824,https://kimstutoring.co.kr,gangwon-goseong-gun-middle-math,publish,ko,강원특별자치도,강원 고성군,수학,중학생,강원 고성군 중학생 수학과외,강원 고성군 중학생 수학과외,"중학생 수학 과외 때문에 고민이 있다면 강원 고성군 수업에서 지금 필요한 연습부터 함께 해볼 수 있습니다. 지역과 일정에 따라 1:1 방문수업 또는 화상수업으로 진행하며, 개념 이해와 유형별 문제풀이를 연결하고 학교별… 방식으로 수업하고 있습니다.",중학생 수학 개념과 유형별 문제풀이를 연결하고 내신 및 서술형을 준비하는 온라인 과외 찾기,핵심 고민은 “개념을 외워도 문제 유형이 바뀌면 적용하기 어렵고 같은 오답과 풀이 과정 누락이 반복됨”입니다.,"개념, 유형별 문제풀이, 학교별 내신, 서술형, 오답관리","지역과 일정에 따라 1:1 방문수업 또는 화상수업으로 진행하며, 개념 이해와 유형별 문제풀이를 연결하고 학교별 내신, 서술형, 오답관리까지 취약 단원에 맞춰 지도",문제에 맞는 개념을 선택하고 풀이 근거를 순서대로 쓰며 반복되는 실수를 줄이는 능력 향상,코칭형,middle_math
825,https://kimstutoring.co.kr,gangwon-goseong-gun-high-math,publish,ko,강원특별자치도,강원 고성군,수학,고등학생,강원 고성군 고등학생 수학과외,강원 고성군 고등학생 수학과외,"강원 고성군에서 고등학생 수학 과외 실력을 늘리고 싶다면 자주 막히는 부분부터 직접 다뤄봅니다. 지역과 일정에 따라 1:1 방문수업 또는 화상수업으로 진행하며, 개념과 유형별 문제풀이부터 학교별 내신,… 방식으로 수업하고 있습니다.",고등학생 수학 취약단원을 보완하면서 내신과 모의고사 및 수능을 준비하는 온라인 과외 찾기,핵심 고민은 “개념 사이의 연결이 약하고 복합 문제의 접근 방법을 찾기 어려우며 취약단원에서 오답이 반복됨”입니다.,"개념, 유형별 문제풀이, 학교별 내신, 모의고사, 수능, 취약단원, 오답분석","지역과 일정에 따라 1:1 방문수업 또는 화상수업으로 진행하며, 개념과 유형별 문제풀이부터 학교별 내신, 모의고사와 수능 대비, 취약단원 및 오답분석까지 목표에 맞춰 지도",취약단원의 개념을 연결하고 문제 조건에 맞는 풀이 전략을 선택하며 오답 원인을 스스로 설명하는 능력 향상,전문형,high_math
826,https://kimstutoring.co.kr,gangwon-goseong-gun-elementary-korean,publish,ko,강원특별자치도,강원 고성군,국어,초등학생,강원 고성군 초등학생 국어과외,강원 고성군 초등학생 국어과외,"강원 고성군에서 초등학생 국어 과외 실력을 늘리고 싶다면 자주 막히는 부분부터 직접 다뤄봅니다. 지역과 일정에 따라 1:1 방문수업 또는 화상수업으로 진행하며, 어휘와 독해를 바탕으로 글의 내용을 이해하고… 방식으로 수업하고 있습니다.",초등학생의 국어 기초와 문해력을 잡아줄 1:1 국어과외 탐색,핵심 고민은 “글을 읽어도 내용을 정확히 이해하지 못하거나 어휘력이 부족해 문제의 뜻을 파악하는 데 어려움”입니다.,"어휘, 독해, 문장 이해, 글의 중심내용 파악, 기초 문해력, 글쓰기, 학습 습관","지역과 일정에 따라 1:1 방문수업 또는 화상수업으로 진행하며, 어휘와 독해를 바탕으로 글의 내용을 이해하고 자신의 생각을 표현하는 힘을 학생의 수준과 학습 속도에 맞춰 지도","글을 읽고 핵심 내용을 파악하는 힘을 기르고, 국어뿐 아니라 다른 과목의 문제를 이해하는 데 필요한 기초 문해력과 학습 습관 형성",친근형,elementary_korean
827,https://kimstutoring.co.kr,gangwon-goseong-gun-middle-korean,publish,ko,강원특별자치도,강원 고성군,국어,중학생,강원 고성군 중학생 국어과외,강원 고성군 중학생 국어과외,"중학생 국어 과외 때문에 고민이 있다면 강원 고성군 수업에서 지금 필요한 연습부터 함께 해볼 수 있습니다. 지역과 일정에 따라 1:1 방문수업 또는 화상수업으로 진행하며, 문학·비문학 독해와 문법을 기본으로 학교별… 방식으로 수업하고 있습니다.",학교 내신과 국어 기본기를 함께 준비할 1:1 중등 국어과외 탐색,"핵심 고민은 “문학과 비문학 지문을 감으로 풀거나 문법 개념이 부족하고, 학교 시험의 서술형·수행평가 대비가 어려움”입니다.","문학, 비문학, 문법, 어휘, 학교별 내신, 서술형, 수행평가, 오답관리","지역과 일정에 따라 1:1 방문수업 또는 화상수업으로 진행하며, 문학·비문학 독해와 문법을 기본으로 학교별 내신, 서술형과 수행평가까지 학생의 취약 부분에 맞춰 지도","지문을 근거로 읽고 문제를 해결하는 방법을 익히며, 부족한 영역을 파악해 내신과 고등 국어 학습에 필요한 기본기 강화",코칭형,middle_korean
828,https://kimstutoring.co.kr,gangwon-goseong-gun-high-korean,publish,ko,강원특별자치도,강원 고성군,국어,고등학생,강원 고성군 고등학생 국어과외,강원 고성군 고등학생 국어과외,"강원 고성군에서 고등학생 국어 과외 실력을 늘리고 싶다면 자주 막히는 부분부터 직접 다뤄봅니다. 지역과 일정에 따라 1:1 방문수업 또는 화상수업으로 진행하며, 문학과 독서의 지문 분석부터 학교별 내신,… 방식으로 수업하고 있습니다.",내신과 모의고사·수능을 함께 대비할 1:1 고등 국어과외 탐색,"핵심 고민은 “긴 지문의 핵심을 빠르게 파악하기 어렵거나 문학·독서·문법 영역별 편차가 크고, 모의고사에서 시간 관리와…”입니다.","문학, 독서, 화법과 언어, 작문, 학교별 내신, 모의고사, 수능, 취약영역, 오답분석","지역과 일정에 따라 1:1 방문수업 또는 화상수업으로 진행하며, 문학과 독서의 지문 분석부터 학교별 내신, 모의고사와 수능 대비, 취약영역 및 오답분석까지 현재 실력과 목표에 맞춰 지도","지문을 분석하는 기준과 문제 접근 방법을 익히고, 취약영역과 반복되는 오답을 점검하면서 내신·모의고사·수능 학습의 방향을 구체화",전문형,high_korean
829,https://kimstutoring.co.kr,yanggu-gun-elementary-english,publish,ko,강원특별자치도,양구군,영어,초등학생,양구군 초등학생 영어과외,양구군 초등학생 영어과외,"양구군에서 배우는 초등학생 영어 과외, 실제로 쓰려는 상황에 맞춰 수업 내용을 정합니다. 지역과 일정에 따라 1:1 방문수업 또는 화상수업으로 진행하며, 기초 어휘와 문장 이해, 읽기 학습을 학생의… 방식으로 수업하고 있습니다.",초등학생 수준에 맞춰 영어 기초와 꾸준한 학습 습관을 기르는 1:1 온라인 과외 찾기,핵심 고민은 “기초 어휘가 부족하고 짧은 문장의 뜻을 이해하거나 꾸준히 읽는 데 어려움이 있음”입니다.,"기초 어휘, 문장 이해, 짧은 글 읽기, 학습 습관","지역과 일정에 따라 1:1 방문수업 또는 화상수업으로 진행하며, 기초 어휘와 문장 이해, 읽기 학습을 학생의 수준과 학습 속도에 맞춰 지도",익숙한 어휘로 짧은 문장의 뜻을 파악하고 스스로 읽고 복습하는 습관 형성,친근형,elementary_english
830,https://kimstutoring.co.kr,yanggu-gun-middle-english,publish,ko,강원특별자치도,양구군,영어,중학생,양구군 중학생 영어과외,양구군 중학생 영어과외,"양구군에서 중학생 영어 과외 수업을 찾고 계신다면 지금 필요한 내용부터 시작할 수 있습니다. 지역과 일정에 따라 1:1 방문수업 또는 화상수업으로 진행하며, 어휘·문법·독해를 기본으로 학교별 내신과… 방식으로 수업하고 있습니다.",중학생 영어 문법과 독해를 보완하고 학교별 내신과 서술형 및 수행평가를 준비하는 온라인 과외 찾기,핵심 고민은 “어휘와 문법을 배워도 지문에 적용하기 어렵고 서술형 답안과 수행평가 준비가 막막함”입니다.,"어휘, 문법, 독해, 학교별 내신, 서술형, 수행평가","지역과 일정에 따라 1:1 방문수업 또는 화상수업으로 진행하며, 어휘·문법·독해를 기본으로 학교별 내신과 서술형, 수행평가까지 학생의 취약 부분에 맞춰 지도",문법 근거를 설명하며 지문을 읽고 학교 평가 기준에 맞춰 답안을 작성하는 능력 향상,코칭형,middle_english
831,https://kimstutoring.co.kr,yanggu-gun-high-english,publish,ko,강원특별자치도,양구군,영어,고등학생,양구군 고등학생 영어과외,양구군 고등학생 영어과외,"양구군 고등학생 영어 과외 수업은 정해진 진도보다 현재 실력과 배우는 이유를 중요하게 봅니다. 지역과 일정에 따라 1:1 방문수업 또는 화상수업으로 진행하며, 어휘·구문독해부터 학교별 내신, 모의고사와 수능… 방식으로 수업하고 있습니다.",고등학생 영어 내신과 모의고사 및 수능 준비를 현재 수준에 맞춰 병행하는 온라인 과외 찾기,핵심 고민은 “긴 문장의 구조를 파악하기 어렵고 내신과 모의고사 지문을 읽는 데 시간이 오래 걸림”입니다.,"어휘, 구문독해, 학교별 내신, 모의고사, 수능","지역과 일정에 따라 1:1 방문수업 또는 화상수업으로 진행하며, 어휘·구문독해부터 학교별 내신, 모의고사와 수능 대비까지 현재 실력과 목표에 맞춰 지도",복잡한 문장의 구조를 파악하고 지문의 근거를 바탕으로 답을 선택하는 독해 능력 향상,전문형,high_english
832,https://kimstutoring.co.kr,yanggu-gun-elementary-math,publish,ko,강원특별자치도,양구군,수학,초등학생,양구군 초등학생 수학과외,양구군 초등학생 수학과외,"양구군에서 초등학생 수학 과외 수업을 찾고 계신다면 지금 필요한 내용부터 시작할 수 있습니다. 지역과 일정에 따라 1:1 방문수업 또는 화상수업으로 진행하며, 연산과 기초개념을 탄탄히 다지고 문제를 이해하는… 방식으로 수업하고 있습니다.",초등학생 수학 연산과 기초개념을 다지고 문제 이해와 풀이 습관을 기르는 온라인 과외 찾기,핵심 고민은 “계산 실수가 반복되고 문장형 문제에서 무엇을 구해야 하는지 파악하기 어려움”입니다.,"연산, 기초개념, 문제 이해, 풀이 습관","지역과 일정에 따라 1:1 방문수업 또는 화상수업으로 진행하며, 연산과 기초개념을 탄탄히 다지고 문제를 이해하는 과정과 올바른 풀이 습관을 학생 수준에 맞춰 지도",계산 과정을 점검하고 문제의 조건을 이해하며 풀이 순서를 정리하는 습관 형성,친근형,elementary_math
833,https://kimstutoring.co.kr,yanggu-gun-middle-math,publish,ko,강원특별자치도,양구군,수학,중학생,양구군 중학생 수학과외,양구군 중학생 수학과외,"양구군에서 중학생 수학 과외 수업을 찾고 계신다면 지금 필요한 내용부터 시작할 수 있습니다. 지역과 일정에 따라 1:1 방문수업 또는 화상수업으로 진행하며, 개념 이해와 유형별 문제풀이를 연결하고 학교별… 방식으로 수업하고 있습니다.",중학생 수학 개념과 유형별 문제풀이를 연결하고 내신 및 서술형을 준비하는 온라인 과외 찾기,핵심 고민은 “개념을 외워도 문제 유형이 바뀌면 적용하기 어렵고 같은 오답과 풀이 과정 누락이 반복됨”입니다.,"개념, 유형별 문제풀이, 학교별 내신, 서술형, 오답관리","지역과 일정에 따라 1:1 방문수업 또는 화상수업으로 진행하며, 개념 이해와 유형별 문제풀이를 연결하고 학교별 내신, 서술형, 오답관리까지 취약 단원에 맞춰 지도",문제에 맞는 개념을 선택하고 풀이 근거를 순서대로 쓰며 반복되는 실수를 줄이는 능력 향상,코칭형,middle_math
834,https://kimstutoring.co.kr,yanggu-gun-high-math,publish,ko,강원특별자치도,양구군,수학,고등학생,양구군 고등학생 수학과외,양구군 고등학생 수학과외,"고등학생 수학 과외 공부를 다시 시작하려는 분께 양구군 1:1 수업이 맞는 출발점을 찾아드립니다. 지역과 일정에 따라 1:1 방문수업 또는 화상수업으로 진행하며, 개념과 유형별 문제풀이부터 학교별 내신,… 방식으로 수업하고 있습니다.",고등학생 수학 취약단원을 보완하면서 내신과 모의고사 및 수능을 준비하는 온라인 과외 찾기,핵심 고민은 “개념 사이의 연결이 약하고 복합 문제의 접근 방법을 찾기 어려우며 취약단원에서 오답이 반복됨”입니다.,"개념, 유형별 문제풀이, 학교별 내신, 모의고사, 수능, 취약단원, 오답분석","지역과 일정에 따라 1:1 방문수업 또는 화상수업으로 진행하며, 개념과 유형별 문제풀이부터 학교별 내신, 모의고사와 수능 대비, 취약단원 및 오답분석까지 목표에 맞춰 지도",취약단원의 개념을 연결하고 문제 조건에 맞는 풀이 전략을 선택하며 오답 원인을 스스로 설명하는 능력 향상,전문형,high_math
835,https://kimstutoring.co.kr,yanggu-gun-elementary-korean,publish,ko,강원특별자치도,양구군,국어,초등학생,양구군 초등학생 국어과외,양구군 초등학생 국어과외,"초등학생 국어 과외 공부를 다시 시작하려는 분께 양구군 1:1 수업이 맞는 출발점을 찾아드립니다. 지역과 일정에 따라 1:1 방문수업 또는 화상수업으로 진행하며, 어휘와 독해를 바탕으로 글의 내용을 이해하고… 방식으로 수업하고 있습니다.",초등학생의 국어 기초와 문해력을 잡아줄 1:1 국어과외 탐색,핵심 고민은 “글을 읽어도 내용을 정확히 이해하지 못하거나 어휘력이 부족해 문제의 뜻을 파악하는 데 어려움”입니다.,"어휘, 독해, 문장 이해, 글의 중심내용 파악, 기초 문해력, 글쓰기, 학습 습관","지역과 일정에 따라 1:1 방문수업 또는 화상수업으로 진행하며, 어휘와 독해를 바탕으로 글의 내용을 이해하고 자신의 생각을 표현하는 힘을 학생의 수준과 학습 속도에 맞춰 지도","글을 읽고 핵심 내용을 파악하는 힘을 기르고, 국어뿐 아니라 다른 과목의 문제를 이해하는 데 필요한 기초 문해력과 학습 습관 형성",친근형,elementary_korean
836,https://kimstutoring.co.kr,yanggu-gun-middle-korean,publish,ko,강원특별자치도,양구군,국어,중학생,양구군 중학생 국어과외,양구군 중학생 국어과외,"양구군에서 중학생 국어 과외 수업을 찾고 계신다면 지금 필요한 내용부터 시작할 수 있습니다. 지역과 일정에 따라 1:1 방문수업 또는 화상수업으로 진행하며, 문학·비문학 독해와 문법을 기본으로 학교별… 방식으로 수업하고 있습니다.",학교 내신과 국어 기본기를 함께 준비할 1:1 중등 국어과외 탐색,"핵심 고민은 “문학과 비문학 지문을 감으로 풀거나 문법 개념이 부족하고, 학교 시험의 서술형·수행평가 대비가 어려움”입니다.","문학, 비문학, 문법, 어휘, 학교별 내신, 서술형, 수행평가, 오답관리","지역과 일정에 따라 1:1 방문수업 또는 화상수업으로 진행하며, 문학·비문학 독해와 문법을 기본으로 학교별 내신, 서술형과 수행평가까지 학생의 취약 부분에 맞춰 지도","지문을 근거로 읽고 문제를 해결하는 방법을 익히며, 부족한 영역을 파악해 내신과 고등 국어 학습에 필요한 기본기 강화",코칭형,middle_korean
837,https://kimstutoring.co.kr,yanggu-gun-high-korean,publish,ko,강원특별자치도,양구군,국어,고등학생,양구군 고등학생 국어과외,양구군 고등학생 국어과외,"고등학생 국어 과외 공부를 다시 시작하려는 분께 양구군 1:1 수업이 맞는 출발점을 찾아드립니다. 지역과 일정에 따라 1:1 방문수업 또는 화상수업으로 진행하며, 문학과 독서의 지문 분석부터 학교별 내신,… 방식으로 수업하고 있습니다.",내신과 모의고사·수능을 함께 대비할 1:1 고등 국어과외 탐색,"핵심 고민은 “긴 지문의 핵심을 빠르게 파악하기 어렵거나 문학·독서·문법 영역별 편차가 크고, 모의고사에서 시간 관리와…”입니다.","문학, 독서, 화법과 언어, 작문, 학교별 내신, 모의고사, 수능, 취약영역, 오답분석","지역과 일정에 따라 1:1 방문수업 또는 화상수업으로 진행하며, 문학과 독서의 지문 분석부터 학교별 내신, 모의고사와 수능 대비, 취약영역 및 오답분석까지 현재 실력과 목표에 맞춰 지도","지문을 분석하는 기준과 문제 접근 방법을 익히고, 취약영역과 반복되는 오답을 점검하면서 내신·모의고사·수능 학습의 방향을 구체화",전문형,high_korean
838,https://kimstutoring.co.kr,yangyang-gun-elementary-english,publish,ko,강원특별자치도,양양군,영어,초등학생,양양군 초등학생 영어과외,양양군 초등학생 영어과외,"초등학생 영어 과외 때문에 고민이 있다면 양양군 수업에서 지금 필요한 연습부터 함께 해볼 수 있습니다. 지역과 일정에 따라 1:1 방문수업 또는 화상수업으로 진행하며, 기초 어휘와 문장 이해, 읽기 학습을 학생의… 방식으로 수업하고 있습니다.",초등학생 수준에 맞춰 영어 기초와 꾸준한 학습 습관을 기르는 1:1 온라인 과외 찾기,핵심 고민은 “기초 어휘가 부족하고 짧은 문장의 뜻을 이해하거나 꾸준히 읽는 데 어려움이 있음”입니다.,"기초 어휘, 문장 이해, 짧은 글 읽기, 학습 습관","지역과 일정에 따라 1:1 방문수업 또는 화상수업으로 진행하며, 기초 어휘와 문장 이해, 읽기 학습을 학생의 수준과 학습 속도에 맞춰 지도",익숙한 어휘로 짧은 문장의 뜻을 파악하고 스스로 읽고 복습하는 습관 형성,친근형,elementary_english
839,https://kimstutoring.co.kr,yangyang-gun-middle-english,publish,ko,강원특별자치도,양양군,영어,중학생,양양군 중학생 영어과외,양양군 중학생 영어과외,"양양군 중학생 영어 과외 수업을 고민 중이라면 잘하는 부분과 보완할 부분을 나누어 시작합니다. 지역과 일정에 따라 1:1 방문수업 또는 화상수업으로 진행하며, 어휘·문법·독해를 기본으로 학교별 내신과… 방식으로 수업하고 있습니다.",중학생 영어 문법과 독해를 보완하고 학교별 내신과 서술형 및 수행평가를 준비하는 온라인 과외 찾기,핵심 고민은 “어휘와 문법을 배워도 지문에 적용하기 어렵고 서술형 답안과 수행평가 준비가 막막함”입니다.,"어휘, 문법, 독해, 학교별 내신, 서술형, 수행평가","지역과 일정에 따라 1:1 방문수업 또는 화상수업으로 진행하며, 어휘·문법·독해를 기본으로 학교별 내신과 서술형, 수행평가까지 학생의 취약 부분에 맞춰 지도",문법 근거를 설명하며 지문을 읽고 학교 평가 기준에 맞춰 답안을 작성하는 능력 향상,코칭형,middle_english
840,https://kimstutoring.co.kr,yangyang-gun-high-english,publish,ko,강원특별자치도,양양군,영어,고등학생,양양군 고등학생 영어과외,양양군 고등학생 영어과외,"고등학생 영어 과외 때문에 고민이 있다면 양양군 수업에서 지금 필요한 연습부터 함께 해볼 수 있습니다. 지역과 일정에 따라 1:1 방문수업 또는 화상수업으로 진행하며, 어휘·구문독해부터 학교별 내신, 모의고사와 수능… 방식으로 수업하고 있습니다.",고등학생 영어 내신과 모의고사 및 수능 준비를 현재 수준에 맞춰 병행하는 온라인 과외 찾기,핵심 고민은 “긴 문장의 구조를 파악하기 어렵고 내신과 모의고사 지문을 읽는 데 시간이 오래 걸림”입니다.,"어휘, 구문독해, 학교별 내신, 모의고사, 수능","지역과 일정에 따라 1:1 방문수업 또는 화상수업으로 진행하며, 어휘·구문독해부터 학교별 내신, 모의고사와 수능 대비까지 현재 실력과 목표에 맞춰 지도",복잡한 문장의 구조를 파악하고 지문의 근거를 바탕으로 답을 선택하는 독해 능력 향상,전문형,high_english
841,https://kimstutoring.co.kr,yangyang-gun-elementary-math,publish,ko,강원특별자치도,양양군,수학,초등학생,양양군 초등학생 수학과외,양양군 초등학생 수학과외,"양양군 초등학생 수학 과외 수업을 고민 중이라면 잘하는 부분과 보완할 부분을 나누어 시작합니다. 지역과 일정에 따라 1:1 방문수업 또는 화상수업으로 진행하며, 연산과 기초개념을 탄탄히 다지고 문제를 이해하는… 방식으로 수업하고 있습니다.",초등학생 수학 연산과 기초개념을 다지고 문제 이해와 풀이 습관을 기르는 온라인 과외 찾기,핵심 고민은 “계산 실수가 반복되고 문장형 문제에서 무엇을 구해야 하는지 파악하기 어려움”입니다.,"연산, 기초개념, 문제 이해, 풀이 습관","지역과 일정에 따라 1:1 방문수업 또는 화상수업으로 진행하며, 연산과 기초개념을 탄탄히 다지고 문제를 이해하는 과정과 올바른 풀이 습관을 학생 수준에 맞춰 지도",계산 과정을 점검하고 문제의 조건을 이해하며 풀이 순서를 정리하는 습관 형성,친근형,elementary_math
842,https://kimstutoring.co.kr,yangyang-gun-middle-math,publish,ko,강원특별자치도,양양군,수학,중학생,양양군 중학생 수학과외,양양군 중학생 수학과외,"양양군 중학생 수학 과외 수업을 고민 중이라면 잘하는 부분과 보완할 부분을 나누어 시작합니다. 지역과 일정에 따라 1:1 방문수업 또는 화상수업으로 진행하며, 개념 이해와 유형별 문제풀이를 연결하고 학교별… 방식으로 수업하고 있습니다.",중학생 수학 개념과 유형별 문제풀이를 연결하고 내신 및 서술형을 준비하는 온라인 과외 찾기,핵심 고민은 “개념을 외워도 문제 유형이 바뀌면 적용하기 어렵고 같은 오답과 풀이 과정 누락이 반복됨”입니다.,"개념, 유형별 문제풀이, 학교별 내신, 서술형, 오답관리","지역과 일정에 따라 1:1 방문수업 또는 화상수업으로 진행하며, 개념 이해와 유형별 문제풀이를 연결하고 학교별 내신, 서술형, 오답관리까지 취약 단원에 맞춰 지도",문제에 맞는 개념을 선택하고 풀이 근거를 순서대로 쓰며 반복되는 실수를 줄이는 능력 향상,코칭형,middle_math
843,https://kimstutoring.co.kr,yangyang-gun-high-math,publish,ko,강원특별자치도,양양군,수학,고등학생,양양군 고등학생 수학과외,양양군 고등학생 수학과외,"고등학생 수학 과외 공부를 처음 시작한다면 양양군에서도 기초부터 1:1로 배울 수 있습니다. 지역과 일정에 따라 1:1 방문수업 또는 화상수업으로 진행하며, 개념과 유형별 문제풀이부터 학교별 내신,… 방식으로 수업하고 있습니다.",고등학생 수학 취약단원을 보완하면서 내신과 모의고사 및 수능을 준비하는 온라인 과외 찾기,핵심 고민은 “개념 사이의 연결이 약하고 복합 문제의 접근 방법을 찾기 어려우며 취약단원에서 오답이 반복됨”입니다.,"개념, 유형별 문제풀이, 학교별 내신, 모의고사, 수능, 취약단원, 오답분석","지역과 일정에 따라 1:1 방문수업 또는 화상수업으로 진행하며, 개념과 유형별 문제풀이부터 학교별 내신, 모의고사와 수능 대비, 취약단원 및 오답분석까지 목표에 맞춰 지도",취약단원의 개념을 연결하고 문제 조건에 맞는 풀이 전략을 선택하며 오답 원인을 스스로 설명하는 능력 향상,전문형,high_math
844,https://kimstutoring.co.kr,yangyang-gun-elementary-korean,publish,ko,강원특별자치도,양양군,국어,초등학생,양양군 초등학생 국어과외,양양군 초등학생 국어과외,"초등학생 국어 과외 공부를 처음 시작한다면 양양군에서도 기초부터 1:1로 배울 수 있습니다. 지역과 일정에 따라 1:1 방문수업 또는 화상수업으로 진행하며, 어휘와 독해를 바탕으로 글의 내용을 이해하고… 방식으로 수업하고 있습니다.",초등학생의 국어 기초와 문해력을 잡아줄 1:1 국어과외 탐색,핵심 고민은 “글을 읽어도 내용을 정확히 이해하지 못하거나 어휘력이 부족해 문제의 뜻을 파악하는 데 어려움”입니다.,"어휘, 독해, 문장 이해, 글의 중심내용 파악, 기초 문해력, 글쓰기, 학습 습관","지역과 일정에 따라 1:1 방문수업 또는 화상수업으로 진행하며, 어휘와 독해를 바탕으로 글의 내용을 이해하고 자신의 생각을 표현하는 힘을 학생의 수준과 학습 속도에 맞춰 지도","글을 읽고 핵심 내용을 파악하는 힘을 기르고, 국어뿐 아니라 다른 과목의 문제를 이해하는 데 필요한 기초 문해력과 학습 습관 형성",친근형,elementary_korean
845,https://kimstutoring.co.kr,yangyang-gun-middle-korean,publish,ko,강원특별자치도,양양군,국어,중학생,양양군 중학생 국어과외,양양군 중학생 국어과외,"양양군 중학생 국어 과외 수업을 고민 중이라면 잘하는 부분과 보완할 부분을 나누어 시작합니다. 지역과 일정에 따라 1:1 방문수업 또는 화상수업으로 진행하며, 문학·비문학 독해와 문법을 기본으로 학교별… 방식으로 수업하고 있습니다.",학교 내신과 국어 기본기를 함께 준비할 1:1 중등 국어과외 탐색,"핵심 고민은 “문학과 비문학 지문을 감으로 풀거나 문법 개념이 부족하고, 학교 시험의 서술형·수행평가 대비가 어려움”입니다.","문학, 비문학, 문법, 어휘, 학교별 내신, 서술형, 수행평가, 오답관리","지역과 일정에 따라 1:1 방문수업 또는 화상수업으로 진행하며, 문학·비문학 독해와 문법을 기본으로 학교별 내신, 서술형과 수행평가까지 학생의 취약 부분에 맞춰 지도","지문을 근거로 읽고 문제를 해결하는 방법을 익히며, 부족한 영역을 파악해 내신과 고등 국어 학습에 필요한 기본기 강화",코칭형,middle_korean
846,https://kimstutoring.co.kr,yangyang-gun-high-korean,publish,ko,강원특별자치도,양양군,국어,고등학생,양양군 고등학생 국어과외,양양군 고등학생 국어과외,"고등학생 국어 과외 공부를 처음 시작한다면 양양군에서도 기초부터 1:1로 배울 수 있습니다. 지역과 일정에 따라 1:1 방문수업 또는 화상수업으로 진행하며, 문학과 독서의 지문 분석부터 학교별 내신,… 방식으로 수업하고 있습니다.",내신과 모의고사·수능을 함께 대비할 1:1 고등 국어과외 탐색,"핵심 고민은 “긴 지문의 핵심을 빠르게 파악하기 어렵거나 문학·독서·문법 영역별 편차가 크고, 모의고사에서 시간 관리와…”입니다.","문학, 독서, 화법과 언어, 작문, 학교별 내신, 모의고사, 수능, 취약영역, 오답분석","지역과 일정에 따라 1:1 방문수업 또는 화상수업으로 진행하며, 문학과 독서의 지문 분석부터 학교별 내신, 모의고사와 수능 대비, 취약영역 및 오답분석까지 현재 실력과 목표에 맞춰 지도","지문을 분석하는 기준과 문제 접근 방법을 익히고, 취약영역과 반복되는 오답을 점검하면서 내신·모의고사·수능 학습의 방향을 구체화",전문형,high_korean
847,https://kimstutoring.co.kr,inje-gun-elementary-english,publish,ko,강원특별자치도,인제군,영어,초등학생,인제군 초등학생 영어과외,인제군 초등학생 영어과외,"인제군 초등학생 영어 과외 수업을 고민 중이라면 잘하는 부분과 보완할 부분을 나누어 시작합니다. 지역과 일정에 따라 1:1 방문수업 또는 화상수업으로 진행하며, 기초 어휘와 문장 이해, 읽기 학습을 학생의… 방식으로 수업하고 있습니다.",초등학생 수준에 맞춰 영어 기초와 꾸준한 학습 습관을 기르는 1:1 온라인 과외 찾기,핵심 고민은 “기초 어휘가 부족하고 짧은 문장의 뜻을 이해하거나 꾸준히 읽는 데 어려움이 있음”입니다.,"기초 어휘, 문장 이해, 짧은 글 읽기, 학습 습관","지역과 일정에 따라 1:1 방문수업 또는 화상수업으로 진행하며, 기초 어휘와 문장 이해, 읽기 학습을 학생의 수준과 학습 속도에 맞춰 지도",익숙한 어휘로 짧은 문장의 뜻을 파악하고 스스로 읽고 복습하는 습관 형성,친근형,elementary_english
848,https://kimstutoring.co.kr,inje-gun-middle-english,publish,ko,강원특별자치도,인제군,영어,중학생,인제군 중학생 영어과외,인제군 중학생 영어과외,"인제군에서 중학생 영어 과외 실력을 늘리고 싶다면 자주 막히는 부분부터 직접 다뤄봅니다. 지역과 일정에 따라 1:1 방문수업 또는 화상수업으로 진행하며, 어휘·문법·독해를 기본으로 학교별 내신과… 방식으로 수업하고 있습니다.",중학생 영어 문법과 독해를 보완하고 학교별 내신과 서술형 및 수행평가를 준비하는 온라인 과외 찾기,핵심 고민은 “어휘와 문법을 배워도 지문에 적용하기 어렵고 서술형 답안과 수행평가 준비가 막막함”입니다.,"어휘, 문법, 독해, 학교별 내신, 서술형, 수행평가","지역과 일정에 따라 1:1 방문수업 또는 화상수업으로 진행하며, 어휘·문법·독해를 기본으로 학교별 내신과 서술형, 수행평가까지 학생의 취약 부분에 맞춰 지도",문법 근거를 설명하며 지문을 읽고 학교 평가 기준에 맞춰 답안을 작성하는 능력 향상,코칭형,middle_english
849,https://kimstutoring.co.kr,inje-gun-high-english,publish,ko,강원특별자치도,인제군,영어,고등학생,인제군 고등학생 영어과외,인제군 고등학생 영어과외,"인제군 고등학생 영어 과외 수업을 고민 중이라면 잘하는 부분과 보완할 부분을 나누어 시작합니다. 지역과 일정에 따라 1:1 방문수업 또는 화상수업으로 진행하며, 어휘·구문독해부터 학교별 내신, 모의고사와 수능… 방식으로 수업하고 있습니다.",고등학생 영어 내신과 모의고사 및 수능 준비를 현재 수준에 맞춰 병행하는 온라인 과외 찾기,핵심 고민은 “긴 문장의 구조를 파악하기 어렵고 내신과 모의고사 지문을 읽는 데 시간이 오래 걸림”입니다.,"어휘, 구문독해, 학교별 내신, 모의고사, 수능","지역과 일정에 따라 1:1 방문수업 또는 화상수업으로 진행하며, 어휘·구문독해부터 학교별 내신, 모의고사와 수능 대비까지 현재 실력과 목표에 맞춰 지도",복잡한 문장의 구조를 파악하고 지문의 근거를 바탕으로 답을 선택하는 독해 능력 향상,전문형,high_english
850,https://kimstutoring.co.kr,inje-gun-elementary-math,publish,ko,강원특별자치도,인제군,수학,초등학생,인제군 초등학생 수학과외,인제군 초등학생 수학과외,"인제군에서 초등학생 수학 과외 실력을 늘리고 싶다면 자주 막히는 부분부터 직접 다뤄봅니다. 지역과 일정에 따라 1:1 방문수업 또는 화상수업으로 진행하며, 연산과 기초개념을 탄탄히 다지고 문제를 이해하는… 방식으로 수업하고 있습니다.",초등학생 수학 연산과 기초개념을 다지고 문제 이해와 풀이 습관을 기르는 온라인 과외 찾기,핵심 고민은 “계산 실수가 반복되고 문장형 문제에서 무엇을 구해야 하는지 파악하기 어려움”입니다.,"연산, 기초개념, 문제 이해, 풀이 습관","지역과 일정에 따라 1:1 방문수업 또는 화상수업으로 진행하며, 연산과 기초개념을 탄탄히 다지고 문제를 이해하는 과정과 올바른 풀이 습관을 학생 수준에 맞춰 지도",계산 과정을 점검하고 문제의 조건을 이해하며 풀이 순서를 정리하는 습관 형성,친근형,elementary_math
851,https://kimstutoring.co.kr,inje-gun-middle-math,publish,ko,강원특별자치도,인제군,수학,중학생,인제군 중학생 수학과외,인제군 중학생 수학과외,"인제군에서 중학생 수학 과외 실력을 늘리고 싶다면 자주 막히는 부분부터 직접 다뤄봅니다. 지역과 일정에 따라 1:1 방문수업 또는 화상수업으로 진행하며, 개념 이해와 유형별 문제풀이를 연결하고 학교별… 방식으로 수업하고 있습니다.",중학생 수학 개념과 유형별 문제풀이를 연결하고 내신 및 서술형을 준비하는 온라인 과외 찾기,핵심 고민은 “개념을 외워도 문제 유형이 바뀌면 적용하기 어렵고 같은 오답과 풀이 과정 누락이 반복됨”입니다.,"개념, 유형별 문제풀이, 학교별 내신, 서술형, 오답관리","지역과 일정에 따라 1:1 방문수업 또는 화상수업으로 진행하며, 개념 이해와 유형별 문제풀이를 연결하고 학교별 내신, 서술형, 오답관리까지 취약 단원에 맞춰 지도",문제에 맞는 개념을 선택하고 풀이 근거를 순서대로 쓰며 반복되는 실수를 줄이는 능력 향상,코칭형,middle_math
852,https://kimstutoring.co.kr,inje-gun-high-math,publish,ko,강원특별자치도,인제군,수학,고등학생,인제군 고등학생 수학과외,인제군 고등학생 수학과외,"고등학생 수학 과외 때문에 고민이 있다면 인제군 수업에서 지금 필요한 연습부터 함께 해볼 수 있습니다. 지역과 일정에 따라 1:1 방문수업 또는 화상수업으로 진행하며, 개념과 유형별 문제풀이부터 학교별 내신,… 방식으로 수업하고 있습니다.",고등학생 수학 취약단원을 보완하면서 내신과 모의고사 및 수능을 준비하는 온라인 과외 찾기,핵심 고민은 “개념 사이의 연결이 약하고 복합 문제의 접근 방법을 찾기 어려우며 취약단원에서 오답이 반복됨”입니다.,"개념, 유형별 문제풀이, 학교별 내신, 모의고사, 수능, 취약단원, 오답분석","지역과 일정에 따라 1:1 방문수업 또는 화상수업으로 진행하며, 개념과 유형별 문제풀이부터 학교별 내신, 모의고사와 수능 대비, 취약단원 및 오답분석까지 목표에 맞춰 지도",취약단원의 개념을 연결하고 문제 조건에 맞는 풀이 전략을 선택하며 오답 원인을 스스로 설명하는 능력 향상,전문형,high_math
853,https://kimstutoring.co.kr,inje-gun-elementary-korean,publish,ko,강원특별자치도,인제군,국어,초등학생,인제군 초등학생 국어과외,인제군 초등학생 국어과외,"초등학생 국어 과외 때문에 고민이 있다면 인제군 수업에서 지금 필요한 연습부터 함께 해볼 수 있습니다. 지역과 일정에 따라 1:1 방문수업 또는 화상수업으로 진행하며, 어휘와 독해를 바탕으로 글의 내용을 이해하고… 방식으로 수업하고 있습니다.",초등학생의 국어 기초와 문해력을 잡아줄 1:1 국어과외 탐색,핵심 고민은 “글을 읽어도 내용을 정확히 이해하지 못하거나 어휘력이 부족해 문제의 뜻을 파악하는 데 어려움”입니다.,"어휘, 독해, 문장 이해, 글의 중심내용 파악, 기초 문해력, 글쓰기, 학습 습관","지역과 일정에 따라 1:1 방문수업 또는 화상수업으로 진행하며, 어휘와 독해를 바탕으로 글의 내용을 이해하고 자신의 생각을 표현하는 힘을 학생의 수준과 학습 속도에 맞춰 지도","글을 읽고 핵심 내용을 파악하는 힘을 기르고, 국어뿐 아니라 다른 과목의 문제를 이해하는 데 필요한 기초 문해력과 학습 습관 형성",친근형,elementary_korean
854,https://kimstutoring.co.kr,inje-gun-middle-korean,publish,ko,강원특별자치도,인제군,국어,중학생,인제군 중학생 국어과외,인제군 중학생 국어과외,"인제군에서 중학생 국어 과외 실력을 늘리고 싶다면 자주 막히는 부분부터 직접 다뤄봅니다. 지역과 일정에 따라 1:1 방문수업 또는 화상수업으로 진행하며, 문학·비문학 독해와 문법을 기본으로 학교별… 방식으로 수업하고 있습니다.",학교 내신과 국어 기본기를 함께 준비할 1:1 중등 국어과외 탐색,"핵심 고민은 “문학과 비문학 지문을 감으로 풀거나 문법 개념이 부족하고, 학교 시험의 서술형·수행평가 대비가 어려움”입니다.","문학, 비문학, 문법, 어휘, 학교별 내신, 서술형, 수행평가, 오답관리","지역과 일정에 따라 1:1 방문수업 또는 화상수업으로 진행하며, 문학·비문학 독해와 문법을 기본으로 학교별 내신, 서술형과 수행평가까지 학생의 취약 부분에 맞춰 지도","지문을 근거로 읽고 문제를 해결하는 방법을 익히며, 부족한 영역을 파악해 내신과 고등 국어 학습에 필요한 기본기 강화",코칭형,middle_korean
855,https://kimstutoring.co.kr,inje-gun-high-korean,publish,ko,강원특별자치도,인제군,국어,고등학생,인제군 고등학생 국어과외,인제군 고등학생 국어과외,"고등학생 국어 과외 때문에 고민이 있다면 인제군 수업에서 지금 필요한 연습부터 함께 해볼 수 있습니다. 지역과 일정에 따라 1:1 방문수업 또는 화상수업으로 진행하며, 문학과 독서의 지문 분석부터 학교별 내신,… 방식으로 수업하고 있습니다.",내신과 모의고사·수능을 함께 대비할 1:1 고등 국어과외 탐색,"핵심 고민은 “긴 지문의 핵심을 빠르게 파악하기 어렵거나 문학·독서·문법 영역별 편차가 크고, 모의고사에서 시간 관리와…”입니다.","문학, 독서, 화법과 언어, 작문, 학교별 내신, 모의고사, 수능, 취약영역, 오답분석","지역과 일정에 따라 1:1 방문수업 또는 화상수업으로 진행하며, 문학과 독서의 지문 분석부터 학교별 내신, 모의고사와 수능 대비, 취약영역 및 오답분석까지 현재 실력과 목표에 맞춰 지도","지문을 분석하는 기준과 문제 접근 방법을 익히고, 취약영역과 반복되는 오답을 점검하면서 내신·모의고사·수능 학습의 방향을 구체화",전문형,high_korean
856,https://kimstutoring.co.kr,jeongseon-gun-elementary-english,publish,ko,강원특별자치도,정선군,영어,초등학생,정선군 초등학생 영어과외,정선군 초등학생 영어과외,"정선군 초등학생 영어 과외 수업을 고민 중이라면 잘하는 부분과 보완할 부분을 나누어 시작합니다. 지역과 일정에 따라 1:1 방문수업 또는 화상수업으로 진행하며, 기초 어휘와 문장 이해, 읽기 학습을 학생의… 방식으로 수업하고 있습니다.",초등학생 수준에 맞춰 영어 기초와 꾸준한 학습 습관을 기르는 1:1 온라인 과외 찾기,핵심 고민은 “기초 어휘가 부족하고 짧은 문장의 뜻을 이해하거나 꾸준히 읽는 데 어려움이 있음”입니다.,"기초 어휘, 문장 이해, 짧은 글 읽기, 학습 습관","지역과 일정에 따라 1:1 방문수업 또는 화상수업으로 진행하며, 기초 어휘와 문장 이해, 읽기 학습을 학생의 수준과 학습 속도에 맞춰 지도",익숙한 어휘로 짧은 문장의 뜻을 파악하고 스스로 읽고 복습하는 습관 형성,친근형,elementary_english
857,https://kimstutoring.co.kr,jeongseon-gun-middle-english,publish,ko,강원특별자치도,정선군,영어,중학생,정선군 중학생 영어과외,정선군 중학생 영어과외,"정선군에서 중학생 영어 과외 실력을 늘리고 싶다면 자주 막히는 부분부터 직접 다뤄봅니다. 지역과 일정에 따라 1:1 방문수업 또는 화상수업으로 진행하며, 어휘·문법·독해를 기본으로 학교별 내신과… 방식으로 수업하고 있습니다.",중학생 영어 문법과 독해를 보완하고 학교별 내신과 서술형 및 수행평가를 준비하는 온라인 과외 찾기,핵심 고민은 “어휘와 문법을 배워도 지문에 적용하기 어렵고 서술형 답안과 수행평가 준비가 막막함”입니다.,"어휘, 문법, 독해, 학교별 내신, 서술형, 수행평가","지역과 일정에 따라 1:1 방문수업 또는 화상수업으로 진행하며, 어휘·문법·독해를 기본으로 학교별 내신과 서술형, 수행평가까지 학생의 취약 부분에 맞춰 지도",문법 근거를 설명하며 지문을 읽고 학교 평가 기준에 맞춰 답안을 작성하는 능력 향상,코칭형,middle_english
858,https://kimstutoring.co.kr,jeongseon-gun-high-english,publish,ko,강원특별자치도,정선군,영어,고등학생,정선군 고등학생 영어과외,정선군 고등학생 영어과외,"정선군 고등학생 영어 과외 수업을 고민 중이라면 잘하는 부분과 보완할 부분을 나누어 시작합니다. 지역과 일정에 따라 1:1 방문수업 또는 화상수업으로 진행하며, 어휘·구문독해부터 학교별 내신, 모의고사와 수능… 방식으로 수업하고 있습니다.",고등학생 영어 내신과 모의고사 및 수능 준비를 현재 수준에 맞춰 병행하는 온라인 과외 찾기,핵심 고민은 “긴 문장의 구조를 파악하기 어렵고 내신과 모의고사 지문을 읽는 데 시간이 오래 걸림”입니다.,"어휘, 구문독해, 학교별 내신, 모의고사, 수능","지역과 일정에 따라 1:1 방문수업 또는 화상수업으로 진행하며, 어휘·구문독해부터 학교별 내신, 모의고사와 수능 대비까지 현재 실력과 목표에 맞춰 지도",복잡한 문장의 구조를 파악하고 지문의 근거를 바탕으로 답을 선택하는 독해 능력 향상,전문형,high_english
859,https://kimstutoring.co.kr,jeongseon-gun-elementary-math,publish,ko,강원특별자치도,정선군,수학,초등학생,정선군 초등학생 수학과외,정선군 초등학생 수학과외,"정선군에서 초등학생 수학 과외 실력을 늘리고 싶다면 자주 막히는 부분부터 직접 다뤄봅니다. 지역과 일정에 따라 1:1 방문수업 또는 화상수업으로 진행하며, 연산과 기초개념을 탄탄히 다지고 문제를 이해하는… 방식으로 수업하고 있습니다.",초등학생 수학 연산과 기초개념을 다지고 문제 이해와 풀이 습관을 기르는 온라인 과외 찾기,핵심 고민은 “계산 실수가 반복되고 문장형 문제에서 무엇을 구해야 하는지 파악하기 어려움”입니다.,"연산, 기초개념, 문제 이해, 풀이 습관","지역과 일정에 따라 1:1 방문수업 또는 화상수업으로 진행하며, 연산과 기초개념을 탄탄히 다지고 문제를 이해하는 과정과 올바른 풀이 습관을 학생 수준에 맞춰 지도",계산 과정을 점검하고 문제의 조건을 이해하며 풀이 순서를 정리하는 습관 형성,친근형,elementary_math
860,https://kimstutoring.co.kr,jeongseon-gun-middle-math,publish,ko,강원특별자치도,정선군,수학,중학생,정선군 중학생 수학과외,정선군 중학생 수학과외,"정선군에서 중학생 수학 과외 실력을 늘리고 싶다면 자주 막히는 부분부터 직접 다뤄봅니다. 지역과 일정에 따라 1:1 방문수업 또는 화상수업으로 진행하며, 개념 이해와 유형별 문제풀이를 연결하고 학교별… 방식으로 수업하고 있습니다.",중학생 수학 개념과 유형별 문제풀이를 연결하고 내신 및 서술형을 준비하는 온라인 과외 찾기,핵심 고민은 “개념을 외워도 문제 유형이 바뀌면 적용하기 어렵고 같은 오답과 풀이 과정 누락이 반복됨”입니다.,"개념, 유형별 문제풀이, 학교별 내신, 서술형, 오답관리","지역과 일정에 따라 1:1 방문수업 또는 화상수업으로 진행하며, 개념 이해와 유형별 문제풀이를 연결하고 학교별 내신, 서술형, 오답관리까지 취약 단원에 맞춰 지도",문제에 맞는 개념을 선택하고 풀이 근거를 순서대로 쓰며 반복되는 실수를 줄이는 능력 향상,코칭형,middle_math
861,https://kimstutoring.co.kr,jeongseon-gun-high-math,publish,ko,강원특별자치도,정선군,수학,고등학생,정선군 고등학생 수학과외,정선군 고등학생 수학과외,"고등학생 수학 과외 때문에 고민이 있다면 정선군 수업에서 지금 필요한 연습부터 함께 해볼 수 있습니다. 지역과 일정에 따라 1:1 방문수업 또는 화상수업으로 진행하며, 개념과 유형별 문제풀이부터 학교별 내신,… 방식으로 수업하고 있습니다.",고등학생 수학 취약단원을 보완하면서 내신과 모의고사 및 수능을 준비하는 온라인 과외 찾기,핵심 고민은 “개념 사이의 연결이 약하고 복합 문제의 접근 방법을 찾기 어려우며 취약단원에서 오답이 반복됨”입니다.,"개념, 유형별 문제풀이, 학교별 내신, 모의고사, 수능, 취약단원, 오답분석","지역과 일정에 따라 1:1 방문수업 또는 화상수업으로 진행하며, 개념과 유형별 문제풀이부터 학교별 내신, 모의고사와 수능 대비, 취약단원 및 오답분석까지 목표에 맞춰 지도",취약단원의 개념을 연결하고 문제 조건에 맞는 풀이 전략을 선택하며 오답 원인을 스스로 설명하는 능력 향상,전문형,high_math
862,https://kimstutoring.co.kr,jeongseon-gun-elementary-korean,publish,ko,강원특별자치도,정선군,국어,초등학생,정선군 초등학생 국어과외,정선군 초등학생 국어과외,"초등학생 국어 과외 때문에 고민이 있다면 정선군 수업에서 지금 필요한 연습부터 함께 해볼 수 있습니다. 지역과 일정에 따라 1:1 방문수업 또는 화상수업으로 진행하며, 어휘와 독해를 바탕으로 글의 내용을 이해하고… 방식으로 수업하고 있습니다.",초등학생의 국어 기초와 문해력을 잡아줄 1:1 국어과외 탐색,핵심 고민은 “글을 읽어도 내용을 정확히 이해하지 못하거나 어휘력이 부족해 문제의 뜻을 파악하는 데 어려움”입니다.,"어휘, 독해, 문장 이해, 글의 중심내용 파악, 기초 문해력, 글쓰기, 학습 습관","지역과 일정에 따라 1:1 방문수업 또는 화상수업으로 진행하며, 어휘와 독해를 바탕으로 글의 내용을 이해하고 자신의 생각을 표현하는 힘을 학생의 수준과 학습 속도에 맞춰 지도","글을 읽고 핵심 내용을 파악하는 힘을 기르고, 국어뿐 아니라 다른 과목의 문제를 이해하는 데 필요한 기초 문해력과 학습 습관 형성",친근형,elementary_korean
863,https://kimstutoring.co.kr,jeongseon-gun-middle-korean,publish,ko,강원특별자치도,정선군,국어,중학생,정선군 중학생 국어과외,정선군 중학생 국어과외,"정선군에서 중학생 국어 과외 실력을 늘리고 싶다면 자주 막히는 부분부터 직접 다뤄봅니다. 지역과 일정에 따라 1:1 방문수업 또는 화상수업으로 진행하며, 문학·비문학 독해와 문법을 기본으로 학교별… 방식으로 수업하고 있습니다.",학교 내신과 국어 기본기를 함께 준비할 1:1 중등 국어과외 탐색,"핵심 고민은 “문학과 비문학 지문을 감으로 풀거나 문법 개념이 부족하고, 학교 시험의 서술형·수행평가 대비가 어려움”입니다.","문학, 비문학, 문법, 어휘, 학교별 내신, 서술형, 수행평가, 오답관리","지역과 일정에 따라 1:1 방문수업 또는 화상수업으로 진행하며, 문학·비문학 독해와 문법을 기본으로 학교별 내신, 서술형과 수행평가까지 학생의 취약 부분에 맞춰 지도","지문을 근거로 읽고 문제를 해결하는 방법을 익히며, 부족한 영역을 파악해 내신과 고등 국어 학습에 필요한 기본기 강화",코칭형,middle_korean
864,https://kimstutoring.co.kr,jeongseon-gun-high-korean,publish,ko,강원특별자치도,정선군,국어,고등학생,정선군 고등학생 국어과외,정선군 고등학생 국어과외,"고등학생 국어 과외 때문에 고민이 있다면 정선군 수업에서 지금 필요한 연습부터 함께 해볼 수 있습니다. 지역과 일정에 따라 1:1 방문수업 또는 화상수업으로 진행하며, 문학과 독서의 지문 분석부터 학교별 내신,… 방식으로 수업하고 있습니다.",내신과 모의고사·수능을 함께 대비할 1:1 고등 국어과외 탐색,"핵심 고민은 “긴 지문의 핵심을 빠르게 파악하기 어렵거나 문학·독서·문법 영역별 편차가 크고, 모의고사에서 시간 관리와…”입니다.","문학, 독서, 화법과 언어, 작문, 학교별 내신, 모의고사, 수능, 취약영역, 오답분석","지역과 일정에 따라 1:1 방문수업 또는 화상수업으로 진행하며, 문학과 독서의 지문 분석부터 학교별 내신, 모의고사와 수능 대비, 취약영역 및 오답분석까지 현재 실력과 목표에 맞춰 지도","지문을 분석하는 기준과 문제 접근 방법을 익히고, 취약영역과 반복되는 오답을 점검하면서 내신·모의고사·수능 학습의 방향을 구체화",전문형,high_korean
865,https://kimstutoring.co.kr,cheorwon-gun-elementary-english,publish,ko,강원특별자치도,철원군,영어,초등학생,철원군 초등학생 영어과외,철원군 초등학생 영어과외,"철원군 초등학생 영어 과외 수업은 정해진 진도보다 현재 실력과 배우는 이유를 중요하게 봅니다. 지역과 일정에 따라 1:1 방문수업 또는 화상수업으로 진행하며, 기초 어휘와 문장 이해, 읽기 학습을 학생의… 방식으로 수업하고 있습니다.",초등학생 수준에 맞춰 영어 기초와 꾸준한 학습 습관을 기르는 1:1 온라인 과외 찾기,핵심 고민은 “기초 어휘가 부족하고 짧은 문장의 뜻을 이해하거나 꾸준히 읽는 데 어려움이 있음”입니다.,"기초 어휘, 문장 이해, 짧은 글 읽기, 학습 습관","지역과 일정에 따라 1:1 방문수업 또는 화상수업으로 진행하며, 기초 어휘와 문장 이해, 읽기 학습을 학생의 수준과 학습 속도에 맞춰 지도",익숙한 어휘로 짧은 문장의 뜻을 파악하고 스스로 읽고 복습하는 습관 형성,친근형,elementary_english
866,https://kimstutoring.co.kr,cheorwon-gun-middle-english,publish,ko,강원특별자치도,철원군,영어,중학생,철원군 중학생 영어과외,철원군 중학생 영어과외,"중학생 영어 과외 공부를 다시 시작하려는 분께 철원군 1:1 수업이 맞는 출발점을 찾아드립니다. 지역과 일정에 따라 1:1 방문수업 또는 화상수업으로 진행하며, 어휘·문법·독해를 기본으로 학교별 내신과… 방식으로 수업하고 있습니다.",중학생 영어 문법과 독해를 보완하고 학교별 내신과 서술형 및 수행평가를 준비하는 온라인 과외 찾기,핵심 고민은 “어휘와 문법을 배워도 지문에 적용하기 어렵고 서술형 답안과 수행평가 준비가 막막함”입니다.,"어휘, 문법, 독해, 학교별 내신, 서술형, 수행평가","지역과 일정에 따라 1:1 방문수업 또는 화상수업으로 진행하며, 어휘·문법·독해를 기본으로 학교별 내신과 서술형, 수행평가까지 학생의 취약 부분에 맞춰 지도",문법 근거를 설명하며 지문을 읽고 학교 평가 기준에 맞춰 답안을 작성하는 능력 향상,코칭형,middle_english
867,https://kimstutoring.co.kr,cheorwon-gun-high-english,publish,ko,강원특별자치도,철원군,영어,고등학생,철원군 고등학생 영어과외,철원군 고등학생 영어과외,"철원군에서 배우는 고등학생 영어 과외, 실제로 쓰려는 상황에 맞춰 수업 내용을 정합니다. 지역과 일정에 따라 1:1 방문수업 또는 화상수업으로 진행하며, 어휘·구문독해부터 학교별 내신, 모의고사와 수능… 방식으로 수업하고 있습니다.",고등학생 영어 내신과 모의고사 및 수능 준비를 현재 수준에 맞춰 병행하는 온라인 과외 찾기,핵심 고민은 “긴 문장의 구조를 파악하기 어렵고 내신과 모의고사 지문을 읽는 데 시간이 오래 걸림”입니다.,"어휘, 구문독해, 학교별 내신, 모의고사, 수능","지역과 일정에 따라 1:1 방문수업 또는 화상수업으로 진행하며, 어휘·구문독해부터 학교별 내신, 모의고사와 수능 대비까지 현재 실력과 목표에 맞춰 지도",복잡한 문장의 구조를 파악하고 지문의 근거를 바탕으로 답을 선택하는 독해 능력 향상,전문형,high_english
868,https://kimstutoring.co.kr,cheorwon-gun-elementary-math,publish,ko,강원특별자치도,철원군,수학,초등학생,철원군 초등학생 수학과외,철원군 초등학생 수학과외,"초등학생 수학 과외 공부를 다시 시작하려는 분께 철원군 1:1 수업이 맞는 출발점을 찾아드립니다. 지역과 일정에 따라 1:1 방문수업 또는 화상수업으로 진행하며, 연산과 기초개념을 탄탄히 다지고 문제를 이해하는… 방식으로 수업하고 있습니다.",초등학생 수학 연산과 기초개념을 다지고 문제 이해와 풀이 습관을 기르는 온라인 과외 찾기,핵심 고민은 “계산 실수가 반복되고 문장형 문제에서 무엇을 구해야 하는지 파악하기 어려움”입니다.,"연산, 기초개념, 문제 이해, 풀이 습관","지역과 일정에 따라 1:1 방문수업 또는 화상수업으로 진행하며, 연산과 기초개념을 탄탄히 다지고 문제를 이해하는 과정과 올바른 풀이 습관을 학생 수준에 맞춰 지도",계산 과정을 점검하고 문제의 조건을 이해하며 풀이 순서를 정리하는 습관 형성,친근형,elementary_math
869,https://kimstutoring.co.kr,cheorwon-gun-middle-math,publish,ko,강원특별자치도,철원군,수학,중학생,철원군 중학생 수학과외,철원군 중학생 수학과외,"중학생 수학 과외 공부를 다시 시작하려는 분께 철원군 1:1 수업이 맞는 출발점을 찾아드립니다. 지역과 일정에 따라 1:1 방문수업 또는 화상수업으로 진행하며, 개념 이해와 유형별 문제풀이를 연결하고 학교별… 방식으로 수업하고 있습니다.",중학생 수학 개념과 유형별 문제풀이를 연결하고 내신 및 서술형을 준비하는 온라인 과외 찾기,핵심 고민은 “개념을 외워도 문제 유형이 바뀌면 적용하기 어렵고 같은 오답과 풀이 과정 누락이 반복됨”입니다.,"개념, 유형별 문제풀이, 학교별 내신, 서술형, 오답관리","지역과 일정에 따라 1:1 방문수업 또는 화상수업으로 진행하며, 개념 이해와 유형별 문제풀이를 연결하고 학교별 내신, 서술형, 오답관리까지 취약 단원에 맞춰 지도",문제에 맞는 개념을 선택하고 풀이 근거를 순서대로 쓰며 반복되는 실수를 줄이는 능력 향상,코칭형,middle_math
870,https://kimstutoring.co.kr,cheorwon-gun-high-math,publish,ko,강원특별자치도,철원군,수학,고등학생,철원군 고등학생 수학과외,철원군 고등학생 수학과외,"철원군에서 고등학생 수학 과외 수업을 찾고 계신다면 지금 필요한 내용부터 시작할 수 있습니다. 지역과 일정에 따라 1:1 방문수업 또는 화상수업으로 진행하며, 개념과 유형별 문제풀이부터 학교별 내신,… 방식으로 수업하고 있습니다.",고등학생 수학 취약단원을 보완하면서 내신과 모의고사 및 수능을 준비하는 온라인 과외 찾기,핵심 고민은 “개념 사이의 연결이 약하고 복합 문제의 접근 방법을 찾기 어려우며 취약단원에서 오답이 반복됨”입니다.,"개념, 유형별 문제풀이, 학교별 내신, 모의고사, 수능, 취약단원, 오답분석","지역과 일정에 따라 1:1 방문수업 또는 화상수업으로 진행하며, 개념과 유형별 문제풀이부터 학교별 내신, 모의고사와 수능 대비, 취약단원 및 오답분석까지 목표에 맞춰 지도",취약단원의 개념을 연결하고 문제 조건에 맞는 풀이 전략을 선택하며 오답 원인을 스스로 설명하는 능력 향상,전문형,high_math
871,https://kimstutoring.co.kr,cheorwon-gun-elementary-korean,publish,ko,강원특별자치도,철원군,국어,초등학생,철원군 초등학생 국어과외,철원군 초등학생 국어과외,"철원군에서 초등학생 국어 과외 수업을 찾고 계신다면 지금 필요한 내용부터 시작할 수 있습니다. 지역과 일정에 따라 1:1 방문수업 또는 화상수업으로 진행하며, 어휘와 독해를 바탕으로 글의 내용을 이해하고… 방식으로 수업하고 있습니다.",초등학생의 국어 기초와 문해력을 잡아줄 1:1 국어과외 탐색,핵심 고민은 “글을 읽어도 내용을 정확히 이해하지 못하거나 어휘력이 부족해 문제의 뜻을 파악하는 데 어려움”입니다.,"어휘, 독해, 문장 이해, 글의 중심내용 파악, 기초 문해력, 글쓰기, 학습 습관","지역과 일정에 따라 1:1 방문수업 또는 화상수업으로 진행하며, 어휘와 독해를 바탕으로 글의 내용을 이해하고 자신의 생각을 표현하는 힘을 학생의 수준과 학습 속도에 맞춰 지도","글을 읽고 핵심 내용을 파악하는 힘을 기르고, 국어뿐 아니라 다른 과목의 문제를 이해하는 데 필요한 기초 문해력과 학습 습관 형성",친근형,elementary_korean
872,https://kimstutoring.co.kr,cheorwon-gun-middle-korean,publish,ko,강원특별자치도,철원군,국어,중학생,철원군 중학생 국어과외,철원군 중학생 국어과외,"중학생 국어 과외 공부를 다시 시작하려는 분께 철원군 1:1 수업이 맞는 출발점을 찾아드립니다. 지역과 일정에 따라 1:1 방문수업 또는 화상수업으로 진행하며, 문학·비문학 독해와 문법을 기본으로 학교별… 방식으로 수업하고 있습니다.",학교 내신과 국어 기본기를 함께 준비할 1:1 중등 국어과외 탐색,"핵심 고민은 “문학과 비문학 지문을 감으로 풀거나 문법 개념이 부족하고, 학교 시험의 서술형·수행평가 대비가 어려움”입니다.","문학, 비문학, 문법, 어휘, 학교별 내신, 서술형, 수행평가, 오답관리","지역과 일정에 따라 1:1 방문수업 또는 화상수업으로 진행하며, 문학·비문학 독해와 문법을 기본으로 학교별 내신, 서술형과 수행평가까지 학생의 취약 부분에 맞춰 지도","지문을 근거로 읽고 문제를 해결하는 방법을 익히며, 부족한 영역을 파악해 내신과 고등 국어 학습에 필요한 기본기 강화",코칭형,middle_korean
873,https://kimstutoring.co.kr,cheorwon-gun-high-korean,publish,ko,강원특별자치도,철원군,국어,고등학생,철원군 고등학생 국어과외,철원군 고등학생 국어과외,"철원군에서 고등학생 국어 과외 수업을 찾고 계신다면 지금 필요한 내용부터 시작할 수 있습니다. 지역과 일정에 따라 1:1 방문수업 또는 화상수업으로 진행하며, 문학과 독서의 지문 분석부터 학교별 내신,… 방식으로 수업하고 있습니다.",내신과 모의고사·수능을 함께 대비할 1:1 고등 국어과외 탐색,"핵심 고민은 “긴 지문의 핵심을 빠르게 파악하기 어렵거나 문학·독서·문법 영역별 편차가 크고, 모의고사에서 시간 관리와…”입니다.","문학, 독서, 화법과 언어, 작문, 학교별 내신, 모의고사, 수능, 취약영역, 오답분석","지역과 일정에 따라 1:1 방문수업 또는 화상수업으로 진행하며, 문학과 독서의 지문 분석부터 학교별 내신, 모의고사와 수능 대비, 취약영역 및 오답분석까지 현재 실력과 목표에 맞춰 지도","지문을 분석하는 기준과 문제 접근 방법을 익히고, 취약영역과 반복되는 오답을 점검하면서 내신·모의고사·수능 학습의 방향을 구체화",전문형,high_korean
874,https://kimstutoring.co.kr,pyeongchang-gun-elementary-english,publish,ko,강원특별자치도,평창군,영어,초등학생,평창군 초등학생 영어과외,평창군 초등학생 영어과외,"평창군에서 초등학생 영어 과외 수업을 찾고 계신다면 지금 필요한 내용부터 시작할 수 있습니다. 지역과 일정에 따라 1:1 방문수업 또는 화상수업으로 진행하며, 기초 어휘와 문장 이해, 읽기 학습을 학생의… 방식으로 수업하고 있습니다.",초등학생 수준에 맞춰 영어 기초와 꾸준한 학습 습관을 기르는 1:1 온라인 과외 찾기,핵심 고민은 “기초 어휘가 부족하고 짧은 문장의 뜻을 이해하거나 꾸준히 읽는 데 어려움이 있음”입니다.,"기초 어휘, 문장 이해, 짧은 글 읽기, 학습 습관","지역과 일정에 따라 1:1 방문수업 또는 화상수업으로 진행하며, 기초 어휘와 문장 이해, 읽기 학습을 학생의 수준과 학습 속도에 맞춰 지도",익숙한 어휘로 짧은 문장의 뜻을 파악하고 스스로 읽고 복습하는 습관 형성,친근형,elementary_english
875,https://kimstutoring.co.kr,pyeongchang-gun-middle-english,publish,ko,강원특별자치도,평창군,영어,중학생,평창군 중학생 영어과외,평창군 중학생 영어과외,"평창군 중학생 영어 과외 수업은 정해진 진도보다 현재 실력과 배우는 이유를 중요하게 봅니다. 지역과 일정에 따라 1:1 방문수업 또는 화상수업으로 진행하며, 어휘·문법·독해를 기본으로 학교별 내신과… 방식으로 수업하고 있습니다.",중학생 영어 문법과 독해를 보완하고 학교별 내신과 서술형 및 수행평가를 준비하는 온라인 과외 찾기,핵심 고민은 “어휘와 문법을 배워도 지문에 적용하기 어렵고 서술형 답안과 수행평가 준비가 막막함”입니다.,"어휘, 문법, 독해, 학교별 내신, 서술형, 수행평가","지역과 일정에 따라 1:1 방문수업 또는 화상수업으로 진행하며, 어휘·문법·독해를 기본으로 학교별 내신과 서술형, 수행평가까지 학생의 취약 부분에 맞춰 지도",문법 근거를 설명하며 지문을 읽고 학교 평가 기준에 맞춰 답안을 작성하는 능력 향상,코칭형,middle_english
876,https://kimstutoring.co.kr,pyeongchang-gun-high-english,publish,ko,강원특별자치도,평창군,영어,고등학생,평창군 고등학생 영어과외,평창군 고등학생 영어과외,"고등학생 영어 과외 공부를 다시 시작하려는 분께 평창군 1:1 수업이 맞는 출발점을 찾아드립니다. 지역과 일정에 따라 1:1 방문수업 또는 화상수업으로 진행하며, 어휘·구문독해부터 학교별 내신, 모의고사와 수능… 방식으로 수업하고 있습니다.",고등학생 영어 내신과 모의고사 및 수능 준비를 현재 수준에 맞춰 병행하는 온라인 과외 찾기,핵심 고민은 “긴 문장의 구조를 파악하기 어렵고 내신과 모의고사 지문을 읽는 데 시간이 오래 걸림”입니다.,"어휘, 구문독해, 학교별 내신, 모의고사, 수능","지역과 일정에 따라 1:1 방문수업 또는 화상수업으로 진행하며, 어휘·구문독해부터 학교별 내신, 모의고사와 수능 대비까지 현재 실력과 목표에 맞춰 지도",복잡한 문장의 구조를 파악하고 지문의 근거를 바탕으로 답을 선택하는 독해 능력 향상,전문형,high_english
877,https://kimstutoring.co.kr,pyeongchang-gun-elementary-math,publish,ko,강원특별자치도,평창군,수학,초등학생,평창군 초등학생 수학과외,평창군 초등학생 수학과외,"평창군 초등학생 수학 과외 수업은 정해진 진도보다 현재 실력과 배우는 이유를 중요하게 봅니다. 지역과 일정에 따라 1:1 방문수업 또는 화상수업으로 진행하며, 연산과 기초개념을 탄탄히 다지고 문제를 이해하는… 방식으로 수업하고 있습니다.",초등학생 수학 연산과 기초개념을 다지고 문제 이해와 풀이 습관을 기르는 온라인 과외 찾기,핵심 고민은 “계산 실수가 반복되고 문장형 문제에서 무엇을 구해야 하는지 파악하기 어려움”입니다.,"연산, 기초개념, 문제 이해, 풀이 습관","지역과 일정에 따라 1:1 방문수업 또는 화상수업으로 진행하며, 연산과 기초개념을 탄탄히 다지고 문제를 이해하는 과정과 올바른 풀이 습관을 학생 수준에 맞춰 지도",계산 과정을 점검하고 문제의 조건을 이해하며 풀이 순서를 정리하는 습관 형성,친근형,elementary_math
878,https://kimstutoring.co.kr,pyeongchang-gun-middle-math,publish,ko,강원특별자치도,평창군,수학,중학생,평창군 중학생 수학과외,평창군 중학생 수학과외,"평창군 중학생 수학 과외 수업은 정해진 진도보다 현재 실력과 배우는 이유를 중요하게 봅니다. 지역과 일정에 따라 1:1 방문수업 또는 화상수업으로 진행하며, 개념 이해와 유형별 문제풀이를 연결하고 학교별… 방식으로 수업하고 있습니다.",중학생 수학 개념과 유형별 문제풀이를 연결하고 내신 및 서술형을 준비하는 온라인 과외 찾기,핵심 고민은 “개념을 외워도 문제 유형이 바뀌면 적용하기 어렵고 같은 오답과 풀이 과정 누락이 반복됨”입니다.,"개념, 유형별 문제풀이, 학교별 내신, 서술형, 오답관리","지역과 일정에 따라 1:1 방문수업 또는 화상수업으로 진행하며, 개념 이해와 유형별 문제풀이를 연결하고 학교별 내신, 서술형, 오답관리까지 취약 단원에 맞춰 지도",문제에 맞는 개념을 선택하고 풀이 근거를 순서대로 쓰며 반복되는 실수를 줄이는 능력 향상,코칭형,middle_math
879,https://kimstutoring.co.kr,pyeongchang-gun-high-math,publish,ko,강원특별자치도,평창군,수학,고등학생,평창군 고등학생 수학과외,평창군 고등학생 수학과외,"평창군에서 배우는 고등학생 수학 과외, 실제로 쓰려는 상황에 맞춰 수업 내용을 정합니다. 지역과 일정에 따라 1:1 방문수업 또는 화상수업으로 진행하며, 개념과 유형별 문제풀이부터 학교별 내신,… 방식으로 수업하고 있습니다.",고등학생 수학 취약단원을 보완하면서 내신과 모의고사 및 수능을 준비하는 온라인 과외 찾기,핵심 고민은 “개념 사이의 연결이 약하고 복합 문제의 접근 방법을 찾기 어려우며 취약단원에서 오답이 반복됨”입니다.,"개념, 유형별 문제풀이, 학교별 내신, 모의고사, 수능, 취약단원, 오답분석","지역과 일정에 따라 1:1 방문수업 또는 화상수업으로 진행하며, 개념과 유형별 문제풀이부터 학교별 내신, 모의고사와 수능 대비, 취약단원 및 오답분석까지 목표에 맞춰 지도",취약단원의 개념을 연결하고 문제 조건에 맞는 풀이 전략을 선택하며 오답 원인을 스스로 설명하는 능력 향상,전문형,high_math
880,https://kimstutoring.co.kr,pyeongchang-gun-elementary-korean,publish,ko,강원특별자치도,평창군,국어,초등학생,평창군 초등학생 국어과외,평창군 초등학생 국어과외,"평창군에서 배우는 초등학생 국어 과외, 실제로 쓰려는 상황에 맞춰 수업 내용을 정합니다. 지역과 일정에 따라 1:1 방문수업 또는 화상수업으로 진행하며, 어휘와 독해를 바탕으로 글의 내용을 이해하고… 방식으로 수업하고 있습니다.",초등학생의 국어 기초와 문해력을 잡아줄 1:1 국어과외 탐색,핵심 고민은 “글을 읽어도 내용을 정확히 이해하지 못하거나 어휘력이 부족해 문제의 뜻을 파악하는 데 어려움”입니다.,"어휘, 독해, 문장 이해, 글의 중심내용 파악, 기초 문해력, 글쓰기, 학습 습관","지역과 일정에 따라 1:1 방문수업 또는 화상수업으로 진행하며, 어휘와 독해를 바탕으로 글의 내용을 이해하고 자신의 생각을 표현하는 힘을 학생의 수준과 학습 속도에 맞춰 지도","글을 읽고 핵심 내용을 파악하는 힘을 기르고, 국어뿐 아니라 다른 과목의 문제를 이해하는 데 필요한 기초 문해력과 학습 습관 형성",친근형,elementary_korean
881,https://kimstutoring.co.kr,pyeongchang-gun-middle-korean,publish,ko,강원특별자치도,평창군,국어,중학생,평창군 중학생 국어과외,평창군 중학생 국어과외,"평창군 중학생 국어 과외 수업은 정해진 진도보다 현재 실력과 배우는 이유를 중요하게 봅니다. 지역과 일정에 따라 1:1 방문수업 또는 화상수업으로 진행하며, 문학·비문학 독해와 문법을 기본으로 학교별… 방식으로 수업하고 있습니다.",학교 내신과 국어 기본기를 함께 준비할 1:1 중등 국어과외 탐색,"핵심 고민은 “문학과 비문학 지문을 감으로 풀거나 문법 개념이 부족하고, 학교 시험의 서술형·수행평가 대비가 어려움”입니다.","문학, 비문학, 문법, 어휘, 학교별 내신, 서술형, 수행평가, 오답관리","지역과 일정에 따라 1:1 방문수업 또는 화상수업으로 진행하며, 문학·비문학 독해와 문법을 기본으로 학교별 내신, 서술형과 수행평가까지 학생의 취약 부분에 맞춰 지도","지문을 근거로 읽고 문제를 해결하는 방법을 익히며, 부족한 영역을 파악해 내신과 고등 국어 학습에 필요한 기본기 강화",코칭형,middle_korean
882,https://kimstutoring.co.kr,pyeongchang-gun-high-korean,publish,ko,강원특별자치도,평창군,국어,고등학생,평창군 고등학생 국어과외,평창군 고등학생 국어과외,"평창군에서 배우는 고등학생 국어 과외, 실제로 쓰려는 상황에 맞춰 수업 내용을 정합니다. 지역과 일정에 따라 1:1 방문수업 또는 화상수업으로 진행하며, 문학과 독서의 지문 분석부터 학교별 내신,… 방식으로 수업하고 있습니다.",내신과 모의고사·수능을 함께 대비할 1:1 고등 국어과외 탐색,"핵심 고민은 “긴 지문의 핵심을 빠르게 파악하기 어렵거나 문학·독서·문법 영역별 편차가 크고, 모의고사에서 시간 관리와…”입니다.","문학, 독서, 화법과 언어, 작문, 학교별 내신, 모의고사, 수능, 취약영역, 오답분석","지역과 일정에 따라 1:1 방문수업 또는 화상수업으로 진행하며, 문학과 독서의 지문 분석부터 학교별 내신, 모의고사와 수능 대비, 취약영역 및 오답분석까지 현재 실력과 목표에 맞춰 지도","지문을 분석하는 기준과 문제 접근 방법을 익히고, 취약영역과 반복되는 오답을 점검하면서 내신·모의고사·수능 학습의 방향을 구체화",전문형,high_korean
883,https://kimstutoring.co.kr,hongcheon-gun-elementary-english,publish,ko,강원특별자치도,홍천군,영어,초등학생,홍천군 초등학생 영어과외,홍천군 초등학생 영어과외,"초등학생 영어 과외 공부를 다시 시작하려는 분께 홍천군 1:1 수업이 맞는 출발점을 찾아드립니다. 지역과 일정에 따라 1:1 방문수업 또는 화상수업으로 진행하며, 기초 어휘와 문장 이해, 읽기 학습을 학생의… 방식으로 수업하고 있습니다.",초등학생 수준에 맞춰 영어 기초와 꾸준한 학습 습관을 기르는 1:1 온라인 과외 찾기,핵심 고민은 “기초 어휘가 부족하고 짧은 문장의 뜻을 이해하거나 꾸준히 읽는 데 어려움이 있음”입니다.,"기초 어휘, 문장 이해, 짧은 글 읽기, 학습 습관","지역과 일정에 따라 1:1 방문수업 또는 화상수업으로 진행하며, 기초 어휘와 문장 이해, 읽기 학습을 학생의 수준과 학습 속도에 맞춰 지도",익숙한 어휘로 짧은 문장의 뜻을 파악하고 스스로 읽고 복습하는 습관 형성,친근형,elementary_english
884,https://kimstutoring.co.kr,hongcheon-gun-middle-english,publish,ko,강원특별자치도,홍천군,영어,중학생,홍천군 중학생 영어과외,홍천군 중학생 영어과외,"홍천군에서 배우는 중학생 영어 과외, 실제로 쓰려는 상황에 맞춰 수업 내용을 정합니다. 지역과 일정에 따라 1:1 방문수업 또는 화상수업으로 진행하며, 어휘·문법·독해를 기본으로 학교별 내신과… 방식으로 수업하고 있습니다.",중학생 영어 문법과 독해를 보완하고 학교별 내신과 서술형 및 수행평가를 준비하는 온라인 과외 찾기,핵심 고민은 “어휘와 문법을 배워도 지문에 적용하기 어렵고 서술형 답안과 수행평가 준비가 막막함”입니다.,"어휘, 문법, 독해, 학교별 내신, 서술형, 수행평가","지역과 일정에 따라 1:1 방문수업 또는 화상수업으로 진행하며, 어휘·문법·독해를 기본으로 학교별 내신과 서술형, 수행평가까지 학생의 취약 부분에 맞춰 지도",문법 근거를 설명하며 지문을 읽고 학교 평가 기준에 맞춰 답안을 작성하는 능력 향상,코칭형,middle_english
885,https://kimstutoring.co.kr,hongcheon-gun-high-english,publish,ko,강원특별자치도,홍천군,영어,고등학생,홍천군 고등학생 영어과외,홍천군 고등학생 영어과외,"홍천군에서 고등학생 영어 과외 수업을 찾고 계신다면 지금 필요한 내용부터 시작할 수 있습니다. 지역과 일정에 따라 1:1 방문수업 또는 화상수업으로 진행하며, 어휘·구문독해부터 학교별 내신, 모의고사와 수능… 방식으로 수업하고 있습니다.",고등학생 영어 내신과 모의고사 및 수능 준비를 현재 수준에 맞춰 병행하는 온라인 과외 찾기,핵심 고민은 “긴 문장의 구조를 파악하기 어렵고 내신과 모의고사 지문을 읽는 데 시간이 오래 걸림”입니다.,"어휘, 구문독해, 학교별 내신, 모의고사, 수능","지역과 일정에 따라 1:1 방문수업 또는 화상수업으로 진행하며, 어휘·구문독해부터 학교별 내신, 모의고사와 수능 대비까지 현재 실력과 목표에 맞춰 지도",복잡한 문장의 구조를 파악하고 지문의 근거를 바탕으로 답을 선택하는 독해 능력 향상,전문형,high_english
886,https://kimstutoring.co.kr,hongcheon-gun-elementary-math,publish,ko,강원특별자치도,홍천군,수학,초등학생,홍천군 초등학생 수학과외,홍천군 초등학생 수학과외,"홍천군에서 배우는 초등학생 수학 과외, 실제로 쓰려는 상황에 맞춰 수업 내용을 정합니다. 지역과 일정에 따라 1:1 방문수업 또는 화상수업으로 진행하며, 연산과 기초개념을 탄탄히 다지고 문제를 이해하는… 방식으로 수업하고 있습니다.",초등학생 수학 연산과 기초개념을 다지고 문제 이해와 풀이 습관을 기르는 온라인 과외 찾기,핵심 고민은 “계산 실수가 반복되고 문장형 문제에서 무엇을 구해야 하는지 파악하기 어려움”입니다.,"연산, 기초개념, 문제 이해, 풀이 습관","지역과 일정에 따라 1:1 방문수업 또는 화상수업으로 진행하며, 연산과 기초개념을 탄탄히 다지고 문제를 이해하는 과정과 올바른 풀이 습관을 학생 수준에 맞춰 지도",계산 과정을 점검하고 문제의 조건을 이해하며 풀이 순서를 정리하는 습관 형성,친근형,elementary_math
887,https://kimstutoring.co.kr,hongcheon-gun-middle-math,publish,ko,강원특별자치도,홍천군,수학,중학생,홍천군 중학생 수학과외,홍천군 중학생 수학과외,"홍천군에서 배우는 중학생 수학 과외, 실제로 쓰려는 상황에 맞춰 수업 내용을 정합니다. 지역과 일정에 따라 1:1 방문수업 또는 화상수업으로 진행하며, 개념 이해와 유형별 문제풀이를 연결하고 학교별… 방식으로 수업하고 있습니다.",중학생 수학 개념과 유형별 문제풀이를 연결하고 내신 및 서술형을 준비하는 온라인 과외 찾기,핵심 고민은 “개념을 외워도 문제 유형이 바뀌면 적용하기 어렵고 같은 오답과 풀이 과정 누락이 반복됨”입니다.,"개념, 유형별 문제풀이, 학교별 내신, 서술형, 오답관리","지역과 일정에 따라 1:1 방문수업 또는 화상수업으로 진행하며, 개념 이해와 유형별 문제풀이를 연결하고 학교별 내신, 서술형, 오답관리까지 취약 단원에 맞춰 지도",문제에 맞는 개념을 선택하고 풀이 근거를 순서대로 쓰며 반복되는 실수를 줄이는 능력 향상,코칭형,middle_math
888,https://kimstutoring.co.kr,hongcheon-gun-high-math,publish,ko,강원특별자치도,홍천군,수학,고등학생,홍천군 고등학생 수학과외,홍천군 고등학생 수학과외,"홍천군 고등학생 수학 과외 수업은 정해진 진도보다 현재 실력과 배우는 이유를 중요하게 봅니다. 지역과 일정에 따라 1:1 방문수업 또는 화상수업으로 진행하며, 개념과 유형별 문제풀이부터 학교별 내신,… 방식으로 수업하고 있습니다.",고등학생 수학 취약단원을 보완하면서 내신과 모의고사 및 수능을 준비하는 온라인 과외 찾기,핵심 고민은 “개념 사이의 연결이 약하고 복합 문제의 접근 방법을 찾기 어려우며 취약단원에서 오답이 반복됨”입니다.,"개념, 유형별 문제풀이, 학교별 내신, 모의고사, 수능, 취약단원, 오답분석","지역과 일정에 따라 1:1 방문수업 또는 화상수업으로 진행하며, 개념과 유형별 문제풀이부터 학교별 내신, 모의고사와 수능 대비, 취약단원 및 오답분석까지 목표에 맞춰 지도",취약단원의 개념을 연결하고 문제 조건에 맞는 풀이 전략을 선택하며 오답 원인을 스스로 설명하는 능력 향상,전문형,high_math
889,https://kimstutoring.co.kr,hongcheon-gun-elementary-korean,publish,ko,강원특별자치도,홍천군,국어,초등학생,홍천군 초등학생 국어과외,홍천군 초등학생 국어과외,"홍천군 초등학생 국어 과외 수업은 정해진 진도보다 현재 실력과 배우는 이유를 중요하게 봅니다. 지역과 일정에 따라 1:1 방문수업 또는 화상수업으로 진행하며, 어휘와 독해를 바탕으로 글의 내용을 이해하고… 방식으로 수업하고 있습니다.",초등학생의 국어 기초와 문해력을 잡아줄 1:1 국어과외 탐색,핵심 고민은 “글을 읽어도 내용을 정확히 이해하지 못하거나 어휘력이 부족해 문제의 뜻을 파악하는 데 어려움”입니다.,"어휘, 독해, 문장 이해, 글의 중심내용 파악, 기초 문해력, 글쓰기, 학습 습관","지역과 일정에 따라 1:1 방문수업 또는 화상수업으로 진행하며, 어휘와 독해를 바탕으로 글의 내용을 이해하고 자신의 생각을 표현하는 힘을 학생의 수준과 학습 속도에 맞춰 지도","글을 읽고 핵심 내용을 파악하는 힘을 기르고, 국어뿐 아니라 다른 과목의 문제를 이해하는 데 필요한 기초 문해력과 학습 습관 형성",친근형,elementary_korean
890,https://kimstutoring.co.kr,hongcheon-gun-middle-korean,publish,ko,강원특별자치도,홍천군,국어,중학생,홍천군 중학생 국어과외,홍천군 중학생 국어과외,"홍천군에서 배우는 중학생 국어 과외, 실제로 쓰려는 상황에 맞춰 수업 내용을 정합니다. 지역과 일정에 따라 1:1 방문수업 또는 화상수업으로 진행하며, 문학·비문학 독해와 문법을 기본으로 학교별… 방식으로 수업하고 있습니다.",학교 내신과 국어 기본기를 함께 준비할 1:1 중등 국어과외 탐색,"핵심 고민은 “문학과 비문학 지문을 감으로 풀거나 문법 개념이 부족하고, 학교 시험의 서술형·수행평가 대비가 어려움”입니다.","문학, 비문학, 문법, 어휘, 학교별 내신, 서술형, 수행평가, 오답관리","지역과 일정에 따라 1:1 방문수업 또는 화상수업으로 진행하며, 문학·비문학 독해와 문법을 기본으로 학교별 내신, 서술형과 수행평가까지 학생의 취약 부분에 맞춰 지도","지문을 근거로 읽고 문제를 해결하는 방법을 익히며, 부족한 영역을 파악해 내신과 고등 국어 학습에 필요한 기본기 강화",코칭형,middle_korean
891,https://kimstutoring.co.kr,hongcheon-gun-high-korean,publish,ko,강원특별자치도,홍천군,국어,고등학생,홍천군 고등학생 국어과외,홍천군 고등학생 국어과외,"홍천군 고등학생 국어 과외 수업은 정해진 진도보다 현재 실력과 배우는 이유를 중요하게 봅니다. 지역과 일정에 따라 1:1 방문수업 또는 화상수업으로 진행하며, 문학과 독서의 지문 분석부터 학교별 내신,… 방식으로 수업하고 있습니다.",내신과 모의고사·수능을 함께 대비할 1:1 고등 국어과외 탐색,"핵심 고민은 “긴 지문의 핵심을 빠르게 파악하기 어렵거나 문학·독서·문법 영역별 편차가 크고, 모의고사에서 시간 관리와…”입니다.","문학, 독서, 화법과 언어, 작문, 학교별 내신, 모의고사, 수능, 취약영역, 오답분석","지역과 일정에 따라 1:1 방문수업 또는 화상수업으로 진행하며, 문학과 독서의 지문 분석부터 학교별 내신, 모의고사와 수능 대비, 취약영역 및 오답분석까지 현재 실력과 목표에 맞춰 지도","지문을 분석하는 기준과 문제 접근 방법을 익히고, 취약영역과 반복되는 오답을 점검하면서 내신·모의고사·수능 학습의 방향을 구체화",전문형,high_korean
892,https://kimstutoring.co.kr,hwacheon-gun-elementary-english,publish,ko,강원특별자치도,화천군,영어,초등학생,화천군 초등학생 영어과외,화천군 초등학생 영어과외,"화천군에서 초등학생 영어 과외 수업을 찾고 계신다면 지금 필요한 내용부터 시작할 수 있습니다. 지역과 일정에 따라 1:1 방문수업 또는 화상수업으로 진행하며, 기초 어휘와 문장 이해, 읽기 학습을 학생의… 방식으로 수업하고 있습니다.",초등학생 수준에 맞춰 영어 기초와 꾸준한 학습 습관을 기르는 1:1 온라인 과외 찾기,핵심 고민은 “기초 어휘가 부족하고 짧은 문장의 뜻을 이해하거나 꾸준히 읽는 데 어려움이 있음”입니다.,"기초 어휘, 문장 이해, 짧은 글 읽기, 학습 습관","지역과 일정에 따라 1:1 방문수업 또는 화상수업으로 진행하며, 기초 어휘와 문장 이해, 읽기 학습을 학생의 수준과 학습 속도에 맞춰 지도",익숙한 어휘로 짧은 문장의 뜻을 파악하고 스스로 읽고 복습하는 습관 형성,친근형,elementary_english
893,https://kimstutoring.co.kr,hwacheon-gun-middle-english,publish,ko,강원특별자치도,화천군,영어,중학생,화천군 중학생 영어과외,화천군 중학생 영어과외,"화천군 중학생 영어 과외 수업은 정해진 진도보다 현재 실력과 배우는 이유를 중요하게 봅니다. 지역과 일정에 따라 1:1 방문수업 또는 화상수업으로 진행하며, 어휘·문법·독해를 기본으로 학교별 내신과… 방식으로 수업하고 있습니다.",중학생 영어 문법과 독해를 보완하고 학교별 내신과 서술형 및 수행평가를 준비하는 온라인 과외 찾기,핵심 고민은 “어휘와 문법을 배워도 지문에 적용하기 어렵고 서술형 답안과 수행평가 준비가 막막함”입니다.,"어휘, 문법, 독해, 학교별 내신, 서술형, 수행평가","지역과 일정에 따라 1:1 방문수업 또는 화상수업으로 진행하며, 어휘·문법·독해를 기본으로 학교별 내신과 서술형, 수행평가까지 학생의 취약 부분에 맞춰 지도",문법 근거를 설명하며 지문을 읽고 학교 평가 기준에 맞춰 답안을 작성하는 능력 향상,코칭형,middle_english
894,https://kimstutoring.co.kr,hwacheon-gun-high-english,publish,ko,강원특별자치도,화천군,영어,고등학생,화천군 고등학생 영어과외,화천군 고등학생 영어과외,"고등학생 영어 과외 공부를 다시 시작하려는 분께 화천군 1:1 수업이 맞는 출발점을 찾아드립니다. 지역과 일정에 따라 1:1 방문수업 또는 화상수업으로 진행하며, 어휘·구문독해부터 학교별 내신, 모의고사와 수능… 방식으로 수업하고 있습니다.",고등학생 영어 내신과 모의고사 및 수능 준비를 현재 수준에 맞춰 병행하는 온라인 과외 찾기,핵심 고민은 “긴 문장의 구조를 파악하기 어렵고 내신과 모의고사 지문을 읽는 데 시간이 오래 걸림”입니다.,"어휘, 구문독해, 학교별 내신, 모의고사, 수능","지역과 일정에 따라 1:1 방문수업 또는 화상수업으로 진행하며, 어휘·구문독해부터 학교별 내신, 모의고사와 수능 대비까지 현재 실력과 목표에 맞춰 지도",복잡한 문장의 구조를 파악하고 지문의 근거를 바탕으로 답을 선택하는 독해 능력 향상,전문형,high_english
895,https://kimstutoring.co.kr,hwacheon-gun-elementary-math,publish,ko,강원특별자치도,화천군,수학,초등학생,화천군 초등학생 수학과외,화천군 초등학생 수학과외,"화천군 초등학생 수학 과외 수업은 정해진 진도보다 현재 실력과 배우는 이유를 중요하게 봅니다. 지역과 일정에 따라 1:1 방문수업 또는 화상수업으로 진행하며, 연산과 기초개념을 탄탄히 다지고 문제를 이해하는… 방식으로 수업하고 있습니다.",초등학생 수학 연산과 기초개념을 다지고 문제 이해와 풀이 습관을 기르는 온라인 과외 찾기,핵심 고민은 “계산 실수가 반복되고 문장형 문제에서 무엇을 구해야 하는지 파악하기 어려움”입니다.,"연산, 기초개념, 문제 이해, 풀이 습관","지역과 일정에 따라 1:1 방문수업 또는 화상수업으로 진행하며, 연산과 기초개념을 탄탄히 다지고 문제를 이해하는 과정과 올바른 풀이 습관을 학생 수준에 맞춰 지도",계산 과정을 점검하고 문제의 조건을 이해하며 풀이 순서를 정리하는 습관 형성,친근형,elementary_math
896,https://kimstutoring.co.kr,hwacheon-gun-middle-math,publish,ko,강원특별자치도,화천군,수학,중학생,화천군 중학생 수학과외,화천군 중학생 수학과외,"화천군 중학생 수학 과외 수업은 정해진 진도보다 현재 실력과 배우는 이유를 중요하게 봅니다. 지역과 일정에 따라 1:1 방문수업 또는 화상수업으로 진행하며, 개념 이해와 유형별 문제풀이를 연결하고 학교별… 방식으로 수업하고 있습니다.",중학생 수학 개념과 유형별 문제풀이를 연결하고 내신 및 서술형을 준비하는 온라인 과외 찾기,핵심 고민은 “개념을 외워도 문제 유형이 바뀌면 적용하기 어렵고 같은 오답과 풀이 과정 누락이 반복됨”입니다.,"개념, 유형별 문제풀이, 학교별 내신, 서술형, 오답관리","지역과 일정에 따라 1:1 방문수업 또는 화상수업으로 진행하며, 개념 이해와 유형별 문제풀이를 연결하고 학교별 내신, 서술형, 오답관리까지 취약 단원에 맞춰 지도",문제에 맞는 개념을 선택하고 풀이 근거를 순서대로 쓰며 반복되는 실수를 줄이는 능력 향상,코칭형,middle_math
897,https://kimstutoring.co.kr,hwacheon-gun-high-math,publish,ko,강원특별자치도,화천군,수학,고등학생,화천군 고등학생 수학과외,화천군 고등학생 수학과외,"화천군에서 배우는 고등학생 수학 과외, 실제로 쓰려는 상황에 맞춰 수업 내용을 정합니다. 지역과 일정에 따라 1:1 방문수업 또는 화상수업으로 진행하며, 개념과 유형별 문제풀이부터 학교별 내신,… 방식으로 수업하고 있습니다.",고등학생 수학 취약단원을 보완하면서 내신과 모의고사 및 수능을 준비하는 온라인 과외 찾기,핵심 고민은 “개념 사이의 연결이 약하고 복합 문제의 접근 방법을 찾기 어려우며 취약단원에서 오답이 반복됨”입니다.,"개념, 유형별 문제풀이, 학교별 내신, 모의고사, 수능, 취약단원, 오답분석","지역과 일정에 따라 1:1 방문수업 또는 화상수업으로 진행하며, 개념과 유형별 문제풀이부터 학교별 내신, 모의고사와 수능 대비, 취약단원 및 오답분석까지 목표에 맞춰 지도",취약단원의 개념을 연결하고 문제 조건에 맞는 풀이 전략을 선택하며 오답 원인을 스스로 설명하는 능력 향상,전문형,high_math
898,https://kimstutoring.co.kr,hwacheon-gun-elementary-korean,publish,ko,강원특별자치도,화천군,국어,초등학생,화천군 초등학생 국어과외,화천군 초등학생 국어과외,"화천군에서 배우는 초등학생 국어 과외, 실제로 쓰려는 상황에 맞춰 수업 내용을 정합니다. 지역과 일정에 따라 1:1 방문수업 또는 화상수업으로 진행하며, 어휘와 독해를 바탕으로 글의 내용을 이해하고… 방식으로 수업하고 있습니다.",초등학생의 국어 기초와 문해력을 잡아줄 1:1 국어과외 탐색,핵심 고민은 “글을 읽어도 내용을 정확히 이해하지 못하거나 어휘력이 부족해 문제의 뜻을 파악하는 데 어려움”입니다.,"어휘, 독해, 문장 이해, 글의 중심내용 파악, 기초 문해력, 글쓰기, 학습 습관","지역과 일정에 따라 1:1 방문수업 또는 화상수업으로 진행하며, 어휘와 독해를 바탕으로 글의 내용을 이해하고 자신의 생각을 표현하는 힘을 학생의 수준과 학습 속도에 맞춰 지도","글을 읽고 핵심 내용을 파악하는 힘을 기르고, 국어뿐 아니라 다른 과목의 문제를 이해하는 데 필요한 기초 문해력과 학습 습관 형성",친근형,elementary_korean
899,https://kimstutoring.co.kr,hwacheon-gun-middle-korean,publish,ko,강원특별자치도,화천군,국어,중학생,화천군 중학생 국어과외,화천군 중학생 국어과외,"화천군 중학생 국어 과외 수업은 정해진 진도보다 현재 실력과 배우는 이유를 중요하게 봅니다. 지역과 일정에 따라 1:1 방문수업 또는 화상수업으로 진행하며, 문학·비문학 독해와 문법을 기본으로 학교별… 방식으로 수업하고 있습니다.",학교 내신과 국어 기본기를 함께 준비할 1:1 중등 국어과외 탐색,"핵심 고민은 “문학과 비문학 지문을 감으로 풀거나 문법 개념이 부족하고, 학교 시험의 서술형·수행평가 대비가 어려움”입니다.","문학, 비문학, 문법, 어휘, 학교별 내신, 서술형, 수행평가, 오답관리","지역과 일정에 따라 1:1 방문수업 또는 화상수업으로 진행하며, 문학·비문학 독해와 문법을 기본으로 학교별 내신, 서술형과 수행평가까지 학생의 취약 부분에 맞춰 지도","지문을 근거로 읽고 문제를 해결하는 방법을 익히며, 부족한 영역을 파악해 내신과 고등 국어 학습에 필요한 기본기 강화",코칭형,middle_korean
900,https://kimstutoring.co.kr,hwacheon-gun-high-korean,publish,ko,강원특별자치도,화천군,국어,고등학생,화천군 고등학생 국어과외,화천군 고등학생 국어과외,"화천군에서 배우는 고등학생 국어 과외, 실제로 쓰려는 상황에 맞춰 수업 내용을 정합니다. 지역과 일정에 따라 1:1 방문수업 또는 화상수업으로 진행하며, 문학과 독서의 지문 분석부터 학교별 내신,… 방식으로 수업하고 있습니다.",내신과 모의고사·수능을 함께 대비할 1:1 고등 국어과외 탐색,"핵심 고민은 “긴 지문의 핵심을 빠르게 파악하기 어렵거나 문학·독서·문법 영역별 편차가 크고, 모의고사에서 시간 관리와…”입니다.","문학, 독서, 화법과 언어, 작문, 학교별 내신, 모의고사, 수능, 취약영역, 오답분석","지역과 일정에 따라 1:1 방문수업 또는 화상수업으로 진행하며, 문학과 독서의 지문 분석부터 학교별 내신, 모의고사와 수능 대비, 취약영역 및 오답분석까지 현재 실력과 목표에 맞춰 지도","지문을 분석하는 기준과 문제 접근 방법을 익히고, 취약영역과 반복되는 오답을 점검하면서 내신·모의고사·수능 학습의 방향을 구체화",전문형,high_korean
901,https://kimstutoring.co.kr,hoengseong-gun-elementary-english,publish,ko,강원특별자치도,횡성군,영어,초등학생,횡성군 초등학생 영어과외,횡성군 초등학생 영어과외,"횡성군에서 초등학생 영어 과외 수업을 찾고 계신다면 지금 필요한 내용부터 시작할 수 있습니다. 지역과 일정에 따라 1:1 방문수업 또는 화상수업으로 진행하며, 기초 어휘와 문장 이해, 읽기 학습을 학생의… 방식으로 수업하고 있습니다.",초등학생 수준에 맞춰 영어 기초와 꾸준한 학습 습관을 기르는 1:1 온라인 과외 찾기,핵심 고민은 “기초 어휘가 부족하고 짧은 문장의 뜻을 이해하거나 꾸준히 읽는 데 어려움이 있음”입니다.,"기초 어휘, 문장 이해, 짧은 글 읽기, 학습 습관","지역과 일정에 따라 1:1 방문수업 또는 화상수업으로 진행하며, 기초 어휘와 문장 이해, 읽기 학습을 학생의 수준과 학습 속도에 맞춰 지도",익숙한 어휘로 짧은 문장의 뜻을 파악하고 스스로 읽고 복습하는 습관 형성,친근형,elementary_english
902,https://kimstutoring.co.kr,hoengseong-gun-middle-english,publish,ko,강원특별자치도,횡성군,영어,중학생,횡성군 중학생 영어과외,횡성군 중학생 영어과외,"횡성군 중학생 영어 과외 수업은 정해진 진도보다 현재 실력과 배우는 이유를 중요하게 봅니다. 지역과 일정에 따라 1:1 방문수업 또는 화상수업으로 진행하며, 어휘·문법·독해를 기본으로 학교별 내신과… 방식으로 수업하고 있습니다.",중학생 영어 문법과 독해를 보완하고 학교별 내신과 서술형 및 수행평가를 준비하는 온라인 과외 찾기,핵심 고민은 “어휘와 문법을 배워도 지문에 적용하기 어렵고 서술형 답안과 수행평가 준비가 막막함”입니다.,"어휘, 문법, 독해, 학교별 내신, 서술형, 수행평가","지역과 일정에 따라 1:1 방문수업 또는 화상수업으로 진행하며, 어휘·문법·독해를 기본으로 학교별 내신과 서술형, 수행평가까지 학생의 취약 부분에 맞춰 지도",문법 근거를 설명하며 지문을 읽고 학교 평가 기준에 맞춰 답안을 작성하는 능력 향상,코칭형,middle_english
903,https://kimstutoring.co.kr,hoengseong-gun-high-english,publish,ko,강원특별자치도,횡성군,영어,고등학생,횡성군 고등학생 영어과외,횡성군 고등학생 영어과외,"고등학생 영어 과외 공부를 다시 시작하려는 분께 횡성군 1:1 수업이 맞는 출발점을 찾아드립니다. 지역과 일정에 따라 1:1 방문수업 또는 화상수업으로 진행하며, 어휘·구문독해부터 학교별 내신, 모의고사와 수능… 방식으로 수업하고 있습니다.",고등학생 영어 내신과 모의고사 및 수능 준비를 현재 수준에 맞춰 병행하는 온라인 과외 찾기,핵심 고민은 “긴 문장의 구조를 파악하기 어렵고 내신과 모의고사 지문을 읽는 데 시간이 오래 걸림”입니다.,"어휘, 구문독해, 학교별 내신, 모의고사, 수능","지역과 일정에 따라 1:1 방문수업 또는 화상수업으로 진행하며, 어휘·구문독해부터 학교별 내신, 모의고사와 수능 대비까지 현재 실력과 목표에 맞춰 지도",복잡한 문장의 구조를 파악하고 지문의 근거를 바탕으로 답을 선택하는 독해 능력 향상,전문형,high_english
904,https://kimstutoring.co.kr,hoengseong-gun-elementary-math,publish,ko,강원특별자치도,횡성군,수학,초등학생,횡성군 초등학생 수학과외,횡성군 초등학생 수학과외,"횡성군 초등학생 수학 과외 수업은 정해진 진도보다 현재 실력과 배우는 이유를 중요하게 봅니다. 지역과 일정에 따라 1:1 방문수업 또는 화상수업으로 진행하며, 연산과 기초개념을 탄탄히 다지고 문제를 이해하는… 방식으로 수업하고 있습니다.",초등학생 수학 연산과 기초개념을 다지고 문제 이해와 풀이 습관을 기르는 온라인 과외 찾기,핵심 고민은 “계산 실수가 반복되고 문장형 문제에서 무엇을 구해야 하는지 파악하기 어려움”입니다.,"연산, 기초개념, 문제 이해, 풀이 습관","지역과 일정에 따라 1:1 방문수업 또는 화상수업으로 진행하며, 연산과 기초개념을 탄탄히 다지고 문제를 이해하는 과정과 올바른 풀이 습관을 학생 수준에 맞춰 지도",계산 과정을 점검하고 문제의 조건을 이해하며 풀이 순서를 정리하는 습관 형성,친근형,elementary_math
905,https://kimstutoring.co.kr,hoengseong-gun-middle-math,publish,ko,강원특별자치도,횡성군,수학,중학생,횡성군 중학생 수학과외,횡성군 중학생 수학과외,"횡성군 중학생 수학 과외 수업은 정해진 진도보다 현재 실력과 배우는 이유를 중요하게 봅니다. 지역과 일정에 따라 1:1 방문수업 또는 화상수업으로 진행하며, 개념 이해와 유형별 문제풀이를 연결하고 학교별… 방식으로 수업하고 있습니다.",중학생 수학 개념과 유형별 문제풀이를 연결하고 내신 및 서술형을 준비하는 온라인 과외 찾기,핵심 고민은 “개념을 외워도 문제 유형이 바뀌면 적용하기 어렵고 같은 오답과 풀이 과정 누락이 반복됨”입니다.,"개념, 유형별 문제풀이, 학교별 내신, 서술형, 오답관리","지역과 일정에 따라 1:1 방문수업 또는 화상수업으로 진행하며, 개념 이해와 유형별 문제풀이를 연결하고 학교별 내신, 서술형, 오답관리까지 취약 단원에 맞춰 지도",문제에 맞는 개념을 선택하고 풀이 근거를 순서대로 쓰며 반복되는 실수를 줄이는 능력 향상,코칭형,middle_math
906,https://kimstutoring.co.kr,hoengseong-gun-high-math,publish,ko,강원특별자치도,횡성군,수학,고등학생,횡성군 고등학생 수학과외,횡성군 고등학생 수학과외,"횡성군에서 배우는 고등학생 수학 과외, 실제로 쓰려는 상황에 맞춰 수업 내용을 정합니다. 지역과 일정에 따라 1:1 방문수업 또는 화상수업으로 진행하며, 개념과 유형별 문제풀이부터 학교별 내신,… 방식으로 수업하고 있습니다.",고등학생 수학 취약단원을 보완하면서 내신과 모의고사 및 수능을 준비하는 온라인 과외 찾기,핵심 고민은 “개념 사이의 연결이 약하고 복합 문제의 접근 방법을 찾기 어려우며 취약단원에서 오답이 반복됨”입니다.,"개념, 유형별 문제풀이, 학교별 내신, 모의고사, 수능, 취약단원, 오답분석","지역과 일정에 따라 1:1 방문수업 또는 화상수업으로 진행하며, 개념과 유형별 문제풀이부터 학교별 내신, 모의고사와 수능 대비, 취약단원 및 오답분석까지 목표에 맞춰 지도",취약단원의 개념을 연결하고 문제 조건에 맞는 풀이 전략을 선택하며 오답 원인을 스스로 설명하는 능력 향상,전문형,high_math
907,https://kimstutoring.co.kr,hoengseong-gun-elementary-korean,publish,ko,강원특별자치도,횡성군,국어,초등학생,횡성군 초등학생 국어과외,횡성군 초등학생 국어과외,"횡성군에서 배우는 초등학생 국어 과외, 실제로 쓰려는 상황에 맞춰 수업 내용을 정합니다. 지역과 일정에 따라 1:1 방문수업 또는 화상수업으로 진행하며, 어휘와 독해를 바탕으로 글의 내용을 이해하고… 방식으로 수업하고 있습니다.",초등학생의 국어 기초와 문해력을 잡아줄 1:1 국어과외 탐색,핵심 고민은 “글을 읽어도 내용을 정확히 이해하지 못하거나 어휘력이 부족해 문제의 뜻을 파악하는 데 어려움”입니다.,"어휘, 독해, 문장 이해, 글의 중심내용 파악, 기초 문해력, 글쓰기, 학습 습관","지역과 일정에 따라 1:1 방문수업 또는 화상수업으로 진행하며, 어휘와 독해를 바탕으로 글의 내용을 이해하고 자신의 생각을 표현하는 힘을 학생의 수준과 학습 속도에 맞춰 지도","글을 읽고 핵심 내용을 파악하는 힘을 기르고, 국어뿐 아니라 다른 과목의 문제를 이해하는 데 필요한 기초 문해력과 학습 습관 형성",친근형,elementary_korean
908,https://kimstutoring.co.kr,hoengseong-gun-middle-korean,publish,ko,강원특별자치도,횡성군,국어,중학생,횡성군 중학생 국어과외,횡성군 중학생 국어과외,"횡성군 중학생 국어 과외 수업은 정해진 진도보다 현재 실력과 배우는 이유를 중요하게 봅니다. 지역과 일정에 따라 1:1 방문수업 또는 화상수업으로 진행하며, 문학·비문학 독해와 문법을 기본으로 학교별… 방식으로 수업하고 있습니다.",학교 내신과 국어 기본기를 함께 준비할 1:1 중등 국어과외 탐색,"핵심 고민은 “문학과 비문학 지문을 감으로 풀거나 문법 개념이 부족하고, 학교 시험의 서술형·수행평가 대비가 어려움”입니다.","문학, 비문학, 문법, 어휘, 학교별 내신, 서술형, 수행평가, 오답관리","지역과 일정에 따라 1:1 방문수업 또는 화상수업으로 진행하며, 문학·비문학 독해와 문법을 기본으로 학교별 내신, 서술형과 수행평가까지 학생의 취약 부분에 맞춰 지도","지문을 근거로 읽고 문제를 해결하는 방법을 익히며, 부족한 영역을 파악해 내신과 고등 국어 학습에 필요한 기본기 강화",코칭형,middle_korean
909,https://kimstutoring.co.kr,hoengseong-gun-high-korean,publish,ko,강원특별자치도,횡성군,국어,고등학생,횡성군 고등학생 국어과외,횡성군 고등학생 국어과외,"횡성군에서 배우는 고등학생 국어 과외, 실제로 쓰려는 상황에 맞춰 수업 내용을 정합니다. 지역과 일정에 따라 1:1 방문수업 또는 화상수업으로 진행하며, 문학과 독서의 지문 분석부터 학교별 내신,… 방식으로 수업하고 있습니다.",내신과 모의고사·수능을 함께 대비할 1:1 고등 국어과외 탐색,"핵심 고민은 “긴 지문의 핵심을 빠르게 파악하기 어렵거나 문학·독서·문법 영역별 편차가 크고, 모의고사에서 시간 관리와…”입니다.","문학, 독서, 화법과 언어, 작문, 학교별 내신, 모의고사, 수능, 취약영역, 오답분석","지역과 일정에 따라 1:1 방문수업 또는 화상수업으로 진행하며, 문학과 독서의 지문 분석부터 학교별 내신, 모의고사와 수능 대비, 취약영역 및 오답분석까지 현재 실력과 목표에 맞춰 지도","지문을 분석하는 기준과 문제 접근 방법을 익히고, 취약영역과 반복되는 오답을 점검하면서 내신·모의고사·수능 학습의 방향을 구체화",전문형,high_korean
910,https://kimstutoring.co.kr,gapyeong-gun-elementary-english,publish,ko,경기도,가평군,영어,초등학생,가평군 초등학생 영어과외,가평군 초등학생 영어과외,"가평군에서 초등학생 영어 과외 실력을 늘리고 싶다면 자주 막히는 부분부터 직접 다뤄봅니다. 지역과 일정에 따라 1:1 방문수업 또는 화상수업으로 진행하며, 기초 어휘와 문장 이해, 읽기 학습을 학생의… 방식으로 수업하고 있습니다.",초등학생 수준에 맞춰 영어 기초와 꾸준한 학습 습관을 기르는 1:1 온라인 과외 찾기,핵심 고민은 “기초 어휘가 부족하고 짧은 문장의 뜻을 이해하거나 꾸준히 읽는 데 어려움이 있음”입니다.,"기초 어휘, 문장 이해, 짧은 글 읽기, 학습 습관","지역과 일정에 따라 1:1 방문수업 또는 화상수업으로 진행하며, 기초 어휘와 문장 이해, 읽기 학습을 학생의 수준과 학습 속도에 맞춰 지도",익숙한 어휘로 짧은 문장의 뜻을 파악하고 스스로 읽고 복습하는 습관 형성,친근형,elementary_english
911,https://kimstutoring.co.kr,gapyeong-gun-middle-english,publish,ko,경기도,가평군,영어,중학생,가평군 중학생 영어과외,가평군 중학생 영어과외,"중학생 영어 과외 공부를 처음 시작한다면 가평군에서도 기초부터 1:1로 배울 수 있습니다. 지역과 일정에 따라 1:1 방문수업 또는 화상수업으로 진행하며, 어휘·문법·독해를 기본으로 학교별 내신과… 방식으로 수업하고 있습니다.",중학생 영어 문법과 독해를 보완하고 학교별 내신과 서술형 및 수행평가를 준비하는 온라인 과외 찾기,핵심 고민은 “어휘와 문법을 배워도 지문에 적용하기 어렵고 서술형 답안과 수행평가 준비가 막막함”입니다.,"어휘, 문법, 독해, 학교별 내신, 서술형, 수행평가","지역과 일정에 따라 1:1 방문수업 또는 화상수업으로 진행하며, 어휘·문법·독해를 기본으로 학교별 내신과 서술형, 수행평가까지 학생의 취약 부분에 맞춰 지도",문법 근거를 설명하며 지문을 읽고 학교 평가 기준에 맞춰 답안을 작성하는 능력 향상,코칭형,middle_english
912,https://kimstutoring.co.kr,gapyeong-gun-high-english,publish,ko,경기도,가평군,영어,고등학생,가평군 고등학생 영어과외,가평군 고등학생 영어과외,"가평군에서 고등학생 영어 과외 실력을 늘리고 싶다면 자주 막히는 부분부터 직접 다뤄봅니다. 지역과 일정에 따라 1:1 방문수업 또는 화상수업으로 진행하며, 어휘·구문독해부터 학교별 내신, 모의고사와 수능… 방식으로 수업하고 있습니다.",고등학생 영어 내신과 모의고사 및 수능 준비를 현재 수준에 맞춰 병행하는 온라인 과외 찾기,핵심 고민은 “긴 문장의 구조를 파악하기 어렵고 내신과 모의고사 지문을 읽는 데 시간이 오래 걸림”입니다.,"어휘, 구문독해, 학교별 내신, 모의고사, 수능","지역과 일정에 따라 1:1 방문수업 또는 화상수업으로 진행하며, 어휘·구문독해부터 학교별 내신, 모의고사와 수능 대비까지 현재 실력과 목표에 맞춰 지도",복잡한 문장의 구조를 파악하고 지문의 근거를 바탕으로 답을 선택하는 독해 능력 향상,전문형,high_english
913,https://kimstutoring.co.kr,gapyeong-gun-elementary-math,publish,ko,경기도,가평군,수학,초등학생,가평군 초등학생 수학과외,가평군 초등학생 수학과외,"초등학생 수학 과외 공부를 처음 시작한다면 가평군에서도 기초부터 1:1로 배울 수 있습니다. 지역과 일정에 따라 1:1 방문수업 또는 화상수업으로 진행하며, 연산과 기초개념을 탄탄히 다지고 문제를 이해하는… 방식으로 수업하고 있습니다.",초등학생 수학 연산과 기초개념을 다지고 문제 이해와 풀이 습관을 기르는 온라인 과외 찾기,핵심 고민은 “계산 실수가 반복되고 문장형 문제에서 무엇을 구해야 하는지 파악하기 어려움”입니다.,"연산, 기초개념, 문제 이해, 풀이 습관","지역과 일정에 따라 1:1 방문수업 또는 화상수업으로 진행하며, 연산과 기초개념을 탄탄히 다지고 문제를 이해하는 과정과 올바른 풀이 습관을 학생 수준에 맞춰 지도",계산 과정을 점검하고 문제의 조건을 이해하며 풀이 순서를 정리하는 습관 형성,친근형,elementary_math
914,https://kimstutoring.co.kr,gapyeong-gun-middle-math,publish,ko,경기도,가평군,수학,중학생,가평군 중학생 수학과외,가평군 중학생 수학과외,"중학생 수학 과외 공부를 처음 시작한다면 가평군에서도 기초부터 1:1로 배울 수 있습니다. 지역과 일정에 따라 1:1 방문수업 또는 화상수업으로 진행하며, 개념 이해와 유형별 문제풀이를 연결하고 학교별… 방식으로 수업하고 있습니다.",중학생 수학 개념과 유형별 문제풀이를 연결하고 내신 및 서술형을 준비하는 온라인 과외 찾기,핵심 고민은 “개념을 외워도 문제 유형이 바뀌면 적용하기 어렵고 같은 오답과 풀이 과정 누락이 반복됨”입니다.,"개념, 유형별 문제풀이, 학교별 내신, 서술형, 오답관리","지역과 일정에 따라 1:1 방문수업 또는 화상수업으로 진행하며, 개념 이해와 유형별 문제풀이를 연결하고 학교별 내신, 서술형, 오답관리까지 취약 단원에 맞춰 지도",문제에 맞는 개념을 선택하고 풀이 근거를 순서대로 쓰며 반복되는 실수를 줄이는 능력 향상,코칭형,middle_math
915,https://kimstutoring.co.kr,gapyeong-gun-high-math,publish,ko,경기도,가평군,수학,고등학생,가평군 고등학생 수학과외,가평군 고등학생 수학과외,"가평군 고등학생 수학 과외 수업을 고민 중이라면 잘하는 부분과 보완할 부분을 나누어 시작합니다. 지역과 일정에 따라 1:1 방문수업 또는 화상수업으로 진행하며, 개념과 유형별 문제풀이부터 학교별 내신,… 방식으로 수업하고 있습니다.",고등학생 수학 취약단원을 보완하면서 내신과 모의고사 및 수능을 준비하는 온라인 과외 찾기,핵심 고민은 “개념 사이의 연결이 약하고 복합 문제의 접근 방법을 찾기 어려우며 취약단원에서 오답이 반복됨”입니다.,"개념, 유형별 문제풀이, 학교별 내신, 모의고사, 수능, 취약단원, 오답분석","지역과 일정에 따라 1:1 방문수업 또는 화상수업으로 진행하며, 개념과 유형별 문제풀이부터 학교별 내신, 모의고사와 수능 대비, 취약단원 및 오답분석까지 목표에 맞춰 지도",취약단원의 개념을 연결하고 문제 조건에 맞는 풀이 전략을 선택하며 오답 원인을 스스로 설명하는 능력 향상,전문형,high_math
916,https://kimstutoring.co.kr,gapyeong-gun-elementary-korean,publish,ko,경기도,가평군,국어,초등학생,가평군 초등학생 국어과외,가평군 초등학생 국어과외,"가평군 초등학생 국어 과외 수업을 고민 중이라면 잘하는 부분과 보완할 부분을 나누어 시작합니다. 지역과 일정에 따라 1:1 방문수업 또는 화상수업으로 진행하며, 어휘와 독해를 바탕으로 글의 내용을 이해하고… 방식으로 수업하고 있습니다.",초등학생의 국어 기초와 문해력을 잡아줄 1:1 국어과외 탐색,핵심 고민은 “글을 읽어도 내용을 정확히 이해하지 못하거나 어휘력이 부족해 문제의 뜻을 파악하는 데 어려움”입니다.,"어휘, 독해, 문장 이해, 글의 중심내용 파악, 기초 문해력, 글쓰기, 학습 습관","지역과 일정에 따라 1:1 방문수업 또는 화상수업으로 진행하며, 어휘와 독해를 바탕으로 글의 내용을 이해하고 자신의 생각을 표현하는 힘을 학생의 수준과 학습 속도에 맞춰 지도","글을 읽고 핵심 내용을 파악하는 힘을 기르고, 국어뿐 아니라 다른 과목의 문제를 이해하는 데 필요한 기초 문해력과 학습 습관 형성",친근형,elementary_korean
917,https://kimstutoring.co.kr,gapyeong-gun-middle-korean,publish,ko,경기도,가평군,국어,중학생,가평군 중학생 국어과외,가평군 중학생 국어과외,"중학생 국어 과외 공부를 처음 시작한다면 가평군에서도 기초부터 1:1로 배울 수 있습니다. 지역과 일정에 따라 1:1 방문수업 또는 화상수업으로 진행하며, 문학·비문학 독해와 문법을 기본으로 학교별… 방식으로 수업하고 있습니다.",학교 내신과 국어 기본기를 함께 준비할 1:1 중등 국어과외 탐색,"핵심 고민은 “문학과 비문학 지문을 감으로 풀거나 문법 개념이 부족하고, 학교 시험의 서술형·수행평가 대비가 어려움”입니다.","문학, 비문학, 문법, 어휘, 학교별 내신, 서술형, 수행평가, 오답관리","지역과 일정에 따라 1:1 방문수업 또는 화상수업으로 진행하며, 문학·비문학 독해와 문법을 기본으로 학교별 내신, 서술형과 수행평가까지 학생의 취약 부분에 맞춰 지도","지문을 근거로 읽고 문제를 해결하는 방법을 익히며, 부족한 영역을 파악해 내신과 고등 국어 학습에 필요한 기본기 강화",코칭형,middle_korean
918,https://kimstutoring.co.kr,gapyeong-gun-high-korean,publish,ko,경기도,가평군,국어,고등학생,가평군 고등학생 국어과외,가평군 고등학생 국어과외,"가평군 고등학생 국어 과외 수업을 고민 중이라면 잘하는 부분과 보완할 부분을 나누어 시작합니다. 지역과 일정에 따라 1:1 방문수업 또는 화상수업으로 진행하며, 문학과 독서의 지문 분석부터 학교별 내신,… 방식으로 수업하고 있습니다.",내신과 모의고사·수능을 함께 대비할 1:1 고등 국어과외 탐색,"핵심 고민은 “긴 지문의 핵심을 빠르게 파악하기 어렵거나 문학·독서·문법 영역별 편차가 크고, 모의고사에서 시간 관리와…”입니다.","문학, 독서, 화법과 언어, 작문, 학교별 내신, 모의고사, 수능, 취약영역, 오답분석","지역과 일정에 따라 1:1 방문수업 또는 화상수업으로 진행하며, 문학과 독서의 지문 분석부터 학교별 내신, 모의고사와 수능 대비, 취약영역 및 오답분석까지 현재 실력과 목표에 맞춰 지도","지문을 분석하는 기준과 문제 접근 방법을 익히고, 취약영역과 반복되는 오답을 점검하면서 내신·모의고사·수능 학습의 방향을 구체화",전문형,high_korean
919,https://kimstutoring.co.kr,yangpyeong-gun-elementary-english,publish,ko,경기도,양평군,영어,초등학생,양평군 초등학생 영어과외,양평군 초등학생 영어과외,"양평군 초등학생 영어 과외 수업은 정해진 진도보다 현재 실력과 배우는 이유를 중요하게 봅니다. 지역과 일정에 따라 1:1 방문수업 또는 화상수업으로 진행하며, 기초 어휘와 문장 이해, 읽기 학습을 학생의… 방식으로 수업하고 있습니다.",초등학생 수준에 맞춰 영어 기초와 꾸준한 학습 습관을 기르는 1:1 온라인 과외 찾기,핵심 고민은 “기초 어휘가 부족하고 짧은 문장의 뜻을 이해하거나 꾸준히 읽는 데 어려움이 있음”입니다.,"기초 어휘, 문장 이해, 짧은 글 읽기, 학습 습관","지역과 일정에 따라 1:1 방문수업 또는 화상수업으로 진행하며, 기초 어휘와 문장 이해, 읽기 학습을 학생의 수준과 학습 속도에 맞춰 지도",익숙한 어휘로 짧은 문장의 뜻을 파악하고 스스로 읽고 복습하는 습관 형성,친근형,elementary_english
920,https://kimstutoring.co.kr,yangpyeong-gun-middle-english,publish,ko,경기도,양평군,영어,중학생,양평군 중학생 영어과외,양평군 중학생 영어과외,"중학생 영어 과외 공부를 다시 시작하려는 분께 양평군 1:1 수업이 맞는 출발점을 찾아드립니다. 지역과 일정에 따라 1:1 방문수업 또는 화상수업으로 진행하며, 어휘·문법·독해를 기본으로 학교별 내신과… 방식으로 수업하고 있습니다.",중학생 영어 문법과 독해를 보완하고 학교별 내신과 서술형 및 수행평가를 준비하는 온라인 과외 찾기,핵심 고민은 “어휘와 문법을 배워도 지문에 적용하기 어렵고 서술형 답안과 수행평가 준비가 막막함”입니다.,"어휘, 문법, 독해, 학교별 내신, 서술형, 수행평가","지역과 일정에 따라 1:1 방문수업 또는 화상수업으로 진행하며, 어휘·문법·독해를 기본으로 학교별 내신과 서술형, 수행평가까지 학생의 취약 부분에 맞춰 지도",문법 근거를 설명하며 지문을 읽고 학교 평가 기준에 맞춰 답안을 작성하는 능력 향상,코칭형,middle_english
921,https://kimstutoring.co.kr,yangpyeong-gun-high-english,publish,ko,경기도,양평군,영어,고등학생,양평군 고등학생 영어과외,양평군 고등학생 영어과외,"양평군에서 배우는 고등학생 영어 과외, 실제로 쓰려는 상황에 맞춰 수업 내용을 정합니다. 지역과 일정에 따라 1:1 방문수업 또는 화상수업으로 진행하며, 어휘·구문독해부터 학교별 내신, 모의고사와 수능… 방식으로 수업하고 있습니다.",고등학생 영어 내신과 모의고사 및 수능 준비를 현재 수준에 맞춰 병행하는 온라인 과외 찾기,핵심 고민은 “긴 문장의 구조를 파악하기 어렵고 내신과 모의고사 지문을 읽는 데 시간이 오래 걸림”입니다.,"어휘, 구문독해, 학교별 내신, 모의고사, 수능","지역과 일정에 따라 1:1 방문수업 또는 화상수업으로 진행하며, 어휘·구문독해부터 학교별 내신, 모의고사와 수능 대비까지 현재 실력과 목표에 맞춰 지도",복잡한 문장의 구조를 파악하고 지문의 근거를 바탕으로 답을 선택하는 독해 능력 향상,전문형,high_english
922,https://kimstutoring.co.kr,yangpyeong-gun-elementary-math,publish,ko,경기도,양평군,수학,초등학생,양평군 초등학생 수학과외,양평군 초등학생 수학과외,"초등학생 수학 과외 공부를 다시 시작하려는 분께 양평군 1:1 수업이 맞는 출발점을 찾아드립니다. 지역과 일정에 따라 1:1 방문수업 또는 화상수업으로 진행하며, 연산과 기초개념을 탄탄히 다지고 문제를 이해하는… 방식으로 수업하고 있습니다.",초등학생 수학 연산과 기초개념을 다지고 문제 이해와 풀이 습관을 기르는 온라인 과외 찾기,핵심 고민은 “계산 실수가 반복되고 문장형 문제에서 무엇을 구해야 하는지 파악하기 어려움”입니다.,"연산, 기초개념, 문제 이해, 풀이 습관","지역과 일정에 따라 1:1 방문수업 또는 화상수업으로 진행하며, 연산과 기초개념을 탄탄히 다지고 문제를 이해하는 과정과 올바른 풀이 습관을 학생 수준에 맞춰 지도",계산 과정을 점검하고 문제의 조건을 이해하며 풀이 순서를 정리하는 습관 형성,친근형,elementary_math
923,https://kimstutoring.co.kr,yangpyeong-gun-middle-math,publish,ko,경기도,양평군,수학,중학생,양평군 중학생 수학과외,양평군 중학생 수학과외,"중학생 수학 과외 공부를 다시 시작하려는 분께 양평군 1:1 수업이 맞는 출발점을 찾아드립니다. 지역과 일정에 따라 1:1 방문수업 또는 화상수업으로 진행하며, 개념 이해와 유형별 문제풀이를 연결하고 학교별… 방식으로 수업하고 있습니다.",중학생 수학 개념과 유형별 문제풀이를 연결하고 내신 및 서술형을 준비하는 온라인 과외 찾기,핵심 고민은 “개념을 외워도 문제 유형이 바뀌면 적용하기 어렵고 같은 오답과 풀이 과정 누락이 반복됨”입니다.,"개념, 유형별 문제풀이, 학교별 내신, 서술형, 오답관리","지역과 일정에 따라 1:1 방문수업 또는 화상수업으로 진행하며, 개념 이해와 유형별 문제풀이를 연결하고 학교별 내신, 서술형, 오답관리까지 취약 단원에 맞춰 지도",문제에 맞는 개념을 선택하고 풀이 근거를 순서대로 쓰며 반복되는 실수를 줄이는 능력 향상,코칭형,middle_math
924,https://kimstutoring.co.kr,yangpyeong-gun-high-math,publish,ko,경기도,양평군,수학,고등학생,양평군 고등학생 수학과외,양평군 고등학생 수학과외,"양평군에서 고등학생 수학 과외 수업을 찾고 계신다면 지금 필요한 내용부터 시작할 수 있습니다. 지역과 일정에 따라 1:1 방문수업 또는 화상수업으로 진행하며, 개념과 유형별 문제풀이부터 학교별 내신,… 방식으로 수업하고 있습니다.",고등학생 수학 취약단원을 보완하면서 내신과 모의고사 및 수능을 준비하는 온라인 과외 찾기,핵심 고민은 “개념 사이의 연결이 약하고 복합 문제의 접근 방법을 찾기 어려우며 취약단원에서 오답이 반복됨”입니다.,"개념, 유형별 문제풀이, 학교별 내신, 모의고사, 수능, 취약단원, 오답분석","지역과 일정에 따라 1:1 방문수업 또는 화상수업으로 진행하며, 개념과 유형별 문제풀이부터 학교별 내신, 모의고사와 수능 대비, 취약단원 및 오답분석까지 목표에 맞춰 지도",취약단원의 개념을 연결하고 문제 조건에 맞는 풀이 전략을 선택하며 오답 원인을 스스로 설명하는 능력 향상,전문형,high_math
925,https://kimstutoring.co.kr,yangpyeong-gun-elementary-korean,publish,ko,경기도,양평군,국어,초등학생,양평군 초등학생 국어과외,양평군 초등학생 국어과외,"양평군에서 초등학생 국어 과외 수업을 찾고 계신다면 지금 필요한 내용부터 시작할 수 있습니다. 지역과 일정에 따라 1:1 방문수업 또는 화상수업으로 진행하며, 어휘와 독해를 바탕으로 글의 내용을 이해하고… 방식으로 수업하고 있습니다.",초등학생의 국어 기초와 문해력을 잡아줄 1:1 국어과외 탐색,핵심 고민은 “글을 읽어도 내용을 정확히 이해하지 못하거나 어휘력이 부족해 문제의 뜻을 파악하는 데 어려움”입니다.,"어휘, 독해, 문장 이해, 글의 중심내용 파악, 기초 문해력, 글쓰기, 학습 습관","지역과 일정에 따라 1:1 방문수업 또는 화상수업으로 진행하며, 어휘와 독해를 바탕으로 글의 내용을 이해하고 자신의 생각을 표현하는 힘을 학생의 수준과 학습 속도에 맞춰 지도","글을 읽고 핵심 내용을 파악하는 힘을 기르고, 국어뿐 아니라 다른 과목의 문제를 이해하는 데 필요한 기초 문해력과 학습 습관 형성",친근형,elementary_korean
926,https://kimstutoring.co.kr,yangpyeong-gun-middle-korean,publish,ko,경기도,양평군,국어,중학생,양평군 중학생 국어과외,양평군 중학생 국어과외,"중학생 국어 과외 공부를 다시 시작하려는 분께 양평군 1:1 수업이 맞는 출발점을 찾아드립니다. 지역과 일정에 따라 1:1 방문수업 또는 화상수업으로 진행하며, 문학·비문학 독해와 문법을 기본으로 학교별… 방식으로 수업하고 있습니다.",학교 내신과 국어 기본기를 함께 준비할 1:1 중등 국어과외 탐색,"핵심 고민은 “문학과 비문학 지문을 감으로 풀거나 문법 개념이 부족하고, 학교 시험의 서술형·수행평가 대비가 어려움”입니다.","문학, 비문학, 문법, 어휘, 학교별 내신, 서술형, 수행평가, 오답관리","지역과 일정에 따라 1:1 방문수업 또는 화상수업으로 진행하며, 문학·비문학 독해와 문법을 기본으로 학교별 내신, 서술형과 수행평가까지 학생의 취약 부분에 맞춰 지도","지문을 근거로 읽고 문제를 해결하는 방법을 익히며, 부족한 영역을 파악해 내신과 고등 국어 학습에 필요한 기본기 강화",코칭형,middle_korean
927,https://kimstutoring.co.kr,yangpyeong-gun-high-korean,publish,ko,경기도,양평군,국어,고등학생,양평군 고등학생 국어과외,양평군 고등학생 국어과외,"양평군에서 고등학생 국어 과외 수업을 찾고 계신다면 지금 필요한 내용부터 시작할 수 있습니다. 지역과 일정에 따라 1:1 방문수업 또는 화상수업으로 진행하며, 문학과 독서의 지문 분석부터 학교별 내신,… 방식으로 수업하고 있습니다.",내신과 모의고사·수능을 함께 대비할 1:1 고등 국어과외 탐색,"핵심 고민은 “긴 지문의 핵심을 빠르게 파악하기 어렵거나 문학·독서·문법 영역별 편차가 크고, 모의고사에서 시간 관리와…”입니다.","문학, 독서, 화법과 언어, 작문, 학교별 내신, 모의고사, 수능, 취약영역, 오답분석","지역과 일정에 따라 1:1 방문수업 또는 화상수업으로 진행하며, 문학과 독서의 지문 분석부터 학교별 내신, 모의고사와 수능 대비, 취약영역 및 오답분석까지 현재 실력과 목표에 맞춰 지도","지문을 분석하는 기준과 문제 접근 방법을 익히고, 취약영역과 반복되는 오답을 점검하면서 내신·모의고사·수능 학습의 방향을 구체화",전문형,high_korean
928,https://kimstutoring.co.kr,geochang-gun-elementary-english,publish,ko,경상남도,거창군,영어,초등학생,거창군 초등학생 영어과외,거창군 초등학생 영어과외,"초등학생 영어 과외 공부를 처음 시작한다면 거창군에서도 기초부터 1:1로 배울 수 있습니다. 지역과 일정에 따라 1:1 방문수업 또는 화상수업으로 진행하며, 기초 어휘와 문장 이해, 읽기 학습을 학생의… 방식으로 수업하고 있습니다.",초등학생 수준에 맞춰 영어 기초와 꾸준한 학습 습관을 기르는 1:1 온라인 과외 찾기,핵심 고민은 “기초 어휘가 부족하고 짧은 문장의 뜻을 이해하거나 꾸준히 읽는 데 어려움이 있음”입니다.,"기초 어휘, 문장 이해, 짧은 글 읽기, 학습 습관","지역과 일정에 따라 1:1 방문수업 또는 화상수업으로 진행하며, 기초 어휘와 문장 이해, 읽기 학습을 학생의 수준과 학습 속도에 맞춰 지도",익숙한 어휘로 짧은 문장의 뜻을 파악하고 스스로 읽고 복습하는 습관 형성,친근형,elementary_english
929,https://kimstutoring.co.kr,geochang-gun-middle-english,publish,ko,경상남도,거창군,영어,중학생,거창군 중학생 영어과외,거창군 중학생 영어과외,"중학생 영어 과외 때문에 고민이 있다면 거창군 수업에서 지금 필요한 연습부터 함께 해볼 수 있습니다. 지역과 일정에 따라 1:1 방문수업 또는 화상수업으로 진행하며, 어휘·문법·독해를 기본으로 학교별 내신과… 방식으로 수업하고 있습니다.",중학생 영어 문법과 독해를 보완하고 학교별 내신과 서술형 및 수행평가를 준비하는 온라인 과외 찾기,핵심 고민은 “어휘와 문법을 배워도 지문에 적용하기 어렵고 서술형 답안과 수행평가 준비가 막막함”입니다.,"어휘, 문법, 독해, 학교별 내신, 서술형, 수행평가","지역과 일정에 따라 1:1 방문수업 또는 화상수업으로 진행하며, 어휘·문법·독해를 기본으로 학교별 내신과 서술형, 수행평가까지 학생의 취약 부분에 맞춰 지도",문법 근거를 설명하며 지문을 읽고 학교 평가 기준에 맞춰 답안을 작성하는 능력 향상,코칭형,middle_english
930,https://kimstutoring.co.kr,geochang-gun-high-english,publish,ko,경상남도,거창군,영어,고등학생,거창군 고등학생 영어과외,거창군 고등학생 영어과외,"고등학생 영어 과외 공부를 처음 시작한다면 거창군에서도 기초부터 1:1로 배울 수 있습니다. 지역과 일정에 따라 1:1 방문수업 또는 화상수업으로 진행하며, 어휘·구문독해부터 학교별 내신, 모의고사와 수능… 방식으로 수업하고 있습니다.",고등학생 영어 내신과 모의고사 및 수능 준비를 현재 수준에 맞춰 병행하는 온라인 과외 찾기,핵심 고민은 “긴 문장의 구조를 파악하기 어렵고 내신과 모의고사 지문을 읽는 데 시간이 오래 걸림”입니다.,"어휘, 구문독해, 학교별 내신, 모의고사, 수능","지역과 일정에 따라 1:1 방문수업 또는 화상수업으로 진행하며, 어휘·구문독해부터 학교별 내신, 모의고사와 수능 대비까지 현재 실력과 목표에 맞춰 지도",복잡한 문장의 구조를 파악하고 지문의 근거를 바탕으로 답을 선택하는 독해 능력 향상,전문형,high_english
931,https://kimstutoring.co.kr,geochang-gun-elementary-math,publish,ko,경상남도,거창군,수학,초등학생,거창군 초등학생 수학과외,거창군 초등학생 수학과외,"초등학생 수학 과외 때문에 고민이 있다면 거창군 수업에서 지금 필요한 연습부터 함께 해볼 수 있습니다. 지역과 일정에 따라 1:1 방문수업 또는 화상수업으로 진행하며, 연산과 기초개념을 탄탄히 다지고 문제를 이해하는… 방식으로 수업하고 있습니다.",초등학생 수학 연산과 기초개념을 다지고 문제 이해와 풀이 습관을 기르는 온라인 과외 찾기,핵심 고민은 “계산 실수가 반복되고 문장형 문제에서 무엇을 구해야 하는지 파악하기 어려움”입니다.,"연산, 기초개념, 문제 이해, 풀이 습관","지역과 일정에 따라 1:1 방문수업 또는 화상수업으로 진행하며, 연산과 기초개념을 탄탄히 다지고 문제를 이해하는 과정과 올바른 풀이 습관을 학생 수준에 맞춰 지도",계산 과정을 점검하고 문제의 조건을 이해하며 풀이 순서를 정리하는 습관 형성,친근형,elementary_math
932,https://kimstutoring.co.kr,geochang-gun-middle-math,publish,ko,경상남도,거창군,수학,중학생,거창군 중학생 수학과외,거창군 중학생 수학과외,"중학생 수학 과외 때문에 고민이 있다면 거창군 수업에서 지금 필요한 연습부터 함께 해볼 수 있습니다. 지역과 일정에 따라 1:1 방문수업 또는 화상수업으로 진행하며, 개념 이해와 유형별 문제풀이를 연결하고 학교별… 방식으로 수업하고 있습니다.",중학생 수학 개념과 유형별 문제풀이를 연결하고 내신 및 서술형을 준비하는 온라인 과외 찾기,핵심 고민은 “개념을 외워도 문제 유형이 바뀌면 적용하기 어렵고 같은 오답과 풀이 과정 누락이 반복됨”입니다.,"개념, 유형별 문제풀이, 학교별 내신, 서술형, 오답관리","지역과 일정에 따라 1:1 방문수업 또는 화상수업으로 진행하며, 개념 이해와 유형별 문제풀이를 연결하고 학교별 내신, 서술형, 오답관리까지 취약 단원에 맞춰 지도",문제에 맞는 개념을 선택하고 풀이 근거를 순서대로 쓰며 반복되는 실수를 줄이는 능력 향상,코칭형,middle_math
933,https://kimstutoring.co.kr,geochang-gun-high-math,publish,ko,경상남도,거창군,수학,고등학생,거창군 고등학생 수학과외,거창군 고등학생 수학과외,"거창군에서 고등학생 수학 과외 실력을 늘리고 싶다면 자주 막히는 부분부터 직접 다뤄봅니다. 지역과 일정에 따라 1:1 방문수업 또는 화상수업으로 진행하며, 개념과 유형별 문제풀이부터 학교별 내신,… 방식으로 수업하고 있습니다.",고등학생 수학 취약단원을 보완하면서 내신과 모의고사 및 수능을 준비하는 온라인 과외 찾기,핵심 고민은 “개념 사이의 연결이 약하고 복합 문제의 접근 방법을 찾기 어려우며 취약단원에서 오답이 반복됨”입니다.,"개념, 유형별 문제풀이, 학교별 내신, 모의고사, 수능, 취약단원, 오답분석","지역과 일정에 따라 1:1 방문수업 또는 화상수업으로 진행하며, 개념과 유형별 문제풀이부터 학교별 내신, 모의고사와 수능 대비, 취약단원 및 오답분석까지 목표에 맞춰 지도",취약단원의 개념을 연결하고 문제 조건에 맞는 풀이 전략을 선택하며 오답 원인을 스스로 설명하는 능력 향상,전문형,high_math
934,https://kimstutoring.co.kr,geochang-gun-elementary-korean,publish,ko,경상남도,거창군,국어,초등학생,거창군 초등학생 국어과외,거창군 초등학생 국어과외,"거창군에서 초등학생 국어 과외 실력을 늘리고 싶다면 자주 막히는 부분부터 직접 다뤄봅니다. 지역과 일정에 따라 1:1 방문수업 또는 화상수업으로 진행하며, 어휘와 독해를 바탕으로 글의 내용을 이해하고… 방식으로 수업하고 있습니다.",초등학생의 국어 기초와 문해력을 잡아줄 1:1 국어과외 탐색,핵심 고민은 “글을 읽어도 내용을 정확히 이해하지 못하거나 어휘력이 부족해 문제의 뜻을 파악하는 데 어려움”입니다.,"어휘, 독해, 문장 이해, 글의 중심내용 파악, 기초 문해력, 글쓰기, 학습 습관","지역과 일정에 따라 1:1 방문수업 또는 화상수업으로 진행하며, 어휘와 독해를 바탕으로 글의 내용을 이해하고 자신의 생각을 표현하는 힘을 학생의 수준과 학습 속도에 맞춰 지도","글을 읽고 핵심 내용을 파악하는 힘을 기르고, 국어뿐 아니라 다른 과목의 문제를 이해하는 데 필요한 기초 문해력과 학습 습관 형성",친근형,elementary_korean
935,https://kimstutoring.co.kr,geochang-gun-middle-korean,publish,ko,경상남도,거창군,국어,중학생,거창군 중학생 국어과외,거창군 중학생 국어과외,"중학생 국어 과외 때문에 고민이 있다면 거창군 수업에서 지금 필요한 연습부터 함께 해볼 수 있습니다. 지역과 일정에 따라 1:1 방문수업 또는 화상수업으로 진행하며, 문학·비문학 독해와 문법을 기본으로 학교별… 방식으로 수업하고 있습니다.",학교 내신과 국어 기본기를 함께 준비할 1:1 중등 국어과외 탐색,"핵심 고민은 “문학과 비문학 지문을 감으로 풀거나 문법 개념이 부족하고, 학교 시험의 서술형·수행평가 대비가 어려움”입니다.","문학, 비문학, 문법, 어휘, 학교별 내신, 서술형, 수행평가, 오답관리","지역과 일정에 따라 1:1 방문수업 또는 화상수업으로 진행하며, 문학·비문학 독해와 문법을 기본으로 학교별 내신, 서술형과 수행평가까지 학생의 취약 부분에 맞춰 지도","지문을 근거로 읽고 문제를 해결하는 방법을 익히며, 부족한 영역을 파악해 내신과 고등 국어 학습에 필요한 기본기 강화",코칭형,middle_korean
936,https://kimstutoring.co.kr,geochang-gun-high-korean,publish,ko,경상남도,거창군,국어,고등학생,거창군 고등학생 국어과외,거창군 고등학생 국어과외,"거창군에서 고등학생 국어 과외 실력을 늘리고 싶다면 자주 막히는 부분부터 직접 다뤄봅니다. 지역과 일정에 따라 1:1 방문수업 또는 화상수업으로 진행하며, 문학과 독서의 지문 분석부터 학교별 내신,… 방식으로 수업하고 있습니다.",내신과 모의고사·수능을 함께 대비할 1:1 고등 국어과외 탐색,"핵심 고민은 “긴 지문의 핵심을 빠르게 파악하기 어렵거나 문학·독서·문법 영역별 편차가 크고, 모의고사에서 시간 관리와…”입니다.","문학, 독서, 화법과 언어, 작문, 학교별 내신, 모의고사, 수능, 취약영역, 오답분석","지역과 일정에 따라 1:1 방문수업 또는 화상수업으로 진행하며, 문학과 독서의 지문 분석부터 학교별 내신, 모의고사와 수능 대비, 취약영역 및 오답분석까지 현재 실력과 목표에 맞춰 지도","지문을 분석하는 기준과 문제 접근 방법을 익히고, 취약영역과 반복되는 오답을 점검하면서 내신·모의고사·수능 학습의 방향을 구체화",전문형,high_korean
937,https://kimstutoring.co.kr,gyeongnam-goseong-gun-elementary-english,publish,ko,경상남도,경남 고성군,영어,초등학생,경남 고성군 초등학생 영어과외,경남 고성군 초등학생 영어과외,"경남 고성군 초등학생 영어 과외 수업을 고민 중이라면 잘하는 부분과 보완할 부분을 나누어 시작합니다. 지역과 일정에 따라 1:1 방문수업 또는 화상수업으로 진행하며, 기초 어휘와 문장 이해, 읽기 학습을 학생의… 방식으로 수업하고 있습니다.",초등학생 수준에 맞춰 영어 기초와 꾸준한 학습 습관을 기르는 1:1 온라인 과외 찾기,핵심 고민은 “기초 어휘가 부족하고 짧은 문장의 뜻을 이해하거나 꾸준히 읽는 데 어려움이 있음”입니다.,"기초 어휘, 문장 이해, 짧은 글 읽기, 학습 습관","지역과 일정에 따라 1:1 방문수업 또는 화상수업으로 진행하며, 기초 어휘와 문장 이해, 읽기 학습을 학생의 수준과 학습 속도에 맞춰 지도",익숙한 어휘로 짧은 문장의 뜻을 파악하고 스스로 읽고 복습하는 습관 형성,친근형,elementary_english
938,https://kimstutoring.co.kr,gyeongnam-goseong-gun-middle-english,publish,ko,경상남도,경남 고성군,영어,중학생,경남 고성군 중학생 영어과외,경남 고성군 중학생 영어과외,"경남 고성군에서 중학생 영어 과외 실력을 늘리고 싶다면 자주 막히는 부분부터 직접 다뤄봅니다. 지역과 일정에 따라 1:1 방문수업 또는 화상수업으로 진행하며, 어휘·문법·독해를 기본으로 학교별 내신과… 방식으로 수업하고 있습니다.",중학생 영어 문법과 독해를 보완하고 학교별 내신과 서술형 및 수행평가를 준비하는 온라인 과외 찾기,핵심 고민은 “어휘와 문법을 배워도 지문에 적용하기 어렵고 서술형 답안과 수행평가 준비가 막막함”입니다.,"어휘, 문법, 독해, 학교별 내신, 서술형, 수행평가","지역과 일정에 따라 1:1 방문수업 또는 화상수업으로 진행하며, 어휘·문법·독해를 기본으로 학교별 내신과 서술형, 수행평가까지 학생의 취약 부분에 맞춰 지도",문법 근거를 설명하며 지문을 읽고 학교 평가 기준에 맞춰 답안을 작성하는 능력 향상,코칭형,middle_english
939,https://kimstutoring.co.kr,gyeongnam-goseong-gun-high-english,publish,ko,경상남도,경남 고성군,영어,고등학생,경남 고성군 고등학생 영어과외,경남 고성군 고등학생 영어과외,"경남 고성군 고등학생 영어 과외 수업을 고민 중이라면 잘하는 부분과 보완할 부분을 나누어 시작합니다. 지역과 일정에 따라 1:1 방문수업 또는 화상수업으로 진행하며, 어휘·구문독해부터 학교별 내신, 모의고사와 수능… 방식으로 수업하고 있습니다.",고등학생 영어 내신과 모의고사 및 수능 준비를 현재 수준에 맞춰 병행하는 온라인 과외 찾기,핵심 고민은 “긴 문장의 구조를 파악하기 어렵고 내신과 모의고사 지문을 읽는 데 시간이 오래 걸림”입니다.,"어휘, 구문독해, 학교별 내신, 모의고사, 수능","지역과 일정에 따라 1:1 방문수업 또는 화상수업으로 진행하며, 어휘·구문독해부터 학교별 내신, 모의고사와 수능 대비까지 현재 실력과 목표에 맞춰 지도",복잡한 문장의 구조를 파악하고 지문의 근거를 바탕으로 답을 선택하는 독해 능력 향상,전문형,high_english
940,https://kimstutoring.co.kr,gyeongnam-goseong-gun-elementary-math,publish,ko,경상남도,경남 고성군,수학,초등학생,경남 고성군 초등학생 수학과외,경남 고성군 초등학생 수학과외,"경남 고성군에서 초등학생 수학 과외 실력을 늘리고 싶다면 자주 막히는 부분부터 직접 다뤄봅니다. 지역과 일정에 따라 1:1 방문수업 또는 화상수업으로 진행하며, 연산과 기초개념을 탄탄히 다지고 문제를 이해하는… 방식으로 수업하고 있습니다.",초등학생 수학 연산과 기초개념을 다지고 문제 이해와 풀이 습관을 기르는 온라인 과외 찾기,핵심 고민은 “계산 실수가 반복되고 문장형 문제에서 무엇을 구해야 하는지 파악하기 어려움”입니다.,"연산, 기초개념, 문제 이해, 풀이 습관","지역과 일정에 따라 1:1 방문수업 또는 화상수업으로 진행하며, 연산과 기초개념을 탄탄히 다지고 문제를 이해하는 과정과 올바른 풀이 습관을 학생 수준에 맞춰 지도",계산 과정을 점검하고 문제의 조건을 이해하며 풀이 순서를 정리하는 습관 형성,친근형,elementary_math
941,https://kimstutoring.co.kr,gyeongnam-goseong-gun-middle-math,publish,ko,경상남도,경남 고성군,수학,중학생,경남 고성군 중학생 수학과외,경남 고성군 중학생 수학과외,"경남 고성군에서 중학생 수학 과외 실력을 늘리고 싶다면 자주 막히는 부분부터 직접 다뤄봅니다. 지역과 일정에 따라 1:1 방문수업 또는 화상수업으로 진행하며, 개념 이해와 유형별 문제풀이를 연결하고 학교별… 방식으로 수업하고 있습니다.",중학생 수학 개념과 유형별 문제풀이를 연결하고 내신 및 서술형을 준비하는 온라인 과외 찾기,핵심 고민은 “개념을 외워도 문제 유형이 바뀌면 적용하기 어렵고 같은 오답과 풀이 과정 누락이 반복됨”입니다.,"개념, 유형별 문제풀이, 학교별 내신, 서술형, 오답관리","지역과 일정에 따라 1:1 방문수업 또는 화상수업으로 진행하며, 개념 이해와 유형별 문제풀이를 연결하고 학교별 내신, 서술형, 오답관리까지 취약 단원에 맞춰 지도",문제에 맞는 개념을 선택하고 풀이 근거를 순서대로 쓰며 반복되는 실수를 줄이는 능력 향상,코칭형,middle_math
942,https://kimstutoring.co.kr,gyeongnam-goseong-gun-high-math,publish,ko,경상남도,경남 고성군,수학,고등학생,경남 고성군 고등학생 수학과외,경남 고성군 고등학생 수학과외,"고등학생 수학 과외 때문에 고민이 있다면 경남 고성군 수업에서 지금 필요한 연습부터 함께 해볼 수 있습니다. 지역과 일정에 따라 1:1 방문수업 또는 화상수업으로 진행하며, 개념과 유형별 문제풀이부터 학교별 내신,… 방식으로 수업하고 있습니다.",고등학생 수학 취약단원을 보완하면서 내신과 모의고사 및 수능을 준비하는 온라인 과외 찾기,핵심 고민은 “개념 사이의 연결이 약하고 복합 문제의 접근 방법을 찾기 어려우며 취약단원에서 오답이 반복됨”입니다.,"개념, 유형별 문제풀이, 학교별 내신, 모의고사, 수능, 취약단원, 오답분석","지역과 일정에 따라 1:1 방문수업 또는 화상수업으로 진행하며, 개념과 유형별 문제풀이부터 학교별 내신, 모의고사와 수능 대비, 취약단원 및 오답분석까지 목표에 맞춰 지도",취약단원의 개념을 연결하고 문제 조건에 맞는 풀이 전략을 선택하며 오답 원인을 스스로 설명하는 능력 향상,전문형,high_math
943,https://kimstutoring.co.kr,gyeongnam-goseong-gun-elementary-korean,publish,ko,경상남도,경남 고성군,국어,초등학생,경남 고성군 초등학생 국어과외,경남 고성군 초등학생 국어과외,"초등학생 국어 과외 때문에 고민이 있다면 경남 고성군 수업에서 지금 필요한 연습부터 함께 해볼 수 있습니다. 지역과 일정에 따라 1:1 방문수업 또는 화상수업으로 진행하며, 어휘와 독해를 바탕으로 글의 내용을 이해하고… 방식으로 수업하고 있습니다.",초등학생의 국어 기초와 문해력을 잡아줄 1:1 국어과외 탐색,핵심 고민은 “글을 읽어도 내용을 정확히 이해하지 못하거나 어휘력이 부족해 문제의 뜻을 파악하는 데 어려움”입니다.,"어휘, 독해, 문장 이해, 글의 중심내용 파악, 기초 문해력, 글쓰기, 학습 습관","지역과 일정에 따라 1:1 방문수업 또는 화상수업으로 진행하며, 어휘와 독해를 바탕으로 글의 내용을 이해하고 자신의 생각을 표현하는 힘을 학생의 수준과 학습 속도에 맞춰 지도","글을 읽고 핵심 내용을 파악하는 힘을 기르고, 국어뿐 아니라 다른 과목의 문제를 이해하는 데 필요한 기초 문해력과 학습 습관 형성",친근형,elementary_korean
944,https://kimstutoring.co.kr,gyeongnam-goseong-gun-middle-korean,publish,ko,경상남도,경남 고성군,국어,중학생,경남 고성군 중학생 국어과외,경남 고성군 중학생 국어과외,"경남 고성군에서 중학생 국어 과외 실력을 늘리고 싶다면 자주 막히는 부분부터 직접 다뤄봅니다. 지역과 일정에 따라 1:1 방문수업 또는 화상수업으로 진행하며, 문학·비문학 독해와 문법을 기본으로 학교별… 방식으로 수업하고 있습니다.",학교 내신과 국어 기본기를 함께 준비할 1:1 중등 국어과외 탐색,"핵심 고민은 “문학과 비문학 지문을 감으로 풀거나 문법 개념이 부족하고, 학교 시험의 서술형·수행평가 대비가 어려움”입니다.","문학, 비문학, 문법, 어휘, 학교별 내신, 서술형, 수행평가, 오답관리","지역과 일정에 따라 1:1 방문수업 또는 화상수업으로 진행하며, 문학·비문학 독해와 문법을 기본으로 학교별 내신, 서술형과 수행평가까지 학생의 취약 부분에 맞춰 지도","지문을 근거로 읽고 문제를 해결하는 방법을 익히며, 부족한 영역을 파악해 내신과 고등 국어 학습에 필요한 기본기 강화",코칭형,middle_korean
945,https://kimstutoring.co.kr,gyeongnam-goseong-gun-high-korean,publish,ko,경상남도,경남 고성군,국어,고등학생,경남 고성군 고등학생 국어과외,경남 고성군 고등학생 국어과외,"고등학생 국어 과외 때문에 고민이 있다면 경남 고성군 수업에서 지금 필요한 연습부터 함께 해볼 수 있습니다. 지역과 일정에 따라 1:1 방문수업 또는 화상수업으로 진행하며, 문학과 독서의 지문 분석부터 학교별 내신,… 방식으로 수업하고 있습니다.",내신과 모의고사·수능을 함께 대비할 1:1 고등 국어과외 탐색,"핵심 고민은 “긴 지문의 핵심을 빠르게 파악하기 어렵거나 문학·독서·문법 영역별 편차가 크고, 모의고사에서 시간 관리와…”입니다.","문학, 독서, 화법과 언어, 작문, 학교별 내신, 모의고사, 수능, 취약영역, 오답분석","지역과 일정에 따라 1:1 방문수업 또는 화상수업으로 진행하며, 문학과 독서의 지문 분석부터 학교별 내신, 모의고사와 수능 대비, 취약영역 및 오답분석까지 현재 실력과 목표에 맞춰 지도","지문을 분석하는 기준과 문제 접근 방법을 익히고, 취약영역과 반복되는 오답을 점검하면서 내신·모의고사·수능 학습의 방향을 구체화",전문형,high_korean
946,https://kimstutoring.co.kr,namhae-gun-elementary-english,publish,ko,경상남도,남해군,영어,초등학생,남해군 초등학생 영어과외,남해군 초등학생 영어과외,"남해군 초등학생 영어 과외 수업을 고민 중이라면 잘하는 부분과 보완할 부분을 나누어 시작합니다. 지역과 일정에 따라 1:1 방문수업 또는 화상수업으로 진행하며, 기초 어휘와 문장 이해, 읽기 학습을 학생의… 방식으로 수업하고 있습니다.",초등학생 수준에 맞춰 영어 기초와 꾸준한 학습 습관을 기르는 1:1 온라인 과외 찾기,핵심 고민은 “기초 어휘가 부족하고 짧은 문장의 뜻을 이해하거나 꾸준히 읽는 데 어려움이 있음”입니다.,"기초 어휘, 문장 이해, 짧은 글 읽기, 학습 습관","지역과 일정에 따라 1:1 방문수업 또는 화상수업으로 진행하며, 기초 어휘와 문장 이해, 읽기 학습을 학생의 수준과 학습 속도에 맞춰 지도",익숙한 어휘로 짧은 문장의 뜻을 파악하고 스스로 읽고 복습하는 습관 형성,친근형,elementary_english
947,https://kimstutoring.co.kr,namhae-gun-middle-english,publish,ko,경상남도,남해군,영어,중학생,남해군 중학생 영어과외,남해군 중학생 영어과외,"남해군에서 중학생 영어 과외 실력을 늘리고 싶다면 자주 막히는 부분부터 직접 다뤄봅니다. 지역과 일정에 따라 1:1 방문수업 또는 화상수업으로 진행하며, 어휘·문법·독해를 기본으로 학교별 내신과… 방식으로 수업하고 있습니다.",중학생 영어 문법과 독해를 보완하고 학교별 내신과 서술형 및 수행평가를 준비하는 온라인 과외 찾기,핵심 고민은 “어휘와 문법을 배워도 지문에 적용하기 어렵고 서술형 답안과 수행평가 준비가 막막함”입니다.,"어휘, 문법, 독해, 학교별 내신, 서술형, 수행평가","지역과 일정에 따라 1:1 방문수업 또는 화상수업으로 진행하며, 어휘·문법·독해를 기본으로 학교별 내신과 서술형, 수행평가까지 학생의 취약 부분에 맞춰 지도",문법 근거를 설명하며 지문을 읽고 학교 평가 기준에 맞춰 답안을 작성하는 능력 향상,코칭형,middle_english
948,https://kimstutoring.co.kr,namhae-gun-high-english,publish,ko,경상남도,남해군,영어,고등학생,남해군 고등학생 영어과외,남해군 고등학생 영어과외,"남해군 고등학생 영어 과외 수업을 고민 중이라면 잘하는 부분과 보완할 부분을 나누어 시작합니다. 지역과 일정에 따라 1:1 방문수업 또는 화상수업으로 진행하며, 어휘·구문독해부터 학교별 내신, 모의고사와 수능… 방식으로 수업하고 있습니다.",고등학생 영어 내신과 모의고사 및 수능 준비를 현재 수준에 맞춰 병행하는 온라인 과외 찾기,핵심 고민은 “긴 문장의 구조를 파악하기 어렵고 내신과 모의고사 지문을 읽는 데 시간이 오래 걸림”입니다.,"어휘, 구문독해, 학교별 내신, 모의고사, 수능","지역과 일정에 따라 1:1 방문수업 또는 화상수업으로 진행하며, 어휘·구문독해부터 학교별 내신, 모의고사와 수능 대비까지 현재 실력과 목표에 맞춰 지도",복잡한 문장의 구조를 파악하고 지문의 근거를 바탕으로 답을 선택하는 독해 능력 향상,전문형,high_english
949,https://kimstutoring.co.kr,namhae-gun-elementary-math,publish,ko,경상남도,남해군,수학,초등학생,남해군 초등학생 수학과외,남해군 초등학생 수학과외,"남해군에서 초등학생 수학 과외 실력을 늘리고 싶다면 자주 막히는 부분부터 직접 다뤄봅니다. 지역과 일정에 따라 1:1 방문수업 또는 화상수업으로 진행하며, 연산과 기초개념을 탄탄히 다지고 문제를 이해하는… 방식으로 수업하고 있습니다.",초등학생 수학 연산과 기초개념을 다지고 문제 이해와 풀이 습관을 기르는 온라인 과외 찾기,핵심 고민은 “계산 실수가 반복되고 문장형 문제에서 무엇을 구해야 하는지 파악하기 어려움”입니다.,"연산, 기초개념, 문제 이해, 풀이 습관","지역과 일정에 따라 1:1 방문수업 또는 화상수업으로 진행하며, 연산과 기초개념을 탄탄히 다지고 문제를 이해하는 과정과 올바른 풀이 습관을 학생 수준에 맞춰 지도",계산 과정을 점검하고 문제의 조건을 이해하며 풀이 순서를 정리하는 습관 형성,친근형,elementary_math
950,https://kimstutoring.co.kr,namhae-gun-middle-math,publish,ko,경상남도,남해군,수학,중학생,남해군 중학생 수학과외,남해군 중학생 수학과외,"남해군에서 중학생 수학 과외 실력을 늘리고 싶다면 자주 막히는 부분부터 직접 다뤄봅니다. 지역과 일정에 따라 1:1 방문수업 또는 화상수업으로 진행하며, 개념 이해와 유형별 문제풀이를 연결하고 학교별… 방식으로 수업하고 있습니다.",중학생 수학 개념과 유형별 문제풀이를 연결하고 내신 및 서술형을 준비하는 온라인 과외 찾기,핵심 고민은 “개념을 외워도 문제 유형이 바뀌면 적용하기 어렵고 같은 오답과 풀이 과정 누락이 반복됨”입니다.,"개념, 유형별 문제풀이, 학교별 내신, 서술형, 오답관리","지역과 일정에 따라 1:1 방문수업 또는 화상수업으로 진행하며, 개념 이해와 유형별 문제풀이를 연결하고 학교별 내신, 서술형, 오답관리까지 취약 단원에 맞춰 지도",문제에 맞는 개념을 선택하고 풀이 근거를 순서대로 쓰며 반복되는 실수를 줄이는 능력 향상,코칭형,middle_math
951,https://kimstutoring.co.kr,namhae-gun-high-math,publish,ko,경상남도,남해군,수학,고등학생,남해군 고등학생 수학과외,남해군 고등학생 수학과외,"고등학생 수학 과외 때문에 고민이 있다면 남해군 수업에서 지금 필요한 연습부터 함께 해볼 수 있습니다. 지역과 일정에 따라 1:1 방문수업 또는 화상수업으로 진행하며, 개념과 유형별 문제풀이부터 학교별 내신,… 방식으로 수업하고 있습니다.",고등학생 수학 취약단원을 보완하면서 내신과 모의고사 및 수능을 준비하는 온라인 과외 찾기,핵심 고민은 “개념 사이의 연결이 약하고 복합 문제의 접근 방법을 찾기 어려우며 취약단원에서 오답이 반복됨”입니다.,"개념, 유형별 문제풀이, 학교별 내신, 모의고사, 수능, 취약단원, 오답분석","지역과 일정에 따라 1:1 방문수업 또는 화상수업으로 진행하며, 개념과 유형별 문제풀이부터 학교별 내신, 모의고사와 수능 대비, 취약단원 및 오답분석까지 목표에 맞춰 지도",취약단원의 개념을 연결하고 문제 조건에 맞는 풀이 전략을 선택하며 오답 원인을 스스로 설명하는 능력 향상,전문형,high_math
952,https://kimstutoring.co.kr,namhae-gun-elementary-korean,publish,ko,경상남도,남해군,국어,초등학생,남해군 초등학생 국어과외,남해군 초등학생 국어과외,"초등학생 국어 과외 때문에 고민이 있다면 남해군 수업에서 지금 필요한 연습부터 함께 해볼 수 있습니다. 지역과 일정에 따라 1:1 방문수업 또는 화상수업으로 진행하며, 어휘와 독해를 바탕으로 글의 내용을 이해하고… 방식으로 수업하고 있습니다.",초등학생의 국어 기초와 문해력을 잡아줄 1:1 국어과외 탐색,핵심 고민은 “글을 읽어도 내용을 정확히 이해하지 못하거나 어휘력이 부족해 문제의 뜻을 파악하는 데 어려움”입니다.,"어휘, 독해, 문장 이해, 글의 중심내용 파악, 기초 문해력, 글쓰기, 학습 습관","지역과 일정에 따라 1:1 방문수업 또는 화상수업으로 진행하며, 어휘와 독해를 바탕으로 글의 내용을 이해하고 자신의 생각을 표현하는 힘을 학생의 수준과 학습 속도에 맞춰 지도","글을 읽고 핵심 내용을 파악하는 힘을 기르고, 국어뿐 아니라 다른 과목의 문제를 이해하는 데 필요한 기초 문해력과 학습 습관 형성",친근형,elementary_korean
953,https://kimstutoring.co.kr,namhae-gun-middle-korean,publish,ko,경상남도,남해군,국어,중학생,남해군 중학생 국어과외,남해군 중학생 국어과외,"남해군에서 중학생 국어 과외 실력을 늘리고 싶다면 자주 막히는 부분부터 직접 다뤄봅니다. 지역과 일정에 따라 1:1 방문수업 또는 화상수업으로 진행하며, 문학·비문학 독해와 문법을 기본으로 학교별… 방식으로 수업하고 있습니다.",학교 내신과 국어 기본기를 함께 준비할 1:1 중등 국어과외 탐색,"핵심 고민은 “문학과 비문학 지문을 감으로 풀거나 문법 개념이 부족하고, 학교 시험의 서술형·수행평가 대비가 어려움”입니다.","문학, 비문학, 문법, 어휘, 학교별 내신, 서술형, 수행평가, 오답관리","지역과 일정에 따라 1:1 방문수업 또는 화상수업으로 진행하며, 문학·비문학 독해와 문법을 기본으로 학교별 내신, 서술형과 수행평가까지 학생의 취약 부분에 맞춰 지도","지문을 근거로 읽고 문제를 해결하는 방법을 익히며, 부족한 영역을 파악해 내신과 고등 국어 학습에 필요한 기본기 강화",코칭형,middle_korean
954,https://kimstutoring.co.kr,namhae-gun-high-korean,publish,ko,경상남도,남해군,국어,고등학생,남해군 고등학생 국어과외,남해군 고등학생 국어과외,"고등학생 국어 과외 때문에 고민이 있다면 남해군 수업에서 지금 필요한 연습부터 함께 해볼 수 있습니다. 지역과 일정에 따라 1:1 방문수업 또는 화상수업으로 진행하며, 문학과 독서의 지문 분석부터 학교별 내신,… 방식으로 수업하고 있습니다.",내신과 모의고사·수능을 함께 대비할 1:1 고등 국어과외 탐색,"핵심 고민은 “긴 지문의 핵심을 빠르게 파악하기 어렵거나 문학·독서·문법 영역별 편차가 크고, 모의고사에서 시간 관리와…”입니다.","문학, 독서, 화법과 언어, 작문, 학교별 내신, 모의고사, 수능, 취약영역, 오답분석","지역과 일정에 따라 1:1 방문수업 또는 화상수업으로 진행하며, 문학과 독서의 지문 분석부터 학교별 내신, 모의고사와 수능 대비, 취약영역 및 오답분석까지 현재 실력과 목표에 맞춰 지도","지문을 분석하는 기준과 문제 접근 방법을 익히고, 취약영역과 반복되는 오답을 점검하면서 내신·모의고사·수능 학습의 방향을 구체화",전문형,high_korean
955,https://kimstutoring.co.kr,sancheong-gun-elementary-english,publish,ko,경상남도,산청군,영어,초등학생,산청군 초등학생 영어과외,산청군 초등학생 영어과외,"초등학생 영어 과외 때문에 고민이 있다면 산청군 수업에서 지금 필요한 연습부터 함께 해볼 수 있습니다. 지역과 일정에 따라 1:1 방문수업 또는 화상수업으로 진행하며, 기초 어휘와 문장 이해, 읽기 학습을 학생의… 방식으로 수업하고 있습니다.",초등학생 수준에 맞춰 영어 기초와 꾸준한 학습 습관을 기르는 1:1 온라인 과외 찾기,핵심 고민은 “기초 어휘가 부족하고 짧은 문장의 뜻을 이해하거나 꾸준히 읽는 데 어려움이 있음”입니다.,"기초 어휘, 문장 이해, 짧은 글 읽기, 학습 습관","지역과 일정에 따라 1:1 방문수업 또는 화상수업으로 진행하며, 기초 어휘와 문장 이해, 읽기 학습을 학생의 수준과 학습 속도에 맞춰 지도",익숙한 어휘로 짧은 문장의 뜻을 파악하고 스스로 읽고 복습하는 습관 형성,친근형,elementary_english
956,https://kimstutoring.co.kr,sancheong-gun-middle-english,publish,ko,경상남도,산청군,영어,중학생,산청군 중학생 영어과외,산청군 중학생 영어과외,"산청군 중학생 영어 과외 수업을 고민 중이라면 잘하는 부분과 보완할 부분을 나누어 시작합니다. 지역과 일정에 따라 1:1 방문수업 또는 화상수업으로 진행하며, 어휘·문법·독해를 기본으로 학교별 내신과… 방식으로 수업하고 있습니다.",중학생 영어 문법과 독해를 보완하고 학교별 내신과 서술형 및 수행평가를 준비하는 온라인 과외 찾기,핵심 고민은 “어휘와 문법을 배워도 지문에 적용하기 어렵고 서술형 답안과 수행평가 준비가 막막함”입니다.,"어휘, 문법, 독해, 학교별 내신, 서술형, 수행평가","지역과 일정에 따라 1:1 방문수업 또는 화상수업으로 진행하며, 어휘·문법·독해를 기본으로 학교별 내신과 서술형, 수행평가까지 학생의 취약 부분에 맞춰 지도",문법 근거를 설명하며 지문을 읽고 학교 평가 기준에 맞춰 답안을 작성하는 능력 향상,코칭형,middle_english
957,https://kimstutoring.co.kr,sancheong-gun-high-english,publish,ko,경상남도,산청군,영어,고등학생,산청군 고등학생 영어과외,산청군 고등학생 영어과외,"고등학생 영어 과외 때문에 고민이 있다면 산청군 수업에서 지금 필요한 연습부터 함께 해볼 수 있습니다. 지역과 일정에 따라 1:1 방문수업 또는 화상수업으로 진행하며, 어휘·구문독해부터 학교별 내신, 모의고사와 수능… 방식으로 수업하고 있습니다.",고등학생 영어 내신과 모의고사 및 수능 준비를 현재 수준에 맞춰 병행하는 온라인 과외 찾기,핵심 고민은 “긴 문장의 구조를 파악하기 어렵고 내신과 모의고사 지문을 읽는 데 시간이 오래 걸림”입니다.,"어휘, 구문독해, 학교별 내신, 모의고사, 수능","지역과 일정에 따라 1:1 방문수업 또는 화상수업으로 진행하며, 어휘·구문독해부터 학교별 내신, 모의고사와 수능 대비까지 현재 실력과 목표에 맞춰 지도",복잡한 문장의 구조를 파악하고 지문의 근거를 바탕으로 답을 선택하는 독해 능력 향상,전문형,high_english
958,https://kimstutoring.co.kr,sancheong-gun-elementary-math,publish,ko,경상남도,산청군,수학,초등학생,산청군 초등학생 수학과외,산청군 초등학생 수학과외,"산청군 초등학생 수학 과외 수업을 고민 중이라면 잘하는 부분과 보완할 부분을 나누어 시작합니다. 지역과 일정에 따라 1:1 방문수업 또는 화상수업으로 진행하며, 연산과 기초개념을 탄탄히 다지고 문제를 이해하는… 방식으로 수업하고 있습니다.",초등학생 수학 연산과 기초개념을 다지고 문제 이해와 풀이 습관을 기르는 온라인 과외 찾기,핵심 고민은 “계산 실수가 반복되고 문장형 문제에서 무엇을 구해야 하는지 파악하기 어려움”입니다.,"연산, 기초개념, 문제 이해, 풀이 습관","지역과 일정에 따라 1:1 방문수업 또는 화상수업으로 진행하며, 연산과 기초개념을 탄탄히 다지고 문제를 이해하는 과정과 올바른 풀이 습관을 학생 수준에 맞춰 지도",계산 과정을 점검하고 문제의 조건을 이해하며 풀이 순서를 정리하는 습관 형성,친근형,elementary_math
959,https://kimstutoring.co.kr,sancheong-gun-middle-math,publish,ko,경상남도,산청군,수학,중학생,산청군 중학생 수학과외,산청군 중학생 수학과외,"산청군 중학생 수학 과외 수업을 고민 중이라면 잘하는 부분과 보완할 부분을 나누어 시작합니다. 지역과 일정에 따라 1:1 방문수업 또는 화상수업으로 진행하며, 개념 이해와 유형별 문제풀이를 연결하고 학교별… 방식으로 수업하고 있습니다.",중학생 수학 개념과 유형별 문제풀이를 연결하고 내신 및 서술형을 준비하는 온라인 과외 찾기,핵심 고민은 “개념을 외워도 문제 유형이 바뀌면 적용하기 어렵고 같은 오답과 풀이 과정 누락이 반복됨”입니다.,"개념, 유형별 문제풀이, 학교별 내신, 서술형, 오답관리","지역과 일정에 따라 1:1 방문수업 또는 화상수업으로 진행하며, 개념 이해와 유형별 문제풀이를 연결하고 학교별 내신, 서술형, 오답관리까지 취약 단원에 맞춰 지도",문제에 맞는 개념을 선택하고 풀이 근거를 순서대로 쓰며 반복되는 실수를 줄이는 능력 향상,코칭형,middle_math
960,https://kimstutoring.co.kr,sancheong-gun-high-math,publish,ko,경상남도,산청군,수학,고등학생,산청군 고등학생 수학과외,산청군 고등학생 수학과외,"고등학생 수학 과외 공부를 처음 시작한다면 산청군에서도 기초부터 1:1로 배울 수 있습니다. 지역과 일정에 따라 1:1 방문수업 또는 화상수업으로 진행하며, 개념과 유형별 문제풀이부터 학교별 내신,… 방식으로 수업하고 있습니다.",고등학생 수학 취약단원을 보완하면서 내신과 모의고사 및 수능을 준비하는 온라인 과외 찾기,핵심 고민은 “개념 사이의 연결이 약하고 복합 문제의 접근 방법을 찾기 어려우며 취약단원에서 오답이 반복됨”입니다.,"개념, 유형별 문제풀이, 학교별 내신, 모의고사, 수능, 취약단원, 오답분석","지역과 일정에 따라 1:1 방문수업 또는 화상수업으로 진행하며, 개념과 유형별 문제풀이부터 학교별 내신, 모의고사와 수능 대비, 취약단원 및 오답분석까지 목표에 맞춰 지도",취약단원의 개념을 연결하고 문제 조건에 맞는 풀이 전략을 선택하며 오답 원인을 스스로 설명하는 능력 향상,전문형,high_math
961,https://kimstutoring.co.kr,sancheong-gun-elementary-korean,publish,ko,경상남도,산청군,국어,초등학생,산청군 초등학생 국어과외,산청군 초등학생 국어과외,"초등학생 국어 과외 공부를 처음 시작한다면 산청군에서도 기초부터 1:1로 배울 수 있습니다. 지역과 일정에 따라 1:1 방문수업 또는 화상수업으로 진행하며, 어휘와 독해를 바탕으로 글의 내용을 이해하고… 방식으로 수업하고 있습니다.",초등학생의 국어 기초와 문해력을 잡아줄 1:1 국어과외 탐색,핵심 고민은 “글을 읽어도 내용을 정확히 이해하지 못하거나 어휘력이 부족해 문제의 뜻을 파악하는 데 어려움”입니다.,"어휘, 독해, 문장 이해, 글의 중심내용 파악, 기초 문해력, 글쓰기, 학습 습관","지역과 일정에 따라 1:1 방문수업 또는 화상수업으로 진행하며, 어휘와 독해를 바탕으로 글의 내용을 이해하고 자신의 생각을 표현하는 힘을 학생의 수준과 학습 속도에 맞춰 지도","글을 읽고 핵심 내용을 파악하는 힘을 기르고, 국어뿐 아니라 다른 과목의 문제를 이해하는 데 필요한 기초 문해력과 학습 습관 형성",친근형,elementary_korean
962,https://kimstutoring.co.kr,sancheong-gun-middle-korean,publish,ko,경상남도,산청군,국어,중학생,산청군 중학생 국어과외,산청군 중학생 국어과외,"산청군 중학생 국어 과외 수업을 고민 중이라면 잘하는 부분과 보완할 부분을 나누어 시작합니다. 지역과 일정에 따라 1:1 방문수업 또는 화상수업으로 진행하며, 문학·비문학 독해와 문법을 기본으로 학교별… 방식으로 수업하고 있습니다.",학교 내신과 국어 기본기를 함께 준비할 1:1 중등 국어과외 탐색,"핵심 고민은 “문학과 비문학 지문을 감으로 풀거나 문법 개념이 부족하고, 학교 시험의 서술형·수행평가 대비가 어려움”입니다.","문학, 비문학, 문법, 어휘, 학교별 내신, 서술형, 수행평가, 오답관리","지역과 일정에 따라 1:1 방문수업 또는 화상수업으로 진행하며, 문학·비문학 독해와 문법을 기본으로 학교별 내신, 서술형과 수행평가까지 학생의 취약 부분에 맞춰 지도","지문을 근거로 읽고 문제를 해결하는 방법을 익히며, 부족한 영역을 파악해 내신과 고등 국어 학습에 필요한 기본기 강화",코칭형,middle_korean
963,https://kimstutoring.co.kr,sancheong-gun-high-korean,publish,ko,경상남도,산청군,국어,고등학생,산청군 고등학생 국어과외,산청군 고등학생 국어과외,"고등학생 국어 과외 공부를 처음 시작한다면 산청군에서도 기초부터 1:1로 배울 수 있습니다. 지역과 일정에 따라 1:1 방문수업 또는 화상수업으로 진행하며, 문학과 독서의 지문 분석부터 학교별 내신,… 방식으로 수업하고 있습니다.",내신과 모의고사·수능을 함께 대비할 1:1 고등 국어과외 탐색,"핵심 고민은 “긴 지문의 핵심을 빠르게 파악하기 어렵거나 문학·독서·문법 영역별 편차가 크고, 모의고사에서 시간 관리와…”입니다.","문학, 독서, 화법과 언어, 작문, 학교별 내신, 모의고사, 수능, 취약영역, 오답분석","지역과 일정에 따라 1:1 방문수업 또는 화상수업으로 진행하며, 문학과 독서의 지문 분석부터 학교별 내신, 모의고사와 수능 대비, 취약영역 및 오답분석까지 현재 실력과 목표에 맞춰 지도","지문을 분석하는 기준과 문제 접근 방법을 익히고, 취약영역과 반복되는 오답을 점검하면서 내신·모의고사·수능 학습의 방향을 구체화",전문형,high_korean
964,https://kimstutoring.co.kr,uiryeong-gun-elementary-english,publish,ko,경상남도,의령군,영어,초등학생,의령군 초등학생 영어과외,의령군 초등학생 영어과외,"초등학생 영어 과외 때문에 고민이 있다면 의령군 수업에서 지금 필요한 연습부터 함께 해볼 수 있습니다. 지역과 일정에 따라 1:1 방문수업 또는 화상수업으로 진행하며, 기초 어휘와 문장 이해, 읽기 학습을 학생의… 방식으로 수업하고 있습니다.",초등학생 수준에 맞춰 영어 기초와 꾸준한 학습 습관을 기르는 1:1 온라인 과외 찾기,핵심 고민은 “기초 어휘가 부족하고 짧은 문장의 뜻을 이해하거나 꾸준히 읽는 데 어려움이 있음”입니다.,"기초 어휘, 문장 이해, 짧은 글 읽기, 학습 습관","지역과 일정에 따라 1:1 방문수업 또는 화상수업으로 진행하며, 기초 어휘와 문장 이해, 읽기 학습을 학생의 수준과 학습 속도에 맞춰 지도",익숙한 어휘로 짧은 문장의 뜻을 파악하고 스스로 읽고 복습하는 습관 형성,친근형,elementary_english
965,https://kimstutoring.co.kr,uiryeong-gun-middle-english,publish,ko,경상남도,의령군,영어,중학생,의령군 중학생 영어과외,의령군 중학생 영어과외,"의령군 중학생 영어 과외 수업을 고민 중이라면 잘하는 부분과 보완할 부분을 나누어 시작합니다. 지역과 일정에 따라 1:1 방문수업 또는 화상수업으로 진행하며, 어휘·문법·독해를 기본으로 학교별 내신과… 방식으로 수업하고 있습니다.",중학생 영어 문법과 독해를 보완하고 학교별 내신과 서술형 및 수행평가를 준비하는 온라인 과외 찾기,핵심 고민은 “어휘와 문법을 배워도 지문에 적용하기 어렵고 서술형 답안과 수행평가 준비가 막막함”입니다.,"어휘, 문법, 독해, 학교별 내신, 서술형, 수행평가","지역과 일정에 따라 1:1 방문수업 또는 화상수업으로 진행하며, 어휘·문법·독해를 기본으로 학교별 내신과 서술형, 수행평가까지 학생의 취약 부분에 맞춰 지도",문법 근거를 설명하며 지문을 읽고 학교 평가 기준에 맞춰 답안을 작성하는 능력 향상,코칭형,middle_english
966,https://kimstutoring.co.kr,uiryeong-gun-high-english,publish,ko,경상남도,의령군,영어,고등학생,의령군 고등학생 영어과외,의령군 고등학생 영어과외,"고등학생 영어 과외 때문에 고민이 있다면 의령군 수업에서 지금 필요한 연습부터 함께 해볼 수 있습니다. 지역과 일정에 따라 1:1 방문수업 또는 화상수업으로 진행하며, 어휘·구문독해부터 학교별 내신, 모의고사와 수능… 방식으로 수업하고 있습니다.",고등학생 영어 내신과 모의고사 및 수능 준비를 현재 수준에 맞춰 병행하는 온라인 과외 찾기,핵심 고민은 “긴 문장의 구조를 파악하기 어렵고 내신과 모의고사 지문을 읽는 데 시간이 오래 걸림”입니다.,"어휘, 구문독해, 학교별 내신, 모의고사, 수능","지역과 일정에 따라 1:1 방문수업 또는 화상수업으로 진행하며, 어휘·구문독해부터 학교별 내신, 모의고사와 수능 대비까지 현재 실력과 목표에 맞춰 지도",복잡한 문장의 구조를 파악하고 지문의 근거를 바탕으로 답을 선택하는 독해 능력 향상,전문형,high_english
967,https://kimstutoring.co.kr,uiryeong-gun-elementary-math,publish,ko,경상남도,의령군,수학,초등학생,의령군 초등학생 수학과외,의령군 초등학생 수학과외,"의령군 초등학생 수학 과외 수업을 고민 중이라면 잘하는 부분과 보완할 부분을 나누어 시작합니다. 지역과 일정에 따라 1:1 방문수업 또는 화상수업으로 진행하며, 연산과 기초개념을 탄탄히 다지고 문제를 이해하는… 방식으로 수업하고 있습니다.",초등학생 수학 연산과 기초개념을 다지고 문제 이해와 풀이 습관을 기르는 온라인 과외 찾기,핵심 고민은 “계산 실수가 반복되고 문장형 문제에서 무엇을 구해야 하는지 파악하기 어려움”입니다.,"연산, 기초개념, 문제 이해, 풀이 습관","지역과 일정에 따라 1:1 방문수업 또는 화상수업으로 진행하며, 연산과 기초개념을 탄탄히 다지고 문제를 이해하는 과정과 올바른 풀이 습관을 학생 수준에 맞춰 지도",계산 과정을 점검하고 문제의 조건을 이해하며 풀이 순서를 정리하는 습관 형성,친근형,elementary_math
968,https://kimstutoring.co.kr,uiryeong-gun-middle-math,publish,ko,경상남도,의령군,수학,중학생,의령군 중학생 수학과외,의령군 중학생 수학과외,"의령군 중학생 수학 과외 수업을 고민 중이라면 잘하는 부분과 보완할 부분을 나누어 시작합니다. 지역과 일정에 따라 1:1 방문수업 또는 화상수업으로 진행하며, 개념 이해와 유형별 문제풀이를 연결하고 학교별… 방식으로 수업하고 있습니다.",중학생 수학 개념과 유형별 문제풀이를 연결하고 내신 및 서술형을 준비하는 온라인 과외 찾기,핵심 고민은 “개념을 외워도 문제 유형이 바뀌면 적용하기 어렵고 같은 오답과 풀이 과정 누락이 반복됨”입니다.,"개념, 유형별 문제풀이, 학교별 내신, 서술형, 오답관리","지역과 일정에 따라 1:1 방문수업 또는 화상수업으로 진행하며, 개념 이해와 유형별 문제풀이를 연결하고 학교별 내신, 서술형, 오답관리까지 취약 단원에 맞춰 지도",문제에 맞는 개념을 선택하고 풀이 근거를 순서대로 쓰며 반복되는 실수를 줄이는 능력 향상,코칭형,middle_math
969,https://kimstutoring.co.kr,uiryeong-gun-high-math,publish,ko,경상남도,의령군,수학,고등학생,의령군 고등학생 수학과외,의령군 고등학생 수학과외,"고등학생 수학 과외 공부를 처음 시작한다면 의령군에서도 기초부터 1:1로 배울 수 있습니다. 지역과 일정에 따라 1:1 방문수업 또는 화상수업으로 진행하며, 개념과 유형별 문제풀이부터 학교별 내신,… 방식으로 수업하고 있습니다.",고등학생 수학 취약단원을 보완하면서 내신과 모의고사 및 수능을 준비하는 온라인 과외 찾기,핵심 고민은 “개념 사이의 연결이 약하고 복합 문제의 접근 방법을 찾기 어려우며 취약단원에서 오답이 반복됨”입니다.,"개념, 유형별 문제풀이, 학교별 내신, 모의고사, 수능, 취약단원, 오답분석","지역과 일정에 따라 1:1 방문수업 또는 화상수업으로 진행하며, 개념과 유형별 문제풀이부터 학교별 내신, 모의고사와 수능 대비, 취약단원 및 오답분석까지 목표에 맞춰 지도",취약단원의 개념을 연결하고 문제 조건에 맞는 풀이 전략을 선택하며 오답 원인을 스스로 설명하는 능력 향상,전문형,high_math
970,https://kimstutoring.co.kr,uiryeong-gun-elementary-korean,publish,ko,경상남도,의령군,국어,초등학생,의령군 초등학생 국어과외,의령군 초등학생 국어과외,"초등학생 국어 과외 공부를 처음 시작한다면 의령군에서도 기초부터 1:1로 배울 수 있습니다. 지역과 일정에 따라 1:1 방문수업 또는 화상수업으로 진행하며, 어휘와 독해를 바탕으로 글의 내용을 이해하고… 방식으로 수업하고 있습니다.",초등학생의 국어 기초와 문해력을 잡아줄 1:1 국어과외 탐색,핵심 고민은 “글을 읽어도 내용을 정확히 이해하지 못하거나 어휘력이 부족해 문제의 뜻을 파악하는 데 어려움”입니다.,"어휘, 독해, 문장 이해, 글의 중심내용 파악, 기초 문해력, 글쓰기, 학습 습관","지역과 일정에 따라 1:1 방문수업 또는 화상수업으로 진행하며, 어휘와 독해를 바탕으로 글의 내용을 이해하고 자신의 생각을 표현하는 힘을 학생의 수준과 학습 속도에 맞춰 지도","글을 읽고 핵심 내용을 파악하는 힘을 기르고, 국어뿐 아니라 다른 과목의 문제를 이해하는 데 필요한 기초 문해력과 학습 습관 형성",친근형,elementary_korean
971,https://kimstutoring.co.kr,uiryeong-gun-middle-korean,publish,ko,경상남도,의령군,국어,중학생,의령군 중학생 국어과외,의령군 중학생 국어과외,"의령군 중학생 국어 과외 수업을 고민 중이라면 잘하는 부분과 보완할 부분을 나누어 시작합니다. 지역과 일정에 따라 1:1 방문수업 또는 화상수업으로 진행하며, 문학·비문학 독해와 문법을 기본으로 학교별… 방식으로 수업하고 있습니다.",학교 내신과 국어 기본기를 함께 준비할 1:1 중등 국어과외 탐색,"핵심 고민은 “문학과 비문학 지문을 감으로 풀거나 문법 개념이 부족하고, 학교 시험의 서술형·수행평가 대비가 어려움”입니다.","문학, 비문학, 문법, 어휘, 학교별 내신, 서술형, 수행평가, 오답관리","지역과 일정에 따라 1:1 방문수업 또는 화상수업으로 진행하며, 문학·비문학 독해와 문법을 기본으로 학교별 내신, 서술형과 수행평가까지 학생의 취약 부분에 맞춰 지도","지문을 근거로 읽고 문제를 해결하는 방법을 익히며, 부족한 영역을 파악해 내신과 고등 국어 학습에 필요한 기본기 강화",코칭형,middle_korean
972,https://kimstutoring.co.kr,uiryeong-gun-high-korean,publish,ko,경상남도,의령군,국어,고등학생,의령군 고등학생 국어과외,의령군 고등학생 국어과외,"고등학생 국어 과외 공부를 처음 시작한다면 의령군에서도 기초부터 1:1로 배울 수 있습니다. 지역과 일정에 따라 1:1 방문수업 또는 화상수업으로 진행하며, 문학과 독서의 지문 분석부터 학교별 내신,… 방식으로 수업하고 있습니다.",내신과 모의고사·수능을 함께 대비할 1:1 고등 국어과외 탐색,"핵심 고민은 “긴 지문의 핵심을 빠르게 파악하기 어렵거나 문학·독서·문법 영역별 편차가 크고, 모의고사에서 시간 관리와…”입니다.","문학, 독서, 화법과 언어, 작문, 학교별 내신, 모의고사, 수능, 취약영역, 오답분석","지역과 일정에 따라 1:1 방문수업 또는 화상수업으로 진행하며, 문학과 독서의 지문 분석부터 학교별 내신, 모의고사와 수능 대비, 취약영역 및 오답분석까지 현재 실력과 목표에 맞춰 지도","지문을 분석하는 기준과 문제 접근 방법을 익히고, 취약영역과 반복되는 오답을 점검하면서 내신·모의고사·수능 학습의 방향을 구체화",전문형,high_korean
973,https://kimstutoring.co.kr,changnyeong-gun-elementary-english,publish,ko,경상남도,창녕군,영어,초등학생,창녕군 초등학생 영어과외,창녕군 초등학생 영어과외,"창녕군 초등학생 영어 과외 수업은 정해진 진도보다 현재 실력과 배우는 이유를 중요하게 봅니다. 지역과 일정에 따라 1:1 방문수업 또는 화상수업으로 진행하며, 기초 어휘와 문장 이해, 읽기 학습을 학생의… 방식으로 수업하고 있습니다.",초등학생 수준에 맞춰 영어 기초와 꾸준한 학습 습관을 기르는 1:1 온라인 과외 찾기,핵심 고민은 “기초 어휘가 부족하고 짧은 문장의 뜻을 이해하거나 꾸준히 읽는 데 어려움이 있음”입니다.,"기초 어휘, 문장 이해, 짧은 글 읽기, 학습 습관","지역과 일정에 따라 1:1 방문수업 또는 화상수업으로 진행하며, 기초 어휘와 문장 이해, 읽기 학습을 학생의 수준과 학습 속도에 맞춰 지도",익숙한 어휘로 짧은 문장의 뜻을 파악하고 스스로 읽고 복습하는 습관 형성,친근형,elementary_english
974,https://kimstutoring.co.kr,changnyeong-gun-middle-english,publish,ko,경상남도,창녕군,영어,중학생,창녕군 중학생 영어과외,창녕군 중학생 영어과외,"중학생 영어 과외 공부를 다시 시작하려는 분께 창녕군 1:1 수업이 맞는 출발점을 찾아드립니다. 지역과 일정에 따라 1:1 방문수업 또는 화상수업으로 진행하며, 어휘·문법·독해를 기본으로 학교별 내신과… 방식으로 수업하고 있습니다.",중학생 영어 문법과 독해를 보완하고 학교별 내신과 서술형 및 수행평가를 준비하는 온라인 과외 찾기,핵심 고민은 “어휘와 문법을 배워도 지문에 적용하기 어렵고 서술형 답안과 수행평가 준비가 막막함”입니다.,"어휘, 문법, 독해, 학교별 내신, 서술형, 수행평가","지역과 일정에 따라 1:1 방문수업 또는 화상수업으로 진행하며, 어휘·문법·독해를 기본으로 학교별 내신과 서술형, 수행평가까지 학생의 취약 부분에 맞춰 지도",문법 근거를 설명하며 지문을 읽고 학교 평가 기준에 맞춰 답안을 작성하는 능력 향상,코칭형,middle_english
975,https://kimstutoring.co.kr,changnyeong-gun-high-english,publish,ko,경상남도,창녕군,영어,고등학생,창녕군 고등학생 영어과외,창녕군 고등학생 영어과외,"창녕군에서 배우는 고등학생 영어 과외, 실제로 쓰려는 상황에 맞춰 수업 내용을 정합니다. 지역과 일정에 따라 1:1 방문수업 또는 화상수업으로 진행하며, 어휘·구문독해부터 학교별 내신, 모의고사와 수능… 방식으로 수업하고 있습니다.",고등학생 영어 내신과 모의고사 및 수능 준비를 현재 수준에 맞춰 병행하는 온라인 과외 찾기,핵심 고민은 “긴 문장의 구조를 파악하기 어렵고 내신과 모의고사 지문을 읽는 데 시간이 오래 걸림”입니다.,"어휘, 구문독해, 학교별 내신, 모의고사, 수능","지역과 일정에 따라 1:1 방문수업 또는 화상수업으로 진행하며, 어휘·구문독해부터 학교별 내신, 모의고사와 수능 대비까지 현재 실력과 목표에 맞춰 지도",복잡한 문장의 구조를 파악하고 지문의 근거를 바탕으로 답을 선택하는 독해 능력 향상,전문형,high_english
976,https://kimstutoring.co.kr,changnyeong-gun-elementary-math,publish,ko,경상남도,창녕군,수학,초등학생,창녕군 초등학생 수학과외,창녕군 초등학생 수학과외,"초등학생 수학 과외 공부를 다시 시작하려는 분께 창녕군 1:1 수업이 맞는 출발점을 찾아드립니다. 지역과 일정에 따라 1:1 방문수업 또는 화상수업으로 진행하며, 연산과 기초개념을 탄탄히 다지고 문제를 이해하는… 방식으로 수업하고 있습니다.",초등학생 수학 연산과 기초개념을 다지고 문제 이해와 풀이 습관을 기르는 온라인 과외 찾기,핵심 고민은 “계산 실수가 반복되고 문장형 문제에서 무엇을 구해야 하는지 파악하기 어려움”입니다.,"연산, 기초개념, 문제 이해, 풀이 습관","지역과 일정에 따라 1:1 방문수업 또는 화상수업으로 진행하며, 연산과 기초개념을 탄탄히 다지고 문제를 이해하는 과정과 올바른 풀이 습관을 학생 수준에 맞춰 지도",계산 과정을 점검하고 문제의 조건을 이해하며 풀이 순서를 정리하는 습관 형성,친근형,elementary_math
977,https://kimstutoring.co.kr,changnyeong-gun-middle-math,publish,ko,경상남도,창녕군,수학,중학생,창녕군 중학생 수학과외,창녕군 중학생 수학과외,"중학생 수학 과외 공부를 다시 시작하려는 분께 창녕군 1:1 수업이 맞는 출발점을 찾아드립니다. 지역과 일정에 따라 1:1 방문수업 또는 화상수업으로 진행하며, 개념 이해와 유형별 문제풀이를 연결하고 학교별… 방식으로 수업하고 있습니다.",중학생 수학 개념과 유형별 문제풀이를 연결하고 내신 및 서술형을 준비하는 온라인 과외 찾기,핵심 고민은 “개념을 외워도 문제 유형이 바뀌면 적용하기 어렵고 같은 오답과 풀이 과정 누락이 반복됨”입니다.,"개념, 유형별 문제풀이, 학교별 내신, 서술형, 오답관리","지역과 일정에 따라 1:1 방문수업 또는 화상수업으로 진행하며, 개념 이해와 유형별 문제풀이를 연결하고 학교별 내신, 서술형, 오답관리까지 취약 단원에 맞춰 지도",문제에 맞는 개념을 선택하고 풀이 근거를 순서대로 쓰며 반복되는 실수를 줄이는 능력 향상,코칭형,middle_math
978,https://kimstutoring.co.kr,changnyeong-gun-high-math,publish,ko,경상남도,창녕군,수학,고등학생,창녕군 고등학생 수학과외,창녕군 고등학생 수학과외,"창녕군에서 고등학생 수학 과외 수업을 찾고 계신다면 지금 필요한 내용부터 시작할 수 있습니다. 지역과 일정에 따라 1:1 방문수업 또는 화상수업으로 진행하며, 개념과 유형별 문제풀이부터 학교별 내신,… 방식으로 수업하고 있습니다.",고등학생 수학 취약단원을 보완하면서 내신과 모의고사 및 수능을 준비하는 온라인 과외 찾기,핵심 고민은 “개념 사이의 연결이 약하고 복합 문제의 접근 방법을 찾기 어려우며 취약단원에서 오답이 반복됨”입니다.,"개념, 유형별 문제풀이, 학교별 내신, 모의고사, 수능, 취약단원, 오답분석","지역과 일정에 따라 1:1 방문수업 또는 화상수업으로 진행하며, 개념과 유형별 문제풀이부터 학교별 내신, 모의고사와 수능 대비, 취약단원 및 오답분석까지 목표에 맞춰 지도",취약단원의 개념을 연결하고 문제 조건에 맞는 풀이 전략을 선택하며 오답 원인을 스스로 설명하는 능력 향상,전문형,high_math
979,https://kimstutoring.co.kr,changnyeong-gun-elementary-korean,publish,ko,경상남도,창녕군,국어,초등학생,창녕군 초등학생 국어과외,창녕군 초등학생 국어과외,"창녕군에서 초등학생 국어 과외 수업을 찾고 계신다면 지금 필요한 내용부터 시작할 수 있습니다. 지역과 일정에 따라 1:1 방문수업 또는 화상수업으로 진행하며, 어휘와 독해를 바탕으로 글의 내용을 이해하고… 방식으로 수업하고 있습니다.",초등학생의 국어 기초와 문해력을 잡아줄 1:1 국어과외 탐색,핵심 고민은 “글을 읽어도 내용을 정확히 이해하지 못하거나 어휘력이 부족해 문제의 뜻을 파악하는 데 어려움”입니다.,"어휘, 독해, 문장 이해, 글의 중심내용 파악, 기초 문해력, 글쓰기, 학습 습관","지역과 일정에 따라 1:1 방문수업 또는 화상수업으로 진행하며, 어휘와 독해를 바탕으로 글의 내용을 이해하고 자신의 생각을 표현하는 힘을 학생의 수준과 학습 속도에 맞춰 지도","글을 읽고 핵심 내용을 파악하는 힘을 기르고, 국어뿐 아니라 다른 과목의 문제를 이해하는 데 필요한 기초 문해력과 학습 습관 형성",친근형,elementary_korean
980,https://kimstutoring.co.kr,changnyeong-gun-middle-korean,publish,ko,경상남도,창녕군,국어,중학생,창녕군 중학생 국어과외,창녕군 중학생 국어과외,"중학생 국어 과외 공부를 다시 시작하려는 분께 창녕군 1:1 수업이 맞는 출발점을 찾아드립니다. 지역과 일정에 따라 1:1 방문수업 또는 화상수업으로 진행하며, 문학·비문학 독해와 문법을 기본으로 학교별… 방식으로 수업하고 있습니다.",학교 내신과 국어 기본기를 함께 준비할 1:1 중등 국어과외 탐색,"핵심 고민은 “문학과 비문학 지문을 감으로 풀거나 문법 개념이 부족하고, 학교 시험의 서술형·수행평가 대비가 어려움”입니다.","문학, 비문학, 문법, 어휘, 학교별 내신, 서술형, 수행평가, 오답관리","지역과 일정에 따라 1:1 방문수업 또는 화상수업으로 진행하며, 문학·비문학 독해와 문법을 기본으로 학교별 내신, 서술형과 수행평가까지 학생의 취약 부분에 맞춰 지도","지문을 근거로 읽고 문제를 해결하는 방법을 익히며, 부족한 영역을 파악해 내신과 고등 국어 학습에 필요한 기본기 강화",코칭형,middle_korean
981,https://kimstutoring.co.kr,changnyeong-gun-high-korean,publish,ko,경상남도,창녕군,국어,고등학생,창녕군 고등학생 국어과외,창녕군 고등학생 국어과외,"창녕군에서 고등학생 국어 과외 수업을 찾고 계신다면 지금 필요한 내용부터 시작할 수 있습니다. 지역과 일정에 따라 1:1 방문수업 또는 화상수업으로 진행하며, 문학과 독서의 지문 분석부터 학교별 내신,… 방식으로 수업하고 있습니다.",내신과 모의고사·수능을 함께 대비할 1:1 고등 국어과외 탐색,"핵심 고민은 “긴 지문의 핵심을 빠르게 파악하기 어렵거나 문학·독서·문법 영역별 편차가 크고, 모의고사에서 시간 관리와…”입니다.","문학, 독서, 화법과 언어, 작문, 학교별 내신, 모의고사, 수능, 취약영역, 오답분석","지역과 일정에 따라 1:1 방문수업 또는 화상수업으로 진행하며, 문학과 독서의 지문 분석부터 학교별 내신, 모의고사와 수능 대비, 취약영역 및 오답분석까지 현재 실력과 목표에 맞춰 지도","지문을 분석하는 기준과 문제 접근 방법을 익히고, 취약영역과 반복되는 오답을 점검하면서 내신·모의고사·수능 학습의 방향을 구체화",전문형,high_korean
982,https://kimstutoring.co.kr,hadong-gun-elementary-english,publish,ko,경상남도,하동군,영어,초등학생,하동군 초등학생 영어과외,하동군 초등학생 영어과외,"하동군에서 배우는 초등학생 영어 과외, 실제로 쓰려는 상황에 맞춰 수업 내용을 정합니다. 지역과 일정에 따라 1:1 방문수업 또는 화상수업으로 진행하며, 기초 어휘와 문장 이해, 읽기 학습을 학생의… 방식으로 수업하고 있습니다.",초등학생 수준에 맞춰 영어 기초와 꾸준한 학습 습관을 기르는 1:1 온라인 과외 찾기,핵심 고민은 “기초 어휘가 부족하고 짧은 문장의 뜻을 이해하거나 꾸준히 읽는 데 어려움이 있음”입니다.,"기초 어휘, 문장 이해, 짧은 글 읽기, 학습 습관","지역과 일정에 따라 1:1 방문수업 또는 화상수업으로 진행하며, 기초 어휘와 문장 이해, 읽기 학습을 학생의 수준과 학습 속도에 맞춰 지도",익숙한 어휘로 짧은 문장의 뜻을 파악하고 스스로 읽고 복습하는 습관 형성,친근형,elementary_english
983,https://kimstutoring.co.kr,hadong-gun-middle-english,publish,ko,경상남도,하동군,영어,중학생,하동군 중학생 영어과외,하동군 중학생 영어과외,"하동군에서 중학생 영어 과외 수업을 찾고 계신다면 지금 필요한 내용부터 시작할 수 있습니다. 지역과 일정에 따라 1:1 방문수업 또는 화상수업으로 진행하며, 어휘·문법·독해를 기본으로 학교별 내신과… 방식으로 수업하고 있습니다.",중학생 영어 문법과 독해를 보완하고 학교별 내신과 서술형 및 수행평가를 준비하는 온라인 과외 찾기,핵심 고민은 “어휘와 문법을 배워도 지문에 적용하기 어렵고 서술형 답안과 수행평가 준비가 막막함”입니다.,"어휘, 문법, 독해, 학교별 내신, 서술형, 수행평가","지역과 일정에 따라 1:1 방문수업 또는 화상수업으로 진행하며, 어휘·문법·독해를 기본으로 학교별 내신과 서술형, 수행평가까지 학생의 취약 부분에 맞춰 지도",문법 근거를 설명하며 지문을 읽고 학교 평가 기준에 맞춰 답안을 작성하는 능력 향상,코칭형,middle_english
984,https://kimstutoring.co.kr,hadong-gun-high-english,publish,ko,경상남도,하동군,영어,고등학생,하동군 고등학생 영어과외,하동군 고등학생 영어과외,"하동군 고등학생 영어 과외 수업은 정해진 진도보다 현재 실력과 배우는 이유를 중요하게 봅니다. 지역과 일정에 따라 1:1 방문수업 또는 화상수업으로 진행하며, 어휘·구문독해부터 학교별 내신, 모의고사와 수능… 방식으로 수업하고 있습니다.",고등학생 영어 내신과 모의고사 및 수능 준비를 현재 수준에 맞춰 병행하는 온라인 과외 찾기,핵심 고민은 “긴 문장의 구조를 파악하기 어렵고 내신과 모의고사 지문을 읽는 데 시간이 오래 걸림”입니다.,"어휘, 구문독해, 학교별 내신, 모의고사, 수능","지역과 일정에 따라 1:1 방문수업 또는 화상수업으로 진행하며, 어휘·구문독해부터 학교별 내신, 모의고사와 수능 대비까지 현재 실력과 목표에 맞춰 지도",복잡한 문장의 구조를 파악하고 지문의 근거를 바탕으로 답을 선택하는 독해 능력 향상,전문형,high_english
985,https://kimstutoring.co.kr,hadong-gun-elementary-math,publish,ko,경상남도,하동군,수학,초등학생,하동군 초등학생 수학과외,하동군 초등학생 수학과외,"하동군에서 초등학생 수학 과외 수업을 찾고 계신다면 지금 필요한 내용부터 시작할 수 있습니다. 지역과 일정에 따라 1:1 방문수업 또는 화상수업으로 진행하며, 연산과 기초개념을 탄탄히 다지고 문제를 이해하는… 방식으로 수업하고 있습니다.",초등학생 수학 연산과 기초개념을 다지고 문제 이해와 풀이 습관을 기르는 온라인 과외 찾기,핵심 고민은 “계산 실수가 반복되고 문장형 문제에서 무엇을 구해야 하는지 파악하기 어려움”입니다.,"연산, 기초개념, 문제 이해, 풀이 습관","지역과 일정에 따라 1:1 방문수업 또는 화상수업으로 진행하며, 연산과 기초개념을 탄탄히 다지고 문제를 이해하는 과정과 올바른 풀이 습관을 학생 수준에 맞춰 지도",계산 과정을 점검하고 문제의 조건을 이해하며 풀이 순서를 정리하는 습관 형성,친근형,elementary_math
986,https://kimstutoring.co.kr,hadong-gun-middle-math,publish,ko,경상남도,하동군,수학,중학생,하동군 중학생 수학과외,하동군 중학생 수학과외,"하동군에서 중학생 수학 과외 수업을 찾고 계신다면 지금 필요한 내용부터 시작할 수 있습니다. 지역과 일정에 따라 1:1 방문수업 또는 화상수업으로 진행하며, 개념 이해와 유형별 문제풀이를 연결하고 학교별… 방식으로 수업하고 있습니다.",중학생 수학 개념과 유형별 문제풀이를 연결하고 내신 및 서술형을 준비하는 온라인 과외 찾기,핵심 고민은 “개념을 외워도 문제 유형이 바뀌면 적용하기 어렵고 같은 오답과 풀이 과정 누락이 반복됨”입니다.,"개념, 유형별 문제풀이, 학교별 내신, 서술형, 오답관리","지역과 일정에 따라 1:1 방문수업 또는 화상수업으로 진행하며, 개념 이해와 유형별 문제풀이를 연결하고 학교별 내신, 서술형, 오답관리까지 취약 단원에 맞춰 지도",문제에 맞는 개념을 선택하고 풀이 근거를 순서대로 쓰며 반복되는 실수를 줄이는 능력 향상,코칭형,middle_math
987,https://kimstutoring.co.kr,hadong-gun-high-math,publish,ko,경상남도,하동군,수학,고등학생,하동군 고등학생 수학과외,하동군 고등학생 수학과외,"고등학생 수학 과외 공부를 다시 시작하려는 분께 하동군 1:1 수업이 맞는 출발점을 찾아드립니다. 지역과 일정에 따라 1:1 방문수업 또는 화상수업으로 진행하며, 개념과 유형별 문제풀이부터 학교별 내신,… 방식으로 수업하고 있습니다.",고등학생 수학 취약단원을 보완하면서 내신과 모의고사 및 수능을 준비하는 온라인 과외 찾기,핵심 고민은 “개념 사이의 연결이 약하고 복합 문제의 접근 방법을 찾기 어려우며 취약단원에서 오답이 반복됨”입니다.,"개념, 유형별 문제풀이, 학교별 내신, 모의고사, 수능, 취약단원, 오답분석","지역과 일정에 따라 1:1 방문수업 또는 화상수업으로 진행하며, 개념과 유형별 문제풀이부터 학교별 내신, 모의고사와 수능 대비, 취약단원 및 오답분석까지 목표에 맞춰 지도",취약단원의 개념을 연결하고 문제 조건에 맞는 풀이 전략을 선택하며 오답 원인을 스스로 설명하는 능력 향상,전문형,high_math
988,https://kimstutoring.co.kr,hadong-gun-elementary-korean,publish,ko,경상남도,하동군,국어,초등학생,하동군 초등학생 국어과외,하동군 초등학생 국어과외,"초등학생 국어 과외 공부를 다시 시작하려는 분께 하동군 1:1 수업이 맞는 출발점을 찾아드립니다. 지역과 일정에 따라 1:1 방문수업 또는 화상수업으로 진행하며, 어휘와 독해를 바탕으로 글의 내용을 이해하고… 방식으로 수업하고 있습니다.",초등학생의 국어 기초와 문해력을 잡아줄 1:1 국어과외 탐색,핵심 고민은 “글을 읽어도 내용을 정확히 이해하지 못하거나 어휘력이 부족해 문제의 뜻을 파악하는 데 어려움”입니다.,"어휘, 독해, 문장 이해, 글의 중심내용 파악, 기초 문해력, 글쓰기, 학습 습관","지역과 일정에 따라 1:1 방문수업 또는 화상수업으로 진행하며, 어휘와 독해를 바탕으로 글의 내용을 이해하고 자신의 생각을 표현하는 힘을 학생의 수준과 학습 속도에 맞춰 지도","글을 읽고 핵심 내용을 파악하는 힘을 기르고, 국어뿐 아니라 다른 과목의 문제를 이해하는 데 필요한 기초 문해력과 학습 습관 형성",친근형,elementary_korean
989,https://kimstutoring.co.kr,hadong-gun-middle-korean,publish,ko,경상남도,하동군,국어,중학생,하동군 중학생 국어과외,하동군 중학생 국어과외,"하동군에서 중학생 국어 과외 수업을 찾고 계신다면 지금 필요한 내용부터 시작할 수 있습니다. 지역과 일정에 따라 1:1 방문수업 또는 화상수업으로 진행하며, 문학·비문학 독해와 문법을 기본으로 학교별… 방식으로 수업하고 있습니다.",학교 내신과 국어 기본기를 함께 준비할 1:1 중등 국어과외 탐색,"핵심 고민은 “문학과 비문학 지문을 감으로 풀거나 문법 개념이 부족하고, 학교 시험의 서술형·수행평가 대비가 어려움”입니다.","문학, 비문학, 문법, 어휘, 학교별 내신, 서술형, 수행평가, 오답관리","지역과 일정에 따라 1:1 방문수업 또는 화상수업으로 진행하며, 문학·비문학 독해와 문법을 기본으로 학교별 내신, 서술형과 수행평가까지 학생의 취약 부분에 맞춰 지도","지문을 근거로 읽고 문제를 해결하는 방법을 익히며, 부족한 영역을 파악해 내신과 고등 국어 학습에 필요한 기본기 강화",코칭형,middle_korean
990,https://kimstutoring.co.kr,hadong-gun-high-korean,publish,ko,경상남도,하동군,국어,고등학생,하동군 고등학생 국어과외,하동군 고등학생 국어과외,"고등학생 국어 과외 공부를 다시 시작하려는 분께 하동군 1:1 수업이 맞는 출발점을 찾아드립니다. 지역과 일정에 따라 1:1 방문수업 또는 화상수업으로 진행하며, 문학과 독서의 지문 분석부터 학교별 내신,… 방식으로 수업하고 있습니다.",내신과 모의고사·수능을 함께 대비할 1:1 고등 국어과외 탐색,"핵심 고민은 “긴 지문의 핵심을 빠르게 파악하기 어렵거나 문학·독서·문법 영역별 편차가 크고, 모의고사에서 시간 관리와…”입니다.","문학, 독서, 화법과 언어, 작문, 학교별 내신, 모의고사, 수능, 취약영역, 오답분석","지역과 일정에 따라 1:1 방문수업 또는 화상수업으로 진행하며, 문학과 독서의 지문 분석부터 학교별 내신, 모의고사와 수능 대비, 취약영역 및 오답분석까지 현재 실력과 목표에 맞춰 지도","지문을 분석하는 기준과 문제 접근 방법을 익히고, 취약영역과 반복되는 오답을 점검하면서 내신·모의고사·수능 학습의 방향을 구체화",전문형,high_korean
991,https://kimstutoring.co.kr,haman-gun-elementary-english,publish,ko,경상남도,함안군,영어,초등학생,함안군 초등학생 영어과외,함안군 초등학생 영어과외,"초등학생 영어 과외 공부를 다시 시작하려는 분께 함안군 1:1 수업이 맞는 출발점을 찾아드립니다. 지역과 일정에 따라 1:1 방문수업 또는 화상수업으로 진행하며, 기초 어휘와 문장 이해, 읽기 학습을 학생의… 방식으로 수업하고 있습니다.",초등학생 수준에 맞춰 영어 기초와 꾸준한 학습 습관을 기르는 1:1 온라인 과외 찾기,핵심 고민은 “기초 어휘가 부족하고 짧은 문장의 뜻을 이해하거나 꾸준히 읽는 데 어려움이 있음”입니다.,"기초 어휘, 문장 이해, 짧은 글 읽기, 학습 습관","지역과 일정에 따라 1:1 방문수업 또는 화상수업으로 진행하며, 기초 어휘와 문장 이해, 읽기 학습을 학생의 수준과 학습 속도에 맞춰 지도",익숙한 어휘로 짧은 문장의 뜻을 파악하고 스스로 읽고 복습하는 습관 형성,친근형,elementary_english
992,https://kimstutoring.co.kr,haman-gun-middle-english,publish,ko,경상남도,함안군,영어,중학생,함안군 중학생 영어과외,함안군 중학생 영어과외,"함안군에서 배우는 중학생 영어 과외, 실제로 쓰려는 상황에 맞춰 수업 내용을 정합니다. 지역과 일정에 따라 1:1 방문수업 또는 화상수업으로 진행하며, 어휘·문법·독해를 기본으로 학교별 내신과… 방식으로 수업하고 있습니다.",중학생 영어 문법과 독해를 보완하고 학교별 내신과 서술형 및 수행평가를 준비하는 온라인 과외 찾기,핵심 고민은 “어휘와 문법을 배워도 지문에 적용하기 어렵고 서술형 답안과 수행평가 준비가 막막함”입니다.,"어휘, 문법, 독해, 학교별 내신, 서술형, 수행평가","지역과 일정에 따라 1:1 방문수업 또는 화상수업으로 진행하며, 어휘·문법·독해를 기본으로 학교별 내신과 서술형, 수행평가까지 학생의 취약 부분에 맞춰 지도",문법 근거를 설명하며 지문을 읽고 학교 평가 기준에 맞춰 답안을 작성하는 능력 향상,코칭형,middle_english
993,https://kimstutoring.co.kr,haman-gun-high-english,publish,ko,경상남도,함안군,영어,고등학생,함안군 고등학생 영어과외,함안군 고등학생 영어과외,"함안군에서 고등학생 영어 과외 수업을 찾고 계신다면 지금 필요한 내용부터 시작할 수 있습니다. 지역과 일정에 따라 1:1 방문수업 또는 화상수업으로 진행하며, 어휘·구문독해부터 학교별 내신, 모의고사와 수능… 방식으로 수업하고 있습니다.",고등학생 영어 내신과 모의고사 및 수능 준비를 현재 수준에 맞춰 병행하는 온라인 과외 찾기,핵심 고민은 “긴 문장의 구조를 파악하기 어렵고 내신과 모의고사 지문을 읽는 데 시간이 오래 걸림”입니다.,"어휘, 구문독해, 학교별 내신, 모의고사, 수능","지역과 일정에 따라 1:1 방문수업 또는 화상수업으로 진행하며, 어휘·구문독해부터 학교별 내신, 모의고사와 수능 대비까지 현재 실력과 목표에 맞춰 지도",복잡한 문장의 구조를 파악하고 지문의 근거를 바탕으로 답을 선택하는 독해 능력 향상,전문형,high_english
994,https://kimstutoring.co.kr,haman-gun-elementary-math,publish,ko,경상남도,함안군,수학,초등학생,함안군 초등학생 수학과외,함안군 초등학생 수학과외,"함안군에서 배우는 초등학생 수학 과외, 실제로 쓰려는 상황에 맞춰 수업 내용을 정합니다. 지역과 일정에 따라 1:1 방문수업 또는 화상수업으로 진행하며, 연산과 기초개념을 탄탄히 다지고 문제를 이해하는… 방식으로 수업하고 있습니다.",초등학생 수학 연산과 기초개념을 다지고 문제 이해와 풀이 습관을 기르는 온라인 과외 찾기,핵심 고민은 “계산 실수가 반복되고 문장형 문제에서 무엇을 구해야 하는지 파악하기 어려움”입니다.,"연산, 기초개념, 문제 이해, 풀이 습관","지역과 일정에 따라 1:1 방문수업 또는 화상수업으로 진행하며, 연산과 기초개념을 탄탄히 다지고 문제를 이해하는 과정과 올바른 풀이 습관을 학생 수준에 맞춰 지도",계산 과정을 점검하고 문제의 조건을 이해하며 풀이 순서를 정리하는 습관 형성,친근형,elementary_math
995,https://kimstutoring.co.kr,haman-gun-middle-math,publish,ko,경상남도,함안군,수학,중학생,함안군 중학생 수학과외,함안군 중학생 수학과외,"함안군에서 배우는 중학생 수학 과외, 실제로 쓰려는 상황에 맞춰 수업 내용을 정합니다. 지역과 일정에 따라 1:1 방문수업 또는 화상수업으로 진행하며, 개념 이해와 유형별 문제풀이를 연결하고 학교별… 방식으로 수업하고 있습니다.",중학생 수학 개념과 유형별 문제풀이를 연결하고 내신 및 서술형을 준비하는 온라인 과외 찾기,핵심 고민은 “개념을 외워도 문제 유형이 바뀌면 적용하기 어렵고 같은 오답과 풀이 과정 누락이 반복됨”입니다.,"개념, 유형별 문제풀이, 학교별 내신, 서술형, 오답관리","지역과 일정에 따라 1:1 방문수업 또는 화상수업으로 진행하며, 개념 이해와 유형별 문제풀이를 연결하고 학교별 내신, 서술형, 오답관리까지 취약 단원에 맞춰 지도",문제에 맞는 개념을 선택하고 풀이 근거를 순서대로 쓰며 반복되는 실수를 줄이는 능력 향상,코칭형,middle_math
996,https://kimstutoring.co.kr,haman-gun-high-math,publish,ko,경상남도,함안군,수학,고등학생,함안군 고등학생 수학과외,함안군 고등학생 수학과외,"함안군 고등학생 수학 과외 수업은 정해진 진도보다 현재 실력과 배우는 이유를 중요하게 봅니다. 지역과 일정에 따라 1:1 방문수업 또는 화상수업으로 진행하며, 개념과 유형별 문제풀이부터 학교별 내신,… 방식으로 수업하고 있습니다.",고등학생 수학 취약단원을 보완하면서 내신과 모의고사 및 수능을 준비하는 온라인 과외 찾기,핵심 고민은 “개념 사이의 연결이 약하고 복합 문제의 접근 방법을 찾기 어려우며 취약단원에서 오답이 반복됨”입니다.,"개념, 유형별 문제풀이, 학교별 내신, 모의고사, 수능, 취약단원, 오답분석","지역과 일정에 따라 1:1 방문수업 또는 화상수업으로 진행하며, 개념과 유형별 문제풀이부터 학교별 내신, 모의고사와 수능 대비, 취약단원 및 오답분석까지 목표에 맞춰 지도",취약단원의 개념을 연결하고 문제 조건에 맞는 풀이 전략을 선택하며 오답 원인을 스스로 설명하는 능력 향상,전문형,high_math
997,https://kimstutoring.co.kr,haman-gun-elementary-korean,publish,ko,경상남도,함안군,국어,초등학생,함안군 초등학생 국어과외,함안군 초등학생 국어과외,"함안군 초등학생 국어 과외 수업은 정해진 진도보다 현재 실력과 배우는 이유를 중요하게 봅니다. 지역과 일정에 따라 1:1 방문수업 또는 화상수업으로 진행하며, 어휘와 독해를 바탕으로 글의 내용을 이해하고… 방식으로 수업하고 있습니다.",초등학생의 국어 기초와 문해력을 잡아줄 1:1 국어과외 탐색,핵심 고민은 “글을 읽어도 내용을 정확히 이해하지 못하거나 어휘력이 부족해 문제의 뜻을 파악하는 데 어려움”입니다.,"어휘, 독해, 문장 이해, 글의 중심내용 파악, 기초 문해력, 글쓰기, 학습 습관","지역과 일정에 따라 1:1 방문수업 또는 화상수업으로 진행하며, 어휘와 독해를 바탕으로 글의 내용을 이해하고 자신의 생각을 표현하는 힘을 학생의 수준과 학습 속도에 맞춰 지도","글을 읽고 핵심 내용을 파악하는 힘을 기르고, 국어뿐 아니라 다른 과목의 문제를 이해하는 데 필요한 기초 문해력과 학습 습관 형성",친근형,elementary_korean
998,https://kimstutoring.co.kr,haman-gun-middle-korean,publish,ko,경상남도,함안군,국어,중학생,함안군 중학생 국어과외,함안군 중학생 국어과외,"함안군에서 배우는 중학생 국어 과외, 실제로 쓰려는 상황에 맞춰 수업 내용을 정합니다. 지역과 일정에 따라 1:1 방문수업 또는 화상수업으로 진행하며, 문학·비문학 독해와 문법을 기본으로 학교별… 방식으로 수업하고 있습니다.",학교 내신과 국어 기본기를 함께 준비할 1:1 중등 국어과외 탐색,"핵심 고민은 “문학과 비문학 지문을 감으로 풀거나 문법 개념이 부족하고, 학교 시험의 서술형·수행평가 대비가 어려움”입니다.","문학, 비문학, 문법, 어휘, 학교별 내신, 서술형, 수행평가, 오답관리","지역과 일정에 따라 1:1 방문수업 또는 화상수업으로 진행하며, 문학·비문학 독해와 문법을 기본으로 학교별 내신, 서술형과 수행평가까지 학생의 취약 부분에 맞춰 지도","지문을 근거로 읽고 문제를 해결하는 방법을 익히며, 부족한 영역을 파악해 내신과 고등 국어 학습에 필요한 기본기 강화",코칭형,middle_korean
999,https://kimstutoring.co.kr,haman-gun-high-korean,publish,ko,경상남도,함안군,국어,고등학생,함안군 고등학생 국어과외,함안군 고등학생 국어과외,"함안군 고등학생 국어 과외 수업은 정해진 진도보다 현재 실력과 배우는 이유를 중요하게 봅니다. 지역과 일정에 따라 1:1 방문수업 또는 화상수업으로 진행하며, 문학과 독서의 지문 분석부터 학교별 내신,… 방식으로 수업하고 있습니다.",내신과 모의고사·수능을 함께 대비할 1:1 고등 국어과외 탐색,"핵심 고민은 “긴 지문의 핵심을 빠르게 파악하기 어렵거나 문학·독서·문법 영역별 편차가 크고, 모의고사에서 시간 관리와…”입니다.","문학, 독서, 화법과 언어, 작문, 학교별 내신, 모의고사, 수능, 취약영역, 오답분석","지역과 일정에 따라 1:1 방문수업 또는 화상수업으로 진행하며, 문학과 독서의 지문 분석부터 학교별 내신, 모의고사와 수능 대비, 취약영역 및 오답분석까지 현재 실력과 목표에 맞춰 지도","지문을 분석하는 기준과 문제 접근 방법을 익히고, 취약영역과 반복되는 오답을 점검하면서 내신·모의고사·수능 학습의 방향을 구체화",전문형,high_korean
1000,https://kimstutoring.co.kr,hamyang-gun-elementary-english,publish,ko,경상남도,함양군,영어,초등학생,함양군 초등학생 영어과외,함양군 초등학생 영어과외,"함양군에서 배우는 초등학생 영어 과외, 실제로 쓰려는 상황에 맞춰 수업 내용을 정합니다. 지역과 일정에 따라 1:1 방문수업 또는 화상수업으로 진행하며, 기초 어휘와 문장 이해, 읽기 학습을 학생의… 방식으로 수업하고 있습니다.",초등학생 수준에 맞춰 영어 기초와 꾸준한 학습 습관을 기르는 1:1 온라인 과외 찾기,핵심 고민은 “기초 어휘가 부족하고 짧은 문장의 뜻을 이해하거나 꾸준히 읽는 데 어려움이 있음”입니다.,"기초 어휘, 문장 이해, 짧은 글 읽기, 학습 습관","지역과 일정에 따라 1:1 방문수업 또는 화상수업으로 진행하며, 기초 어휘와 문장 이해, 읽기 학습을 학생의 수준과 학습 속도에 맞춰 지도",익숙한 어휘로 짧은 문장의 뜻을 파악하고 스스로 읽고 복습하는 습관 형성,친근형,elementary_english
1001,https://kimstutoring.co.kr,hamyang-gun-middle-english,publish,ko,경상남도,함양군,영어,중학생,함양군 중학생 영어과외,함양군 중학생 영어과외,"함양군에서 중학생 영어 과외 수업을 찾고 계신다면 지금 필요한 내용부터 시작할 수 있습니다. 지역과 일정에 따라 1:1 방문수업 또는 화상수업으로 진행하며, 어휘·문법·독해를 기본으로 학교별 내신과… 방식으로 수업하고 있습니다.",중학생 영어 문법과 독해를 보완하고 학교별 내신과 서술형 및 수행평가를 준비하는 온라인 과외 찾기,핵심 고민은 “어휘와 문법을 배워도 지문에 적용하기 어렵고 서술형 답안과 수행평가 준비가 막막함”입니다.,"어휘, 문법, 독해, 학교별 내신, 서술형, 수행평가","지역과 일정에 따라 1:1 방문수업 또는 화상수업으로 진행하며, 어휘·문법·독해를 기본으로 학교별 내신과 서술형, 수행평가까지 학생의 취약 부분에 맞춰 지도",문법 근거를 설명하며 지문을 읽고 학교 평가 기준에 맞춰 답안을 작성하는 능력 향상,코칭형,middle_english
1002,https://kimstutoring.co.kr,hamyang-gun-high-english,publish,ko,경상남도,함양군,영어,고등학생,함양군 고등학생 영어과외,함양군 고등학생 영어과외,"함양군 고등학생 영어 과외 수업은 정해진 진도보다 현재 실력과 배우는 이유를 중요하게 봅니다. 지역과 일정에 따라 1:1 방문수업 또는 화상수업으로 진행하며, 어휘·구문독해부터 학교별 내신, 모의고사와 수능… 방식으로 수업하고 있습니다.",고등학생 영어 내신과 모의고사 및 수능 준비를 현재 수준에 맞춰 병행하는 온라인 과외 찾기,핵심 고민은 “긴 문장의 구조를 파악하기 어렵고 내신과 모의고사 지문을 읽는 데 시간이 오래 걸림”입니다.,"어휘, 구문독해, 학교별 내신, 모의고사, 수능","지역과 일정에 따라 1:1 방문수업 또는 화상수업으로 진행하며, 어휘·구문독해부터 학교별 내신, 모의고사와 수능 대비까지 현재 실력과 목표에 맞춰 지도",복잡한 문장의 구조를 파악하고 지문의 근거를 바탕으로 답을 선택하는 독해 능력 향상,전문형,high_english
1003,https://kimstutoring.co.kr,hamyang-gun-elementary-math,publish,ko,경상남도,함양군,수학,초등학생,함양군 초등학생 수학과외,함양군 초등학생 수학과외,"함양군에서 초등학생 수학 과외 수업을 찾고 계신다면 지금 필요한 내용부터 시작할 수 있습니다. 지역과 일정에 따라 1:1 방문수업 또는 화상수업으로 진행하며, 연산과 기초개념을 탄탄히 다지고 문제를 이해하는… 방식으로 수업하고 있습니다.",초등학생 수학 연산과 기초개념을 다지고 문제 이해와 풀이 습관을 기르는 온라인 과외 찾기,핵심 고민은 “계산 실수가 반복되고 문장형 문제에서 무엇을 구해야 하는지 파악하기 어려움”입니다.,"연산, 기초개념, 문제 이해, 풀이 습관","지역과 일정에 따라 1:1 방문수업 또는 화상수업으로 진행하며, 연산과 기초개념을 탄탄히 다지고 문제를 이해하는 과정과 올바른 풀이 습관을 학생 수준에 맞춰 지도",계산 과정을 점검하고 문제의 조건을 이해하며 풀이 순서를 정리하는 습관 형성,친근형,elementary_math
1004,https://kimstutoring.co.kr,hamyang-gun-middle-math,publish,ko,경상남도,함양군,수학,중학생,함양군 중학생 수학과외,함양군 중학생 수학과외,"함양군에서 중학생 수학 과외 수업을 찾고 계신다면 지금 필요한 내용부터 시작할 수 있습니다. 지역과 일정에 따라 1:1 방문수업 또는 화상수업으로 진행하며, 개념 이해와 유형별 문제풀이를 연결하고 학교별… 방식으로 수업하고 있습니다.",중학생 수학 개념과 유형별 문제풀이를 연결하고 내신 및 서술형을 준비하는 온라인 과외 찾기,핵심 고민은 “개념을 외워도 문제 유형이 바뀌면 적용하기 어렵고 같은 오답과 풀이 과정 누락이 반복됨”입니다.,"개념, 유형별 문제풀이, 학교별 내신, 서술형, 오답관리","지역과 일정에 따라 1:1 방문수업 또는 화상수업으로 진행하며, 개념 이해와 유형별 문제풀이를 연결하고 학교별 내신, 서술형, 오답관리까지 취약 단원에 맞춰 지도",문제에 맞는 개념을 선택하고 풀이 근거를 순서대로 쓰며 반복되는 실수를 줄이는 능력 향상,코칭형,middle_math
1005,https://kimstutoring.co.kr,hamyang-gun-high-math,publish,ko,경상남도,함양군,수학,고등학생,함양군 고등학생 수학과외,함양군 고등학생 수학과외,"고등학생 수학 과외 공부를 다시 시작하려는 분께 함양군 1:1 수업이 맞는 출발점을 찾아드립니다. 지역과 일정에 따라 1:1 방문수업 또는 화상수업으로 진행하며, 개념과 유형별 문제풀이부터 학교별 내신,… 방식으로 수업하고 있습니다.",고등학생 수학 취약단원을 보완하면서 내신과 모의고사 및 수능을 준비하는 온라인 과외 찾기,핵심 고민은 “개념 사이의 연결이 약하고 복합 문제의 접근 방법을 찾기 어려우며 취약단원에서 오답이 반복됨”입니다.,"개념, 유형별 문제풀이, 학교별 내신, 모의고사, 수능, 취약단원, 오답분석","지역과 일정에 따라 1:1 방문수업 또는 화상수업으로 진행하며, 개념과 유형별 문제풀이부터 학교별 내신, 모의고사와 수능 대비, 취약단원 및 오답분석까지 목표에 맞춰 지도",취약단원의 개념을 연결하고 문제 조건에 맞는 풀이 전략을 선택하며 오답 원인을 스스로 설명하는 능력 향상,전문형,high_math
1006,https://kimstutoring.co.kr,hamyang-gun-elementary-korean,publish,ko,경상남도,함양군,국어,초등학생,함양군 초등학생 국어과외,함양군 초등학생 국어과외,"초등학생 국어 과외 공부를 다시 시작하려는 분께 함양군 1:1 수업이 맞는 출발점을 찾아드립니다. 지역과 일정에 따라 1:1 방문수업 또는 화상수업으로 진행하며, 어휘와 독해를 바탕으로 글의 내용을 이해하고… 방식으로 수업하고 있습니다.",초등학생의 국어 기초와 문해력을 잡아줄 1:1 국어과외 탐색,핵심 고민은 “글을 읽어도 내용을 정확히 이해하지 못하거나 어휘력이 부족해 문제의 뜻을 파악하는 데 어려움”입니다.,"어휘, 독해, 문장 이해, 글의 중심내용 파악, 기초 문해력, 글쓰기, 학습 습관","지역과 일정에 따라 1:1 방문수업 또는 화상수업으로 진행하며, 어휘와 독해를 바탕으로 글의 내용을 이해하고 자신의 생각을 표현하는 힘을 학생의 수준과 학습 속도에 맞춰 지도","글을 읽고 핵심 내용을 파악하는 힘을 기르고, 국어뿐 아니라 다른 과목의 문제를 이해하는 데 필요한 기초 문해력과 학습 습관 형성",친근형,elementary_korean
1007,https://kimstutoring.co.kr,hamyang-gun-middle-korean,publish,ko,경상남도,함양군,국어,중학생,함양군 중학생 국어과외,함양군 중학생 국어과외,"함양군에서 중학생 국어 과외 수업을 찾고 계신다면 지금 필요한 내용부터 시작할 수 있습니다. 지역과 일정에 따라 1:1 방문수업 또는 화상수업으로 진행하며, 문학·비문학 독해와 문법을 기본으로 학교별… 방식으로 수업하고 있습니다.",학교 내신과 국어 기본기를 함께 준비할 1:1 중등 국어과외 탐색,"핵심 고민은 “문학과 비문학 지문을 감으로 풀거나 문법 개념이 부족하고, 학교 시험의 서술형·수행평가 대비가 어려움”입니다.","문학, 비문학, 문법, 어휘, 학교별 내신, 서술형, 수행평가, 오답관리","지역과 일정에 따라 1:1 방문수업 또는 화상수업으로 진행하며, 문학·비문학 독해와 문법을 기본으로 학교별 내신, 서술형과 수행평가까지 학생의 취약 부분에 맞춰 지도","지문을 근거로 읽고 문제를 해결하는 방법을 익히며, 부족한 영역을 파악해 내신과 고등 국어 학습에 필요한 기본기 강화",코칭형,middle_korean
1008,https://kimstutoring.co.kr,hamyang-gun-high-korean,publish,ko,경상남도,함양군,국어,고등학생,함양군 고등학생 국어과외,함양군 고등학생 국어과외,"고등학생 국어 과외 공부를 다시 시작하려는 분께 함양군 1:1 수업이 맞는 출발점을 찾아드립니다. 지역과 일정에 따라 1:1 방문수업 또는 화상수업으로 진행하며, 문학과 독서의 지문 분석부터 학교별 내신,… 방식으로 수업하고 있습니다.",내신과 모의고사·수능을 함께 대비할 1:1 고등 국어과외 탐색,"핵심 고민은 “긴 지문의 핵심을 빠르게 파악하기 어렵거나 문학·독서·문법 영역별 편차가 크고, 모의고사에서 시간 관리와…”입니다.","문학, 독서, 화법과 언어, 작문, 학교별 내신, 모의고사, 수능, 취약영역, 오답분석","지역과 일정에 따라 1:1 방문수업 또는 화상수업으로 진행하며, 문학과 독서의 지문 분석부터 학교별 내신, 모의고사와 수능 대비, 취약영역 및 오답분석까지 현재 실력과 목표에 맞춰 지도","지문을 분석하는 기준과 문제 접근 방법을 익히고, 취약영역과 반복되는 오답을 점검하면서 내신·모의고사·수능 학습의 방향을 구체화",전문형,high_korean
1009,https://kimstutoring.co.kr,hapcheon-gun-elementary-english,publish,ko,경상남도,합천군,영어,초등학생,합천군 초등학생 영어과외,합천군 초등학생 영어과외,"초등학생 영어 과외 때문에 고민이 있다면 합천군 수업에서 지금 필요한 연습부터 함께 해볼 수 있습니다. 지역과 일정에 따라 1:1 방문수업 또는 화상수업으로 진행하며, 기초 어휘와 문장 이해, 읽기 학습을 학생의… 방식으로 수업하고 있습니다.",초등학생 수준에 맞춰 영어 기초와 꾸준한 학습 습관을 기르는 1:1 온라인 과외 찾기,핵심 고민은 “기초 어휘가 부족하고 짧은 문장의 뜻을 이해하거나 꾸준히 읽는 데 어려움이 있음”입니다.,"기초 어휘, 문장 이해, 짧은 글 읽기, 학습 습관","지역과 일정에 따라 1:1 방문수업 또는 화상수업으로 진행하며, 기초 어휘와 문장 이해, 읽기 학습을 학생의 수준과 학습 속도에 맞춰 지도",익숙한 어휘로 짧은 문장의 뜻을 파악하고 스스로 읽고 복습하는 습관 형성,친근형,elementary_english
1010,https://kimstutoring.co.kr,hapcheon-gun-middle-english,publish,ko,경상남도,합천군,영어,중학생,합천군 중학생 영어과외,합천군 중학생 영어과외,"합천군 중학생 영어 과외 수업을 고민 중이라면 잘하는 부분과 보완할 부분을 나누어 시작합니다. 지역과 일정에 따라 1:1 방문수업 또는 화상수업으로 진행하며, 어휘·문법·독해를 기본으로 학교별 내신과… 방식으로 수업하고 있습니다.",중학생 영어 문법과 독해를 보완하고 학교별 내신과 서술형 및 수행평가를 준비하는 온라인 과외 찾기,핵심 고민은 “어휘와 문법을 배워도 지문에 적용하기 어렵고 서술형 답안과 수행평가 준비가 막막함”입니다.,"어휘, 문법, 독해, 학교별 내신, 서술형, 수행평가","지역과 일정에 따라 1:1 방문수업 또는 화상수업으로 진행하며, 어휘·문법·독해를 기본으로 학교별 내신과 서술형, 수행평가까지 학생의 취약 부분에 맞춰 지도",문법 근거를 설명하며 지문을 읽고 학교 평가 기준에 맞춰 답안을 작성하는 능력 향상,코칭형,middle_english
1011,https://kimstutoring.co.kr,hapcheon-gun-high-english,publish,ko,경상남도,합천군,영어,고등학생,합천군 고등학생 영어과외,합천군 고등학생 영어과외,"고등학생 영어 과외 때문에 고민이 있다면 합천군 수업에서 지금 필요한 연습부터 함께 해볼 수 있습니다. 지역과 일정에 따라 1:1 방문수업 또는 화상수업으로 진행하며, 어휘·구문독해부터 학교별 내신, 모의고사와 수능… 방식으로 수업하고 있습니다.",고등학생 영어 내신과 모의고사 및 수능 준비를 현재 수준에 맞춰 병행하는 온라인 과외 찾기,핵심 고민은 “긴 문장의 구조를 파악하기 어렵고 내신과 모의고사 지문을 읽는 데 시간이 오래 걸림”입니다.,"어휘, 구문독해, 학교별 내신, 모의고사, 수능","지역과 일정에 따라 1:1 방문수업 또는 화상수업으로 진행하며, 어휘·구문독해부터 학교별 내신, 모의고사와 수능 대비까지 현재 실력과 목표에 맞춰 지도",복잡한 문장의 구조를 파악하고 지문의 근거를 바탕으로 답을 선택하는 독해 능력 향상,전문형,high_english
1012,https://kimstutoring.co.kr,hapcheon-gun-elementary-math,publish,ko,경상남도,합천군,수학,초등학생,합천군 초등학생 수학과외,합천군 초등학생 수학과외,"합천군 초등학생 수학 과외 수업을 고민 중이라면 잘하는 부분과 보완할 부분을 나누어 시작합니다. 지역과 일정에 따라 1:1 방문수업 또는 화상수업으로 진행하며, 연산과 기초개념을 탄탄히 다지고 문제를 이해하는… 방식으로 수업하고 있습니다.",초등학생 수학 연산과 기초개념을 다지고 문제 이해와 풀이 습관을 기르는 온라인 과외 찾기,핵심 고민은 “계산 실수가 반복되고 문장형 문제에서 무엇을 구해야 하는지 파악하기 어려움”입니다.,"연산, 기초개념, 문제 이해, 풀이 습관","지역과 일정에 따라 1:1 방문수업 또는 화상수업으로 진행하며, 연산과 기초개념을 탄탄히 다지고 문제를 이해하는 과정과 올바른 풀이 습관을 학생 수준에 맞춰 지도",계산 과정을 점검하고 문제의 조건을 이해하며 풀이 순서를 정리하는 습관 형성,친근형,elementary_math
1013,https://kimstutoring.co.kr,hapcheon-gun-middle-math,publish,ko,경상남도,합천군,수학,중학생,합천군 중학생 수학과외,합천군 중학생 수학과외,"합천군 중학생 수학 과외 수업을 고민 중이라면 잘하는 부분과 보완할 부분을 나누어 시작합니다. 지역과 일정에 따라 1:1 방문수업 또는 화상수업으로 진행하며, 개념 이해와 유형별 문제풀이를 연결하고 학교별… 방식으로 수업하고 있습니다.",중학생 수학 개념과 유형별 문제풀이를 연결하고 내신 및 서술형을 준비하는 온라인 과외 찾기,핵심 고민은 “개념을 외워도 문제 유형이 바뀌면 적용하기 어렵고 같은 오답과 풀이 과정 누락이 반복됨”입니다.,"개념, 유형별 문제풀이, 학교별 내신, 서술형, 오답관리","지역과 일정에 따라 1:1 방문수업 또는 화상수업으로 진행하며, 개념 이해와 유형별 문제풀이를 연결하고 학교별 내신, 서술형, 오답관리까지 취약 단원에 맞춰 지도",문제에 맞는 개념을 선택하고 풀이 근거를 순서대로 쓰며 반복되는 실수를 줄이는 능력 향상,코칭형,middle_math
1014,https://kimstutoring.co.kr,hapcheon-gun-high-math,publish,ko,경상남도,합천군,수학,고등학생,합천군 고등학생 수학과외,합천군 고등학생 수학과외,"고등학생 수학 과외 공부를 처음 시작한다면 합천군에서도 기초부터 1:1로 배울 수 있습니다. 지역과 일정에 따라 1:1 방문수업 또는 화상수업으로 진행하며, 개념과 유형별 문제풀이부터 학교별 내신,… 방식으로 수업하고 있습니다.",고등학생 수학 취약단원을 보완하면서 내신과 모의고사 및 수능을 준비하는 온라인 과외 찾기,핵심 고민은 “개념 사이의 연결이 약하고 복합 문제의 접근 방법을 찾기 어려우며 취약단원에서 오답이 반복됨”입니다.,"개념, 유형별 문제풀이, 학교별 내신, 모의고사, 수능, 취약단원, 오답분석","지역과 일정에 따라 1:1 방문수업 또는 화상수업으로 진행하며, 개념과 유형별 문제풀이부터 학교별 내신, 모의고사와 수능 대비, 취약단원 및 오답분석까지 목표에 맞춰 지도",취약단원의 개념을 연결하고 문제 조건에 맞는 풀이 전략을 선택하며 오답 원인을 스스로 설명하는 능력 향상,전문형,high_math
1015,https://kimstutoring.co.kr,hapcheon-gun-elementary-korean,publish,ko,경상남도,합천군,국어,초등학생,합천군 초등학생 국어과외,합천군 초등학생 국어과외,"초등학생 국어 과외 공부를 처음 시작한다면 합천군에서도 기초부터 1:1로 배울 수 있습니다. 지역과 일정에 따라 1:1 방문수업 또는 화상수업으로 진행하며, 어휘와 독해를 바탕으로 글의 내용을 이해하고… 방식으로 수업하고 있습니다.",초등학생의 국어 기초와 문해력을 잡아줄 1:1 국어과외 탐색,핵심 고민은 “글을 읽어도 내용을 정확히 이해하지 못하거나 어휘력이 부족해 문제의 뜻을 파악하는 데 어려움”입니다.,"어휘, 독해, 문장 이해, 글의 중심내용 파악, 기초 문해력, 글쓰기, 학습 습관","지역과 일정에 따라 1:1 방문수업 또는 화상수업으로 진행하며, 어휘와 독해를 바탕으로 글의 내용을 이해하고 자신의 생각을 표현하는 힘을 학생의 수준과 학습 속도에 맞춰 지도","글을 읽고 핵심 내용을 파악하는 힘을 기르고, 국어뿐 아니라 다른 과목의 문제를 이해하는 데 필요한 기초 문해력과 학습 습관 형성",친근형,elementary_korean
1016,https://kimstutoring.co.kr,hapcheon-gun-middle-korean,publish,ko,경상남도,합천군,국어,중학생,합천군 중학생 국어과외,합천군 중학생 국어과외,"합천군 중학생 국어 과외 수업을 고민 중이라면 잘하는 부분과 보완할 부분을 나누어 시작합니다. 지역과 일정에 따라 1:1 방문수업 또는 화상수업으로 진행하며, 문학·비문학 독해와 문법을 기본으로 학교별… 방식으로 수업하고 있습니다.",학교 내신과 국어 기본기를 함께 준비할 1:1 중등 국어과외 탐색,"핵심 고민은 “문학과 비문학 지문을 감으로 풀거나 문법 개념이 부족하고, 학교 시험의 서술형·수행평가 대비가 어려움”입니다.","문학, 비문학, 문법, 어휘, 학교별 내신, 서술형, 수행평가, 오답관리","지역과 일정에 따라 1:1 방문수업 또는 화상수업으로 진행하며, 문학·비문학 독해와 문법을 기본으로 학교별 내신, 서술형과 수행평가까지 학생의 취약 부분에 맞춰 지도","지문을 근거로 읽고 문제를 해결하는 방법을 익히며, 부족한 영역을 파악해 내신과 고등 국어 학습에 필요한 기본기 강화",코칭형,middle_korean
1017,https://kimstutoring.co.kr,hapcheon-gun-high-korean,publish,ko,경상남도,합천군,국어,고등학생,합천군 고등학생 국어과외,합천군 고등학생 국어과외,"고등학생 국어 과외 공부를 처음 시작한다면 합천군에서도 기초부터 1:1로 배울 수 있습니다. 지역과 일정에 따라 1:1 방문수업 또는 화상수업으로 진행하며, 문학과 독서의 지문 분석부터 학교별 내신,… 방식으로 수업하고 있습니다.",내신과 모의고사·수능을 함께 대비할 1:1 고등 국어과외 탐색,"핵심 고민은 “긴 지문의 핵심을 빠르게 파악하기 어렵거나 문학·독서·문법 영역별 편차가 크고, 모의고사에서 시간 관리와…”입니다.","문학, 독서, 화법과 언어, 작문, 학교별 내신, 모의고사, 수능, 취약영역, 오답분석","지역과 일정에 따라 1:1 방문수업 또는 화상수업으로 진행하며, 문학과 독서의 지문 분석부터 학교별 내신, 모의고사와 수능 대비, 취약영역 및 오답분석까지 현재 실력과 목표에 맞춰 지도","지문을 분석하는 기준과 문제 접근 방법을 익히고, 취약영역과 반복되는 오답을 점검하면서 내신·모의고사·수능 학습의 방향을 구체화",전문형,high_korean
1018,https://kimstutoring.co.kr,goryeong-gun-elementary-english,publish,ko,경상북도,고령군,영어,초등학생,고령군 초등학생 영어과외,고령군 초등학생 영어과외,"초등학생 영어 과외 때문에 고민이 있다면 고령군 수업에서 지금 필요한 연습부터 함께 해볼 수 있습니다. 지역과 일정에 따라 1:1 방문수업 또는 화상수업으로 진행하며, 기초 어휘와 문장 이해, 읽기 학습을 학생의… 방식으로 수업하고 있습니다.",초등학생 수준에 맞춰 영어 기초와 꾸준한 학습 습관을 기르는 1:1 온라인 과외 찾기,핵심 고민은 “기초 어휘가 부족하고 짧은 문장의 뜻을 이해하거나 꾸준히 읽는 데 어려움이 있음”입니다.,"기초 어휘, 문장 이해, 짧은 글 읽기, 학습 습관","지역과 일정에 따라 1:1 방문수업 또는 화상수업으로 진행하며, 기초 어휘와 문장 이해, 읽기 학습을 학생의 수준과 학습 속도에 맞춰 지도",익숙한 어휘로 짧은 문장의 뜻을 파악하고 스스로 읽고 복습하는 습관 형성,친근형,elementary_english
1019,https://kimstutoring.co.kr,goryeong-gun-middle-english,publish,ko,경상북도,고령군,영어,중학생,고령군 중학생 영어과외,고령군 중학생 영어과외,"고령군 중학생 영어 과외 수업을 고민 중이라면 잘하는 부분과 보완할 부분을 나누어 시작합니다. 지역과 일정에 따라 1:1 방문수업 또는 화상수업으로 진행하며, 어휘·문법·독해를 기본으로 학교별 내신과… 방식으로 수업하고 있습니다.",중학생 영어 문법과 독해를 보완하고 학교별 내신과 서술형 및 수행평가를 준비하는 온라인 과외 찾기,핵심 고민은 “어휘와 문법을 배워도 지문에 적용하기 어렵고 서술형 답안과 수행평가 준비가 막막함”입니다.,"어휘, 문법, 독해, 학교별 내신, 서술형, 수행평가","지역과 일정에 따라 1:1 방문수업 또는 화상수업으로 진행하며, 어휘·문법·독해를 기본으로 학교별 내신과 서술형, 수행평가까지 학생의 취약 부분에 맞춰 지도",문법 근거를 설명하며 지문을 읽고 학교 평가 기준에 맞춰 답안을 작성하는 능력 향상,코칭형,middle_english
1020,https://kimstutoring.co.kr,goryeong-gun-high-english,publish,ko,경상북도,고령군,영어,고등학생,고령군 고등학생 영어과외,고령군 고등학생 영어과외,"고등학생 영어 과외 때문에 고민이 있다면 고령군 수업에서 지금 필요한 연습부터 함께 해볼 수 있습니다. 지역과 일정에 따라 1:1 방문수업 또는 화상수업으로 진행하며, 어휘·구문독해부터 학교별 내신, 모의고사와 수능… 방식으로 수업하고 있습니다.",고등학생 영어 내신과 모의고사 및 수능 준비를 현재 수준에 맞춰 병행하는 온라인 과외 찾기,핵심 고민은 “긴 문장의 구조를 파악하기 어렵고 내신과 모의고사 지문을 읽는 데 시간이 오래 걸림”입니다.,"어휘, 구문독해, 학교별 내신, 모의고사, 수능","지역과 일정에 따라 1:1 방문수업 또는 화상수업으로 진행하며, 어휘·구문독해부터 학교별 내신, 모의고사와 수능 대비까지 현재 실력과 목표에 맞춰 지도",복잡한 문장의 구조를 파악하고 지문의 근거를 바탕으로 답을 선택하는 독해 능력 향상,전문형,high_english
1021,https://kimstutoring.co.kr,goryeong-gun-elementary-math,publish,ko,경상북도,고령군,수학,초등학생,고령군 초등학생 수학과외,고령군 초등학생 수학과외,"고령군 초등학생 수학 과외 수업을 고민 중이라면 잘하는 부분과 보완할 부분을 나누어 시작합니다. 지역과 일정에 따라 1:1 방문수업 또는 화상수업으로 진행하며, 연산과 기초개념을 탄탄히 다지고 문제를 이해하는… 방식으로 수업하고 있습니다.",초등학생 수학 연산과 기초개념을 다지고 문제 이해와 풀이 습관을 기르는 온라인 과외 찾기,핵심 고민은 “계산 실수가 반복되고 문장형 문제에서 무엇을 구해야 하는지 파악하기 어려움”입니다.,"연산, 기초개념, 문제 이해, 풀이 습관","지역과 일정에 따라 1:1 방문수업 또는 화상수업으로 진행하며, 연산과 기초개념을 탄탄히 다지고 문제를 이해하는 과정과 올바른 풀이 습관을 학생 수준에 맞춰 지도",계산 과정을 점검하고 문제의 조건을 이해하며 풀이 순서를 정리하는 습관 형성,친근형,elementary_math
1022,https://kimstutoring.co.kr,goryeong-gun-middle-math,publish,ko,경상북도,고령군,수학,중학생,고령군 중학생 수학과외,고령군 중학생 수학과외,"고령군 중학생 수학 과외 수업을 고민 중이라면 잘하는 부분과 보완할 부분을 나누어 시작합니다. 지역과 일정에 따라 1:1 방문수업 또는 화상수업으로 진행하며, 개념 이해와 유형별 문제풀이를 연결하고 학교별… 방식으로 수업하고 있습니다.",중학생 수학 개념과 유형별 문제풀이를 연결하고 내신 및 서술형을 준비하는 온라인 과외 찾기,핵심 고민은 “개념을 외워도 문제 유형이 바뀌면 적용하기 어렵고 같은 오답과 풀이 과정 누락이 반복됨”입니다.,"개념, 유형별 문제풀이, 학교별 내신, 서술형, 오답관리","지역과 일정에 따라 1:1 방문수업 또는 화상수업으로 진행하며, 개념 이해와 유형별 문제풀이를 연결하고 학교별 내신, 서술형, 오답관리까지 취약 단원에 맞춰 지도",문제에 맞는 개념을 선택하고 풀이 근거를 순서대로 쓰며 반복되는 실수를 줄이는 능력 향상,코칭형,middle_math
1023,https://kimstutoring.co.kr,goryeong-gun-high-math,publish,ko,경상북도,고령군,수학,고등학생,고령군 고등학생 수학과외,고령군 고등학생 수학과외,"고등학생 수학 과외 공부를 처음 시작한다면 고령군에서도 기초부터 1:1로 배울 수 있습니다. 지역과 일정에 따라 1:1 방문수업 또는 화상수업으로 진행하며, 개념과 유형별 문제풀이부터 학교별 내신,… 방식으로 수업하고 있습니다.",고등학생 수학 취약단원을 보완하면서 내신과 모의고사 및 수능을 준비하는 온라인 과외 찾기,핵심 고민은 “개념 사이의 연결이 약하고 복합 문제의 접근 방법을 찾기 어려우며 취약단원에서 오답이 반복됨”입니다.,"개념, 유형별 문제풀이, 학교별 내신, 모의고사, 수능, 취약단원, 오답분석","지역과 일정에 따라 1:1 방문수업 또는 화상수업으로 진행하며, 개념과 유형별 문제풀이부터 학교별 내신, 모의고사와 수능 대비, 취약단원 및 오답분석까지 목표에 맞춰 지도",취약단원의 개념을 연결하고 문제 조건에 맞는 풀이 전략을 선택하며 오답 원인을 스스로 설명하는 능력 향상,전문형,high_math
1024,https://kimstutoring.co.kr,goryeong-gun-elementary-korean,publish,ko,경상북도,고령군,국어,초등학생,고령군 초등학생 국어과외,고령군 초등학생 국어과외,"초등학생 국어 과외 공부를 처음 시작한다면 고령군에서도 기초부터 1:1로 배울 수 있습니다. 지역과 일정에 따라 1:1 방문수업 또는 화상수업으로 진행하며, 어휘와 독해를 바탕으로 글의 내용을 이해하고… 방식으로 수업하고 있습니다.",초등학생의 국어 기초와 문해력을 잡아줄 1:1 국어과외 탐색,핵심 고민은 “글을 읽어도 내용을 정확히 이해하지 못하거나 어휘력이 부족해 문제의 뜻을 파악하는 데 어려움”입니다.,"어휘, 독해, 문장 이해, 글의 중심내용 파악, 기초 문해력, 글쓰기, 학습 습관","지역과 일정에 따라 1:1 방문수업 또는 화상수업으로 진행하며, 어휘와 독해를 바탕으로 글의 내용을 이해하고 자신의 생각을 표현하는 힘을 학생의 수준과 학습 속도에 맞춰 지도","글을 읽고 핵심 내용을 파악하는 힘을 기르고, 국어뿐 아니라 다른 과목의 문제를 이해하는 데 필요한 기초 문해력과 학습 습관 형성",친근형,elementary_korean
1025,https://kimstutoring.co.kr,goryeong-gun-middle-korean,publish,ko,경상북도,고령군,국어,중학생,고령군 중학생 국어과외,고령군 중학생 국어과외,"고령군 중학생 국어 과외 수업을 고민 중이라면 잘하는 부분과 보완할 부분을 나누어 시작합니다. 지역과 일정에 따라 1:1 방문수업 또는 화상수업으로 진행하며, 문학·비문학 독해와 문법을 기본으로 학교별… 방식으로 수업하고 있습니다.",학교 내신과 국어 기본기를 함께 준비할 1:1 중등 국어과외 탐색,"핵심 고민은 “문학과 비문학 지문을 감으로 풀거나 문법 개념이 부족하고, 학교 시험의 서술형·수행평가 대비가 어려움”입니다.","문학, 비문학, 문법, 어휘, 학교별 내신, 서술형, 수행평가, 오답관리","지역과 일정에 따라 1:1 방문수업 또는 화상수업으로 진행하며, 문학·비문학 독해와 문법을 기본으로 학교별 내신, 서술형과 수행평가까지 학생의 취약 부분에 맞춰 지도","지문을 근거로 읽고 문제를 해결하는 방법을 익히며, 부족한 영역을 파악해 내신과 고등 국어 학습에 필요한 기본기 강화",코칭형,middle_korean
1026,https://kimstutoring.co.kr,goryeong-gun-high-korean,publish,ko,경상북도,고령군,국어,고등학생,고령군 고등학생 국어과외,고령군 고등학생 국어과외,"고등학생 국어 과외 공부를 처음 시작한다면 고령군에서도 기초부터 1:1로 배울 수 있습니다. 지역과 일정에 따라 1:1 방문수업 또는 화상수업으로 진행하며, 문학과 독서의 지문 분석부터 학교별 내신,… 방식으로 수업하고 있습니다.",내신과 모의고사·수능을 함께 대비할 1:1 고등 국어과외 탐색,"핵심 고민은 “긴 지문의 핵심을 빠르게 파악하기 어렵거나 문학·독서·문법 영역별 편차가 크고, 모의고사에서 시간 관리와…”입니다.","문학, 독서, 화법과 언어, 작문, 학교별 내신, 모의고사, 수능, 취약영역, 오답분석","지역과 일정에 따라 1:1 방문수업 또는 화상수업으로 진행하며, 문학과 독서의 지문 분석부터 학교별 내신, 모의고사와 수능 대비, 취약영역 및 오답분석까지 현재 실력과 목표에 맞춰 지도","지문을 분석하는 기준과 문제 접근 방법을 익히고, 취약영역과 반복되는 오답을 점검하면서 내신·모의고사·수능 학습의 방향을 구체화",전문형,high_korean
1027,https://kimstutoring.co.kr,bonghwa-gun-elementary-english,publish,ko,경상북도,봉화군,영어,초등학생,봉화군 초등학생 영어과외,봉화군 초등학생 영어과외,"봉화군 초등학생 영어 과외 수업을 고민 중이라면 잘하는 부분과 보완할 부분을 나누어 시작합니다. 지역과 일정에 따라 1:1 방문수업 또는 화상수업으로 진행하며, 기초 어휘와 문장 이해, 읽기 학습을 학생의… 방식으로 수업하고 있습니다.",초등학생 수준에 맞춰 영어 기초와 꾸준한 학습 습관을 기르는 1:1 온라인 과외 찾기,핵심 고민은 “기초 어휘가 부족하고 짧은 문장의 뜻을 이해하거나 꾸준히 읽는 데 어려움이 있음”입니다.,"기초 어휘, 문장 이해, 짧은 글 읽기, 학습 습관","지역과 일정에 따라 1:1 방문수업 또는 화상수업으로 진행하며, 기초 어휘와 문장 이해, 읽기 학습을 학생의 수준과 학습 속도에 맞춰 지도",익숙한 어휘로 짧은 문장의 뜻을 파악하고 스스로 읽고 복습하는 습관 형성,친근형,elementary_english
1028,https://kimstutoring.co.kr,bonghwa-gun-middle-english,publish,ko,경상북도,봉화군,영어,중학생,봉화군 중학생 영어과외,봉화군 중학생 영어과외,"봉화군에서 중학생 영어 과외 실력을 늘리고 싶다면 자주 막히는 부분부터 직접 다뤄봅니다. 지역과 일정에 따라 1:1 방문수업 또는 화상수업으로 진행하며, 어휘·문법·독해를 기본으로 학교별 내신과… 방식으로 수업하고 있습니다.",중학생 영어 문법과 독해를 보완하고 학교별 내신과 서술형 및 수행평가를 준비하는 온라인 과외 찾기,핵심 고민은 “어휘와 문법을 배워도 지문에 적용하기 어렵고 서술형 답안과 수행평가 준비가 막막함”입니다.,"어휘, 문법, 독해, 학교별 내신, 서술형, 수행평가","지역과 일정에 따라 1:1 방문수업 또는 화상수업으로 진행하며, 어휘·문법·독해를 기본으로 학교별 내신과 서술형, 수행평가까지 학생의 취약 부분에 맞춰 지도",문법 근거를 설명하며 지문을 읽고 학교 평가 기준에 맞춰 답안을 작성하는 능력 향상,코칭형,middle_english
1029,https://kimstutoring.co.kr,bonghwa-gun-high-english,publish,ko,경상북도,봉화군,영어,고등학생,봉화군 고등학생 영어과외,봉화군 고등학생 영어과외,"봉화군 고등학생 영어 과외 수업을 고민 중이라면 잘하는 부분과 보완할 부분을 나누어 시작합니다. 지역과 일정에 따라 1:1 방문수업 또는 화상수업으로 진행하며, 어휘·구문독해부터 학교별 내신, 모의고사와 수능… 방식으로 수업하고 있습니다.",고등학생 영어 내신과 모의고사 및 수능 준비를 현재 수준에 맞춰 병행하는 온라인 과외 찾기,핵심 고민은 “긴 문장의 구조를 파악하기 어렵고 내신과 모의고사 지문을 읽는 데 시간이 오래 걸림”입니다.,"어휘, 구문독해, 학교별 내신, 모의고사, 수능","지역과 일정에 따라 1:1 방문수업 또는 화상수업으로 진행하며, 어휘·구문독해부터 학교별 내신, 모의고사와 수능 대비까지 현재 실력과 목표에 맞춰 지도",복잡한 문장의 구조를 파악하고 지문의 근거를 바탕으로 답을 선택하는 독해 능력 향상,전문형,high_english
1030,https://kimstutoring.co.kr,bonghwa-gun-elementary-math,publish,ko,경상북도,봉화군,수학,초등학생,봉화군 초등학생 수학과외,봉화군 초등학생 수학과외,"봉화군에서 초등학생 수학 과외 실력을 늘리고 싶다면 자주 막히는 부분부터 직접 다뤄봅니다. 지역과 일정에 따라 1:1 방문수업 또는 화상수업으로 진행하며, 연산과 기초개념을 탄탄히 다지고 문제를 이해하는… 방식으로 수업하고 있습니다.",초등학생 수학 연산과 기초개념을 다지고 문제 이해와 풀이 습관을 기르는 온라인 과외 찾기,핵심 고민은 “계산 실수가 반복되고 문장형 문제에서 무엇을 구해야 하는지 파악하기 어려움”입니다.,"연산, 기초개념, 문제 이해, 풀이 습관","지역과 일정에 따라 1:1 방문수업 또는 화상수업으로 진행하며, 연산과 기초개념을 탄탄히 다지고 문제를 이해하는 과정과 올바른 풀이 습관을 학생 수준에 맞춰 지도",계산 과정을 점검하고 문제의 조건을 이해하며 풀이 순서를 정리하는 습관 형성,친근형,elementary_math
1031,https://kimstutoring.co.kr,bonghwa-gun-middle-math,publish,ko,경상북도,봉화군,수학,중학생,봉화군 중학생 수학과외,봉화군 중학생 수학과외,"봉화군에서 중학생 수학 과외 실력을 늘리고 싶다면 자주 막히는 부분부터 직접 다뤄봅니다. 지역과 일정에 따라 1:1 방문수업 또는 화상수업으로 진행하며, 개념 이해와 유형별 문제풀이를 연결하고 학교별… 방식으로 수업하고 있습니다.",중학생 수학 개념과 유형별 문제풀이를 연결하고 내신 및 서술형을 준비하는 온라인 과외 찾기,핵심 고민은 “개념을 외워도 문제 유형이 바뀌면 적용하기 어렵고 같은 오답과 풀이 과정 누락이 반복됨”입니다.,"개념, 유형별 문제풀이, 학교별 내신, 서술형, 오답관리","지역과 일정에 따라 1:1 방문수업 또는 화상수업으로 진행하며, 개념 이해와 유형별 문제풀이를 연결하고 학교별 내신, 서술형, 오답관리까지 취약 단원에 맞춰 지도",문제에 맞는 개념을 선택하고 풀이 근거를 순서대로 쓰며 반복되는 실수를 줄이는 능력 향상,코칭형,middle_math
1032,https://kimstutoring.co.kr,bonghwa-gun-high-math,publish,ko,경상북도,봉화군,수학,고등학생,봉화군 고등학생 수학과외,봉화군 고등학생 수학과외,"고등학생 수학 과외 때문에 고민이 있다면 봉화군 수업에서 지금 필요한 연습부터 함께 해볼 수 있습니다. 지역과 일정에 따라 1:1 방문수업 또는 화상수업으로 진행하며, 개념과 유형별 문제풀이부터 학교별 내신,… 방식으로 수업하고 있습니다.",고등학생 수학 취약단원을 보완하면서 내신과 모의고사 및 수능을 준비하는 온라인 과외 찾기,핵심 고민은 “개념 사이의 연결이 약하고 복합 문제의 접근 방법을 찾기 어려우며 취약단원에서 오답이 반복됨”입니다.,"개념, 유형별 문제풀이, 학교별 내신, 모의고사, 수능, 취약단원, 오답분석","지역과 일정에 따라 1:1 방문수업 또는 화상수업으로 진행하며, 개념과 유형별 문제풀이부터 학교별 내신, 모의고사와 수능 대비, 취약단원 및 오답분석까지 목표에 맞춰 지도",취약단원의 개념을 연결하고 문제 조건에 맞는 풀이 전략을 선택하며 오답 원인을 스스로 설명하는 능력 향상,전문형,high_math
1033,https://kimstutoring.co.kr,bonghwa-gun-elementary-korean,publish,ko,경상북도,봉화군,국어,초등학생,봉화군 초등학생 국어과외,봉화군 초등학생 국어과외,"초등학생 국어 과외 때문에 고민이 있다면 봉화군 수업에서 지금 필요한 연습부터 함께 해볼 수 있습니다. 지역과 일정에 따라 1:1 방문수업 또는 화상수업으로 진행하며, 어휘와 독해를 바탕으로 글의 내용을 이해하고… 방식으로 수업하고 있습니다.",초등학생의 국어 기초와 문해력을 잡아줄 1:1 국어과외 탐색,핵심 고민은 “글을 읽어도 내용을 정확히 이해하지 못하거나 어휘력이 부족해 문제의 뜻을 파악하는 데 어려움”입니다.,"어휘, 독해, 문장 이해, 글의 중심내용 파악, 기초 문해력, 글쓰기, 학습 습관","지역과 일정에 따라 1:1 방문수업 또는 화상수업으로 진행하며, 어휘와 독해를 바탕으로 글의 내용을 이해하고 자신의 생각을 표현하는 힘을 학생의 수준과 학습 속도에 맞춰 지도","글을 읽고 핵심 내용을 파악하는 힘을 기르고, 국어뿐 아니라 다른 과목의 문제를 이해하는 데 필요한 기초 문해력과 학습 습관 형성",친근형,elementary_korean
1034,https://kimstutoring.co.kr,bonghwa-gun-middle-korean,publish,ko,경상북도,봉화군,국어,중학생,봉화군 중학생 국어과외,봉화군 중학생 국어과외,"봉화군에서 중학생 국어 과외 실력을 늘리고 싶다면 자주 막히는 부분부터 직접 다뤄봅니다. 지역과 일정에 따라 1:1 방문수업 또는 화상수업으로 진행하며, 문학·비문학 독해와 문법을 기본으로 학교별… 방식으로 수업하고 있습니다.",학교 내신과 국어 기본기를 함께 준비할 1:1 중등 국어과외 탐색,"핵심 고민은 “문학과 비문학 지문을 감으로 풀거나 문법 개념이 부족하고, 학교 시험의 서술형·수행평가 대비가 어려움”입니다.","문학, 비문학, 문법, 어휘, 학교별 내신, 서술형, 수행평가, 오답관리","지역과 일정에 따라 1:1 방문수업 또는 화상수업으로 진행하며, 문학·비문학 독해와 문법을 기본으로 학교별 내신, 서술형과 수행평가까지 학생의 취약 부분에 맞춰 지도","지문을 근거로 읽고 문제를 해결하는 방법을 익히며, 부족한 영역을 파악해 내신과 고등 국어 학습에 필요한 기본기 강화",코칭형,middle_korean
1035,https://kimstutoring.co.kr,bonghwa-gun-high-korean,publish,ko,경상북도,봉화군,국어,고등학생,봉화군 고등학생 국어과외,봉화군 고등학생 국어과외,"고등학생 국어 과외 때문에 고민이 있다면 봉화군 수업에서 지금 필요한 연습부터 함께 해볼 수 있습니다. 지역과 일정에 따라 1:1 방문수업 또는 화상수업으로 진행하며, 문학과 독서의 지문 분석부터 학교별 내신,… 방식으로 수업하고 있습니다.",내신과 모의고사·수능을 함께 대비할 1:1 고등 국어과외 탐색,"핵심 고민은 “긴 지문의 핵심을 빠르게 파악하기 어렵거나 문학·독서·문법 영역별 편차가 크고, 모의고사에서 시간 관리와…”입니다.","문학, 독서, 화법과 언어, 작문, 학교별 내신, 모의고사, 수능, 취약영역, 오답분석","지역과 일정에 따라 1:1 방문수업 또는 화상수업으로 진행하며, 문학과 독서의 지문 분석부터 학교별 내신, 모의고사와 수능 대비, 취약영역 및 오답분석까지 현재 실력과 목표에 맞춰 지도","지문을 분석하는 기준과 문제 접근 방법을 익히고, 취약영역과 반복되는 오답을 점검하면서 내신·모의고사·수능 학습의 방향을 구체화",전문형,high_korean
1036,https://kimstutoring.co.kr,seongju-gun-elementary-english,publish,ko,경상북도,성주군,영어,초등학생,성주군 초등학생 영어과외,성주군 초등학생 영어과외,"성주군 초등학생 영어 과외 수업은 정해진 진도보다 현재 실력과 배우는 이유를 중요하게 봅니다. 지역과 일정에 따라 1:1 방문수업 또는 화상수업으로 진행하며, 기초 어휘와 문장 이해, 읽기 학습을 학생의… 방식으로 수업하고 있습니다.",초등학생 수준에 맞춰 영어 기초와 꾸준한 학습 습관을 기르는 1:1 온라인 과외 찾기,핵심 고민은 “기초 어휘가 부족하고 짧은 문장의 뜻을 이해하거나 꾸준히 읽는 데 어려움이 있음”입니다.,"기초 어휘, 문장 이해, 짧은 글 읽기, 학습 습관","지역과 일정에 따라 1:1 방문수업 또는 화상수업으로 진행하며, 기초 어휘와 문장 이해, 읽기 학습을 학생의 수준과 학습 속도에 맞춰 지도",익숙한 어휘로 짧은 문장의 뜻을 파악하고 스스로 읽고 복습하는 습관 형성,친근형,elementary_english
1037,https://kimstutoring.co.kr,seongju-gun-middle-english,publish,ko,경상북도,성주군,영어,중학생,성주군 중학생 영어과외,성주군 중학생 영어과외,"중학생 영어 과외 공부를 다시 시작하려는 분께 성주군 1:1 수업이 맞는 출발점을 찾아드립니다. 지역과 일정에 따라 1:1 방문수업 또는 화상수업으로 진행하며, 어휘·문법·독해를 기본으로 학교별 내신과… 방식으로 수업하고 있습니다.",중학생 영어 문법과 독해를 보완하고 학교별 내신과 서술형 및 수행평가를 준비하는 온라인 과외 찾기,핵심 고민은 “어휘와 문법을 배워도 지문에 적용하기 어렵고 서술형 답안과 수행평가 준비가 막막함”입니다.,"어휘, 문법, 독해, 학교별 내신, 서술형, 수행평가","지역과 일정에 따라 1:1 방문수업 또는 화상수업으로 진행하며, 어휘·문법·독해를 기본으로 학교별 내신과 서술형, 수행평가까지 학생의 취약 부분에 맞춰 지도",문법 근거를 설명하며 지문을 읽고 학교 평가 기준에 맞춰 답안을 작성하는 능력 향상,코칭형,middle_english
1038,https://kimstutoring.co.kr,seongju-gun-high-english,publish,ko,경상북도,성주군,영어,고등학생,성주군 고등학생 영어과외,성주군 고등학생 영어과외,"성주군에서 배우는 고등학생 영어 과외, 실제로 쓰려는 상황에 맞춰 수업 내용을 정합니다. 지역과 일정에 따라 1:1 방문수업 또는 화상수업으로 진행하며, 어휘·구문독해부터 학교별 내신, 모의고사와 수능… 방식으로 수업하고 있습니다.",고등학생 영어 내신과 모의고사 및 수능 준비를 현재 수준에 맞춰 병행하는 온라인 과외 찾기,핵심 고민은 “긴 문장의 구조를 파악하기 어렵고 내신과 모의고사 지문을 읽는 데 시간이 오래 걸림”입니다.,"어휘, 구문독해, 학교별 내신, 모의고사, 수능","지역과 일정에 따라 1:1 방문수업 또는 화상수업으로 진행하며, 어휘·구문독해부터 학교별 내신, 모의고사와 수능 대비까지 현재 실력과 목표에 맞춰 지도",복잡한 문장의 구조를 파악하고 지문의 근거를 바탕으로 답을 선택하는 독해 능력 향상,전문형,high_english
1039,https://kimstutoring.co.kr,seongju-gun-elementary-math,publish,ko,경상북도,성주군,수학,초등학생,성주군 초등학생 수학과외,성주군 초등학생 수학과외,"초등학생 수학 과외 공부를 다시 시작하려는 분께 성주군 1:1 수업이 맞는 출발점을 찾아드립니다. 지역과 일정에 따라 1:1 방문수업 또는 화상수업으로 진행하며, 연산과 기초개념을 탄탄히 다지고 문제를 이해하는… 방식으로 수업하고 있습니다.",초등학생 수학 연산과 기초개념을 다지고 문제 이해와 풀이 습관을 기르는 온라인 과외 찾기,핵심 고민은 “계산 실수가 반복되고 문장형 문제에서 무엇을 구해야 하는지 파악하기 어려움”입니다.,"연산, 기초개념, 문제 이해, 풀이 습관","지역과 일정에 따라 1:1 방문수업 또는 화상수업으로 진행하며, 연산과 기초개념을 탄탄히 다지고 문제를 이해하는 과정과 올바른 풀이 습관을 학생 수준에 맞춰 지도",계산 과정을 점검하고 문제의 조건을 이해하며 풀이 순서를 정리하는 습관 형성,친근형,elementary_math
1040,https://kimstutoring.co.kr,seongju-gun-middle-math,publish,ko,경상북도,성주군,수학,중학생,성주군 중학생 수학과외,성주군 중학생 수학과외,"중학생 수학 과외 공부를 다시 시작하려는 분께 성주군 1:1 수업이 맞는 출발점을 찾아드립니다. 지역과 일정에 따라 1:1 방문수업 또는 화상수업으로 진행하며, 개념 이해와 유형별 문제풀이를 연결하고 학교별… 방식으로 수업하고 있습니다.",중학생 수학 개념과 유형별 문제풀이를 연결하고 내신 및 서술형을 준비하는 온라인 과외 찾기,핵심 고민은 “개념을 외워도 문제 유형이 바뀌면 적용하기 어렵고 같은 오답과 풀이 과정 누락이 반복됨”입니다.,"개념, 유형별 문제풀이, 학교별 내신, 서술형, 오답관리","지역과 일정에 따라 1:1 방문수업 또는 화상수업으로 진행하며, 개념 이해와 유형별 문제풀이를 연결하고 학교별 내신, 서술형, 오답관리까지 취약 단원에 맞춰 지도",문제에 맞는 개념을 선택하고 풀이 근거를 순서대로 쓰며 반복되는 실수를 줄이는 능력 향상,코칭형,middle_math
1041,https://kimstutoring.co.kr,seongju-gun-high-math,publish,ko,경상북도,성주군,수학,고등학생,성주군 고등학생 수학과외,성주군 고등학생 수학과외,"성주군에서 고등학생 수학 과외 수업을 찾고 계신다면 지금 필요한 내용부터 시작할 수 있습니다. 지역과 일정에 따라 1:1 방문수업 또는 화상수업으로 진행하며, 개념과 유형별 문제풀이부터 학교별 내신,… 방식으로 수업하고 있습니다.",고등학생 수학 취약단원을 보완하면서 내신과 모의고사 및 수능을 준비하는 온라인 과외 찾기,핵심 고민은 “개념 사이의 연결이 약하고 복합 문제의 접근 방법을 찾기 어려우며 취약단원에서 오답이 반복됨”입니다.,"개념, 유형별 문제풀이, 학교별 내신, 모의고사, 수능, 취약단원, 오답분석","지역과 일정에 따라 1:1 방문수업 또는 화상수업으로 진행하며, 개념과 유형별 문제풀이부터 학교별 내신, 모의고사와 수능 대비, 취약단원 및 오답분석까지 목표에 맞춰 지도",취약단원의 개념을 연결하고 문제 조건에 맞는 풀이 전략을 선택하며 오답 원인을 스스로 설명하는 능력 향상,전문형,high_math
1042,https://kimstutoring.co.kr,seongju-gun-elementary-korean,publish,ko,경상북도,성주군,국어,초등학생,성주군 초등학생 국어과외,성주군 초등학생 국어과외,"성주군에서 초등학생 국어 과외 수업을 찾고 계신다면 지금 필요한 내용부터 시작할 수 있습니다. 지역과 일정에 따라 1:1 방문수업 또는 화상수업으로 진행하며, 어휘와 독해를 바탕으로 글의 내용을 이해하고… 방식으로 수업하고 있습니다.",초등학생의 국어 기초와 문해력을 잡아줄 1:1 국어과외 탐색,핵심 고민은 “글을 읽어도 내용을 정확히 이해하지 못하거나 어휘력이 부족해 문제의 뜻을 파악하는 데 어려움”입니다.,"어휘, 독해, 문장 이해, 글의 중심내용 파악, 기초 문해력, 글쓰기, 학습 습관","지역과 일정에 따라 1:1 방문수업 또는 화상수업으로 진행하며, 어휘와 독해를 바탕으로 글의 내용을 이해하고 자신의 생각을 표현하는 힘을 학생의 수준과 학습 속도에 맞춰 지도","글을 읽고 핵심 내용을 파악하는 힘을 기르고, 국어뿐 아니라 다른 과목의 문제를 이해하는 데 필요한 기초 문해력과 학습 습관 형성",친근형,elementary_korean
1043,https://kimstutoring.co.kr,seongju-gun-middle-korean,publish,ko,경상북도,성주군,국어,중학생,성주군 중학생 국어과외,성주군 중학생 국어과외,"중학생 국어 과외 공부를 다시 시작하려는 분께 성주군 1:1 수업이 맞는 출발점을 찾아드립니다. 지역과 일정에 따라 1:1 방문수업 또는 화상수업으로 진행하며, 문학·비문학 독해와 문법을 기본으로 학교별… 방식으로 수업하고 있습니다.",학교 내신과 국어 기본기를 함께 준비할 1:1 중등 국어과외 탐색,"핵심 고민은 “문학과 비문학 지문을 감으로 풀거나 문법 개념이 부족하고, 학교 시험의 서술형·수행평가 대비가 어려움”입니다.","문학, 비문학, 문법, 어휘, 학교별 내신, 서술형, 수행평가, 오답관리","지역과 일정에 따라 1:1 방문수업 또는 화상수업으로 진행하며, 문학·비문학 독해와 문법을 기본으로 학교별 내신, 서술형과 수행평가까지 학생의 취약 부분에 맞춰 지도","지문을 근거로 읽고 문제를 해결하는 방법을 익히며, 부족한 영역을 파악해 내신과 고등 국어 학습에 필요한 기본기 강화",코칭형,middle_korean
1044,https://kimstutoring.co.kr,seongju-gun-high-korean,publish,ko,경상북도,성주군,국어,고등학생,성주군 고등학생 국어과외,성주군 고등학생 국어과외,"성주군에서 고등학생 국어 과외 수업을 찾고 계신다면 지금 필요한 내용부터 시작할 수 있습니다. 지역과 일정에 따라 1:1 방문수업 또는 화상수업으로 진행하며, 문학과 독서의 지문 분석부터 학교별 내신,… 방식으로 수업하고 있습니다.",내신과 모의고사·수능을 함께 대비할 1:1 고등 국어과외 탐색,"핵심 고민은 “긴 지문의 핵심을 빠르게 파악하기 어렵거나 문학·독서·문법 영역별 편차가 크고, 모의고사에서 시간 관리와…”입니다.","문학, 독서, 화법과 언어, 작문, 학교별 내신, 모의고사, 수능, 취약영역, 오답분석","지역과 일정에 따라 1:1 방문수업 또는 화상수업으로 진행하며, 문학과 독서의 지문 분석부터 학교별 내신, 모의고사와 수능 대비, 취약영역 및 오답분석까지 현재 실력과 목표에 맞춰 지도","지문을 분석하는 기준과 문제 접근 방법을 익히고, 취약영역과 반복되는 오답을 점검하면서 내신·모의고사·수능 학습의 방향을 구체화",전문형,high_korean
1045,https://kimstutoring.co.kr,yeongdeok-gun-elementary-english,publish,ko,경상북도,영덕군,영어,초등학생,영덕군 초등학생 영어과외,영덕군 초등학생 영어과외,"영덕군에서 초등학생 영어 과외 수업을 찾고 계신다면 지금 필요한 내용부터 시작할 수 있습니다. 지역과 일정에 따라 1:1 방문수업 또는 화상수업으로 진행하며, 기초 어휘와 문장 이해, 읽기 학습을 학생의… 방식으로 수업하고 있습니다.",초등학생 수준에 맞춰 영어 기초와 꾸준한 학습 습관을 기르는 1:1 온라인 과외 찾기,핵심 고민은 “기초 어휘가 부족하고 짧은 문장의 뜻을 이해하거나 꾸준히 읽는 데 어려움이 있음”입니다.,"기초 어휘, 문장 이해, 짧은 글 읽기, 학습 습관","지역과 일정에 따라 1:1 방문수업 또는 화상수업으로 진행하며, 기초 어휘와 문장 이해, 읽기 학습을 학생의 수준과 학습 속도에 맞춰 지도",익숙한 어휘로 짧은 문장의 뜻을 파악하고 스스로 읽고 복습하는 습관 형성,친근형,elementary_english
1046,https://kimstutoring.co.kr,yeongdeok-gun-middle-english,publish,ko,경상북도,영덕군,영어,중학생,영덕군 중학생 영어과외,영덕군 중학생 영어과외,"영덕군 중학생 영어 과외 수업은 정해진 진도보다 현재 실력과 배우는 이유를 중요하게 봅니다. 지역과 일정에 따라 1:1 방문수업 또는 화상수업으로 진행하며, 어휘·문법·독해를 기본으로 학교별 내신과… 방식으로 수업하고 있습니다.",중학생 영어 문법과 독해를 보완하고 학교별 내신과 서술형 및 수행평가를 준비하는 온라인 과외 찾기,핵심 고민은 “어휘와 문법을 배워도 지문에 적용하기 어렵고 서술형 답안과 수행평가 준비가 막막함”입니다.,"어휘, 문법, 독해, 학교별 내신, 서술형, 수행평가","지역과 일정에 따라 1:1 방문수업 또는 화상수업으로 진행하며, 어휘·문법·독해를 기본으로 학교별 내신과 서술형, 수행평가까지 학생의 취약 부분에 맞춰 지도",문법 근거를 설명하며 지문을 읽고 학교 평가 기준에 맞춰 답안을 작성하는 능력 향상,코칭형,middle_english
1047,https://kimstutoring.co.kr,yeongdeok-gun-high-english,publish,ko,경상북도,영덕군,영어,고등학생,영덕군 고등학생 영어과외,영덕군 고등학생 영어과외,"고등학생 영어 과외 공부를 다시 시작하려는 분께 영덕군 1:1 수업이 맞는 출발점을 찾아드립니다. 지역과 일정에 따라 1:1 방문수업 또는 화상수업으로 진행하며, 어휘·구문독해부터 학교별 내신, 모의고사와 수능… 방식으로 수업하고 있습니다.",고등학생 영어 내신과 모의고사 및 수능 준비를 현재 수준에 맞춰 병행하는 온라인 과외 찾기,핵심 고민은 “긴 문장의 구조를 파악하기 어렵고 내신과 모의고사 지문을 읽는 데 시간이 오래 걸림”입니다.,"어휘, 구문독해, 학교별 내신, 모의고사, 수능","지역과 일정에 따라 1:1 방문수업 또는 화상수업으로 진행하며, 어휘·구문독해부터 학교별 내신, 모의고사와 수능 대비까지 현재 실력과 목표에 맞춰 지도",복잡한 문장의 구조를 파악하고 지문의 근거를 바탕으로 답을 선택하는 독해 능력 향상,전문형,high_english
1048,https://kimstutoring.co.kr,yeongdeok-gun-elementary-math,publish,ko,경상북도,영덕군,수학,초등학생,영덕군 초등학생 수학과외,영덕군 초등학생 수학과외,"영덕군 초등학생 수학 과외 수업은 정해진 진도보다 현재 실력과 배우는 이유를 중요하게 봅니다. 지역과 일정에 따라 1:1 방문수업 또는 화상수업으로 진행하며, 연산과 기초개념을 탄탄히 다지고 문제를 이해하는… 방식으로 수업하고 있습니다.",초등학생 수학 연산과 기초개념을 다지고 문제 이해와 풀이 습관을 기르는 온라인 과외 찾기,핵심 고민은 “계산 실수가 반복되고 문장형 문제에서 무엇을 구해야 하는지 파악하기 어려움”입니다.,"연산, 기초개념, 문제 이해, 풀이 습관","지역과 일정에 따라 1:1 방문수업 또는 화상수업으로 진행하며, 연산과 기초개념을 탄탄히 다지고 문제를 이해하는 과정과 올바른 풀이 습관을 학생 수준에 맞춰 지도",계산 과정을 점검하고 문제의 조건을 이해하며 풀이 순서를 정리하는 습관 형성,친근형,elementary_math
1049,https://kimstutoring.co.kr,yeongdeok-gun-middle-math,publish,ko,경상북도,영덕군,수학,중학생,영덕군 중학생 수학과외,영덕군 중학생 수학과외,"영덕군 중학생 수학 과외 수업은 정해진 진도보다 현재 실력과 배우는 이유를 중요하게 봅니다. 지역과 일정에 따라 1:1 방문수업 또는 화상수업으로 진행하며, 개념 이해와 유형별 문제풀이를 연결하고 학교별… 방식으로 수업하고 있습니다.",중학생 수학 개념과 유형별 문제풀이를 연결하고 내신 및 서술형을 준비하는 온라인 과외 찾기,핵심 고민은 “개념을 외워도 문제 유형이 바뀌면 적용하기 어렵고 같은 오답과 풀이 과정 누락이 반복됨”입니다.,"개념, 유형별 문제풀이, 학교별 내신, 서술형, 오답관리","지역과 일정에 따라 1:1 방문수업 또는 화상수업으로 진행하며, 개념 이해와 유형별 문제풀이를 연결하고 학교별 내신, 서술형, 오답관리까지 취약 단원에 맞춰 지도",문제에 맞는 개념을 선택하고 풀이 근거를 순서대로 쓰며 반복되는 실수를 줄이는 능력 향상,코칭형,middle_math
1050,https://kimstutoring.co.kr,yeongdeok-gun-high-math,publish,ko,경상북도,영덕군,수학,고등학생,영덕군 고등학생 수학과외,영덕군 고등학생 수학과외,"영덕군에서 배우는 고등학생 수학 과외, 실제로 쓰려는 상황에 맞춰 수업 내용을 정합니다. 지역과 일정에 따라 1:1 방문수업 또는 화상수업으로 진행하며, 개념과 유형별 문제풀이부터 학교별 내신,… 방식으로 수업하고 있습니다.",고등학생 수학 취약단원을 보완하면서 내신과 모의고사 및 수능을 준비하는 온라인 과외 찾기,핵심 고민은 “개념 사이의 연결이 약하고 복합 문제의 접근 방법을 찾기 어려우며 취약단원에서 오답이 반복됨”입니다.,"개념, 유형별 문제풀이, 학교별 내신, 모의고사, 수능, 취약단원, 오답분석","지역과 일정에 따라 1:1 방문수업 또는 화상수업으로 진행하며, 개념과 유형별 문제풀이부터 학교별 내신, 모의고사와 수능 대비, 취약단원 및 오답분석까지 목표에 맞춰 지도",취약단원의 개념을 연결하고 문제 조건에 맞는 풀이 전략을 선택하며 오답 원인을 스스로 설명하는 능력 향상,전문형,high_math
1051,https://kimstutoring.co.kr,yeongdeok-gun-elementary-korean,publish,ko,경상북도,영덕군,국어,초등학생,영덕군 초등학생 국어과외,영덕군 초등학생 국어과외,"영덕군에서 배우는 초등학생 국어 과외, 실제로 쓰려는 상황에 맞춰 수업 내용을 정합니다. 지역과 일정에 따라 1:1 방문수업 또는 화상수업으로 진행하며, 어휘와 독해를 바탕으로 글의 내용을 이해하고… 방식으로 수업하고 있습니다.",초등학생의 국어 기초와 문해력을 잡아줄 1:1 국어과외 탐색,핵심 고민은 “글을 읽어도 내용을 정확히 이해하지 못하거나 어휘력이 부족해 문제의 뜻을 파악하는 데 어려움”입니다.,"어휘, 독해, 문장 이해, 글의 중심내용 파악, 기초 문해력, 글쓰기, 학습 습관","지역과 일정에 따라 1:1 방문수업 또는 화상수업으로 진행하며, 어휘와 독해를 바탕으로 글의 내용을 이해하고 자신의 생각을 표현하는 힘을 학생의 수준과 학습 속도에 맞춰 지도","글을 읽고 핵심 내용을 파악하는 힘을 기르고, 국어뿐 아니라 다른 과목의 문제를 이해하는 데 필요한 기초 문해력과 학습 습관 형성",친근형,elementary_korean
1052,https://kimstutoring.co.kr,yeongdeok-gun-middle-korean,publish,ko,경상북도,영덕군,국어,중학생,영덕군 중학생 국어과외,영덕군 중학생 국어과외,"영덕군 중학생 국어 과외 수업은 정해진 진도보다 현재 실력과 배우는 이유를 중요하게 봅니다. 지역과 일정에 따라 1:1 방문수업 또는 화상수업으로 진행하며, 문학·비문학 독해와 문법을 기본으로 학교별… 방식으로 수업하고 있습니다.",학교 내신과 국어 기본기를 함께 준비할 1:1 중등 국어과외 탐색,"핵심 고민은 “문학과 비문학 지문을 감으로 풀거나 문법 개념이 부족하고, 학교 시험의 서술형·수행평가 대비가 어려움”입니다.","문학, 비문학, 문법, 어휘, 학교별 내신, 서술형, 수행평가, 오답관리","지역과 일정에 따라 1:1 방문수업 또는 화상수업으로 진행하며, 문학·비문학 독해와 문법을 기본으로 학교별 내신, 서술형과 수행평가까지 학생의 취약 부분에 맞춰 지도","지문을 근거로 읽고 문제를 해결하는 방법을 익히며, 부족한 영역을 파악해 내신과 고등 국어 학습에 필요한 기본기 강화",코칭형,middle_korean
1053,https://kimstutoring.co.kr,yeongdeok-gun-high-korean,publish,ko,경상북도,영덕군,국어,고등학생,영덕군 고등학생 국어과외,영덕군 고등학생 국어과외,"영덕군에서 배우는 고등학생 국어 과외, 실제로 쓰려는 상황에 맞춰 수업 내용을 정합니다. 지역과 일정에 따라 1:1 방문수업 또는 화상수업으로 진행하며, 문학과 독서의 지문 분석부터 학교별 내신,… 방식으로 수업하고 있습니다.",내신과 모의고사·수능을 함께 대비할 1:1 고등 국어과외 탐색,"핵심 고민은 “긴 지문의 핵심을 빠르게 파악하기 어렵거나 문학·독서·문법 영역별 편차가 크고, 모의고사에서 시간 관리와…”입니다.","문학, 독서, 화법과 언어, 작문, 학교별 내신, 모의고사, 수능, 취약영역, 오답분석","지역과 일정에 따라 1:1 방문수업 또는 화상수업으로 진행하며, 문학과 독서의 지문 분석부터 학교별 내신, 모의고사와 수능 대비, 취약영역 및 오답분석까지 현재 실력과 목표에 맞춰 지도","지문을 분석하는 기준과 문제 접근 방법을 익히고, 취약영역과 반복되는 오답을 점검하면서 내신·모의고사·수능 학습의 방향을 구체화",전문형,high_korean
1054,https://kimstutoring.co.kr,yeongyang-gun-elementary-english,publish,ko,경상북도,영양군,영어,초등학생,영양군 초등학생 영어과외,영양군 초등학생 영어과외,"영양군에서 초등학생 영어 과외 수업을 찾고 계신다면 지금 필요한 내용부터 시작할 수 있습니다. 지역과 일정에 따라 1:1 방문수업 또는 화상수업으로 진행하며, 기초 어휘와 문장 이해, 읽기 학습을 학생의… 방식으로 수업하고 있습니다.",초등학생 수준에 맞춰 영어 기초와 꾸준한 학습 습관을 기르는 1:1 온라인 과외 찾기,핵심 고민은 “기초 어휘가 부족하고 짧은 문장의 뜻을 이해하거나 꾸준히 읽는 데 어려움이 있음”입니다.,"기초 어휘, 문장 이해, 짧은 글 읽기, 학습 습관","지역과 일정에 따라 1:1 방문수업 또는 화상수업으로 진행하며, 기초 어휘와 문장 이해, 읽기 학습을 학생의 수준과 학습 속도에 맞춰 지도",익숙한 어휘로 짧은 문장의 뜻을 파악하고 스스로 읽고 복습하는 습관 형성,친근형,elementary_english
1055,https://kimstutoring.co.kr,yeongyang-gun-middle-english,publish,ko,경상북도,영양군,영어,중학생,영양군 중학생 영어과외,영양군 중학생 영어과외,"영양군 중학생 영어 과외 수업은 정해진 진도보다 현재 실력과 배우는 이유를 중요하게 봅니다. 지역과 일정에 따라 1:1 방문수업 또는 화상수업으로 진행하며, 어휘·문법·독해를 기본으로 학교별 내신과… 방식으로 수업하고 있습니다.",중학생 영어 문법과 독해를 보완하고 학교별 내신과 서술형 및 수행평가를 준비하는 온라인 과외 찾기,핵심 고민은 “어휘와 문법을 배워도 지문에 적용하기 어렵고 서술형 답안과 수행평가 준비가 막막함”입니다.,"어휘, 문법, 독해, 학교별 내신, 서술형, 수행평가","지역과 일정에 따라 1:1 방문수업 또는 화상수업으로 진행하며, 어휘·문법·독해를 기본으로 학교별 내신과 서술형, 수행평가까지 학생의 취약 부분에 맞춰 지도",문법 근거를 설명하며 지문을 읽고 학교 평가 기준에 맞춰 답안을 작성하는 능력 향상,코칭형,middle_english
1056,https://kimstutoring.co.kr,yeongyang-gun-high-english,publish,ko,경상북도,영양군,영어,고등학생,영양군 고등학생 영어과외,영양군 고등학생 영어과외,"고등학생 영어 과외 공부를 다시 시작하려는 분께 영양군 1:1 수업이 맞는 출발점을 찾아드립니다. 지역과 일정에 따라 1:1 방문수업 또는 화상수업으로 진행하며, 어휘·구문독해부터 학교별 내신, 모의고사와 수능… 방식으로 수업하고 있습니다.",고등학생 영어 내신과 모의고사 및 수능 준비를 현재 수준에 맞춰 병행하는 온라인 과외 찾기,핵심 고민은 “긴 문장의 구조를 파악하기 어렵고 내신과 모의고사 지문을 읽는 데 시간이 오래 걸림”입니다.,"어휘, 구문독해, 학교별 내신, 모의고사, 수능","지역과 일정에 따라 1:1 방문수업 또는 화상수업으로 진행하며, 어휘·구문독해부터 학교별 내신, 모의고사와 수능 대비까지 현재 실력과 목표에 맞춰 지도",복잡한 문장의 구조를 파악하고 지문의 근거를 바탕으로 답을 선택하는 독해 능력 향상,전문형,high_english
1057,https://kimstutoring.co.kr,yeongyang-gun-elementary-math,publish,ko,경상북도,영양군,수학,초등학생,영양군 초등학생 수학과외,영양군 초등학생 수학과외,"영양군 초등학생 수학 과외 수업은 정해진 진도보다 현재 실력과 배우는 이유를 중요하게 봅니다. 지역과 일정에 따라 1:1 방문수업 또는 화상수업으로 진행하며, 연산과 기초개념을 탄탄히 다지고 문제를 이해하는… 방식으로 수업하고 있습니다.",초등학생 수학 연산과 기초개념을 다지고 문제 이해와 풀이 습관을 기르는 온라인 과외 찾기,핵심 고민은 “계산 실수가 반복되고 문장형 문제에서 무엇을 구해야 하는지 파악하기 어려움”입니다.,"연산, 기초개념, 문제 이해, 풀이 습관","지역과 일정에 따라 1:1 방문수업 또는 화상수업으로 진행하며, 연산과 기초개념을 탄탄히 다지고 문제를 이해하는 과정과 올바른 풀이 습관을 학생 수준에 맞춰 지도",계산 과정을 점검하고 문제의 조건을 이해하며 풀이 순서를 정리하는 습관 형성,친근형,elementary_math
1058,https://kimstutoring.co.kr,yeongyang-gun-middle-math,publish,ko,경상북도,영양군,수학,중학생,영양군 중학생 수학과외,영양군 중학생 수학과외,"영양군 중학생 수학 과외 수업은 정해진 진도보다 현재 실력과 배우는 이유를 중요하게 봅니다. 지역과 일정에 따라 1:1 방문수업 또는 화상수업으로 진행하며, 개념 이해와 유형별 문제풀이를 연결하고 학교별… 방식으로 수업하고 있습니다.",중학생 수학 개념과 유형별 문제풀이를 연결하고 내신 및 서술형을 준비하는 온라인 과외 찾기,핵심 고민은 “개념을 외워도 문제 유형이 바뀌면 적용하기 어렵고 같은 오답과 풀이 과정 누락이 반복됨”입니다.,"개념, 유형별 문제풀이, 학교별 내신, 서술형, 오답관리","지역과 일정에 따라 1:1 방문수업 또는 화상수업으로 진행하며, 개념 이해와 유형별 문제풀이를 연결하고 학교별 내신, 서술형, 오답관리까지 취약 단원에 맞춰 지도",문제에 맞는 개념을 선택하고 풀이 근거를 순서대로 쓰며 반복되는 실수를 줄이는 능력 향상,코칭형,middle_math
1059,https://kimstutoring.co.kr,yeongyang-gun-high-math,publish,ko,경상북도,영양군,수학,고등학생,영양군 고등학생 수학과외,영양군 고등학생 수학과외,"영양군에서 배우는 고등학생 수학 과외, 실제로 쓰려는 상황에 맞춰 수업 내용을 정합니다. 지역과 일정에 따라 1:1 방문수업 또는 화상수업으로 진행하며, 개념과 유형별 문제풀이부터 학교별 내신,… 방식으로 수업하고 있습니다.",고등학생 수학 취약단원을 보완하면서 내신과 모의고사 및 수능을 준비하는 온라인 과외 찾기,핵심 고민은 “개념 사이의 연결이 약하고 복합 문제의 접근 방법을 찾기 어려우며 취약단원에서 오답이 반복됨”입니다.,"개념, 유형별 문제풀이, 학교별 내신, 모의고사, 수능, 취약단원, 오답분석","지역과 일정에 따라 1:1 방문수업 또는 화상수업으로 진행하며, 개념과 유형별 문제풀이부터 학교별 내신, 모의고사와 수능 대비, 취약단원 및 오답분석까지 목표에 맞춰 지도",취약단원의 개념을 연결하고 문제 조건에 맞는 풀이 전략을 선택하며 오답 원인을 스스로 설명하는 능력 향상,전문형,high_math
1060,https://kimstutoring.co.kr,yeongyang-gun-elementary-korean,publish,ko,경상북도,영양군,국어,초등학생,영양군 초등학생 국어과외,영양군 초등학생 국어과외,"영양군에서 배우는 초등학생 국어 과외, 실제로 쓰려는 상황에 맞춰 수업 내용을 정합니다. 지역과 일정에 따라 1:1 방문수업 또는 화상수업으로 진행하며, 어휘와 독해를 바탕으로 글의 내용을 이해하고… 방식으로 수업하고 있습니다.",초등학생의 국어 기초와 문해력을 잡아줄 1:1 국어과외 탐색,핵심 고민은 “글을 읽어도 내용을 정확히 이해하지 못하거나 어휘력이 부족해 문제의 뜻을 파악하는 데 어려움”입니다.,"어휘, 독해, 문장 이해, 글의 중심내용 파악, 기초 문해력, 글쓰기, 학습 습관","지역과 일정에 따라 1:1 방문수업 또는 화상수업으로 진행하며, 어휘와 독해를 바탕으로 글의 내용을 이해하고 자신의 생각을 표현하는 힘을 학생의 수준과 학습 속도에 맞춰 지도","글을 읽고 핵심 내용을 파악하는 힘을 기르고, 국어뿐 아니라 다른 과목의 문제를 이해하는 데 필요한 기초 문해력과 학습 습관 형성",친근형,elementary_korean
1061,https://kimstutoring.co.kr,yeongyang-gun-middle-korean,publish,ko,경상북도,영양군,국어,중학생,영양군 중학생 국어과외,영양군 중학생 국어과외,"영양군 중학생 국어 과외 수업은 정해진 진도보다 현재 실력과 배우는 이유를 중요하게 봅니다. 지역과 일정에 따라 1:1 방문수업 또는 화상수업으로 진행하며, 문학·비문학 독해와 문법을 기본으로 학교별… 방식으로 수업하고 있습니다.",학교 내신과 국어 기본기를 함께 준비할 1:1 중등 국어과외 탐색,"핵심 고민은 “문학과 비문학 지문을 감으로 풀거나 문법 개념이 부족하고, 학교 시험의 서술형·수행평가 대비가 어려움”입니다.","문학, 비문학, 문법, 어휘, 학교별 내신, 서술형, 수행평가, 오답관리","지역과 일정에 따라 1:1 방문수업 또는 화상수업으로 진행하며, 문학·비문학 독해와 문법을 기본으로 학교별 내신, 서술형과 수행평가까지 학생의 취약 부분에 맞춰 지도","지문을 근거로 읽고 문제를 해결하는 방법을 익히며, 부족한 영역을 파악해 내신과 고등 국어 학습에 필요한 기본기 강화",코칭형,middle_korean
1062,https://kimstutoring.co.kr,yeongyang-gun-high-korean,publish,ko,경상북도,영양군,국어,고등학생,영양군 고등학생 국어과외,영양군 고등학생 국어과외,"영양군에서 배우는 고등학생 국어 과외, 실제로 쓰려는 상황에 맞춰 수업 내용을 정합니다. 지역과 일정에 따라 1:1 방문수업 또는 화상수업으로 진행하며, 문학과 독서의 지문 분석부터 학교별 내신,… 방식으로 수업하고 있습니다.",내신과 모의고사·수능을 함께 대비할 1:1 고등 국어과외 탐색,"핵심 고민은 “긴 지문의 핵심을 빠르게 파악하기 어렵거나 문학·독서·문법 영역별 편차가 크고, 모의고사에서 시간 관리와…”입니다.","문학, 독서, 화법과 언어, 작문, 학교별 내신, 모의고사, 수능, 취약영역, 오답분석","지역과 일정에 따라 1:1 방문수업 또는 화상수업으로 진행하며, 문학과 독서의 지문 분석부터 학교별 내신, 모의고사와 수능 대비, 취약영역 및 오답분석까지 현재 실력과 목표에 맞춰 지도","지문을 분석하는 기준과 문제 접근 방법을 익히고, 취약영역과 반복되는 오답을 점검하면서 내신·모의고사·수능 학습의 방향을 구체화",전문형,high_korean
1063,https://kimstutoring.co.kr,yecheon-gun-elementary-english,publish,ko,경상북도,예천군,영어,초등학생,예천군 초등학생 영어과외,예천군 초등학생 영어과외,"예천군에서 초등학생 영어 과외 수업을 찾고 계신다면 지금 필요한 내용부터 시작할 수 있습니다. 지역과 일정에 따라 1:1 방문수업 또는 화상수업으로 진행하며, 기초 어휘와 문장 이해, 읽기 학습을 학생의… 방식으로 수업하고 있습니다.",초등학생 수준에 맞춰 영어 기초와 꾸준한 학습 습관을 기르는 1:1 온라인 과외 찾기,핵심 고민은 “기초 어휘가 부족하고 짧은 문장의 뜻을 이해하거나 꾸준히 읽는 데 어려움이 있음”입니다.,"기초 어휘, 문장 이해, 짧은 글 읽기, 학습 습관","지역과 일정에 따라 1:1 방문수업 또는 화상수업으로 진행하며, 기초 어휘와 문장 이해, 읽기 학습을 학생의 수준과 학습 속도에 맞춰 지도",익숙한 어휘로 짧은 문장의 뜻을 파악하고 스스로 읽고 복습하는 습관 형성,친근형,elementary_english
1064,https://kimstutoring.co.kr,yecheon-gun-middle-english,publish,ko,경상북도,예천군,영어,중학생,예천군 중학생 영어과외,예천군 중학생 영어과외,"예천군 중학생 영어 과외 수업은 정해진 진도보다 현재 실력과 배우는 이유를 중요하게 봅니다. 지역과 일정에 따라 1:1 방문수업 또는 화상수업으로 진행하며, 어휘·문법·독해를 기본으로 학교별 내신과… 방식으로 수업하고 있습니다.",중학생 영어 문법과 독해를 보완하고 학교별 내신과 서술형 및 수행평가를 준비하는 온라인 과외 찾기,핵심 고민은 “어휘와 문법을 배워도 지문에 적용하기 어렵고 서술형 답안과 수행평가 준비가 막막함”입니다.,"어휘, 문법, 독해, 학교별 내신, 서술형, 수행평가","지역과 일정에 따라 1:1 방문수업 또는 화상수업으로 진행하며, 어휘·문법·독해를 기본으로 학교별 내신과 서술형, 수행평가까지 학생의 취약 부분에 맞춰 지도",문법 근거를 설명하며 지문을 읽고 학교 평가 기준에 맞춰 답안을 작성하는 능력 향상,코칭형,middle_english
1065,https://kimstutoring.co.kr,yecheon-gun-high-english,publish,ko,경상북도,예천군,영어,고등학생,예천군 고등학생 영어과외,예천군 고등학생 영어과외,"고등학생 영어 과외 공부를 다시 시작하려는 분께 예천군 1:1 수업이 맞는 출발점을 찾아드립니다. 지역과 일정에 따라 1:1 방문수업 또는 화상수업으로 진행하며, 어휘·구문독해부터 학교별 내신, 모의고사와 수능… 방식으로 수업하고 있습니다.",고등학생 영어 내신과 모의고사 및 수능 준비를 현재 수준에 맞춰 병행하는 온라인 과외 찾기,핵심 고민은 “긴 문장의 구조를 파악하기 어렵고 내신과 모의고사 지문을 읽는 데 시간이 오래 걸림”입니다.,"어휘, 구문독해, 학교별 내신, 모의고사, 수능","지역과 일정에 따라 1:1 방문수업 또는 화상수업으로 진행하며, 어휘·구문독해부터 학교별 내신, 모의고사와 수능 대비까지 현재 실력과 목표에 맞춰 지도",복잡한 문장의 구조를 파악하고 지문의 근거를 바탕으로 답을 선택하는 독해 능력 향상,전문형,high_english
1066,https://kimstutoring.co.kr,yecheon-gun-elementary-math,publish,ko,경상북도,예천군,수학,초등학생,예천군 초등학생 수학과외,예천군 초등학생 수학과외,"예천군 초등학생 수학 과외 수업은 정해진 진도보다 현재 실력과 배우는 이유를 중요하게 봅니다. 지역과 일정에 따라 1:1 방문수업 또는 화상수업으로 진행하며, 연산과 기초개념을 탄탄히 다지고 문제를 이해하는… 방식으로 수업하고 있습니다.",초등학생 수학 연산과 기초개념을 다지고 문제 이해와 풀이 습관을 기르는 온라인 과외 찾기,핵심 고민은 “계산 실수가 반복되고 문장형 문제에서 무엇을 구해야 하는지 파악하기 어려움”입니다.,"연산, 기초개념, 문제 이해, 풀이 습관","지역과 일정에 따라 1:1 방문수업 또는 화상수업으로 진행하며, 연산과 기초개념을 탄탄히 다지고 문제를 이해하는 과정과 올바른 풀이 습관을 학생 수준에 맞춰 지도",계산 과정을 점검하고 문제의 조건을 이해하며 풀이 순서를 정리하는 습관 형성,친근형,elementary_math
1067,https://kimstutoring.co.kr,yecheon-gun-middle-math,publish,ko,경상북도,예천군,수학,중학생,예천군 중학생 수학과외,예천군 중학생 수학과외,"예천군 중학생 수학 과외 수업은 정해진 진도보다 현재 실력과 배우는 이유를 중요하게 봅니다. 지역과 일정에 따라 1:1 방문수업 또는 화상수업으로 진행하며, 개념 이해와 유형별 문제풀이를 연결하고 학교별… 방식으로 수업하고 있습니다.",중학생 수학 개념과 유형별 문제풀이를 연결하고 내신 및 서술형을 준비하는 온라인 과외 찾기,핵심 고민은 “개념을 외워도 문제 유형이 바뀌면 적용하기 어렵고 같은 오답과 풀이 과정 누락이 반복됨”입니다.,"개념, 유형별 문제풀이, 학교별 내신, 서술형, 오답관리","지역과 일정에 따라 1:1 방문수업 또는 화상수업으로 진행하며, 개념 이해와 유형별 문제풀이를 연결하고 학교별 내신, 서술형, 오답관리까지 취약 단원에 맞춰 지도",문제에 맞는 개념을 선택하고 풀이 근거를 순서대로 쓰며 반복되는 실수를 줄이는 능력 향상,코칭형,middle_math
1068,https://kimstutoring.co.kr,yecheon-gun-high-math,publish,ko,경상북도,예천군,수학,고등학생,예천군 고등학생 수학과외,예천군 고등학생 수학과외,"예천군에서 배우는 고등학생 수학 과외, 실제로 쓰려는 상황에 맞춰 수업 내용을 정합니다. 지역과 일정에 따라 1:1 방문수업 또는 화상수업으로 진행하며, 개념과 유형별 문제풀이부터 학교별 내신,… 방식으로 수업하고 있습니다.",고등학생 수학 취약단원을 보완하면서 내신과 모의고사 및 수능을 준비하는 온라인 과외 찾기,핵심 고민은 “개념 사이의 연결이 약하고 복합 문제의 접근 방법을 찾기 어려우며 취약단원에서 오답이 반복됨”입니다.,"개념, 유형별 문제풀이, 학교별 내신, 모의고사, 수능, 취약단원, 오답분석","지역과 일정에 따라 1:1 방문수업 또는 화상수업으로 진행하며, 개념과 유형별 문제풀이부터 학교별 내신, 모의고사와 수능 대비, 취약단원 및 오답분석까지 목표에 맞춰 지도",취약단원의 개념을 연결하고 문제 조건에 맞는 풀이 전략을 선택하며 오답 원인을 스스로 설명하는 능력 향상,전문형,high_math
1069,https://kimstutoring.co.kr,yecheon-gun-elementary-korean,publish,ko,경상북도,예천군,국어,초등학생,예천군 초등학생 국어과외,예천군 초등학생 국어과외,"예천군에서 배우는 초등학생 국어 과외, 실제로 쓰려는 상황에 맞춰 수업 내용을 정합니다. 지역과 일정에 따라 1:1 방문수업 또는 화상수업으로 진행하며, 어휘와 독해를 바탕으로 글의 내용을 이해하고… 방식으로 수업하고 있습니다.",초등학생의 국어 기초와 문해력을 잡아줄 1:1 국어과외 탐색,핵심 고민은 “글을 읽어도 내용을 정확히 이해하지 못하거나 어휘력이 부족해 문제의 뜻을 파악하는 데 어려움”입니다.,"어휘, 독해, 문장 이해, 글의 중심내용 파악, 기초 문해력, 글쓰기, 학습 습관","지역과 일정에 따라 1:1 방문수업 또는 화상수업으로 진행하며, 어휘와 독해를 바탕으로 글의 내용을 이해하고 자신의 생각을 표현하는 힘을 학생의 수준과 학습 속도에 맞춰 지도","글을 읽고 핵심 내용을 파악하는 힘을 기르고, 국어뿐 아니라 다른 과목의 문제를 이해하는 데 필요한 기초 문해력과 학습 습관 형성",친근형,elementary_korean
1070,https://kimstutoring.co.kr,yecheon-gun-middle-korean,publish,ko,경상북도,예천군,국어,중학생,예천군 중학생 국어과외,예천군 중학생 국어과외,"예천군 중학생 국어 과외 수업은 정해진 진도보다 현재 실력과 배우는 이유를 중요하게 봅니다. 지역과 일정에 따라 1:1 방문수업 또는 화상수업으로 진행하며, 문학·비문학 독해와 문법을 기본으로 학교별… 방식으로 수업하고 있습니다.",학교 내신과 국어 기본기를 함께 준비할 1:1 중등 국어과외 탐색,"핵심 고민은 “문학과 비문학 지문을 감으로 풀거나 문법 개념이 부족하고, 학교 시험의 서술형·수행평가 대비가 어려움”입니다.","문학, 비문학, 문법, 어휘, 학교별 내신, 서술형, 수행평가, 오답관리","지역과 일정에 따라 1:1 방문수업 또는 화상수업으로 진행하며, 문학·비문학 독해와 문법을 기본으로 학교별 내신, 서술형과 수행평가까지 학생의 취약 부분에 맞춰 지도","지문을 근거로 읽고 문제를 해결하는 방법을 익히며, 부족한 영역을 파악해 내신과 고등 국어 학습에 필요한 기본기 강화",코칭형,middle_korean
1071,https://kimstutoring.co.kr,yecheon-gun-high-korean,publish,ko,경상북도,예천군,국어,고등학생,예천군 고등학생 국어과외,예천군 고등학생 국어과외,"예천군에서 배우는 고등학생 국어 과외, 실제로 쓰려는 상황에 맞춰 수업 내용을 정합니다. 지역과 일정에 따라 1:1 방문수업 또는 화상수업으로 진행하며, 문학과 독서의 지문 분석부터 학교별 내신,… 방식으로 수업하고 있습니다.",내신과 모의고사·수능을 함께 대비할 1:1 고등 국어과외 탐색,"핵심 고민은 “긴 지문의 핵심을 빠르게 파악하기 어렵거나 문학·독서·문법 영역별 편차가 크고, 모의고사에서 시간 관리와…”입니다.","문학, 독서, 화법과 언어, 작문, 학교별 내신, 모의고사, 수능, 취약영역, 오답분석","지역과 일정에 따라 1:1 방문수업 또는 화상수업으로 진행하며, 문학과 독서의 지문 분석부터 학교별 내신, 모의고사와 수능 대비, 취약영역 및 오답분석까지 현재 실력과 목표에 맞춰 지도","지문을 분석하는 기준과 문제 접근 방법을 익히고, 취약영역과 반복되는 오답을 점검하면서 내신·모의고사·수능 학습의 방향을 구체화",전문형,high_korean
1072,https://kimstutoring.co.kr,ulleung-gun-elementary-english,publish,ko,경상북도,울릉군,영어,초등학생,울릉군 초등학생 영어과외,울릉군 초등학생 영어과외,"울릉군에서 초등학생 영어 과외 실력을 늘리고 싶다면 자주 막히는 부분부터 직접 다뤄봅니다. 지역과 일정에 따라 1:1 방문수업 또는 화상수업으로 진행하며, 기초 어휘와 문장 이해, 읽기 학습을 학생의… 방식으로 수업하고 있습니다.",초등학생 수준에 맞춰 영어 기초와 꾸준한 학습 습관을 기르는 1:1 온라인 과외 찾기,핵심 고민은 “기초 어휘가 부족하고 짧은 문장의 뜻을 이해하거나 꾸준히 읽는 데 어려움이 있음”입니다.,"기초 어휘, 문장 이해, 짧은 글 읽기, 학습 습관","지역과 일정에 따라 1:1 방문수업 또는 화상수업으로 진행하며, 기초 어휘와 문장 이해, 읽기 학습을 학생의 수준과 학습 속도에 맞춰 지도",익숙한 어휘로 짧은 문장의 뜻을 파악하고 스스로 읽고 복습하는 습관 형성,친근형,elementary_english
1073,https://kimstutoring.co.kr,ulleung-gun-middle-english,publish,ko,경상북도,울릉군,영어,중학생,울릉군 중학생 영어과외,울릉군 중학생 영어과외,"중학생 영어 과외 공부를 처음 시작한다면 울릉군에서도 기초부터 1:1로 배울 수 있습니다. 지역과 일정에 따라 1:1 방문수업 또는 화상수업으로 진행하며, 어휘·문법·독해를 기본으로 학교별 내신과… 방식으로 수업하고 있습니다.",중학생 영어 문법과 독해를 보완하고 학교별 내신과 서술형 및 수행평가를 준비하는 온라인 과외 찾기,핵심 고민은 “어휘와 문법을 배워도 지문에 적용하기 어렵고 서술형 답안과 수행평가 준비가 막막함”입니다.,"어휘, 문법, 독해, 학교별 내신, 서술형, 수행평가","지역과 일정에 따라 1:1 방문수업 또는 화상수업으로 진행하며, 어휘·문법·독해를 기본으로 학교별 내신과 서술형, 수행평가까지 학생의 취약 부분에 맞춰 지도",문법 근거를 설명하며 지문을 읽고 학교 평가 기준에 맞춰 답안을 작성하는 능력 향상,코칭형,middle_english
1074,https://kimstutoring.co.kr,ulleung-gun-high-english,publish,ko,경상북도,울릉군,영어,고등학생,울릉군 고등학생 영어과외,울릉군 고등학생 영어과외,"울릉군에서 고등학생 영어 과외 실력을 늘리고 싶다면 자주 막히는 부분부터 직접 다뤄봅니다. 지역과 일정에 따라 1:1 방문수업 또는 화상수업으로 진행하며, 어휘·구문독해부터 학교별 내신, 모의고사와 수능… 방식으로 수업하고 있습니다.",고등학생 영어 내신과 모의고사 및 수능 준비를 현재 수준에 맞춰 병행하는 온라인 과외 찾기,핵심 고민은 “긴 문장의 구조를 파악하기 어렵고 내신과 모의고사 지문을 읽는 데 시간이 오래 걸림”입니다.,"어휘, 구문독해, 학교별 내신, 모의고사, 수능","지역과 일정에 따라 1:1 방문수업 또는 화상수업으로 진행하며, 어휘·구문독해부터 학교별 내신, 모의고사와 수능 대비까지 현재 실력과 목표에 맞춰 지도",복잡한 문장의 구조를 파악하고 지문의 근거를 바탕으로 답을 선택하는 독해 능력 향상,전문형,high_english
1075,https://kimstutoring.co.kr,ulleung-gun-elementary-math,publish,ko,경상북도,울릉군,수학,초등학생,울릉군 초등학생 수학과외,울릉군 초등학생 수학과외,"초등학생 수학 과외 공부를 처음 시작한다면 울릉군에서도 기초부터 1:1로 배울 수 있습니다. 지역과 일정에 따라 1:1 방문수업 또는 화상수업으로 진행하며, 연산과 기초개념을 탄탄히 다지고 문제를 이해하는… 방식으로 수업하고 있습니다.",초등학생 수학 연산과 기초개념을 다지고 문제 이해와 풀이 습관을 기르는 온라인 과외 찾기,핵심 고민은 “계산 실수가 반복되고 문장형 문제에서 무엇을 구해야 하는지 파악하기 어려움”입니다.,"연산, 기초개념, 문제 이해, 풀이 습관","지역과 일정에 따라 1:1 방문수업 또는 화상수업으로 진행하며, 연산과 기초개념을 탄탄히 다지고 문제를 이해하는 과정과 올바른 풀이 습관을 학생 수준에 맞춰 지도",계산 과정을 점검하고 문제의 조건을 이해하며 풀이 순서를 정리하는 습관 형성,친근형,elementary_math
1076,https://kimstutoring.co.kr,ulleung-gun-middle-math,publish,ko,경상북도,울릉군,수학,중학생,울릉군 중학생 수학과외,울릉군 중학생 수학과외,"중학생 수학 과외 공부를 처음 시작한다면 울릉군에서도 기초부터 1:1로 배울 수 있습니다. 지역과 일정에 따라 1:1 방문수업 또는 화상수업으로 진행하며, 개념 이해와 유형별 문제풀이를 연결하고 학교별… 방식으로 수업하고 있습니다.",중학생 수학 개념과 유형별 문제풀이를 연결하고 내신 및 서술형을 준비하는 온라인 과외 찾기,핵심 고민은 “개념을 외워도 문제 유형이 바뀌면 적용하기 어렵고 같은 오답과 풀이 과정 누락이 반복됨”입니다.,"개념, 유형별 문제풀이, 학교별 내신, 서술형, 오답관리","지역과 일정에 따라 1:1 방문수업 또는 화상수업으로 진행하며, 개념 이해와 유형별 문제풀이를 연결하고 학교별 내신, 서술형, 오답관리까지 취약 단원에 맞춰 지도",문제에 맞는 개념을 선택하고 풀이 근거를 순서대로 쓰며 반복되는 실수를 줄이는 능력 향상,코칭형,middle_math
1077,https://kimstutoring.co.kr,ulleung-gun-high-math,publish,ko,경상북도,울릉군,수학,고등학생,울릉군 고등학생 수학과외,울릉군 고등학생 수학과외,"울릉군 고등학생 수학 과외 수업을 고민 중이라면 잘하는 부분과 보완할 부분을 나누어 시작합니다. 지역과 일정에 따라 1:1 방문수업 또는 화상수업으로 진행하며, 개념과 유형별 문제풀이부터 학교별 내신,… 방식으로 수업하고 있습니다.",고등학생 수학 취약단원을 보완하면서 내신과 모의고사 및 수능을 준비하는 온라인 과외 찾기,핵심 고민은 “개념 사이의 연결이 약하고 복합 문제의 접근 방법을 찾기 어려우며 취약단원에서 오답이 반복됨”입니다.,"개념, 유형별 문제풀이, 학교별 내신, 모의고사, 수능, 취약단원, 오답분석","지역과 일정에 따라 1:1 방문수업 또는 화상수업으로 진행하며, 개념과 유형별 문제풀이부터 학교별 내신, 모의고사와 수능 대비, 취약단원 및 오답분석까지 목표에 맞춰 지도",취약단원의 개념을 연결하고 문제 조건에 맞는 풀이 전략을 선택하며 오답 원인을 스스로 설명하는 능력 향상,전문형,high_math
1078,https://kimstutoring.co.kr,ulleung-gun-elementary-korean,publish,ko,경상북도,울릉군,국어,초등학생,울릉군 초등학생 국어과외,울릉군 초등학생 국어과외,"울릉군 초등학생 국어 과외 수업을 고민 중이라면 잘하는 부분과 보완할 부분을 나누어 시작합니다. 지역과 일정에 따라 1:1 방문수업 또는 화상수업으로 진행하며, 어휘와 독해를 바탕으로 글의 내용을 이해하고… 방식으로 수업하고 있습니다.",초등학생의 국어 기초와 문해력을 잡아줄 1:1 국어과외 탐색,핵심 고민은 “글을 읽어도 내용을 정확히 이해하지 못하거나 어휘력이 부족해 문제의 뜻을 파악하는 데 어려움”입니다.,"어휘, 독해, 문장 이해, 글의 중심내용 파악, 기초 문해력, 글쓰기, 학습 습관","지역과 일정에 따라 1:1 방문수업 또는 화상수업으로 진행하며, 어휘와 독해를 바탕으로 글의 내용을 이해하고 자신의 생각을 표현하는 힘을 학생의 수준과 학습 속도에 맞춰 지도","글을 읽고 핵심 내용을 파악하는 힘을 기르고, 국어뿐 아니라 다른 과목의 문제를 이해하는 데 필요한 기초 문해력과 학습 습관 형성",친근형,elementary_korean
1079,https://kimstutoring.co.kr,ulleung-gun-middle-korean,publish,ko,경상북도,울릉군,국어,중학생,울릉군 중학생 국어과외,울릉군 중학생 국어과외,"중학생 국어 과외 공부를 처음 시작한다면 울릉군에서도 기초부터 1:1로 배울 수 있습니다. 지역과 일정에 따라 1:1 방문수업 또는 화상수업으로 진행하며, 문학·비문학 독해와 문법을 기본으로 학교별… 방식으로 수업하고 있습니다.",학교 내신과 국어 기본기를 함께 준비할 1:1 중등 국어과외 탐색,"핵심 고민은 “문학과 비문학 지문을 감으로 풀거나 문법 개념이 부족하고, 학교 시험의 서술형·수행평가 대비가 어려움”입니다.","문학, 비문학, 문법, 어휘, 학교별 내신, 서술형, 수행평가, 오답관리","지역과 일정에 따라 1:1 방문수업 또는 화상수업으로 진행하며, 문학·비문학 독해와 문법을 기본으로 학교별 내신, 서술형과 수행평가까지 학생의 취약 부분에 맞춰 지도","지문을 근거로 읽고 문제를 해결하는 방법을 익히며, 부족한 영역을 파악해 내신과 고등 국어 학습에 필요한 기본기 강화",코칭형,middle_korean
1080,https://kimstutoring.co.kr,ulleung-gun-high-korean,publish,ko,경상북도,울릉군,국어,고등학생,울릉군 고등학생 국어과외,울릉군 고등학생 국어과외,"울릉군 고등학생 국어 과외 수업을 고민 중이라면 잘하는 부분과 보완할 부분을 나누어 시작합니다. 지역과 일정에 따라 1:1 방문수업 또는 화상수업으로 진행하며, 문학과 독서의 지문 분석부터 학교별 내신,… 방식으로 수업하고 있습니다.",내신과 모의고사·수능을 함께 대비할 1:1 고등 국어과외 탐색,"핵심 고민은 “긴 지문의 핵심을 빠르게 파악하기 어렵거나 문학·독서·문법 영역별 편차가 크고, 모의고사에서 시간 관리와…”입니다.","문학, 독서, 화법과 언어, 작문, 학교별 내신, 모의고사, 수능, 취약영역, 오답분석","지역과 일정에 따라 1:1 방문수업 또는 화상수업으로 진행하며, 문학과 독서의 지문 분석부터 학교별 내신, 모의고사와 수능 대비, 취약영역 및 오답분석까지 현재 실력과 목표에 맞춰 지도","지문을 분석하는 기준과 문제 접근 방법을 익히고, 취약영역과 반복되는 오답을 점검하면서 내신·모의고사·수능 학습의 방향을 구체화",전문형,high_korean
1081,https://kimstutoring.co.kr,uljin-gun-elementary-english,publish,ko,경상북도,울진군,영어,초등학생,울진군 초등학생 영어과외,울진군 초등학생 영어과외,"울진군에서 초등학생 영어 과외 실력을 늘리고 싶다면 자주 막히는 부분부터 직접 다뤄봅니다. 지역과 일정에 따라 1:1 방문수업 또는 화상수업으로 진행하며, 기초 어휘와 문장 이해, 읽기 학습을 학생의… 방식으로 수업하고 있습니다.",초등학생 수준에 맞춰 영어 기초와 꾸준한 학습 습관을 기르는 1:1 온라인 과외 찾기,핵심 고민은 “기초 어휘가 부족하고 짧은 문장의 뜻을 이해하거나 꾸준히 읽는 데 어려움이 있음”입니다.,"기초 어휘, 문장 이해, 짧은 글 읽기, 학습 습관","지역과 일정에 따라 1:1 방문수업 또는 화상수업으로 진행하며, 기초 어휘와 문장 이해, 읽기 학습을 학생의 수준과 학습 속도에 맞춰 지도",익숙한 어휘로 짧은 문장의 뜻을 파악하고 스스로 읽고 복습하는 습관 형성,친근형,elementary_english
1082,https://kimstutoring.co.kr,uljin-gun-middle-english,publish,ko,경상북도,울진군,영어,중학생,울진군 중학생 영어과외,울진군 중학생 영어과외,"중학생 영어 과외 공부를 처음 시작한다면 울진군에서도 기초부터 1:1로 배울 수 있습니다. 지역과 일정에 따라 1:1 방문수업 또는 화상수업으로 진행하며, 어휘·문법·독해를 기본으로 학교별 내신과… 방식으로 수업하고 있습니다.",중학생 영어 문법과 독해를 보완하고 학교별 내신과 서술형 및 수행평가를 준비하는 온라인 과외 찾기,핵심 고민은 “어휘와 문법을 배워도 지문에 적용하기 어렵고 서술형 답안과 수행평가 준비가 막막함”입니다.,"어휘, 문법, 독해, 학교별 내신, 서술형, 수행평가","지역과 일정에 따라 1:1 방문수업 또는 화상수업으로 진행하며, 어휘·문법·독해를 기본으로 학교별 내신과 서술형, 수행평가까지 학생의 취약 부분에 맞춰 지도",문법 근거를 설명하며 지문을 읽고 학교 평가 기준에 맞춰 답안을 작성하는 능력 향상,코칭형,middle_english
1083,https://kimstutoring.co.kr,uljin-gun-high-english,publish,ko,경상북도,울진군,영어,고등학생,울진군 고등학생 영어과외,울진군 고등학생 영어과외,"울진군에서 고등학생 영어 과외 실력을 늘리고 싶다면 자주 막히는 부분부터 직접 다뤄봅니다. 지역과 일정에 따라 1:1 방문수업 또는 화상수업으로 진행하며, 어휘·구문독해부터 학교별 내신, 모의고사와 수능… 방식으로 수업하고 있습니다.",고등학생 영어 내신과 모의고사 및 수능 준비를 현재 수준에 맞춰 병행하는 온라인 과외 찾기,핵심 고민은 “긴 문장의 구조를 파악하기 어렵고 내신과 모의고사 지문을 읽는 데 시간이 오래 걸림”입니다.,"어휘, 구문독해, 학교별 내신, 모의고사, 수능","지역과 일정에 따라 1:1 방문수업 또는 화상수업으로 진행하며, 어휘·구문독해부터 학교별 내신, 모의고사와 수능 대비까지 현재 실력과 목표에 맞춰 지도",복잡한 문장의 구조를 파악하고 지문의 근거를 바탕으로 답을 선택하는 독해 능력 향상,전문형,high_english
1084,https://kimstutoring.co.kr,uljin-gun-elementary-math,publish,ko,경상북도,울진군,수학,초등학생,울진군 초등학생 수학과외,울진군 초등학생 수학과외,"초등학생 수학 과외 공부를 처음 시작한다면 울진군에서도 기초부터 1:1로 배울 수 있습니다. 지역과 일정에 따라 1:1 방문수업 또는 화상수업으로 진행하며, 연산과 기초개념을 탄탄히 다지고 문제를 이해하는… 방식으로 수업하고 있습니다.",초등학생 수학 연산과 기초개념을 다지고 문제 이해와 풀이 습관을 기르는 온라인 과외 찾기,핵심 고민은 “계산 실수가 반복되고 문장형 문제에서 무엇을 구해야 하는지 파악하기 어려움”입니다.,"연산, 기초개념, 문제 이해, 풀이 습관","지역과 일정에 따라 1:1 방문수업 또는 화상수업으로 진행하며, 연산과 기초개념을 탄탄히 다지고 문제를 이해하는 과정과 올바른 풀이 습관을 학생 수준에 맞춰 지도",계산 과정을 점검하고 문제의 조건을 이해하며 풀이 순서를 정리하는 습관 형성,친근형,elementary_math
1085,https://kimstutoring.co.kr,uljin-gun-middle-math,publish,ko,경상북도,울진군,수학,중학생,울진군 중학생 수학과외,울진군 중학생 수학과외,"중학생 수학 과외 공부를 처음 시작한다면 울진군에서도 기초부터 1:1로 배울 수 있습니다. 지역과 일정에 따라 1:1 방문수업 또는 화상수업으로 진행하며, 개념 이해와 유형별 문제풀이를 연결하고 학교별… 방식으로 수업하고 있습니다.",중학생 수학 개념과 유형별 문제풀이를 연결하고 내신 및 서술형을 준비하는 온라인 과외 찾기,핵심 고민은 “개념을 외워도 문제 유형이 바뀌면 적용하기 어렵고 같은 오답과 풀이 과정 누락이 반복됨”입니다.,"개념, 유형별 문제풀이, 학교별 내신, 서술형, 오답관리","지역과 일정에 따라 1:1 방문수업 또는 화상수업으로 진행하며, 개념 이해와 유형별 문제풀이를 연결하고 학교별 내신, 서술형, 오답관리까지 취약 단원에 맞춰 지도",문제에 맞는 개념을 선택하고 풀이 근거를 순서대로 쓰며 반복되는 실수를 줄이는 능력 향상,코칭형,middle_math
1086,https://kimstutoring.co.kr,uljin-gun-high-math,publish,ko,경상북도,울진군,수학,고등학생,울진군 고등학생 수학과외,울진군 고등학생 수학과외,"울진군 고등학생 수학 과외 수업을 고민 중이라면 잘하는 부분과 보완할 부분을 나누어 시작합니다. 지역과 일정에 따라 1:1 방문수업 또는 화상수업으로 진행하며, 개념과 유형별 문제풀이부터 학교별 내신,… 방식으로 수업하고 있습니다.",고등학생 수학 취약단원을 보완하면서 내신과 모의고사 및 수능을 준비하는 온라인 과외 찾기,핵심 고민은 “개념 사이의 연결이 약하고 복합 문제의 접근 방법을 찾기 어려우며 취약단원에서 오답이 반복됨”입니다.,"개념, 유형별 문제풀이, 학교별 내신, 모의고사, 수능, 취약단원, 오답분석","지역과 일정에 따라 1:1 방문수업 또는 화상수업으로 진행하며, 개념과 유형별 문제풀이부터 학교별 내신, 모의고사와 수능 대비, 취약단원 및 오답분석까지 목표에 맞춰 지도",취약단원의 개념을 연결하고 문제 조건에 맞는 풀이 전략을 선택하며 오답 원인을 스스로 설명하는 능력 향상,전문형,high_math
1087,https://kimstutoring.co.kr,uljin-gun-elementary-korean,publish,ko,경상북도,울진군,국어,초등학생,울진군 초등학생 국어과외,울진군 초등학생 국어과외,"울진군 초등학생 국어 과외 수업을 고민 중이라면 잘하는 부분과 보완할 부분을 나누어 시작합니다. 지역과 일정에 따라 1:1 방문수업 또는 화상수업으로 진행하며, 어휘와 독해를 바탕으로 글의 내용을 이해하고… 방식으로 수업하고 있습니다.",초등학생의 국어 기초와 문해력을 잡아줄 1:1 국어과외 탐색,핵심 고민은 “글을 읽어도 내용을 정확히 이해하지 못하거나 어휘력이 부족해 문제의 뜻을 파악하는 데 어려움”입니다.,"어휘, 독해, 문장 이해, 글의 중심내용 파악, 기초 문해력, 글쓰기, 학습 습관","지역과 일정에 따라 1:1 방문수업 또는 화상수업으로 진행하며, 어휘와 독해를 바탕으로 글의 내용을 이해하고 자신의 생각을 표현하는 힘을 학생의 수준과 학습 속도에 맞춰 지도","글을 읽고 핵심 내용을 파악하는 힘을 기르고, 국어뿐 아니라 다른 과목의 문제를 이해하는 데 필요한 기초 문해력과 학습 습관 형성",친근형,elementary_korean
1088,https://kimstutoring.co.kr,uljin-gun-middle-korean,publish,ko,경상북도,울진군,국어,중학생,울진군 중학생 국어과외,울진군 중학생 국어과외,"중학생 국어 과외 공부를 처음 시작한다면 울진군에서도 기초부터 1:1로 배울 수 있습니다. 지역과 일정에 따라 1:1 방문수업 또는 화상수업으로 진행하며, 문학·비문학 독해와 문법을 기본으로 학교별… 방식으로 수업하고 있습니다.",학교 내신과 국어 기본기를 함께 준비할 1:1 중등 국어과외 탐색,"핵심 고민은 “문학과 비문학 지문을 감으로 풀거나 문법 개념이 부족하고, 학교 시험의 서술형·수행평가 대비가 어려움”입니다.","문학, 비문학, 문법, 어휘, 학교별 내신, 서술형, 수행평가, 오답관리","지역과 일정에 따라 1:1 방문수업 또는 화상수업으로 진행하며, 문학·비문학 독해와 문법을 기본으로 학교별 내신, 서술형과 수행평가까지 학생의 취약 부분에 맞춰 지도","지문을 근거로 읽고 문제를 해결하는 방법을 익히며, 부족한 영역을 파악해 내신과 고등 국어 학습에 필요한 기본기 강화",코칭형,middle_korean
1089,https://kimstutoring.co.kr,uljin-gun-high-korean,publish,ko,경상북도,울진군,국어,고등학생,울진군 고등학생 국어과외,울진군 고등학생 국어과외,"울진군 고등학생 국어 과외 수업을 고민 중이라면 잘하는 부분과 보완할 부분을 나누어 시작합니다. 지역과 일정에 따라 1:1 방문수업 또는 화상수업으로 진행하며, 문학과 독서의 지문 분석부터 학교별 내신,… 방식으로 수업하고 있습니다.",내신과 모의고사·수능을 함께 대비할 1:1 고등 국어과외 탐색,"핵심 고민은 “긴 지문의 핵심을 빠르게 파악하기 어렵거나 문학·독서·문법 영역별 편차가 크고, 모의고사에서 시간 관리와…”입니다.","문학, 독서, 화법과 언어, 작문, 학교별 내신, 모의고사, 수능, 취약영역, 오답분석","지역과 일정에 따라 1:1 방문수업 또는 화상수업으로 진행하며, 문학과 독서의 지문 분석부터 학교별 내신, 모의고사와 수능 대비, 취약영역 및 오답분석까지 현재 실력과 목표에 맞춰 지도","지문을 분석하는 기준과 문제 접근 방법을 익히고, 취약영역과 반복되는 오답을 점검하면서 내신·모의고사·수능 학습의 방향을 구체화",전문형,high_korean
1090,https://kimstutoring.co.kr,uiseong-gun-elementary-english,publish,ko,경상북도,의성군,영어,초등학생,의성군 초등학생 영어과외,의성군 초등학생 영어과외,"초등학생 영어 과외 공부를 처음 시작한다면 의성군에서도 기초부터 1:1로 배울 수 있습니다. 지역과 일정에 따라 1:1 방문수업 또는 화상수업으로 진행하며, 기초 어휘와 문장 이해, 읽기 학습을 학생의… 방식으로 수업하고 있습니다.",초등학생 수준에 맞춰 영어 기초와 꾸준한 학습 습관을 기르는 1:1 온라인 과외 찾기,핵심 고민은 “기초 어휘가 부족하고 짧은 문장의 뜻을 이해하거나 꾸준히 읽는 데 어려움이 있음”입니다.,"기초 어휘, 문장 이해, 짧은 글 읽기, 학습 습관","지역과 일정에 따라 1:1 방문수업 또는 화상수업으로 진행하며, 기초 어휘와 문장 이해, 읽기 학습을 학생의 수준과 학습 속도에 맞춰 지도",익숙한 어휘로 짧은 문장의 뜻을 파악하고 스스로 읽고 복습하는 습관 형성,친근형,elementary_english
1091,https://kimstutoring.co.kr,uiseong-gun-middle-english,publish,ko,경상북도,의성군,영어,중학생,의성군 중학생 영어과외,의성군 중학생 영어과외,"중학생 영어 과외 때문에 고민이 있다면 의성군 수업에서 지금 필요한 연습부터 함께 해볼 수 있습니다. 지역과 일정에 따라 1:1 방문수업 또는 화상수업으로 진행하며, 어휘·문법·독해를 기본으로 학교별 내신과… 방식으로 수업하고 있습니다.",중학생 영어 문법과 독해를 보완하고 학교별 내신과 서술형 및 수행평가를 준비하는 온라인 과외 찾기,핵심 고민은 “어휘와 문법을 배워도 지문에 적용하기 어렵고 서술형 답안과 수행평가 준비가 막막함”입니다.,"어휘, 문법, 독해, 학교별 내신, 서술형, 수행평가","지역과 일정에 따라 1:1 방문수업 또는 화상수업으로 진행하며, 어휘·문법·독해를 기본으로 학교별 내신과 서술형, 수행평가까지 학생의 취약 부분에 맞춰 지도",문법 근거를 설명하며 지문을 읽고 학교 평가 기준에 맞춰 답안을 작성하는 능력 향상,코칭형,middle_english
1092,https://kimstutoring.co.kr,uiseong-gun-high-english,publish,ko,경상북도,의성군,영어,고등학생,의성군 고등학생 영어과외,의성군 고등학생 영어과외,"고등학생 영어 과외 공부를 처음 시작한다면 의성군에서도 기초부터 1:1로 배울 수 있습니다. 지역과 일정에 따라 1:1 방문수업 또는 화상수업으로 진행하며, 어휘·구문독해부터 학교별 내신, 모의고사와 수능… 방식으로 수업하고 있습니다.",고등학생 영어 내신과 모의고사 및 수능 준비를 현재 수준에 맞춰 병행하는 온라인 과외 찾기,핵심 고민은 “긴 문장의 구조를 파악하기 어렵고 내신과 모의고사 지문을 읽는 데 시간이 오래 걸림”입니다.,"어휘, 구문독해, 학교별 내신, 모의고사, 수능","지역과 일정에 따라 1:1 방문수업 또는 화상수업으로 진행하며, 어휘·구문독해부터 학교별 내신, 모의고사와 수능 대비까지 현재 실력과 목표에 맞춰 지도",복잡한 문장의 구조를 파악하고 지문의 근거를 바탕으로 답을 선택하는 독해 능력 향상,전문형,high_english
1093,https://kimstutoring.co.kr,uiseong-gun-elementary-math,publish,ko,경상북도,의성군,수학,초등학생,의성군 초등학생 수학과외,의성군 초등학생 수학과외,"초등학생 수학 과외 때문에 고민이 있다면 의성군 수업에서 지금 필요한 연습부터 함께 해볼 수 있습니다. 지역과 일정에 따라 1:1 방문수업 또는 화상수업으로 진행하며, 연산과 기초개념을 탄탄히 다지고 문제를 이해하는… 방식으로 수업하고 있습니다.",초등학생 수학 연산과 기초개념을 다지고 문제 이해와 풀이 습관을 기르는 온라인 과외 찾기,핵심 고민은 “계산 실수가 반복되고 문장형 문제에서 무엇을 구해야 하는지 파악하기 어려움”입니다.,"연산, 기초개념, 문제 이해, 풀이 습관","지역과 일정에 따라 1:1 방문수업 또는 화상수업으로 진행하며, 연산과 기초개념을 탄탄히 다지고 문제를 이해하는 과정과 올바른 풀이 습관을 학생 수준에 맞춰 지도",계산 과정을 점검하고 문제의 조건을 이해하며 풀이 순서를 정리하는 습관 형성,친근형,elementary_math
1094,https://kimstutoring.co.kr,uiseong-gun-middle-math,publish,ko,경상북도,의성군,수학,중학생,의성군 중학생 수학과외,의성군 중학생 수학과외,"중학생 수학 과외 때문에 고민이 있다면 의성군 수업에서 지금 필요한 연습부터 함께 해볼 수 있습니다. 지역과 일정에 따라 1:1 방문수업 또는 화상수업으로 진행하며, 개념 이해와 유형별 문제풀이를 연결하고 학교별… 방식으로 수업하고 있습니다.",중학생 수학 개념과 유형별 문제풀이를 연결하고 내신 및 서술형을 준비하는 온라인 과외 찾기,핵심 고민은 “개념을 외워도 문제 유형이 바뀌면 적용하기 어렵고 같은 오답과 풀이 과정 누락이 반복됨”입니다.,"개념, 유형별 문제풀이, 학교별 내신, 서술형, 오답관리","지역과 일정에 따라 1:1 방문수업 또는 화상수업으로 진행하며, 개념 이해와 유형별 문제풀이를 연결하고 학교별 내신, 서술형, 오답관리까지 취약 단원에 맞춰 지도",문제에 맞는 개념을 선택하고 풀이 근거를 순서대로 쓰며 반복되는 실수를 줄이는 능력 향상,코칭형,middle_math
1095,https://kimstutoring.co.kr,uiseong-gun-high-math,publish,ko,경상북도,의성군,수학,고등학생,의성군 고등학생 수학과외,의성군 고등학생 수학과외,"의성군에서 고등학생 수학 과외 실력을 늘리고 싶다면 자주 막히는 부분부터 직접 다뤄봅니다. 지역과 일정에 따라 1:1 방문수업 또는 화상수업으로 진행하며, 개념과 유형별 문제풀이부터 학교별 내신,… 방식으로 수업하고 있습니다.",고등학생 수학 취약단원을 보완하면서 내신과 모의고사 및 수능을 준비하는 온라인 과외 찾기,핵심 고민은 “개념 사이의 연결이 약하고 복합 문제의 접근 방법을 찾기 어려우며 취약단원에서 오답이 반복됨”입니다.,"개념, 유형별 문제풀이, 학교별 내신, 모의고사, 수능, 취약단원, 오답분석","지역과 일정에 따라 1:1 방문수업 또는 화상수업으로 진행하며, 개념과 유형별 문제풀이부터 학교별 내신, 모의고사와 수능 대비, 취약단원 및 오답분석까지 목표에 맞춰 지도",취약단원의 개념을 연결하고 문제 조건에 맞는 풀이 전략을 선택하며 오답 원인을 스스로 설명하는 능력 향상,전문형,high_math
1096,https://kimstutoring.co.kr,uiseong-gun-elementary-korean,publish,ko,경상북도,의성군,국어,초등학생,의성군 초등학생 국어과외,의성군 초등학생 국어과외,"의성군에서 초등학생 국어 과외 실력을 늘리고 싶다면 자주 막히는 부분부터 직접 다뤄봅니다. 지역과 일정에 따라 1:1 방문수업 또는 화상수업으로 진행하며, 어휘와 독해를 바탕으로 글의 내용을 이해하고… 방식으로 수업하고 있습니다.",초등학생의 국어 기초와 문해력을 잡아줄 1:1 국어과외 탐색,핵심 고민은 “글을 읽어도 내용을 정확히 이해하지 못하거나 어휘력이 부족해 문제의 뜻을 파악하는 데 어려움”입니다.,"어휘, 독해, 문장 이해, 글의 중심내용 파악, 기초 문해력, 글쓰기, 학습 습관","지역과 일정에 따라 1:1 방문수업 또는 화상수업으로 진행하며, 어휘와 독해를 바탕으로 글의 내용을 이해하고 자신의 생각을 표현하는 힘을 학생의 수준과 학습 속도에 맞춰 지도","글을 읽고 핵심 내용을 파악하는 힘을 기르고, 국어뿐 아니라 다른 과목의 문제를 이해하는 데 필요한 기초 문해력과 학습 습관 형성",친근형,elementary_korean
1097,https://kimstutoring.co.kr,uiseong-gun-middle-korean,publish,ko,경상북도,의성군,국어,중학생,의성군 중학생 국어과외,의성군 중학생 국어과외,"중학생 국어 과외 때문에 고민이 있다면 의성군 수업에서 지금 필요한 연습부터 함께 해볼 수 있습니다. 지역과 일정에 따라 1:1 방문수업 또는 화상수업으로 진행하며, 문학·비문학 독해와 문법을 기본으로 학교별… 방식으로 수업하고 있습니다.",학교 내신과 국어 기본기를 함께 준비할 1:1 중등 국어과외 탐색,"핵심 고민은 “문학과 비문학 지문을 감으로 풀거나 문법 개념이 부족하고, 학교 시험의 서술형·수행평가 대비가 어려움”입니다.","문학, 비문학, 문법, 어휘, 학교별 내신, 서술형, 수행평가, 오답관리","지역과 일정에 따라 1:1 방문수업 또는 화상수업으로 진행하며, 문학·비문학 독해와 문법을 기본으로 학교별 내신, 서술형과 수행평가까지 학생의 취약 부분에 맞춰 지도","지문을 근거로 읽고 문제를 해결하는 방법을 익히며, 부족한 영역을 파악해 내신과 고등 국어 학습에 필요한 기본기 강화",코칭형,middle_korean
1098,https://kimstutoring.co.kr,uiseong-gun-high-korean,publish,ko,경상북도,의성군,국어,고등학생,의성군 고등학생 국어과외,의성군 고등학생 국어과외,"의성군에서 고등학생 국어 과외 실력을 늘리고 싶다면 자주 막히는 부분부터 직접 다뤄봅니다. 지역과 일정에 따라 1:1 방문수업 또는 화상수업으로 진행하며, 문학과 독서의 지문 분석부터 학교별 내신,… 방식으로 수업하고 있습니다.",내신과 모의고사·수능을 함께 대비할 1:1 고등 국어과외 탐색,"핵심 고민은 “긴 지문의 핵심을 빠르게 파악하기 어렵거나 문학·독서·문법 영역별 편차가 크고, 모의고사에서 시간 관리와…”입니다.","문학, 독서, 화법과 언어, 작문, 학교별 내신, 모의고사, 수능, 취약영역, 오답분석","지역과 일정에 따라 1:1 방문수업 또는 화상수업으로 진행하며, 문학과 독서의 지문 분석부터 학교별 내신, 모의고사와 수능 대비, 취약영역 및 오답분석까지 현재 실력과 목표에 맞춰 지도","지문을 분석하는 기준과 문제 접근 방법을 익히고, 취약영역과 반복되는 오답을 점검하면서 내신·모의고사·수능 학습의 방향을 구체화",전문형,high_korean
1099,https://kimstutoring.co.kr,cheongdo-gun-elementary-english,publish,ko,경상북도,청도군,영어,초등학생,청도군 초등학생 영어과외,청도군 초등학생 영어과외,"청도군 초등학생 영어 과외 수업은 정해진 진도보다 현재 실력과 배우는 이유를 중요하게 봅니다. 지역과 일정에 따라 1:1 방문수업 또는 화상수업으로 진행하며, 기초 어휘와 문장 이해, 읽기 학습을 학생의… 방식으로 수업하고 있습니다.",초등학생 수준에 맞춰 영어 기초와 꾸준한 학습 습관을 기르는 1:1 온라인 과외 찾기,핵심 고민은 “기초 어휘가 부족하고 짧은 문장의 뜻을 이해하거나 꾸준히 읽는 데 어려움이 있음”입니다.,"기초 어휘, 문장 이해, 짧은 글 읽기, 학습 습관","지역과 일정에 따라 1:1 방문수업 또는 화상수업으로 진행하며, 기초 어휘와 문장 이해, 읽기 학습을 학생의 수준과 학습 속도에 맞춰 지도",익숙한 어휘로 짧은 문장의 뜻을 파악하고 스스로 읽고 복습하는 습관 형성,친근형,elementary_english
1100,https://kimstutoring.co.kr,cheongdo-gun-middle-english,publish,ko,경상북도,청도군,영어,중학생,청도군 중학생 영어과외,청도군 중학생 영어과외,"중학생 영어 과외 공부를 다시 시작하려는 분께 청도군 1:1 수업이 맞는 출발점을 찾아드립니다. 지역과 일정에 따라 1:1 방문수업 또는 화상수업으로 진행하며, 어휘·문법·독해를 기본으로 학교별 내신과… 방식으로 수업하고 있습니다.",중학생 영어 문법과 독해를 보완하고 학교별 내신과 서술형 및 수행평가를 준비하는 온라인 과외 찾기,핵심 고민은 “어휘와 문법을 배워도 지문에 적용하기 어렵고 서술형 답안과 수행평가 준비가 막막함”입니다.,"어휘, 문법, 독해, 학교별 내신, 서술형, 수행평가","지역과 일정에 따라 1:1 방문수업 또는 화상수업으로 진행하며, 어휘·문법·독해를 기본으로 학교별 내신과 서술형, 수행평가까지 학생의 취약 부분에 맞춰 지도",문법 근거를 설명하며 지문을 읽고 학교 평가 기준에 맞춰 답안을 작성하는 능력 향상,코칭형,middle_english
1101,https://kimstutoring.co.kr,cheongdo-gun-high-english,publish,ko,경상북도,청도군,영어,고등학생,청도군 고등학생 영어과외,청도군 고등학생 영어과외,"청도군에서 배우는 고등학생 영어 과외, 실제로 쓰려는 상황에 맞춰 수업 내용을 정합니다. 지역과 일정에 따라 1:1 방문수업 또는 화상수업으로 진행하며, 어휘·구문독해부터 학교별 내신, 모의고사와 수능… 방식으로 수업하고 있습니다.",고등학생 영어 내신과 모의고사 및 수능 준비를 현재 수준에 맞춰 병행하는 온라인 과외 찾기,핵심 고민은 “긴 문장의 구조를 파악하기 어렵고 내신과 모의고사 지문을 읽는 데 시간이 오래 걸림”입니다.,"어휘, 구문독해, 학교별 내신, 모의고사, 수능","지역과 일정에 따라 1:1 방문수업 또는 화상수업으로 진행하며, 어휘·구문독해부터 학교별 내신, 모의고사와 수능 대비까지 현재 실력과 목표에 맞춰 지도",복잡한 문장의 구조를 파악하고 지문의 근거를 바탕으로 답을 선택하는 독해 능력 향상,전문형,high_english
1102,https://kimstutoring.co.kr,cheongdo-gun-elementary-math,publish,ko,경상북도,청도군,수학,초등학생,청도군 초등학생 수학과외,청도군 초등학생 수학과외,"초등학생 수학 과외 공부를 다시 시작하려는 분께 청도군 1:1 수업이 맞는 출발점을 찾아드립니다. 지역과 일정에 따라 1:1 방문수업 또는 화상수업으로 진행하며, 연산과 기초개념을 탄탄히 다지고 문제를 이해하는… 방식으로 수업하고 있습니다.",초등학생 수학 연산과 기초개념을 다지고 문제 이해와 풀이 습관을 기르는 온라인 과외 찾기,핵심 고민은 “계산 실수가 반복되고 문장형 문제에서 무엇을 구해야 하는지 파악하기 어려움”입니다.,"연산, 기초개념, 문제 이해, 풀이 습관","지역과 일정에 따라 1:1 방문수업 또는 화상수업으로 진행하며, 연산과 기초개념을 탄탄히 다지고 문제를 이해하는 과정과 올바른 풀이 습관을 학생 수준에 맞춰 지도",계산 과정을 점검하고 문제의 조건을 이해하며 풀이 순서를 정리하는 습관 형성,친근형,elementary_math
1103,https://kimstutoring.co.kr,cheongdo-gun-middle-math,publish,ko,경상북도,청도군,수학,중학생,청도군 중학생 수학과외,청도군 중학생 수학과외,"중학생 수학 과외 공부를 다시 시작하려는 분께 청도군 1:1 수업이 맞는 출발점을 찾아드립니다. 지역과 일정에 따라 1:1 방문수업 또는 화상수업으로 진행하며, 개념 이해와 유형별 문제풀이를 연결하고 학교별… 방식으로 수업하고 있습니다.",중학생 수학 개념과 유형별 문제풀이를 연결하고 내신 및 서술형을 준비하는 온라인 과외 찾기,핵심 고민은 “개념을 외워도 문제 유형이 바뀌면 적용하기 어렵고 같은 오답과 풀이 과정 누락이 반복됨”입니다.,"개념, 유형별 문제풀이, 학교별 내신, 서술형, 오답관리","지역과 일정에 따라 1:1 방문수업 또는 화상수업으로 진행하며, 개념 이해와 유형별 문제풀이를 연결하고 학교별 내신, 서술형, 오답관리까지 취약 단원에 맞춰 지도",문제에 맞는 개념을 선택하고 풀이 근거를 순서대로 쓰며 반복되는 실수를 줄이는 능력 향상,코칭형,middle_math
1104,https://kimstutoring.co.kr,cheongdo-gun-high-math,publish,ko,경상북도,청도군,수학,고등학생,청도군 고등학생 수학과외,청도군 고등학생 수학과외,"청도군에서 고등학생 수학 과외 수업을 찾고 계신다면 지금 필요한 내용부터 시작할 수 있습니다. 지역과 일정에 따라 1:1 방문수업 또는 화상수업으로 진행하며, 개념과 유형별 문제풀이부터 학교별 내신,… 방식으로 수업하고 있습니다.",고등학생 수학 취약단원을 보완하면서 내신과 모의고사 및 수능을 준비하는 온라인 과외 찾기,핵심 고민은 “개념 사이의 연결이 약하고 복합 문제의 접근 방법을 찾기 어려우며 취약단원에서 오답이 반복됨”입니다.,"개념, 유형별 문제풀이, 학교별 내신, 모의고사, 수능, 취약단원, 오답분석","지역과 일정에 따라 1:1 방문수업 또는 화상수업으로 진행하며, 개념과 유형별 문제풀이부터 학교별 내신, 모의고사와 수능 대비, 취약단원 및 오답분석까지 목표에 맞춰 지도",취약단원의 개념을 연결하고 문제 조건에 맞는 풀이 전략을 선택하며 오답 원인을 스스로 설명하는 능력 향상,전문형,high_math
1105,https://kimstutoring.co.kr,cheongdo-gun-elementary-korean,publish,ko,경상북도,청도군,국어,초등학생,청도군 초등학생 국어과외,청도군 초등학생 국어과외,"청도군에서 초등학생 국어 과외 수업을 찾고 계신다면 지금 필요한 내용부터 시작할 수 있습니다. 지역과 일정에 따라 1:1 방문수업 또는 화상수업으로 진행하며, 어휘와 독해를 바탕으로 글의 내용을 이해하고… 방식으로 수업하고 있습니다.",초등학생의 국어 기초와 문해력을 잡아줄 1:1 국어과외 탐색,핵심 고민은 “글을 읽어도 내용을 정확히 이해하지 못하거나 어휘력이 부족해 문제의 뜻을 파악하는 데 어려움”입니다.,"어휘, 독해, 문장 이해, 글의 중심내용 파악, 기초 문해력, 글쓰기, 학습 습관","지역과 일정에 따라 1:1 방문수업 또는 화상수업으로 진행하며, 어휘와 독해를 바탕으로 글의 내용을 이해하고 자신의 생각을 표현하는 힘을 학생의 수준과 학습 속도에 맞춰 지도","글을 읽고 핵심 내용을 파악하는 힘을 기르고, 국어뿐 아니라 다른 과목의 문제를 이해하는 데 필요한 기초 문해력과 학습 습관 형성",친근형,elementary_korean
1106,https://kimstutoring.co.kr,cheongdo-gun-middle-korean,publish,ko,경상북도,청도군,국어,중학생,청도군 중학생 국어과외,청도군 중학생 국어과외,"중학생 국어 과외 공부를 다시 시작하려는 분께 청도군 1:1 수업이 맞는 출발점을 찾아드립니다. 지역과 일정에 따라 1:1 방문수업 또는 화상수업으로 진행하며, 문학·비문학 독해와 문법을 기본으로 학교별… 방식으로 수업하고 있습니다.",학교 내신과 국어 기본기를 함께 준비할 1:1 중등 국어과외 탐색,"핵심 고민은 “문학과 비문학 지문을 감으로 풀거나 문법 개념이 부족하고, 학교 시험의 서술형·수행평가 대비가 어려움”입니다.","문학, 비문학, 문법, 어휘, 학교별 내신, 서술형, 수행평가, 오답관리","지역과 일정에 따라 1:1 방문수업 또는 화상수업으로 진행하며, 문학·비문학 독해와 문법을 기본으로 학교별 내신, 서술형과 수행평가까지 학생의 취약 부분에 맞춰 지도","지문을 근거로 읽고 문제를 해결하는 방법을 익히며, 부족한 영역을 파악해 내신과 고등 국어 학습에 필요한 기본기 강화",코칭형,middle_korean
1107,https://kimstutoring.co.kr,cheongdo-gun-high-korean,publish,ko,경상북도,청도군,국어,고등학생,청도군 고등학생 국어과외,청도군 고등학생 국어과외,"청도군에서 고등학생 국어 과외 수업을 찾고 계신다면 지금 필요한 내용부터 시작할 수 있습니다. 지역과 일정에 따라 1:1 방문수업 또는 화상수업으로 진행하며, 문학과 독서의 지문 분석부터 학교별 내신,… 방식으로 수업하고 있습니다.",내신과 모의고사·수능을 함께 대비할 1:1 고등 국어과외 탐색,"핵심 고민은 “긴 지문의 핵심을 빠르게 파악하기 어렵거나 문학·독서·문법 영역별 편차가 크고, 모의고사에서 시간 관리와…”입니다.","문학, 독서, 화법과 언어, 작문, 학교별 내신, 모의고사, 수능, 취약영역, 오답분석","지역과 일정에 따라 1:1 방문수업 또는 화상수업으로 진행하며, 문학과 독서의 지문 분석부터 학교별 내신, 모의고사와 수능 대비, 취약영역 및 오답분석까지 현재 실력과 목표에 맞춰 지도","지문을 분석하는 기준과 문제 접근 방법을 익히고, 취약영역과 반복되는 오답을 점검하면서 내신·모의고사·수능 학습의 방향을 구체화",전문형,high_korean
1108,https://kimstutoring.co.kr,cheongsong-gun-elementary-english,publish,ko,경상북도,청송군,영어,초등학생,청송군 초등학생 영어과외,청송군 초등학생 영어과외,"청송군 초등학생 영어 과외 수업은 정해진 진도보다 현재 실력과 배우는 이유를 중요하게 봅니다. 지역과 일정에 따라 1:1 방문수업 또는 화상수업으로 진행하며, 기초 어휘와 문장 이해, 읽기 학습을 학생의… 방식으로 수업하고 있습니다.",초등학생 수준에 맞춰 영어 기초와 꾸준한 학습 습관을 기르는 1:1 온라인 과외 찾기,핵심 고민은 “기초 어휘가 부족하고 짧은 문장의 뜻을 이해하거나 꾸준히 읽는 데 어려움이 있음”입니다.,"기초 어휘, 문장 이해, 짧은 글 읽기, 학습 습관","지역과 일정에 따라 1:1 방문수업 또는 화상수업으로 진행하며, 기초 어휘와 문장 이해, 읽기 학습을 학생의 수준과 학습 속도에 맞춰 지도",익숙한 어휘로 짧은 문장의 뜻을 파악하고 스스로 읽고 복습하는 습관 형성,친근형,elementary_english
1109,https://kimstutoring.co.kr,cheongsong-gun-middle-english,publish,ko,경상북도,청송군,영어,중학생,청송군 중학생 영어과외,청송군 중학생 영어과외,"중학생 영어 과외 공부를 다시 시작하려는 분께 청송군 1:1 수업이 맞는 출발점을 찾아드립니다. 지역과 일정에 따라 1:1 방문수업 또는 화상수업으로 진행하며, 어휘·문법·독해를 기본으로 학교별 내신과… 방식으로 수업하고 있습니다.",중학생 영어 문법과 독해를 보완하고 학교별 내신과 서술형 및 수행평가를 준비하는 온라인 과외 찾기,핵심 고민은 “어휘와 문법을 배워도 지문에 적용하기 어렵고 서술형 답안과 수행평가 준비가 막막함”입니다.,"어휘, 문법, 독해, 학교별 내신, 서술형, 수행평가","지역과 일정에 따라 1:1 방문수업 또는 화상수업으로 진행하며, 어휘·문법·독해를 기본으로 학교별 내신과 서술형, 수행평가까지 학생의 취약 부분에 맞춰 지도",문법 근거를 설명하며 지문을 읽고 학교 평가 기준에 맞춰 답안을 작성하는 능력 향상,코칭형,middle_english
1110,https://kimstutoring.co.kr,cheongsong-gun-high-english,publish,ko,경상북도,청송군,영어,고등학생,청송군 고등학생 영어과외,청송군 고등학생 영어과외,"청송군에서 배우는 고등학생 영어 과외, 실제로 쓰려는 상황에 맞춰 수업 내용을 정합니다. 지역과 일정에 따라 1:1 방문수업 또는 화상수업으로 진행하며, 어휘·구문독해부터 학교별 내신, 모의고사와 수능… 방식으로 수업하고 있습니다.",고등학생 영어 내신과 모의고사 및 수능 준비를 현재 수준에 맞춰 병행하는 온라인 과외 찾기,핵심 고민은 “긴 문장의 구조를 파악하기 어렵고 내신과 모의고사 지문을 읽는 데 시간이 오래 걸림”입니다.,"어휘, 구문독해, 학교별 내신, 모의고사, 수능","지역과 일정에 따라 1:1 방문수업 또는 화상수업으로 진행하며, 어휘·구문독해부터 학교별 내신, 모의고사와 수능 대비까지 현재 실력과 목표에 맞춰 지도",복잡한 문장의 구조를 파악하고 지문의 근거를 바탕으로 답을 선택하는 독해 능력 향상,전문형,high_english
1111,https://kimstutoring.co.kr,cheongsong-gun-elementary-math,publish,ko,경상북도,청송군,수학,초등학생,청송군 초등학생 수학과외,청송군 초등학생 수학과외,"초등학생 수학 과외 공부를 다시 시작하려는 분께 청송군 1:1 수업이 맞는 출발점을 찾아드립니다. 지역과 일정에 따라 1:1 방문수업 또는 화상수업으로 진행하며, 연산과 기초개념을 탄탄히 다지고 문제를 이해하는… 방식으로 수업하고 있습니다.",초등학생 수학 연산과 기초개념을 다지고 문제 이해와 풀이 습관을 기르는 온라인 과외 찾기,핵심 고민은 “계산 실수가 반복되고 문장형 문제에서 무엇을 구해야 하는지 파악하기 어려움”입니다.,"연산, 기초개념, 문제 이해, 풀이 습관","지역과 일정에 따라 1:1 방문수업 또는 화상수업으로 진행하며, 연산과 기초개념을 탄탄히 다지고 문제를 이해하는 과정과 올바른 풀이 습관을 학생 수준에 맞춰 지도",계산 과정을 점검하고 문제의 조건을 이해하며 풀이 순서를 정리하는 습관 형성,친근형,elementary_math
1112,https://kimstutoring.co.kr,cheongsong-gun-middle-math,publish,ko,경상북도,청송군,수학,중학생,청송군 중학생 수학과외,청송군 중학생 수학과외,"중학생 수학 과외 공부를 다시 시작하려는 분께 청송군 1:1 수업이 맞는 출발점을 찾아드립니다. 지역과 일정에 따라 1:1 방문수업 또는 화상수업으로 진행하며, 개념 이해와 유형별 문제풀이를 연결하고 학교별… 방식으로 수업하고 있습니다.",중학생 수학 개념과 유형별 문제풀이를 연결하고 내신 및 서술형을 준비하는 온라인 과외 찾기,핵심 고민은 “개념을 외워도 문제 유형이 바뀌면 적용하기 어렵고 같은 오답과 풀이 과정 누락이 반복됨”입니다.,"개념, 유형별 문제풀이, 학교별 내신, 서술형, 오답관리","지역과 일정에 따라 1:1 방문수업 또는 화상수업으로 진행하며, 개념 이해와 유형별 문제풀이를 연결하고 학교별 내신, 서술형, 오답관리까지 취약 단원에 맞춰 지도",문제에 맞는 개념을 선택하고 풀이 근거를 순서대로 쓰며 반복되는 실수를 줄이는 능력 향상,코칭형,middle_math
1113,https://kimstutoring.co.kr,cheongsong-gun-high-math,publish,ko,경상북도,청송군,수학,고등학생,청송군 고등학생 수학과외,청송군 고등학생 수학과외,"청송군에서 고등학생 수학 과외 수업을 찾고 계신다면 지금 필요한 내용부터 시작할 수 있습니다. 지역과 일정에 따라 1:1 방문수업 또는 화상수업으로 진행하며, 개념과 유형별 문제풀이부터 학교별 내신,… 방식으로 수업하고 있습니다.",고등학생 수학 취약단원을 보완하면서 내신과 모의고사 및 수능을 준비하는 온라인 과외 찾기,핵심 고민은 “개념 사이의 연결이 약하고 복합 문제의 접근 방법을 찾기 어려우며 취약단원에서 오답이 반복됨”입니다.,"개념, 유형별 문제풀이, 학교별 내신, 모의고사, 수능, 취약단원, 오답분석","지역과 일정에 따라 1:1 방문수업 또는 화상수업으로 진행하며, 개념과 유형별 문제풀이부터 학교별 내신, 모의고사와 수능 대비, 취약단원 및 오답분석까지 목표에 맞춰 지도",취약단원의 개념을 연결하고 문제 조건에 맞는 풀이 전략을 선택하며 오답 원인을 스스로 설명하는 능력 향상,전문형,high_math
1114,https://kimstutoring.co.kr,cheongsong-gun-elementary-korean,publish,ko,경상북도,청송군,국어,초등학생,청송군 초등학생 국어과외,청송군 초등학생 국어과외,"청송군에서 초등학생 국어 과외 수업을 찾고 계신다면 지금 필요한 내용부터 시작할 수 있습니다. 지역과 일정에 따라 1:1 방문수업 또는 화상수업으로 진행하며, 어휘와 독해를 바탕으로 글의 내용을 이해하고… 방식으로 수업하고 있습니다.",초등학생의 국어 기초와 문해력을 잡아줄 1:1 국어과외 탐색,핵심 고민은 “글을 읽어도 내용을 정확히 이해하지 못하거나 어휘력이 부족해 문제의 뜻을 파악하는 데 어려움”입니다.,"어휘, 독해, 문장 이해, 글의 중심내용 파악, 기초 문해력, 글쓰기, 학습 습관","지역과 일정에 따라 1:1 방문수업 또는 화상수업으로 진행하며, 어휘와 독해를 바탕으로 글의 내용을 이해하고 자신의 생각을 표현하는 힘을 학생의 수준과 학습 속도에 맞춰 지도","글을 읽고 핵심 내용을 파악하는 힘을 기르고, 국어뿐 아니라 다른 과목의 문제를 이해하는 데 필요한 기초 문해력과 학습 습관 형성",친근형,elementary_korean
1115,https://kimstutoring.co.kr,cheongsong-gun-middle-korean,publish,ko,경상북도,청송군,국어,중학생,청송군 중학생 국어과외,청송군 중학생 국어과외,"중학생 국어 과외 공부를 다시 시작하려는 분께 청송군 1:1 수업이 맞는 출발점을 찾아드립니다. 지역과 일정에 따라 1:1 방문수업 또는 화상수업으로 진행하며, 문학·비문학 독해와 문법을 기본으로 학교별… 방식으로 수업하고 있습니다.",학교 내신과 국어 기본기를 함께 준비할 1:1 중등 국어과외 탐색,"핵심 고민은 “문학과 비문학 지문을 감으로 풀거나 문법 개념이 부족하고, 학교 시험의 서술형·수행평가 대비가 어려움”입니다.","문학, 비문학, 문법, 어휘, 학교별 내신, 서술형, 수행평가, 오답관리","지역과 일정에 따라 1:1 방문수업 또는 화상수업으로 진행하며, 문학·비문학 독해와 문법을 기본으로 학교별 내신, 서술형과 수행평가까지 학생의 취약 부분에 맞춰 지도","지문을 근거로 읽고 문제를 해결하는 방법을 익히며, 부족한 영역을 파악해 내신과 고등 국어 학습에 필요한 기본기 강화",코칭형,middle_korean
1116,https://kimstutoring.co.kr,cheongsong-gun-high-korean,publish,ko,경상북도,청송군,국어,고등학생,청송군 고등학생 국어과외,청송군 고등학생 국어과외,"청송군에서 고등학생 국어 과외 수업을 찾고 계신다면 지금 필요한 내용부터 시작할 수 있습니다. 지역과 일정에 따라 1:1 방문수업 또는 화상수업으로 진행하며, 문학과 독서의 지문 분석부터 학교별 내신,… 방식으로 수업하고 있습니다.",내신과 모의고사·수능을 함께 대비할 1:1 고등 국어과외 탐색,"핵심 고민은 “긴 지문의 핵심을 빠르게 파악하기 어렵거나 문학·독서·문법 영역별 편차가 크고, 모의고사에서 시간 관리와…”입니다.","문학, 독서, 화법과 언어, 작문, 학교별 내신, 모의고사, 수능, 취약영역, 오답분석","지역과 일정에 따라 1:1 방문수업 또는 화상수업으로 진행하며, 문학과 독서의 지문 분석부터 학교별 내신, 모의고사와 수능 대비, 취약영역 및 오답분석까지 현재 실력과 목표에 맞춰 지도","지문을 분석하는 기준과 문제 접근 방법을 익히고, 취약영역과 반복되는 오답을 점검하면서 내신·모의고사·수능 학습의 방향을 구체화",전문형,high_korean
1117,https://kimstutoring.co.kr,chilgok-gun-elementary-english,publish,ko,경상북도,칠곡군,영어,초등학생,칠곡군 초등학생 영어과외,칠곡군 초등학생 영어과외,"초등학생 영어 과외 공부를 다시 시작하려는 분께 칠곡군 1:1 수업이 맞는 출발점을 찾아드립니다. 지역과 일정에 따라 1:1 방문수업 또는 화상수업으로 진행하며, 기초 어휘와 문장 이해, 읽기 학습을 학생의… 방식으로 수업하고 있습니다.",초등학생 수준에 맞춰 영어 기초와 꾸준한 학습 습관을 기르는 1:1 온라인 과외 찾기,핵심 고민은 “기초 어휘가 부족하고 짧은 문장의 뜻을 이해하거나 꾸준히 읽는 데 어려움이 있음”입니다.,"기초 어휘, 문장 이해, 짧은 글 읽기, 학습 습관","지역과 일정에 따라 1:1 방문수업 또는 화상수업으로 진행하며, 기초 어휘와 문장 이해, 읽기 학습을 학생의 수준과 학습 속도에 맞춰 지도",익숙한 어휘로 짧은 문장의 뜻을 파악하고 스스로 읽고 복습하는 습관 형성,친근형,elementary_english
1118,https://kimstutoring.co.kr,chilgok-gun-middle-english,publish,ko,경상북도,칠곡군,영어,중학생,칠곡군 중학생 영어과외,칠곡군 중학생 영어과외,"칠곡군에서 배우는 중학생 영어 과외, 실제로 쓰려는 상황에 맞춰 수업 내용을 정합니다. 지역과 일정에 따라 1:1 방문수업 또는 화상수업으로 진행하며, 어휘·문법·독해를 기본으로 학교별 내신과… 방식으로 수업하고 있습니다.",중학생 영어 문법과 독해를 보완하고 학교별 내신과 서술형 및 수행평가를 준비하는 온라인 과외 찾기,핵심 고민은 “어휘와 문법을 배워도 지문에 적용하기 어렵고 서술형 답안과 수행평가 준비가 막막함”입니다.,"어휘, 문법, 독해, 학교별 내신, 서술형, 수행평가","지역과 일정에 따라 1:1 방문수업 또는 화상수업으로 진행하며, 어휘·문법·독해를 기본으로 학교별 내신과 서술형, 수행평가까지 학생의 취약 부분에 맞춰 지도",문법 근거를 설명하며 지문을 읽고 학교 평가 기준에 맞춰 답안을 작성하는 능력 향상,코칭형,middle_english
1119,https://kimstutoring.co.kr,chilgok-gun-high-english,publish,ko,경상북도,칠곡군,영어,고등학생,칠곡군 고등학생 영어과외,칠곡군 고등학생 영어과외,"칠곡군에서 고등학생 영어 과외 수업을 찾고 계신다면 지금 필요한 내용부터 시작할 수 있습니다. 지역과 일정에 따라 1:1 방문수업 또는 화상수업으로 진행하며, 어휘·구문독해부터 학교별 내신, 모의고사와 수능… 방식으로 수업하고 있습니다.",고등학생 영어 내신과 모의고사 및 수능 준비를 현재 수준에 맞춰 병행하는 온라인 과외 찾기,핵심 고민은 “긴 문장의 구조를 파악하기 어렵고 내신과 모의고사 지문을 읽는 데 시간이 오래 걸림”입니다.,"어휘, 구문독해, 학교별 내신, 모의고사, 수능","지역과 일정에 따라 1:1 방문수업 또는 화상수업으로 진행하며, 어휘·구문독해부터 학교별 내신, 모의고사와 수능 대비까지 현재 실력과 목표에 맞춰 지도",복잡한 문장의 구조를 파악하고 지문의 근거를 바탕으로 답을 선택하는 독해 능력 향상,전문형,high_english
1120,https://kimstutoring.co.kr,chilgok-gun-elementary-math,publish,ko,경상북도,칠곡군,수학,초등학생,칠곡군 초등학생 수학과외,칠곡군 초등학생 수학과외,"칠곡군에서 배우는 초등학생 수학 과외, 실제로 쓰려는 상황에 맞춰 수업 내용을 정합니다. 지역과 일정에 따라 1:1 방문수업 또는 화상수업으로 진행하며, 연산과 기초개념을 탄탄히 다지고 문제를 이해하는… 방식으로 수업하고 있습니다.",초등학생 수학 연산과 기초개념을 다지고 문제 이해와 풀이 습관을 기르는 온라인 과외 찾기,핵심 고민은 “계산 실수가 반복되고 문장형 문제에서 무엇을 구해야 하는지 파악하기 어려움”입니다.,"연산, 기초개념, 문제 이해, 풀이 습관","지역과 일정에 따라 1:1 방문수업 또는 화상수업으로 진행하며, 연산과 기초개념을 탄탄히 다지고 문제를 이해하는 과정과 올바른 풀이 습관을 학생 수준에 맞춰 지도",계산 과정을 점검하고 문제의 조건을 이해하며 풀이 순서를 정리하는 습관 형성,친근형,elementary_math
1121,https://kimstutoring.co.kr,chilgok-gun-middle-math,publish,ko,경상북도,칠곡군,수학,중학생,칠곡군 중학생 수학과외,칠곡군 중학생 수학과외,"칠곡군에서 배우는 중학생 수학 과외, 실제로 쓰려는 상황에 맞춰 수업 내용을 정합니다. 지역과 일정에 따라 1:1 방문수업 또는 화상수업으로 진행하며, 개념 이해와 유형별 문제풀이를 연결하고 학교별… 방식으로 수업하고 있습니다.",중학생 수학 개념과 유형별 문제풀이를 연결하고 내신 및 서술형을 준비하는 온라인 과외 찾기,핵심 고민은 “개념을 외워도 문제 유형이 바뀌면 적용하기 어렵고 같은 오답과 풀이 과정 누락이 반복됨”입니다.,"개념, 유형별 문제풀이, 학교별 내신, 서술형, 오답관리","지역과 일정에 따라 1:1 방문수업 또는 화상수업으로 진행하며, 개념 이해와 유형별 문제풀이를 연결하고 학교별 내신, 서술형, 오답관리까지 취약 단원에 맞춰 지도",문제에 맞는 개념을 선택하고 풀이 근거를 순서대로 쓰며 반복되는 실수를 줄이는 능력 향상,코칭형,middle_math
1122,https://kimstutoring.co.kr,chilgok-gun-high-math,publish,ko,경상북도,칠곡군,수학,고등학생,칠곡군 고등학생 수학과외,칠곡군 고등학생 수학과외,"칠곡군 고등학생 수학 과외 수업은 정해진 진도보다 현재 실력과 배우는 이유를 중요하게 봅니다. 지역과 일정에 따라 1:1 방문수업 또는 화상수업으로 진행하며, 개념과 유형별 문제풀이부터 학교별 내신,… 방식으로 수업하고 있습니다.",고등학생 수학 취약단원을 보완하면서 내신과 모의고사 및 수능을 준비하는 온라인 과외 찾기,핵심 고민은 “개념 사이의 연결이 약하고 복합 문제의 접근 방법을 찾기 어려우며 취약단원에서 오답이 반복됨”입니다.,"개념, 유형별 문제풀이, 학교별 내신, 모의고사, 수능, 취약단원, 오답분석","지역과 일정에 따라 1:1 방문수업 또는 화상수업으로 진행하며, 개념과 유형별 문제풀이부터 학교별 내신, 모의고사와 수능 대비, 취약단원 및 오답분석까지 목표에 맞춰 지도",취약단원의 개념을 연결하고 문제 조건에 맞는 풀이 전략을 선택하며 오답 원인을 스스로 설명하는 능력 향상,전문형,high_math
1123,https://kimstutoring.co.kr,chilgok-gun-elementary-korean,publish,ko,경상북도,칠곡군,국어,초등학생,칠곡군 초등학생 국어과외,칠곡군 초등학생 국어과외,"칠곡군 초등학생 국어 과외 수업은 정해진 진도보다 현재 실력과 배우는 이유를 중요하게 봅니다. 지역과 일정에 따라 1:1 방문수업 또는 화상수업으로 진행하며, 어휘와 독해를 바탕으로 글의 내용을 이해하고… 방식으로 수업하고 있습니다.",초등학생의 국어 기초와 문해력을 잡아줄 1:1 국어과외 탐색,핵심 고민은 “글을 읽어도 내용을 정확히 이해하지 못하거나 어휘력이 부족해 문제의 뜻을 파악하는 데 어려움”입니다.,"어휘, 독해, 문장 이해, 글의 중심내용 파악, 기초 문해력, 글쓰기, 학습 습관","지역과 일정에 따라 1:1 방문수업 또는 화상수업으로 진행하며, 어휘와 독해를 바탕으로 글의 내용을 이해하고 자신의 생각을 표현하는 힘을 학생의 수준과 학습 속도에 맞춰 지도","글을 읽고 핵심 내용을 파악하는 힘을 기르고, 국어뿐 아니라 다른 과목의 문제를 이해하는 데 필요한 기초 문해력과 학습 습관 형성",친근형,elementary_korean
1124,https://kimstutoring.co.kr,chilgok-gun-middle-korean,publish,ko,경상북도,칠곡군,국어,중학생,칠곡군 중학생 국어과외,칠곡군 중학생 국어과외,"칠곡군에서 배우는 중학생 국어 과외, 실제로 쓰려는 상황에 맞춰 수업 내용을 정합니다. 지역과 일정에 따라 1:1 방문수업 또는 화상수업으로 진행하며, 문학·비문학 독해와 문법을 기본으로 학교별… 방식으로 수업하고 있습니다.",학교 내신과 국어 기본기를 함께 준비할 1:1 중등 국어과외 탐색,"핵심 고민은 “문학과 비문학 지문을 감으로 풀거나 문법 개념이 부족하고, 학교 시험의 서술형·수행평가 대비가 어려움”입니다.","문학, 비문학, 문법, 어휘, 학교별 내신, 서술형, 수행평가, 오답관리","지역과 일정에 따라 1:1 방문수업 또는 화상수업으로 진행하며, 문학·비문학 독해와 문법을 기본으로 학교별 내신, 서술형과 수행평가까지 학생의 취약 부분에 맞춰 지도","지문을 근거로 읽고 문제를 해결하는 방법을 익히며, 부족한 영역을 파악해 내신과 고등 국어 학습에 필요한 기본기 강화",코칭형,middle_korean
1125,https://kimstutoring.co.kr,chilgok-gun-high-korean,publish,ko,경상북도,칠곡군,국어,고등학생,칠곡군 고등학생 국어과외,칠곡군 고등학생 국어과외,"칠곡군 고등학생 국어 과외 수업은 정해진 진도보다 현재 실력과 배우는 이유를 중요하게 봅니다. 지역과 일정에 따라 1:1 방문수업 또는 화상수업으로 진행하며, 문학과 독서의 지문 분석부터 학교별 내신,… 방식으로 수업하고 있습니다.",내신과 모의고사·수능을 함께 대비할 1:1 고등 국어과외 탐색,"핵심 고민은 “긴 지문의 핵심을 빠르게 파악하기 어렵거나 문학·독서·문법 영역별 편차가 크고, 모의고사에서 시간 관리와…”입니다.","문학, 독서, 화법과 언어, 작문, 학교별 내신, 모의고사, 수능, 취약영역, 오답분석","지역과 일정에 따라 1:1 방문수업 또는 화상수업으로 진행하며, 문학과 독서의 지문 분석부터 학교별 내신, 모의고사와 수능 대비, 취약영역 및 오답분석까지 현재 실력과 목표에 맞춰 지도","지문을 분석하는 기준과 문제 접근 방법을 익히고, 취약영역과 반복되는 오답을 점검하면서 내신·모의고사·수능 학습의 방향을 구체화",전문형,high_korean
1126,https://kimstutoring.co.kr,gunwi-gun-elementary-english,publish,ko,경상북도,군위군,영어,초등학생,군위군 초등학생 영어과외,군위군 초등학생 영어과외,"군위군에서 초등학생 영어 과외 실력을 늘리고 싶다면 자주 막히는 부분부터 직접 다뤄봅니다. 지역과 일정에 따라 1:1 방문수업 또는 화상수업으로 진행하며, 기초 어휘와 문장 이해, 읽기 학습을 학생의… 방식으로 수업하고 있습니다.",초등학생 수준에 맞춰 영어 기초와 꾸준한 학습 습관을 기르는 1:1 온라인 과외 찾기,핵심 고민은 “기초 어휘가 부족하고 짧은 문장의 뜻을 이해하거나 꾸준히 읽는 데 어려움이 있음”입니다.,"기초 어휘, 문장 이해, 짧은 글 읽기, 학습 습관","지역과 일정에 따라 1:1 방문수업 또는 화상수업으로 진행하며, 기초 어휘와 문장 이해, 읽기 학습을 학생의 수준과 학습 속도에 맞춰 지도",익숙한 어휘로 짧은 문장의 뜻을 파악하고 스스로 읽고 복습하는 습관 형성,친근형,elementary_english
1127,https://kimstutoring.co.kr,gunwi-gun-middle-english,publish,ko,경상북도,군위군,영어,중학생,군위군 중학생 영어과외,군위군 중학생 영어과외,"중학생 영어 과외 공부를 처음 시작한다면 군위군에서도 기초부터 1:1로 배울 수 있습니다. 지역과 일정에 따라 1:1 방문수업 또는 화상수업으로 진행하며, 어휘·문법·독해를 기본으로 학교별 내신과… 방식으로 수업하고 있습니다.",중학생 영어 문법과 독해를 보완하고 학교별 내신과 서술형 및 수행평가를 준비하는 온라인 과외 찾기,핵심 고민은 “어휘와 문법을 배워도 지문에 적용하기 어렵고 서술형 답안과 수행평가 준비가 막막함”입니다.,"어휘, 문법, 독해, 학교별 내신, 서술형, 수행평가","지역과 일정에 따라 1:1 방문수업 또는 화상수업으로 진행하며, 어휘·문법·독해를 기본으로 학교별 내신과 서술형, 수행평가까지 학생의 취약 부분에 맞춰 지도",문법 근거를 설명하며 지문을 읽고 학교 평가 기준에 맞춰 답안을 작성하는 능력 향상,코칭형,middle_english
1128,https://kimstutoring.co.kr,gunwi-gun-high-english,publish,ko,경상북도,군위군,영어,고등학생,군위군 고등학생 영어과외,군위군 고등학생 영어과외,"군위군에서 고등학생 영어 과외 실력을 늘리고 싶다면 자주 막히는 부분부터 직접 다뤄봅니다. 지역과 일정에 따라 1:1 방문수업 또는 화상수업으로 진행하며, 어휘·구문독해부터 학교별 내신, 모의고사와 수능… 방식으로 수업하고 있습니다.",고등학생 영어 내신과 모의고사 및 수능 준비를 현재 수준에 맞춰 병행하는 온라인 과외 찾기,핵심 고민은 “긴 문장의 구조를 파악하기 어렵고 내신과 모의고사 지문을 읽는 데 시간이 오래 걸림”입니다.,"어휘, 구문독해, 학교별 내신, 모의고사, 수능","지역과 일정에 따라 1:1 방문수업 또는 화상수업으로 진행하며, 어휘·구문독해부터 학교별 내신, 모의고사와 수능 대비까지 현재 실력과 목표에 맞춰 지도",복잡한 문장의 구조를 파악하고 지문의 근거를 바탕으로 답을 선택하는 독해 능력 향상,전문형,high_english
1129,https://kimstutoring.co.kr,gunwi-gun-elementary-math,publish,ko,경상북도,군위군,수학,초등학생,군위군 초등학생 수학과외,군위군 초등학생 수학과외,"초등학생 수학 과외 공부를 처음 시작한다면 군위군에서도 기초부터 1:1로 배울 수 있습니다. 지역과 일정에 따라 1:1 방문수업 또는 화상수업으로 진행하며, 연산과 기초개념을 탄탄히 다지고 문제를 이해하는… 방식으로 수업하고 있습니다.",초등학생 수학 연산과 기초개념을 다지고 문제 이해와 풀이 습관을 기르는 온라인 과외 찾기,핵심 고민은 “계산 실수가 반복되고 문장형 문제에서 무엇을 구해야 하는지 파악하기 어려움”입니다.,"연산, 기초개념, 문제 이해, 풀이 습관","지역과 일정에 따라 1:1 방문수업 또는 화상수업으로 진행하며, 연산과 기초개념을 탄탄히 다지고 문제를 이해하는 과정과 올바른 풀이 습관을 학생 수준에 맞춰 지도",계산 과정을 점검하고 문제의 조건을 이해하며 풀이 순서를 정리하는 습관 형성,친근형,elementary_math
1130,https://kimstutoring.co.kr,gunwi-gun-middle-math,publish,ko,경상북도,군위군,수학,중학생,군위군 중학생 수학과외,군위군 중학생 수학과외,"중학생 수학 과외 공부를 처음 시작한다면 군위군에서도 기초부터 1:1로 배울 수 있습니다. 지역과 일정에 따라 1:1 방문수업 또는 화상수업으로 진행하며, 개념 이해와 유형별 문제풀이를 연결하고 학교별… 방식으로 수업하고 있습니다.",중학생 수학 개념과 유형별 문제풀이를 연결하고 내신 및 서술형을 준비하는 온라인 과외 찾기,핵심 고민은 “개념을 외워도 문제 유형이 바뀌면 적용하기 어렵고 같은 오답과 풀이 과정 누락이 반복됨”입니다.,"개념, 유형별 문제풀이, 학교별 내신, 서술형, 오답관리","지역과 일정에 따라 1:1 방문수업 또는 화상수업으로 진행하며, 개념 이해와 유형별 문제풀이를 연결하고 학교별 내신, 서술형, 오답관리까지 취약 단원에 맞춰 지도",문제에 맞는 개념을 선택하고 풀이 근거를 순서대로 쓰며 반복되는 실수를 줄이는 능력 향상,코칭형,middle_math
1131,https://kimstutoring.co.kr,gunwi-gun-high-math,publish,ko,경상북도,군위군,수학,고등학생,군위군 고등학생 수학과외,군위군 고등학생 수학과외,"군위군 고등학생 수학 과외 수업을 고민 중이라면 잘하는 부분과 보완할 부분을 나누어 시작합니다. 지역과 일정에 따라 1:1 방문수업 또는 화상수업으로 진행하며, 개념과 유형별 문제풀이부터 학교별 내신,… 방식으로 수업하고 있습니다.",고등학생 수학 취약단원을 보완하면서 내신과 모의고사 및 수능을 준비하는 온라인 과외 찾기,핵심 고민은 “개념 사이의 연결이 약하고 복합 문제의 접근 방법을 찾기 어려우며 취약단원에서 오답이 반복됨”입니다.,"개념, 유형별 문제풀이, 학교별 내신, 모의고사, 수능, 취약단원, 오답분석","지역과 일정에 따라 1:1 방문수업 또는 화상수업으로 진행하며, 개념과 유형별 문제풀이부터 학교별 내신, 모의고사와 수능 대비, 취약단원 및 오답분석까지 목표에 맞춰 지도",취약단원의 개념을 연결하고 문제 조건에 맞는 풀이 전략을 선택하며 오답 원인을 스스로 설명하는 능력 향상,전문형,high_math
1132,https://kimstutoring.co.kr,gunwi-gun-elementary-korean,publish,ko,경상북도,군위군,국어,초등학생,군위군 초등학생 국어과외,군위군 초등학생 국어과외,"군위군 초등학생 국어 과외 수업을 고민 중이라면 잘하는 부분과 보완할 부분을 나누어 시작합니다. 지역과 일정에 따라 1:1 방문수업 또는 화상수업으로 진행하며, 어휘와 독해를 바탕으로 글의 내용을 이해하고… 방식으로 수업하고 있습니다.",초등학생의 국어 기초와 문해력을 잡아줄 1:1 국어과외 탐색,핵심 고민은 “글을 읽어도 내용을 정확히 이해하지 못하거나 어휘력이 부족해 문제의 뜻을 파악하는 데 어려움”입니다.,"어휘, 독해, 문장 이해, 글의 중심내용 파악, 기초 문해력, 글쓰기, 학습 습관","지역과 일정에 따라 1:1 방문수업 또는 화상수업으로 진행하며, 어휘와 독해를 바탕으로 글의 내용을 이해하고 자신의 생각을 표현하는 힘을 학생의 수준과 학습 속도에 맞춰 지도","글을 읽고 핵심 내용을 파악하는 힘을 기르고, 국어뿐 아니라 다른 과목의 문제를 이해하는 데 필요한 기초 문해력과 학습 습관 형성",친근형,elementary_korean
1133,https://kimstutoring.co.kr,gunwi-gun-middle-korean,publish,ko,경상북도,군위군,국어,중학생,군위군 중학생 국어과외,군위군 중학생 국어과외,"중학생 국어 과외 공부를 처음 시작한다면 군위군에서도 기초부터 1:1로 배울 수 있습니다. 지역과 일정에 따라 1:1 방문수업 또는 화상수업으로 진행하며, 문학·비문학 독해와 문법을 기본으로 학교별… 방식으로 수업하고 있습니다.",학교 내신과 국어 기본기를 함께 준비할 1:1 중등 국어과외 탐색,"핵심 고민은 “문학과 비문학 지문을 감으로 풀거나 문법 개념이 부족하고, 학교 시험의 서술형·수행평가 대비가 어려움”입니다.","문학, 비문학, 문법, 어휘, 학교별 내신, 서술형, 수행평가, 오답관리","지역과 일정에 따라 1:1 방문수업 또는 화상수업으로 진행하며, 문학·비문학 독해와 문법을 기본으로 학교별 내신, 서술형과 수행평가까지 학생의 취약 부분에 맞춰 지도","지문을 근거로 읽고 문제를 해결하는 방법을 익히며, 부족한 영역을 파악해 내신과 고등 국어 학습에 필요한 기본기 강화",코칭형,middle_korean
1134,https://kimstutoring.co.kr,gunwi-gun-high-korean,publish,ko,경상북도,군위군,국어,고등학생,군위군 고등학생 국어과외,군위군 고등학생 국어과외,"군위군 고등학생 국어 과외 수업을 고민 중이라면 잘하는 부분과 보완할 부분을 나누어 시작합니다. 지역과 일정에 따라 1:1 방문수업 또는 화상수업으로 진행하며, 문학과 독서의 지문 분석부터 학교별 내신,… 방식으로 수업하고 있습니다.",내신과 모의고사·수능을 함께 대비할 1:1 고등 국어과외 탐색,"핵심 고민은 “긴 지문의 핵심을 빠르게 파악하기 어렵거나 문학·독서·문법 영역별 편차가 크고, 모의고사에서 시간 관리와…”입니다.","문학, 독서, 화법과 언어, 작문, 학교별 내신, 모의고사, 수능, 취약영역, 오답분석","지역과 일정에 따라 1:1 방문수업 또는 화상수업으로 진행하며, 문학과 독서의 지문 분석부터 학교별 내신, 모의고사와 수능 대비, 취약영역 및 오답분석까지 현재 실력과 목표에 맞춰 지도","지문을 분석하는 기준과 문제 접근 방법을 익히고, 취약영역과 반복되는 오답을 점검하면서 내신·모의고사·수능 학습의 방향을 구체화",전문형,high_korean
1135,https://kimstutoring.co.kr,gangjin-gun-elementary-english,publish,ko,전라남도,강진군,영어,초등학생,강진군 초등학생 영어과외,강진군 초등학생 영어과외,"초등학생 영어 과외 공부를 처음 시작한다면 강진군에서도 기초부터 1:1로 배울 수 있습니다. 지역과 일정에 따라 1:1 방문수업 또는 화상수업으로 진행하며, 기초 어휘와 문장 이해, 읽기 학습을 학생의… 방식으로 수업하고 있습니다.",초등학생 수준에 맞춰 영어 기초와 꾸준한 학습 습관을 기르는 1:1 온라인 과외 찾기,핵심 고민은 “기초 어휘가 부족하고 짧은 문장의 뜻을 이해하거나 꾸준히 읽는 데 어려움이 있음”입니다.,"기초 어휘, 문장 이해, 짧은 글 읽기, 학습 습관","지역과 일정에 따라 1:1 방문수업 또는 화상수업으로 진행하며, 기초 어휘와 문장 이해, 읽기 학습을 학생의 수준과 학습 속도에 맞춰 지도",익숙한 어휘로 짧은 문장의 뜻을 파악하고 스스로 읽고 복습하는 습관 형성,친근형,elementary_english
1136,https://kimstutoring.co.kr,gangjin-gun-middle-english,publish,ko,전라남도,강진군,영어,중학생,강진군 중학생 영어과외,강진군 중학생 영어과외,"중학생 영어 과외 때문에 고민이 있다면 강진군 수업에서 지금 필요한 연습부터 함께 해볼 수 있습니다. 지역과 일정에 따라 1:1 방문수업 또는 화상수업으로 진행하며, 어휘·문법·독해를 기본으로 학교별 내신과… 방식으로 수업하고 있습니다.",중학생 영어 문법과 독해를 보완하고 학교별 내신과 서술형 및 수행평가를 준비하는 온라인 과외 찾기,핵심 고민은 “어휘와 문법을 배워도 지문에 적용하기 어렵고 서술형 답안과 수행평가 준비가 막막함”입니다.,"어휘, 문법, 독해, 학교별 내신, 서술형, 수행평가","지역과 일정에 따라 1:1 방문수업 또는 화상수업으로 진행하며, 어휘·문법·독해를 기본으로 학교별 내신과 서술형, 수행평가까지 학생의 취약 부분에 맞춰 지도",문법 근거를 설명하며 지문을 읽고 학교 평가 기준에 맞춰 답안을 작성하는 능력 향상,코칭형,middle_english
1137,https://kimstutoring.co.kr,gangjin-gun-high-english,publish,ko,전라남도,강진군,영어,고등학생,강진군 고등학생 영어과외,강진군 고등학생 영어과외,"고등학생 영어 과외 공부를 처음 시작한다면 강진군에서도 기초부터 1:1로 배울 수 있습니다. 지역과 일정에 따라 1:1 방문수업 또는 화상수업으로 진행하며, 어휘·구문독해부터 학교별 내신, 모의고사와 수능… 방식으로 수업하고 있습니다.",고등학생 영어 내신과 모의고사 및 수능 준비를 현재 수준에 맞춰 병행하는 온라인 과외 찾기,핵심 고민은 “긴 문장의 구조를 파악하기 어렵고 내신과 모의고사 지문을 읽는 데 시간이 오래 걸림”입니다.,"어휘, 구문독해, 학교별 내신, 모의고사, 수능","지역과 일정에 따라 1:1 방문수업 또는 화상수업으로 진행하며, 어휘·구문독해부터 학교별 내신, 모의고사와 수능 대비까지 현재 실력과 목표에 맞춰 지도",복잡한 문장의 구조를 파악하고 지문의 근거를 바탕으로 답을 선택하는 독해 능력 향상,전문형,high_english
1138,https://kimstutoring.co.kr,gangjin-gun-elementary-math,publish,ko,전라남도,강진군,수학,초등학생,강진군 초등학생 수학과외,강진군 초등학생 수학과외,"초등학생 수학 과외 때문에 고민이 있다면 강진군 수업에서 지금 필요한 연습부터 함께 해볼 수 있습니다. 지역과 일정에 따라 1:1 방문수업 또는 화상수업으로 진행하며, 연산과 기초개념을 탄탄히 다지고 문제를 이해하는… 방식으로 수업하고 있습니다.",초등학생 수학 연산과 기초개념을 다지고 문제 이해와 풀이 습관을 기르는 온라인 과외 찾기,핵심 고민은 “계산 실수가 반복되고 문장형 문제에서 무엇을 구해야 하는지 파악하기 어려움”입니다.,"연산, 기초개념, 문제 이해, 풀이 습관","지역과 일정에 따라 1:1 방문수업 또는 화상수업으로 진행하며, 연산과 기초개념을 탄탄히 다지고 문제를 이해하는 과정과 올바른 풀이 습관을 학생 수준에 맞춰 지도",계산 과정을 점검하고 문제의 조건을 이해하며 풀이 순서를 정리하는 습관 형성,친근형,elementary_math
1139,https://kimstutoring.co.kr,gangjin-gun-middle-math,publish,ko,전라남도,강진군,수학,중학생,강진군 중학생 수학과외,강진군 중학생 수학과외,"중학생 수학 과외 때문에 고민이 있다면 강진군 수업에서 지금 필요한 연습부터 함께 해볼 수 있습니다. 지역과 일정에 따라 1:1 방문수업 또는 화상수업으로 진행하며, 개념 이해와 유형별 문제풀이를 연결하고 학교별… 방식으로 수업하고 있습니다.",중학생 수학 개념과 유형별 문제풀이를 연결하고 내신 및 서술형을 준비하는 온라인 과외 찾기,핵심 고민은 “개념을 외워도 문제 유형이 바뀌면 적용하기 어렵고 같은 오답과 풀이 과정 누락이 반복됨”입니다.,"개념, 유형별 문제풀이, 학교별 내신, 서술형, 오답관리","지역과 일정에 따라 1:1 방문수업 또는 화상수업으로 진행하며, 개념 이해와 유형별 문제풀이를 연결하고 학교별 내신, 서술형, 오답관리까지 취약 단원에 맞춰 지도",문제에 맞는 개념을 선택하고 풀이 근거를 순서대로 쓰며 반복되는 실수를 줄이는 능력 향상,코칭형,middle_math
1140,https://kimstutoring.co.kr,gangjin-gun-high-math,publish,ko,전라남도,강진군,수학,고등학생,강진군 고등학생 수학과외,강진군 고등학생 수학과외,"강진군에서 고등학생 수학 과외 실력을 늘리고 싶다면 자주 막히는 부분부터 직접 다뤄봅니다. 지역과 일정에 따라 1:1 방문수업 또는 화상수업으로 진행하며, 개념과 유형별 문제풀이부터 학교별 내신,… 방식으로 수업하고 있습니다.",고등학생 수학 취약단원을 보완하면서 내신과 모의고사 및 수능을 준비하는 온라인 과외 찾기,핵심 고민은 “개념 사이의 연결이 약하고 복합 문제의 접근 방법을 찾기 어려우며 취약단원에서 오답이 반복됨”입니다.,"개념, 유형별 문제풀이, 학교별 내신, 모의고사, 수능, 취약단원, 오답분석","지역과 일정에 따라 1:1 방문수업 또는 화상수업으로 진행하며, 개념과 유형별 문제풀이부터 학교별 내신, 모의고사와 수능 대비, 취약단원 및 오답분석까지 목표에 맞춰 지도",취약단원의 개념을 연결하고 문제 조건에 맞는 풀이 전략을 선택하며 오답 원인을 스스로 설명하는 능력 향상,전문형,high_math
1141,https://kimstutoring.co.kr,gangjin-gun-elementary-korean,publish,ko,전라남도,강진군,국어,초등학생,강진군 초등학생 국어과외,강진군 초등학생 국어과외,"강진군에서 초등학생 국어 과외 실력을 늘리고 싶다면 자주 막히는 부분부터 직접 다뤄봅니다. 지역과 일정에 따라 1:1 방문수업 또는 화상수업으로 진행하며, 어휘와 독해를 바탕으로 글의 내용을 이해하고… 방식으로 수업하고 있습니다.",초등학생의 국어 기초와 문해력을 잡아줄 1:1 국어과외 탐색,핵심 고민은 “글을 읽어도 내용을 정확히 이해하지 못하거나 어휘력이 부족해 문제의 뜻을 파악하는 데 어려움”입니다.,"어휘, 독해, 문장 이해, 글의 중심내용 파악, 기초 문해력, 글쓰기, 학습 습관","지역과 일정에 따라 1:1 방문수업 또는 화상수업으로 진행하며, 어휘와 독해를 바탕으로 글의 내용을 이해하고 자신의 생각을 표현하는 힘을 학생의 수준과 학습 속도에 맞춰 지도","글을 읽고 핵심 내용을 파악하는 힘을 기르고, 국어뿐 아니라 다른 과목의 문제를 이해하는 데 필요한 기초 문해력과 학습 습관 형성",친근형,elementary_korean
1142,https://kimstutoring.co.kr,gangjin-gun-middle-korean,publish,ko,전라남도,강진군,국어,중학생,강진군 중학생 국어과외,강진군 중학생 국어과외,"중학생 국어 과외 때문에 고민이 있다면 강진군 수업에서 지금 필요한 연습부터 함께 해볼 수 있습니다. 지역과 일정에 따라 1:1 방문수업 또는 화상수업으로 진행하며, 문학·비문학 독해와 문법을 기본으로 학교별… 방식으로 수업하고 있습니다.",학교 내신과 국어 기본기를 함께 준비할 1:1 중등 국어과외 탐색,"핵심 고민은 “문학과 비문학 지문을 감으로 풀거나 문법 개념이 부족하고, 학교 시험의 서술형·수행평가 대비가 어려움”입니다.","문학, 비문학, 문법, 어휘, 학교별 내신, 서술형, 수행평가, 오답관리","지역과 일정에 따라 1:1 방문수업 또는 화상수업으로 진행하며, 문학·비문학 독해와 문법을 기본으로 학교별 내신, 서술형과 수행평가까지 학생의 취약 부분에 맞춰 지도","지문을 근거로 읽고 문제를 해결하는 방법을 익히며, 부족한 영역을 파악해 내신과 고등 국어 학습에 필요한 기본기 강화",코칭형,middle_korean
1143,https://kimstutoring.co.kr,gangjin-gun-high-korean,publish,ko,전라남도,강진군,국어,고등학생,강진군 고등학생 국어과외,강진군 고등학생 국어과외,"강진군에서 고등학생 국어 과외 실력을 늘리고 싶다면 자주 막히는 부분부터 직접 다뤄봅니다. 지역과 일정에 따라 1:1 방문수업 또는 화상수업으로 진행하며, 문학과 독서의 지문 분석부터 학교별 내신,… 방식으로 수업하고 있습니다.",내신과 모의고사·수능을 함께 대비할 1:1 고등 국어과외 탐색,"핵심 고민은 “긴 지문의 핵심을 빠르게 파악하기 어렵거나 문학·독서·문법 영역별 편차가 크고, 모의고사에서 시간 관리와…”입니다.","문학, 독서, 화법과 언어, 작문, 학교별 내신, 모의고사, 수능, 취약영역, 오답분석","지역과 일정에 따라 1:1 방문수업 또는 화상수업으로 진행하며, 문학과 독서의 지문 분석부터 학교별 내신, 모의고사와 수능 대비, 취약영역 및 오답분석까지 현재 실력과 목표에 맞춰 지도","지문을 분석하는 기준과 문제 접근 방법을 익히고, 취약영역과 반복되는 오답을 점검하면서 내신·모의고사·수능 학습의 방향을 구체화",전문형,high_korean
1144,https://kimstutoring.co.kr,goheung-gun-elementary-english,publish,ko,전라남도,고흥군,영어,초등학생,고흥군 초등학생 영어과외,고흥군 초등학생 영어과외,"고흥군 초등학생 영어 과외 수업은 정해진 진도보다 현재 실력과 배우는 이유를 중요하게 봅니다. 지역과 일정에 따라 1:1 방문수업 또는 화상수업으로 진행하며, 기초 어휘와 문장 이해, 읽기 학습을 학생의… 방식으로 수업하고 있습니다.",초등학생 수준에 맞춰 영어 기초와 꾸준한 학습 습관을 기르는 1:1 온라인 과외 찾기,핵심 고민은 “기초 어휘가 부족하고 짧은 문장의 뜻을 이해하거나 꾸준히 읽는 데 어려움이 있음”입니다.,"기초 어휘, 문장 이해, 짧은 글 읽기, 학습 습관","지역과 일정에 따라 1:1 방문수업 또는 화상수업으로 진행하며, 기초 어휘와 문장 이해, 읽기 학습을 학생의 수준과 학습 속도에 맞춰 지도",익숙한 어휘로 짧은 문장의 뜻을 파악하고 스스로 읽고 복습하는 습관 형성,친근형,elementary_english
1145,https://kimstutoring.co.kr,goheung-gun-middle-english,publish,ko,전라남도,고흥군,영어,중학생,고흥군 중학생 영어과외,고흥군 중학생 영어과외,"중학생 영어 과외 공부를 다시 시작하려는 분께 고흥군 1:1 수업이 맞는 출발점을 찾아드립니다. 지역과 일정에 따라 1:1 방문수업 또는 화상수업으로 진행하며, 어휘·문법·독해를 기본으로 학교별 내신과… 방식으로 수업하고 있습니다.",중학생 영어 문법과 독해를 보완하고 학교별 내신과 서술형 및 수행평가를 준비하는 온라인 과외 찾기,핵심 고민은 “어휘와 문법을 배워도 지문에 적용하기 어렵고 서술형 답안과 수행평가 준비가 막막함”입니다.,"어휘, 문법, 독해, 학교별 내신, 서술형, 수행평가","지역과 일정에 따라 1:1 방문수업 또는 화상수업으로 진행하며, 어휘·문법·독해를 기본으로 학교별 내신과 서술형, 수행평가까지 학생의 취약 부분에 맞춰 지도",문법 근거를 설명하며 지문을 읽고 학교 평가 기준에 맞춰 답안을 작성하는 능력 향상,코칭형,middle_english
1146,https://kimstutoring.co.kr,goheung-gun-high-english,publish,ko,전라남도,고흥군,영어,고등학생,고흥군 고등학생 영어과외,고흥군 고등학생 영어과외,"고흥군에서 배우는 고등학생 영어 과외, 실제로 쓰려는 상황에 맞춰 수업 내용을 정합니다. 지역과 일정에 따라 1:1 방문수업 또는 화상수업으로 진행하며, 어휘·구문독해부터 학교별 내신, 모의고사와 수능… 방식으로 수업하고 있습니다.",고등학생 영어 내신과 모의고사 및 수능 준비를 현재 수준에 맞춰 병행하는 온라인 과외 찾기,핵심 고민은 “긴 문장의 구조를 파악하기 어렵고 내신과 모의고사 지문을 읽는 데 시간이 오래 걸림”입니다.,"어휘, 구문독해, 학교별 내신, 모의고사, 수능","지역과 일정에 따라 1:1 방문수업 또는 화상수업으로 진행하며, 어휘·구문독해부터 학교별 내신, 모의고사와 수능 대비까지 현재 실력과 목표에 맞춰 지도",복잡한 문장의 구조를 파악하고 지문의 근거를 바탕으로 답을 선택하는 독해 능력 향상,전문형,high_english
1147,https://kimstutoring.co.kr,goheung-gun-elementary-math,publish,ko,전라남도,고흥군,수학,초등학생,고흥군 초등학생 수학과외,고흥군 초등학생 수학과외,"초등학생 수학 과외 공부를 다시 시작하려는 분께 고흥군 1:1 수업이 맞는 출발점을 찾아드립니다. 지역과 일정에 따라 1:1 방문수업 또는 화상수업으로 진행하며, 연산과 기초개념을 탄탄히 다지고 문제를 이해하는… 방식으로 수업하고 있습니다.",초등학생 수학 연산과 기초개념을 다지고 문제 이해와 풀이 습관을 기르는 온라인 과외 찾기,핵심 고민은 “계산 실수가 반복되고 문장형 문제에서 무엇을 구해야 하는지 파악하기 어려움”입니다.,"연산, 기초개념, 문제 이해, 풀이 습관","지역과 일정에 따라 1:1 방문수업 또는 화상수업으로 진행하며, 연산과 기초개념을 탄탄히 다지고 문제를 이해하는 과정과 올바른 풀이 습관을 학생 수준에 맞춰 지도",계산 과정을 점검하고 문제의 조건을 이해하며 풀이 순서를 정리하는 습관 형성,친근형,elementary_math
1148,https://kimstutoring.co.kr,goheung-gun-middle-math,publish,ko,전라남도,고흥군,수학,중학생,고흥군 중학생 수학과외,고흥군 중학생 수학과외,"중학생 수학 과외 공부를 다시 시작하려는 분께 고흥군 1:1 수업이 맞는 출발점을 찾아드립니다. 지역과 일정에 따라 1:1 방문수업 또는 화상수업으로 진행하며, 개념 이해와 유형별 문제풀이를 연결하고 학교별… 방식으로 수업하고 있습니다.",중학생 수학 개념과 유형별 문제풀이를 연결하고 내신 및 서술형을 준비하는 온라인 과외 찾기,핵심 고민은 “개념을 외워도 문제 유형이 바뀌면 적용하기 어렵고 같은 오답과 풀이 과정 누락이 반복됨”입니다.,"개념, 유형별 문제풀이, 학교별 내신, 서술형, 오답관리","지역과 일정에 따라 1:1 방문수업 또는 화상수업으로 진행하며, 개념 이해와 유형별 문제풀이를 연결하고 학교별 내신, 서술형, 오답관리까지 취약 단원에 맞춰 지도",문제에 맞는 개념을 선택하고 풀이 근거를 순서대로 쓰며 반복되는 실수를 줄이는 능력 향상,코칭형,middle_math
1149,https://kimstutoring.co.kr,goheung-gun-high-math,publish,ko,전라남도,고흥군,수학,고등학생,고흥군 고등학생 수학과외,고흥군 고등학생 수학과외,"고흥군에서 고등학생 수학 과외 수업을 찾고 계신다면 지금 필요한 내용부터 시작할 수 있습니다. 지역과 일정에 따라 1:1 방문수업 또는 화상수업으로 진행하며, 개념과 유형별 문제풀이부터 학교별 내신,… 방식으로 수업하고 있습니다.",고등학생 수학 취약단원을 보완하면서 내신과 모의고사 및 수능을 준비하는 온라인 과외 찾기,핵심 고민은 “개념 사이의 연결이 약하고 복합 문제의 접근 방법을 찾기 어려우며 취약단원에서 오답이 반복됨”입니다.,"개념, 유형별 문제풀이, 학교별 내신, 모의고사, 수능, 취약단원, 오답분석","지역과 일정에 따라 1:1 방문수업 또는 화상수업으로 진행하며, 개념과 유형별 문제풀이부터 학교별 내신, 모의고사와 수능 대비, 취약단원 및 오답분석까지 목표에 맞춰 지도",취약단원의 개념을 연결하고 문제 조건에 맞는 풀이 전략을 선택하며 오답 원인을 스스로 설명하는 능력 향상,전문형,high_math
1150,https://kimstutoring.co.kr,goheung-gun-elementary-korean,publish,ko,전라남도,고흥군,국어,초등학생,고흥군 초등학생 국어과외,고흥군 초등학생 국어과외,"고흥군에서 초등학생 국어 과외 수업을 찾고 계신다면 지금 필요한 내용부터 시작할 수 있습니다. 지역과 일정에 따라 1:1 방문수업 또는 화상수업으로 진행하며, 어휘와 독해를 바탕으로 글의 내용을 이해하고… 방식으로 수업하고 있습니다.",초등학생의 국어 기초와 문해력을 잡아줄 1:1 국어과외 탐색,핵심 고민은 “글을 읽어도 내용을 정확히 이해하지 못하거나 어휘력이 부족해 문제의 뜻을 파악하는 데 어려움”입니다.,"어휘, 독해, 문장 이해, 글의 중심내용 파악, 기초 문해력, 글쓰기, 학습 습관","지역과 일정에 따라 1:1 방문수업 또는 화상수업으로 진행하며, 어휘와 독해를 바탕으로 글의 내용을 이해하고 자신의 생각을 표현하는 힘을 학생의 수준과 학습 속도에 맞춰 지도","글을 읽고 핵심 내용을 파악하는 힘을 기르고, 국어뿐 아니라 다른 과목의 문제를 이해하는 데 필요한 기초 문해력과 학습 습관 형성",친근형,elementary_korean
1151,https://kimstutoring.co.kr,goheung-gun-middle-korean,publish,ko,전라남도,고흥군,국어,중학생,고흥군 중학생 국어과외,고흥군 중학생 국어과외,"중학생 국어 과외 공부를 다시 시작하려는 분께 고흥군 1:1 수업이 맞는 출발점을 찾아드립니다. 지역과 일정에 따라 1:1 방문수업 또는 화상수업으로 진행하며, 문학·비문학 독해와 문법을 기본으로 학교별… 방식으로 수업하고 있습니다.",학교 내신과 국어 기본기를 함께 준비할 1:1 중등 국어과외 탐색,"핵심 고민은 “문학과 비문학 지문을 감으로 풀거나 문법 개념이 부족하고, 학교 시험의 서술형·수행평가 대비가 어려움”입니다.","문학, 비문학, 문법, 어휘, 학교별 내신, 서술형, 수행평가, 오답관리","지역과 일정에 따라 1:1 방문수업 또는 화상수업으로 진행하며, 문학·비문학 독해와 문법을 기본으로 학교별 내신, 서술형과 수행평가까지 학생의 취약 부분에 맞춰 지도","지문을 근거로 읽고 문제를 해결하는 방법을 익히며, 부족한 영역을 파악해 내신과 고등 국어 학습에 필요한 기본기 강화",코칭형,middle_korean
1152,https://kimstutoring.co.kr,goheung-gun-high-korean,publish,ko,전라남도,고흥군,국어,고등학생,고흥군 고등학생 국어과외,고흥군 고등학생 국어과외,"고흥군에서 고등학생 국어 과외 수업을 찾고 계신다면 지금 필요한 내용부터 시작할 수 있습니다. 지역과 일정에 따라 1:1 방문수업 또는 화상수업으로 진행하며, 문학과 독서의 지문 분석부터 학교별 내신,… 방식으로 수업하고 있습니다.",내신과 모의고사·수능을 함께 대비할 1:1 고등 국어과외 탐색,"핵심 고민은 “긴 지문의 핵심을 빠르게 파악하기 어렵거나 문학·독서·문법 영역별 편차가 크고, 모의고사에서 시간 관리와…”입니다.","문학, 독서, 화법과 언어, 작문, 학교별 내신, 모의고사, 수능, 취약영역, 오답분석","지역과 일정에 따라 1:1 방문수업 또는 화상수업으로 진행하며, 문학과 독서의 지문 분석부터 학교별 내신, 모의고사와 수능 대비, 취약영역 및 오답분석까지 현재 실력과 목표에 맞춰 지도","지문을 분석하는 기준과 문제 접근 방법을 익히고, 취약영역과 반복되는 오답을 점검하면서 내신·모의고사·수능 학습의 방향을 구체화",전문형,high_korean
1153,https://kimstutoring.co.kr,gokseong-gun-elementary-english,publish,ko,전라남도,곡성군,영어,초등학생,곡성군 초등학생 영어과외,곡성군 초등학생 영어과외,"초등학생 영어 과외 공부를 다시 시작하려는 분께 곡성군 1:1 수업이 맞는 출발점을 찾아드립니다. 지역과 일정에 따라 1:1 방문수업 또는 화상수업으로 진행하며, 기초 어휘와 문장 이해, 읽기 학습을 학생의… 방식으로 수업하고 있습니다.",초등학생 수준에 맞춰 영어 기초와 꾸준한 학습 습관을 기르는 1:1 온라인 과외 찾기,핵심 고민은 “기초 어휘가 부족하고 짧은 문장의 뜻을 이해하거나 꾸준히 읽는 데 어려움이 있음”입니다.,"기초 어휘, 문장 이해, 짧은 글 읽기, 학습 습관","지역과 일정에 따라 1:1 방문수업 또는 화상수업으로 진행하며, 기초 어휘와 문장 이해, 읽기 학습을 학생의 수준과 학습 속도에 맞춰 지도",익숙한 어휘로 짧은 문장의 뜻을 파악하고 스스로 읽고 복습하는 습관 형성,친근형,elementary_english
1154,https://kimstutoring.co.kr,gokseong-gun-middle-english,publish,ko,전라남도,곡성군,영어,중학생,곡성군 중학생 영어과외,곡성군 중학생 영어과외,"곡성군에서 배우는 중학생 영어 과외, 실제로 쓰려는 상황에 맞춰 수업 내용을 정합니다. 지역과 일정에 따라 1:1 방문수업 또는 화상수업으로 진행하며, 어휘·문법·독해를 기본으로 학교별 내신과… 방식으로 수업하고 있습니다.",중학생 영어 문법과 독해를 보완하고 학교별 내신과 서술형 및 수행평가를 준비하는 온라인 과외 찾기,핵심 고민은 “어휘와 문법을 배워도 지문에 적용하기 어렵고 서술형 답안과 수행평가 준비가 막막함”입니다.,"어휘, 문법, 독해, 학교별 내신, 서술형, 수행평가","지역과 일정에 따라 1:1 방문수업 또는 화상수업으로 진행하며, 어휘·문법·독해를 기본으로 학교별 내신과 서술형, 수행평가까지 학생의 취약 부분에 맞춰 지도",문법 근거를 설명하며 지문을 읽고 학교 평가 기준에 맞춰 답안을 작성하는 능력 향상,코칭형,middle_english
1155,https://kimstutoring.co.kr,gokseong-gun-high-english,publish,ko,전라남도,곡성군,영어,고등학생,곡성군 고등학생 영어과외,곡성군 고등학생 영어과외,"곡성군에서 고등학생 영어 과외 수업을 찾고 계신다면 지금 필요한 내용부터 시작할 수 있습니다. 지역과 일정에 따라 1:1 방문수업 또는 화상수업으로 진행하며, 어휘·구문독해부터 학교별 내신, 모의고사와 수능… 방식으로 수업하고 있습니다.",고등학생 영어 내신과 모의고사 및 수능 준비를 현재 수준에 맞춰 병행하는 온라인 과외 찾기,핵심 고민은 “긴 문장의 구조를 파악하기 어렵고 내신과 모의고사 지문을 읽는 데 시간이 오래 걸림”입니다.,"어휘, 구문독해, 학교별 내신, 모의고사, 수능","지역과 일정에 따라 1:1 방문수업 또는 화상수업으로 진행하며, 어휘·구문독해부터 학교별 내신, 모의고사와 수능 대비까지 현재 실력과 목표에 맞춰 지도",복잡한 문장의 구조를 파악하고 지문의 근거를 바탕으로 답을 선택하는 독해 능력 향상,전문형,high_english
1156,https://kimstutoring.co.kr,gokseong-gun-elementary-math,publish,ko,전라남도,곡성군,수학,초등학생,곡성군 초등학생 수학과외,곡성군 초등학생 수학과외,"곡성군에서 배우는 초등학생 수학 과외, 실제로 쓰려는 상황에 맞춰 수업 내용을 정합니다. 지역과 일정에 따라 1:1 방문수업 또는 화상수업으로 진행하며, 연산과 기초개념을 탄탄히 다지고 문제를 이해하는… 방식으로 수업하고 있습니다.",초등학생 수학 연산과 기초개념을 다지고 문제 이해와 풀이 습관을 기르는 온라인 과외 찾기,핵심 고민은 “계산 실수가 반복되고 문장형 문제에서 무엇을 구해야 하는지 파악하기 어려움”입니다.,"연산, 기초개념, 문제 이해, 풀이 습관","지역과 일정에 따라 1:1 방문수업 또는 화상수업으로 진행하며, 연산과 기초개념을 탄탄히 다지고 문제를 이해하는 과정과 올바른 풀이 습관을 학생 수준에 맞춰 지도",계산 과정을 점검하고 문제의 조건을 이해하며 풀이 순서를 정리하는 습관 형성,친근형,elementary_math
1157,https://kimstutoring.co.kr,gokseong-gun-middle-math,publish,ko,전라남도,곡성군,수학,중학생,곡성군 중학생 수학과외,곡성군 중학생 수학과외,"곡성군에서 배우는 중학생 수학 과외, 실제로 쓰려는 상황에 맞춰 수업 내용을 정합니다. 지역과 일정에 따라 1:1 방문수업 또는 화상수업으로 진행하며, 개념 이해와 유형별 문제풀이를 연결하고 학교별… 방식으로 수업하고 있습니다.",중학생 수학 개념과 유형별 문제풀이를 연결하고 내신 및 서술형을 준비하는 온라인 과외 찾기,핵심 고민은 “개념을 외워도 문제 유형이 바뀌면 적용하기 어렵고 같은 오답과 풀이 과정 누락이 반복됨”입니다.,"개념, 유형별 문제풀이, 학교별 내신, 서술형, 오답관리","지역과 일정에 따라 1:1 방문수업 또는 화상수업으로 진행하며, 개념 이해와 유형별 문제풀이를 연결하고 학교별 내신, 서술형, 오답관리까지 취약 단원에 맞춰 지도",문제에 맞는 개념을 선택하고 풀이 근거를 순서대로 쓰며 반복되는 실수를 줄이는 능력 향상,코칭형,middle_math
1158,https://kimstutoring.co.kr,gokseong-gun-high-math,publish,ko,전라남도,곡성군,수학,고등학생,곡성군 고등학생 수학과외,곡성군 고등학생 수학과외,"곡성군 고등학생 수학 과외 수업은 정해진 진도보다 현재 실력과 배우는 이유를 중요하게 봅니다. 지역과 일정에 따라 1:1 방문수업 또는 화상수업으로 진행하며, 개념과 유형별 문제풀이부터 학교별 내신,… 방식으로 수업하고 있습니다.",고등학생 수학 취약단원을 보완하면서 내신과 모의고사 및 수능을 준비하는 온라인 과외 찾기,핵심 고민은 “개념 사이의 연결이 약하고 복합 문제의 접근 방법을 찾기 어려우며 취약단원에서 오답이 반복됨”입니다.,"개념, 유형별 문제풀이, 학교별 내신, 모의고사, 수능, 취약단원, 오답분석","지역과 일정에 따라 1:1 방문수업 또는 화상수업으로 진행하며, 개념과 유형별 문제풀이부터 학교별 내신, 모의고사와 수능 대비, 취약단원 및 오답분석까지 목표에 맞춰 지도",취약단원의 개념을 연결하고 문제 조건에 맞는 풀이 전략을 선택하며 오답 원인을 스스로 설명하는 능력 향상,전문형,high_math
1159,https://kimstutoring.co.kr,gokseong-gun-elementary-korean,publish,ko,전라남도,곡성군,국어,초등학생,곡성군 초등학생 국어과외,곡성군 초등학생 국어과외,"곡성군 초등학생 국어 과외 수업은 정해진 진도보다 현재 실력과 배우는 이유를 중요하게 봅니다. 지역과 일정에 따라 1:1 방문수업 또는 화상수업으로 진행하며, 어휘와 독해를 바탕으로 글의 내용을 이해하고… 방식으로 수업하고 있습니다.",초등학생의 국어 기초와 문해력을 잡아줄 1:1 국어과외 탐색,핵심 고민은 “글을 읽어도 내용을 정확히 이해하지 못하거나 어휘력이 부족해 문제의 뜻을 파악하는 데 어려움”입니다.,"어휘, 독해, 문장 이해, 글의 중심내용 파악, 기초 문해력, 글쓰기, 학습 습관","지역과 일정에 따라 1:1 방문수업 또는 화상수업으로 진행하며, 어휘와 독해를 바탕으로 글의 내용을 이해하고 자신의 생각을 표현하는 힘을 학생의 수준과 학습 속도에 맞춰 지도","글을 읽고 핵심 내용을 파악하는 힘을 기르고, 국어뿐 아니라 다른 과목의 문제를 이해하는 데 필요한 기초 문해력과 학습 습관 형성",친근형,elementary_korean
1160,https://kimstutoring.co.kr,gokseong-gun-middle-korean,publish,ko,전라남도,곡성군,국어,중학생,곡성군 중학생 국어과외,곡성군 중학생 국어과외,"곡성군에서 배우는 중학생 국어 과외, 실제로 쓰려는 상황에 맞춰 수업 내용을 정합니다. 지역과 일정에 따라 1:1 방문수업 또는 화상수업으로 진행하며, 문학·비문학 독해와 문법을 기본으로 학교별… 방식으로 수업하고 있습니다.",학교 내신과 국어 기본기를 함께 준비할 1:1 중등 국어과외 탐색,"핵심 고민은 “문학과 비문학 지문을 감으로 풀거나 문법 개념이 부족하고, 학교 시험의 서술형·수행평가 대비가 어려움”입니다.","문학, 비문학, 문법, 어휘, 학교별 내신, 서술형, 수행평가, 오답관리","지역과 일정에 따라 1:1 방문수업 또는 화상수업으로 진행하며, 문학·비문학 독해와 문법을 기본으로 학교별 내신, 서술형과 수행평가까지 학생의 취약 부분에 맞춰 지도","지문을 근거로 읽고 문제를 해결하는 방법을 익히며, 부족한 영역을 파악해 내신과 고등 국어 학습에 필요한 기본기 강화",코칭형,middle_korean
1161,https://kimstutoring.co.kr,gokseong-gun-high-korean,publish,ko,전라남도,곡성군,국어,고등학생,곡성군 고등학생 국어과외,곡성군 고등학생 국어과외,"곡성군 고등학생 국어 과외 수업은 정해진 진도보다 현재 실력과 배우는 이유를 중요하게 봅니다. 지역과 일정에 따라 1:1 방문수업 또는 화상수업으로 진행하며, 문학과 독서의 지문 분석부터 학교별 내신,… 방식으로 수업하고 있습니다.",내신과 모의고사·수능을 함께 대비할 1:1 고등 국어과외 탐색,"핵심 고민은 “긴 지문의 핵심을 빠르게 파악하기 어렵거나 문학·독서·문법 영역별 편차가 크고, 모의고사에서 시간 관리와…”입니다.","문학, 독서, 화법과 언어, 작문, 학교별 내신, 모의고사, 수능, 취약영역, 오답분석","지역과 일정에 따라 1:1 방문수업 또는 화상수업으로 진행하며, 문학과 독서의 지문 분석부터 학교별 내신, 모의고사와 수능 대비, 취약영역 및 오답분석까지 현재 실력과 목표에 맞춰 지도","지문을 분석하는 기준과 문제 접근 방법을 익히고, 취약영역과 반복되는 오답을 점검하면서 내신·모의고사·수능 학습의 방향을 구체화",전문형,high_korean
1162,https://kimstutoring.co.kr,gurye-gun-elementary-english,publish,ko,전라남도,구례군,영어,초등학생,구례군 초등학생 영어과외,구례군 초등학생 영어과외,"초등학생 영어 과외 공부를 처음 시작한다면 구례군에서도 기초부터 1:1로 배울 수 있습니다. 지역과 일정에 따라 1:1 방문수업 또는 화상수업으로 진행하며, 기초 어휘와 문장 이해, 읽기 학습을 학생의… 방식으로 수업하고 있습니다.",초등학생 수준에 맞춰 영어 기초와 꾸준한 학습 습관을 기르는 1:1 온라인 과외 찾기,핵심 고민은 “기초 어휘가 부족하고 짧은 문장의 뜻을 이해하거나 꾸준히 읽는 데 어려움이 있음”입니다.,"기초 어휘, 문장 이해, 짧은 글 읽기, 학습 습관","지역과 일정에 따라 1:1 방문수업 또는 화상수업으로 진행하며, 기초 어휘와 문장 이해, 읽기 학습을 학생의 수준과 학습 속도에 맞춰 지도",익숙한 어휘로 짧은 문장의 뜻을 파악하고 스스로 읽고 복습하는 습관 형성,친근형,elementary_english
1163,https://kimstutoring.co.kr,gurye-gun-middle-english,publish,ko,전라남도,구례군,영어,중학생,구례군 중학생 영어과외,구례군 중학생 영어과외,"중학생 영어 과외 때문에 고민이 있다면 구례군 수업에서 지금 필요한 연습부터 함께 해볼 수 있습니다. 지역과 일정에 따라 1:1 방문수업 또는 화상수업으로 진행하며, 어휘·문법·독해를 기본으로 학교별 내신과… 방식으로 수업하고 있습니다.",중학생 영어 문법과 독해를 보완하고 학교별 내신과 서술형 및 수행평가를 준비하는 온라인 과외 찾기,핵심 고민은 “어휘와 문법을 배워도 지문에 적용하기 어렵고 서술형 답안과 수행평가 준비가 막막함”입니다.,"어휘, 문법, 독해, 학교별 내신, 서술형, 수행평가","지역과 일정에 따라 1:1 방문수업 또는 화상수업으로 진행하며, 어휘·문법·독해를 기본으로 학교별 내신과 서술형, 수행평가까지 학생의 취약 부분에 맞춰 지도",문법 근거를 설명하며 지문을 읽고 학교 평가 기준에 맞춰 답안을 작성하는 능력 향상,코칭형,middle_english
1164,https://kimstutoring.co.kr,gurye-gun-high-english,publish,ko,전라남도,구례군,영어,고등학생,구례군 고등학생 영어과외,구례군 고등학생 영어과외,"고등학생 영어 과외 공부를 처음 시작한다면 구례군에서도 기초부터 1:1로 배울 수 있습니다. 지역과 일정에 따라 1:1 방문수업 또는 화상수업으로 진행하며, 어휘·구문독해부터 학교별 내신, 모의고사와 수능… 방식으로 수업하고 있습니다.",고등학생 영어 내신과 모의고사 및 수능 준비를 현재 수준에 맞춰 병행하는 온라인 과외 찾기,핵심 고민은 “긴 문장의 구조를 파악하기 어렵고 내신과 모의고사 지문을 읽는 데 시간이 오래 걸림”입니다.,"어휘, 구문독해, 학교별 내신, 모의고사, 수능","지역과 일정에 따라 1:1 방문수업 또는 화상수업으로 진행하며, 어휘·구문독해부터 학교별 내신, 모의고사와 수능 대비까지 현재 실력과 목표에 맞춰 지도",복잡한 문장의 구조를 파악하고 지문의 근거를 바탕으로 답을 선택하는 독해 능력 향상,전문형,high_english
1165,https://kimstutoring.co.kr,gurye-gun-elementary-math,publish,ko,전라남도,구례군,수학,초등학생,구례군 초등학생 수학과외,구례군 초등학생 수학과외,"초등학생 수학 과외 때문에 고민이 있다면 구례군 수업에서 지금 필요한 연습부터 함께 해볼 수 있습니다. 지역과 일정에 따라 1:1 방문수업 또는 화상수업으로 진행하며, 연산과 기초개념을 탄탄히 다지고 문제를 이해하는… 방식으로 수업하고 있습니다.",초등학생 수학 연산과 기초개념을 다지고 문제 이해와 풀이 습관을 기르는 온라인 과외 찾기,핵심 고민은 “계산 실수가 반복되고 문장형 문제에서 무엇을 구해야 하는지 파악하기 어려움”입니다.,"연산, 기초개념, 문제 이해, 풀이 습관","지역과 일정에 따라 1:1 방문수업 또는 화상수업으로 진행하며, 연산과 기초개념을 탄탄히 다지고 문제를 이해하는 과정과 올바른 풀이 습관을 학생 수준에 맞춰 지도",계산 과정을 점검하고 문제의 조건을 이해하며 풀이 순서를 정리하는 습관 형성,친근형,elementary_math
1166,https://kimstutoring.co.kr,gurye-gun-middle-math,publish,ko,전라남도,구례군,수학,중학생,구례군 중학생 수학과외,구례군 중학생 수학과외,"중학생 수학 과외 때문에 고민이 있다면 구례군 수업에서 지금 필요한 연습부터 함께 해볼 수 있습니다. 지역과 일정에 따라 1:1 방문수업 또는 화상수업으로 진행하며, 개념 이해와 유형별 문제풀이를 연결하고 학교별… 방식으로 수업하고 있습니다.",중학생 수학 개념과 유형별 문제풀이를 연결하고 내신 및 서술형을 준비하는 온라인 과외 찾기,핵심 고민은 “개념을 외워도 문제 유형이 바뀌면 적용하기 어렵고 같은 오답과 풀이 과정 누락이 반복됨”입니다.,"개념, 유형별 문제풀이, 학교별 내신, 서술형, 오답관리","지역과 일정에 따라 1:1 방문수업 또는 화상수업으로 진행하며, 개념 이해와 유형별 문제풀이를 연결하고 학교별 내신, 서술형, 오답관리까지 취약 단원에 맞춰 지도",문제에 맞는 개념을 선택하고 풀이 근거를 순서대로 쓰며 반복되는 실수를 줄이는 능력 향상,코칭형,middle_math
1167,https://kimstutoring.co.kr,gurye-gun-high-math,publish,ko,전라남도,구례군,수학,고등학생,구례군 고등학생 수학과외,구례군 고등학생 수학과외,"구례군에서 고등학생 수학 과외 실력을 늘리고 싶다면 자주 막히는 부분부터 직접 다뤄봅니다. 지역과 일정에 따라 1:1 방문수업 또는 화상수업으로 진행하며, 개념과 유형별 문제풀이부터 학교별 내신,… 방식으로 수업하고 있습니다.",고등학생 수학 취약단원을 보완하면서 내신과 모의고사 및 수능을 준비하는 온라인 과외 찾기,핵심 고민은 “개념 사이의 연결이 약하고 복합 문제의 접근 방법을 찾기 어려우며 취약단원에서 오답이 반복됨”입니다.,"개념, 유형별 문제풀이, 학교별 내신, 모의고사, 수능, 취약단원, 오답분석","지역과 일정에 따라 1:1 방문수업 또는 화상수업으로 진행하며, 개념과 유형별 문제풀이부터 학교별 내신, 모의고사와 수능 대비, 취약단원 및 오답분석까지 목표에 맞춰 지도",취약단원의 개념을 연결하고 문제 조건에 맞는 풀이 전략을 선택하며 오답 원인을 스스로 설명하는 능력 향상,전문형,high_math
1168,https://kimstutoring.co.kr,gurye-gun-elementary-korean,publish,ko,전라남도,구례군,국어,초등학생,구례군 초등학생 국어과외,구례군 초등학생 국어과외,"구례군에서 초등학생 국어 과외 실력을 늘리고 싶다면 자주 막히는 부분부터 직접 다뤄봅니다. 지역과 일정에 따라 1:1 방문수업 또는 화상수업으로 진행하며, 어휘와 독해를 바탕으로 글의 내용을 이해하고… 방식으로 수업하고 있습니다.",초등학생의 국어 기초와 문해력을 잡아줄 1:1 국어과외 탐색,핵심 고민은 “글을 읽어도 내용을 정확히 이해하지 못하거나 어휘력이 부족해 문제의 뜻을 파악하는 데 어려움”입니다.,"어휘, 독해, 문장 이해, 글의 중심내용 파악, 기초 문해력, 글쓰기, 학습 습관","지역과 일정에 따라 1:1 방문수업 또는 화상수업으로 진행하며, 어휘와 독해를 바탕으로 글의 내용을 이해하고 자신의 생각을 표현하는 힘을 학생의 수준과 학습 속도에 맞춰 지도","글을 읽고 핵심 내용을 파악하는 힘을 기르고, 국어뿐 아니라 다른 과목의 문제를 이해하는 데 필요한 기초 문해력과 학습 습관 형성",친근형,elementary_korean
1169,https://kimstutoring.co.kr,gurye-gun-middle-korean,publish,ko,전라남도,구례군,국어,중학생,구례군 중학생 국어과외,구례군 중학생 국어과외,"중학생 국어 과외 때문에 고민이 있다면 구례군 수업에서 지금 필요한 연습부터 함께 해볼 수 있습니다. 지역과 일정에 따라 1:1 방문수업 또는 화상수업으로 진행하며, 문학·비문학 독해와 문법을 기본으로 학교별… 방식으로 수업하고 있습니다.",학교 내신과 국어 기본기를 함께 준비할 1:1 중등 국어과외 탐색,"핵심 고민은 “문학과 비문학 지문을 감으로 풀거나 문법 개념이 부족하고, 학교 시험의 서술형·수행평가 대비가 어려움”입니다.","문학, 비문학, 문법, 어휘, 학교별 내신, 서술형, 수행평가, 오답관리","지역과 일정에 따라 1:1 방문수업 또는 화상수업으로 진행하며, 문학·비문학 독해와 문법을 기본으로 학교별 내신, 서술형과 수행평가까지 학생의 취약 부분에 맞춰 지도","지문을 근거로 읽고 문제를 해결하는 방법을 익히며, 부족한 영역을 파악해 내신과 고등 국어 학습에 필요한 기본기 강화",코칭형,middle_korean
1170,https://kimstutoring.co.kr,gurye-gun-high-korean,publish,ko,전라남도,구례군,국어,고등학생,구례군 고등학생 국어과외,구례군 고등학생 국어과외,"구례군에서 고등학생 국어 과외 실력을 늘리고 싶다면 자주 막히는 부분부터 직접 다뤄봅니다. 지역과 일정에 따라 1:1 방문수업 또는 화상수업으로 진행하며, 문학과 독서의 지문 분석부터 학교별 내신,… 방식으로 수업하고 있습니다.",내신과 모의고사·수능을 함께 대비할 1:1 고등 국어과외 탐색,"핵심 고민은 “긴 지문의 핵심을 빠르게 파악하기 어렵거나 문학·독서·문법 영역별 편차가 크고, 모의고사에서 시간 관리와…”입니다.","문학, 독서, 화법과 언어, 작문, 학교별 내신, 모의고사, 수능, 취약영역, 오답분석","지역과 일정에 따라 1:1 방문수업 또는 화상수업으로 진행하며, 문학과 독서의 지문 분석부터 학교별 내신, 모의고사와 수능 대비, 취약영역 및 오답분석까지 현재 실력과 목표에 맞춰 지도","지문을 분석하는 기준과 문제 접근 방법을 익히고, 취약영역과 반복되는 오답을 점검하면서 내신·모의고사·수능 학습의 방향을 구체화",전문형,high_korean
1171,https://kimstutoring.co.kr,damyang-gun-elementary-english,publish,ko,전라남도,담양군,영어,초등학생,담양군 초등학생 영어과외,담양군 초등학생 영어과외,"담양군 초등학생 영어 과외 수업은 정해진 진도보다 현재 실력과 배우는 이유를 중요하게 봅니다. 지역과 일정에 따라 1:1 방문수업 또는 화상수업으로 진행하며, 기초 어휘와 문장 이해, 읽기 학습을 학생의… 방식으로 수업하고 있습니다.",초등학생 수준에 맞춰 영어 기초와 꾸준한 학습 습관을 기르는 1:1 온라인 과외 찾기,핵심 고민은 “기초 어휘가 부족하고 짧은 문장의 뜻을 이해하거나 꾸준히 읽는 데 어려움이 있음”입니다.,"기초 어휘, 문장 이해, 짧은 글 읽기, 학습 습관","지역과 일정에 따라 1:1 방문수업 또는 화상수업으로 진행하며, 기초 어휘와 문장 이해, 읽기 학습을 학생의 수준과 학습 속도에 맞춰 지도",익숙한 어휘로 짧은 문장의 뜻을 파악하고 스스로 읽고 복습하는 습관 형성,친근형,elementary_english
1172,https://kimstutoring.co.kr,damyang-gun-middle-english,publish,ko,전라남도,담양군,영어,중학생,담양군 중학생 영어과외,담양군 중학생 영어과외,"중학생 영어 과외 공부를 다시 시작하려는 분께 담양군 1:1 수업이 맞는 출발점을 찾아드립니다. 지역과 일정에 따라 1:1 방문수업 또는 화상수업으로 진행하며, 어휘·문법·독해를 기본으로 학교별 내신과… 방식으로 수업하고 있습니다.",중학생 영어 문법과 독해를 보완하고 학교별 내신과 서술형 및 수행평가를 준비하는 온라인 과외 찾기,핵심 고민은 “어휘와 문법을 배워도 지문에 적용하기 어렵고 서술형 답안과 수행평가 준비가 막막함”입니다.,"어휘, 문법, 독해, 학교별 내신, 서술형, 수행평가","지역과 일정에 따라 1:1 방문수업 또는 화상수업으로 진행하며, 어휘·문법·독해를 기본으로 학교별 내신과 서술형, 수행평가까지 학생의 취약 부분에 맞춰 지도",문법 근거를 설명하며 지문을 읽고 학교 평가 기준에 맞춰 답안을 작성하는 능력 향상,코칭형,middle_english
1173,https://kimstutoring.co.kr,damyang-gun-high-english,publish,ko,전라남도,담양군,영어,고등학생,담양군 고등학생 영어과외,담양군 고등학생 영어과외,"담양군에서 배우는 고등학생 영어 과외, 실제로 쓰려는 상황에 맞춰 수업 내용을 정합니다. 지역과 일정에 따라 1:1 방문수업 또는 화상수업으로 진행하며, 어휘·구문독해부터 학교별 내신, 모의고사와 수능… 방식으로 수업하고 있습니다.",고등학생 영어 내신과 모의고사 및 수능 준비를 현재 수준에 맞춰 병행하는 온라인 과외 찾기,핵심 고민은 “긴 문장의 구조를 파악하기 어렵고 내신과 모의고사 지문을 읽는 데 시간이 오래 걸림”입니다.,"어휘, 구문독해, 학교별 내신, 모의고사, 수능","지역과 일정에 따라 1:1 방문수업 또는 화상수업으로 진행하며, 어휘·구문독해부터 학교별 내신, 모의고사와 수능 대비까지 현재 실력과 목표에 맞춰 지도",복잡한 문장의 구조를 파악하고 지문의 근거를 바탕으로 답을 선택하는 독해 능력 향상,전문형,high_english
1174,https://kimstutoring.co.kr,damyang-gun-elementary-math,publish,ko,전라남도,담양군,수학,초등학생,담양군 초등학생 수학과외,담양군 초등학생 수학과외,"초등학생 수학 과외 공부를 다시 시작하려는 분께 담양군 1:1 수업이 맞는 출발점을 찾아드립니다. 지역과 일정에 따라 1:1 방문수업 또는 화상수업으로 진행하며, 연산과 기초개념을 탄탄히 다지고 문제를 이해하는… 방식으로 수업하고 있습니다.",초등학생 수학 연산과 기초개념을 다지고 문제 이해와 풀이 습관을 기르는 온라인 과외 찾기,핵심 고민은 “계산 실수가 반복되고 문장형 문제에서 무엇을 구해야 하는지 파악하기 어려움”입니다.,"연산, 기초개념, 문제 이해, 풀이 습관","지역과 일정에 따라 1:1 방문수업 또는 화상수업으로 진행하며, 연산과 기초개념을 탄탄히 다지고 문제를 이해하는 과정과 올바른 풀이 습관을 학생 수준에 맞춰 지도",계산 과정을 점검하고 문제의 조건을 이해하며 풀이 순서를 정리하는 습관 형성,친근형,elementary_math
1175,https://kimstutoring.co.kr,damyang-gun-middle-math,publish,ko,전라남도,담양군,수학,중학생,담양군 중학생 수학과외,담양군 중학생 수학과외,"중학생 수학 과외 공부를 다시 시작하려는 분께 담양군 1:1 수업이 맞는 출발점을 찾아드립니다. 지역과 일정에 따라 1:1 방문수업 또는 화상수업으로 진행하며, 개념 이해와 유형별 문제풀이를 연결하고 학교별… 방식으로 수업하고 있습니다.",중학생 수학 개념과 유형별 문제풀이를 연결하고 내신 및 서술형을 준비하는 온라인 과외 찾기,핵심 고민은 “개념을 외워도 문제 유형이 바뀌면 적용하기 어렵고 같은 오답과 풀이 과정 누락이 반복됨”입니다.,"개념, 유형별 문제풀이, 학교별 내신, 서술형, 오답관리","지역과 일정에 따라 1:1 방문수업 또는 화상수업으로 진행하며, 개념 이해와 유형별 문제풀이를 연결하고 학교별 내신, 서술형, 오답관리까지 취약 단원에 맞춰 지도",문제에 맞는 개념을 선택하고 풀이 근거를 순서대로 쓰며 반복되는 실수를 줄이는 능력 향상,코칭형,middle_math
1176,https://kimstutoring.co.kr,damyang-gun-high-math,publish,ko,전라남도,담양군,수학,고등학생,담양군 고등학생 수학과외,담양군 고등학생 수학과외,"담양군에서 고등학생 수학 과외 수업을 찾고 계신다면 지금 필요한 내용부터 시작할 수 있습니다. 지역과 일정에 따라 1:1 방문수업 또는 화상수업으로 진행하며, 개념과 유형별 문제풀이부터 학교별 내신,… 방식으로 수업하고 있습니다.",고등학생 수학 취약단원을 보완하면서 내신과 모의고사 및 수능을 준비하는 온라인 과외 찾기,핵심 고민은 “개념 사이의 연결이 약하고 복합 문제의 접근 방법을 찾기 어려우며 취약단원에서 오답이 반복됨”입니다.,"개념, 유형별 문제풀이, 학교별 내신, 모의고사, 수능, 취약단원, 오답분석","지역과 일정에 따라 1:1 방문수업 또는 화상수업으로 진행하며, 개념과 유형별 문제풀이부터 학교별 내신, 모의고사와 수능 대비, 취약단원 및 오답분석까지 목표에 맞춰 지도",취약단원의 개념을 연결하고 문제 조건에 맞는 풀이 전략을 선택하며 오답 원인을 스스로 설명하는 능력 향상,전문형,high_math
1177,https://kimstutoring.co.kr,damyang-gun-elementary-korean,publish,ko,전라남도,담양군,국어,초등학생,담양군 초등학생 국어과외,담양군 초등학생 국어과외,"담양군에서 초등학생 국어 과외 수업을 찾고 계신다면 지금 필요한 내용부터 시작할 수 있습니다. 지역과 일정에 따라 1:1 방문수업 또는 화상수업으로 진행하며, 어휘와 독해를 바탕으로 글의 내용을 이해하고… 방식으로 수업하고 있습니다.",초등학생의 국어 기초와 문해력을 잡아줄 1:1 국어과외 탐색,핵심 고민은 “글을 읽어도 내용을 정확히 이해하지 못하거나 어휘력이 부족해 문제의 뜻을 파악하는 데 어려움”입니다.,"어휘, 독해, 문장 이해, 글의 중심내용 파악, 기초 문해력, 글쓰기, 학습 습관","지역과 일정에 따라 1:1 방문수업 또는 화상수업으로 진행하며, 어휘와 독해를 바탕으로 글의 내용을 이해하고 자신의 생각을 표현하는 힘을 학생의 수준과 학습 속도에 맞춰 지도","글을 읽고 핵심 내용을 파악하는 힘을 기르고, 국어뿐 아니라 다른 과목의 문제를 이해하는 데 필요한 기초 문해력과 학습 습관 형성",친근형,elementary_korean
1178,https://kimstutoring.co.kr,damyang-gun-middle-korean,publish,ko,전라남도,담양군,국어,중학생,담양군 중학생 국어과외,담양군 중학생 국어과외,"중학생 국어 과외 공부를 다시 시작하려는 분께 담양군 1:1 수업이 맞는 출발점을 찾아드립니다. 지역과 일정에 따라 1:1 방문수업 또는 화상수업으로 진행하며, 문학·비문학 독해와 문법을 기본으로 학교별… 방식으로 수업하고 있습니다.",학교 내신과 국어 기본기를 함께 준비할 1:1 중등 국어과외 탐색,"핵심 고민은 “문학과 비문학 지문을 감으로 풀거나 문법 개념이 부족하고, 학교 시험의 서술형·수행평가 대비가 어려움”입니다.","문학, 비문학, 문법, 어휘, 학교별 내신, 서술형, 수행평가, 오답관리","지역과 일정에 따라 1:1 방문수업 또는 화상수업으로 진행하며, 문학·비문학 독해와 문법을 기본으로 학교별 내신, 서술형과 수행평가까지 학생의 취약 부분에 맞춰 지도","지문을 근거로 읽고 문제를 해결하는 방법을 익히며, 부족한 영역을 파악해 내신과 고등 국어 학습에 필요한 기본기 강화",코칭형,middle_korean
1179,https://kimstutoring.co.kr,damyang-gun-high-korean,publish,ko,전라남도,담양군,국어,고등학생,담양군 고등학생 국어과외,담양군 고등학생 국어과외,"담양군에서 고등학생 국어 과외 수업을 찾고 계신다면 지금 필요한 내용부터 시작할 수 있습니다. 지역과 일정에 따라 1:1 방문수업 또는 화상수업으로 진행하며, 문학과 독서의 지문 분석부터 학교별 내신,… 방식으로 수업하고 있습니다.",내신과 모의고사·수능을 함께 대비할 1:1 고등 국어과외 탐색,"핵심 고민은 “긴 지문의 핵심을 빠르게 파악하기 어렵거나 문학·독서·문법 영역별 편차가 크고, 모의고사에서 시간 관리와…”입니다.","문학, 독서, 화법과 언어, 작문, 학교별 내신, 모의고사, 수능, 취약영역, 오답분석","지역과 일정에 따라 1:1 방문수업 또는 화상수업으로 진행하며, 문학과 독서의 지문 분석부터 학교별 내신, 모의고사와 수능 대비, 취약영역 및 오답분석까지 현재 실력과 목표에 맞춰 지도","지문을 분석하는 기준과 문제 접근 방법을 익히고, 취약영역과 반복되는 오답을 점검하면서 내신·모의고사·수능 학습의 방향을 구체화",전문형,high_korean
1180,https://kimstutoring.co.kr,muan-gun-elementary-english,publish,ko,전라남도,무안군,영어,초등학생,무안군 초등학생 영어과외,무안군 초등학생 영어과외,"무안군에서 배우는 초등학생 영어 과외, 실제로 쓰려는 상황에 맞춰 수업 내용을 정합니다. 지역과 일정에 따라 1:1 방문수업 또는 화상수업으로 진행하며, 기초 어휘와 문장 이해, 읽기 학습을 학생의… 방식으로 수업하고 있습니다.",초등학생 수준에 맞춰 영어 기초와 꾸준한 학습 습관을 기르는 1:1 온라인 과외 찾기,핵심 고민은 “기초 어휘가 부족하고 짧은 문장의 뜻을 이해하거나 꾸준히 읽는 데 어려움이 있음”입니다.,"기초 어휘, 문장 이해, 짧은 글 읽기, 학습 습관","지역과 일정에 따라 1:1 방문수업 또는 화상수업으로 진행하며, 기초 어휘와 문장 이해, 읽기 학습을 학생의 수준과 학습 속도에 맞춰 지도",익숙한 어휘로 짧은 문장의 뜻을 파악하고 스스로 읽고 복습하는 습관 형성,친근형,elementary_english
1181,https://kimstutoring.co.kr,muan-gun-middle-english,publish,ko,전라남도,무안군,영어,중학생,무안군 중학생 영어과외,무안군 중학생 영어과외,"무안군에서 중학생 영어 과외 수업을 찾고 계신다면 지금 필요한 내용부터 시작할 수 있습니다. 지역과 일정에 따라 1:1 방문수업 또는 화상수업으로 진행하며, 어휘·문법·독해를 기본으로 학교별 내신과… 방식으로 수업하고 있습니다.",중학생 영어 문법과 독해를 보완하고 학교별 내신과 서술형 및 수행평가를 준비하는 온라인 과외 찾기,핵심 고민은 “어휘와 문법을 배워도 지문에 적용하기 어렵고 서술형 답안과 수행평가 준비가 막막함”입니다.,"어휘, 문법, 독해, 학교별 내신, 서술형, 수행평가","지역과 일정에 따라 1:1 방문수업 또는 화상수업으로 진행하며, 어휘·문법·독해를 기본으로 학교별 내신과 서술형, 수행평가까지 학생의 취약 부분에 맞춰 지도",문법 근거를 설명하며 지문을 읽고 학교 평가 기준에 맞춰 답안을 작성하는 능력 향상,코칭형,middle_english
1182,https://kimstutoring.co.kr,muan-gun-high-english,publish,ko,전라남도,무안군,영어,고등학생,무안군 고등학생 영어과외,무안군 고등학생 영어과외,"무안군 고등학생 영어 과외 수업은 정해진 진도보다 현재 실력과 배우는 이유를 중요하게 봅니다. 지역과 일정에 따라 1:1 방문수업 또는 화상수업으로 진행하며, 어휘·구문독해부터 학교별 내신, 모의고사와 수능… 방식으로 수업하고 있습니다.",고등학생 영어 내신과 모의고사 및 수능 준비를 현재 수준에 맞춰 병행하는 온라인 과외 찾기,핵심 고민은 “긴 문장의 구조를 파악하기 어렵고 내신과 모의고사 지문을 읽는 데 시간이 오래 걸림”입니다.,"어휘, 구문독해, 학교별 내신, 모의고사, 수능","지역과 일정에 따라 1:1 방문수업 또는 화상수업으로 진행하며, 어휘·구문독해부터 학교별 내신, 모의고사와 수능 대비까지 현재 실력과 목표에 맞춰 지도",복잡한 문장의 구조를 파악하고 지문의 근거를 바탕으로 답을 선택하는 독해 능력 향상,전문형,high_english
1183,https://kimstutoring.co.kr,muan-gun-elementary-math,publish,ko,전라남도,무안군,수학,초등학생,무안군 초등학생 수학과외,무안군 초등학생 수학과외,"무안군에서 초등학생 수학 과외 수업을 찾고 계신다면 지금 필요한 내용부터 시작할 수 있습니다. 지역과 일정에 따라 1:1 방문수업 또는 화상수업으로 진행하며, 연산과 기초개념을 탄탄히 다지고 문제를 이해하는… 방식으로 수업하고 있습니다.",초등학생 수학 연산과 기초개념을 다지고 문제 이해와 풀이 습관을 기르는 온라인 과외 찾기,핵심 고민은 “계산 실수가 반복되고 문장형 문제에서 무엇을 구해야 하는지 파악하기 어려움”입니다.,"연산, 기초개념, 문제 이해, 풀이 습관","지역과 일정에 따라 1:1 방문수업 또는 화상수업으로 진행하며, 연산과 기초개념을 탄탄히 다지고 문제를 이해하는 과정과 올바른 풀이 습관을 학생 수준에 맞춰 지도",계산 과정을 점검하고 문제의 조건을 이해하며 풀이 순서를 정리하는 습관 형성,친근형,elementary_math
1184,https://kimstutoring.co.kr,muan-gun-middle-math,publish,ko,전라남도,무안군,수학,중학생,무안군 중학생 수학과외,무안군 중학생 수학과외,"무안군에서 중학생 수학 과외 수업을 찾고 계신다면 지금 필요한 내용부터 시작할 수 있습니다. 지역과 일정에 따라 1:1 방문수업 또는 화상수업으로 진행하며, 개념 이해와 유형별 문제풀이를 연결하고 학교별… 방식으로 수업하고 있습니다.",중학생 수학 개념과 유형별 문제풀이를 연결하고 내신 및 서술형을 준비하는 온라인 과외 찾기,핵심 고민은 “개념을 외워도 문제 유형이 바뀌면 적용하기 어렵고 같은 오답과 풀이 과정 누락이 반복됨”입니다.,"개념, 유형별 문제풀이, 학교별 내신, 서술형, 오답관리","지역과 일정에 따라 1:1 방문수업 또는 화상수업으로 진행하며, 개념 이해와 유형별 문제풀이를 연결하고 학교별 내신, 서술형, 오답관리까지 취약 단원에 맞춰 지도",문제에 맞는 개념을 선택하고 풀이 근거를 순서대로 쓰며 반복되는 실수를 줄이는 능력 향상,코칭형,middle_math
1185,https://kimstutoring.co.kr,muan-gun-high-math,publish,ko,전라남도,무안군,수학,고등학생,무안군 고등학생 수학과외,무안군 고등학생 수학과외,"고등학생 수학 과외 공부를 다시 시작하려는 분께 무안군 1:1 수업이 맞는 출발점을 찾아드립니다. 지역과 일정에 따라 1:1 방문수업 또는 화상수업으로 진행하며, 개념과 유형별 문제풀이부터 학교별 내신,… 방식으로 수업하고 있습니다.",고등학생 수학 취약단원을 보완하면서 내신과 모의고사 및 수능을 준비하는 온라인 과외 찾기,핵심 고민은 “개념 사이의 연결이 약하고 복합 문제의 접근 방법을 찾기 어려우며 취약단원에서 오답이 반복됨”입니다.,"개념, 유형별 문제풀이, 학교별 내신, 모의고사, 수능, 취약단원, 오답분석","지역과 일정에 따라 1:1 방문수업 또는 화상수업으로 진행하며, 개념과 유형별 문제풀이부터 학교별 내신, 모의고사와 수능 대비, 취약단원 및 오답분석까지 목표에 맞춰 지도",취약단원의 개념을 연결하고 문제 조건에 맞는 풀이 전략을 선택하며 오답 원인을 스스로 설명하는 능력 향상,전문형,high_math
1186,https://kimstutoring.co.kr,muan-gun-elementary-korean,publish,ko,전라남도,무안군,국어,초등학생,무안군 초등학생 국어과외,무안군 초등학생 국어과외,"초등학생 국어 과외 공부를 다시 시작하려는 분께 무안군 1:1 수업이 맞는 출발점을 찾아드립니다. 지역과 일정에 따라 1:1 방문수업 또는 화상수업으로 진행하며, 어휘와 독해를 바탕으로 글의 내용을 이해하고… 방식으로 수업하고 있습니다.",초등학생의 국어 기초와 문해력을 잡아줄 1:1 국어과외 탐색,핵심 고민은 “글을 읽어도 내용을 정확히 이해하지 못하거나 어휘력이 부족해 문제의 뜻을 파악하는 데 어려움”입니다.,"어휘, 독해, 문장 이해, 글의 중심내용 파악, 기초 문해력, 글쓰기, 학습 습관","지역과 일정에 따라 1:1 방문수업 또는 화상수업으로 진행하며, 어휘와 독해를 바탕으로 글의 내용을 이해하고 자신의 생각을 표현하는 힘을 학생의 수준과 학습 속도에 맞춰 지도","글을 읽고 핵심 내용을 파악하는 힘을 기르고, 국어뿐 아니라 다른 과목의 문제를 이해하는 데 필요한 기초 문해력과 학습 습관 형성",친근형,elementary_korean
1187,https://kimstutoring.co.kr,muan-gun-middle-korean,publish,ko,전라남도,무안군,국어,중학생,무안군 중학생 국어과외,무안군 중학생 국어과외,"무안군에서 중학생 국어 과외 수업을 찾고 계신다면 지금 필요한 내용부터 시작할 수 있습니다. 지역과 일정에 따라 1:1 방문수업 또는 화상수업으로 진행하며, 문학·비문학 독해와 문법을 기본으로 학교별… 방식으로 수업하고 있습니다.",학교 내신과 국어 기본기를 함께 준비할 1:1 중등 국어과외 탐색,"핵심 고민은 “문학과 비문학 지문을 감으로 풀거나 문법 개념이 부족하고, 학교 시험의 서술형·수행평가 대비가 어려움”입니다.","문학, 비문학, 문법, 어휘, 학교별 내신, 서술형, 수행평가, 오답관리","지역과 일정에 따라 1:1 방문수업 또는 화상수업으로 진행하며, 문학·비문학 독해와 문법을 기본으로 학교별 내신, 서술형과 수행평가까지 학생의 취약 부분에 맞춰 지도","지문을 근거로 읽고 문제를 해결하는 방법을 익히며, 부족한 영역을 파악해 내신과 고등 국어 학습에 필요한 기본기 강화",코칭형,middle_korean
1188,https://kimstutoring.co.kr,muan-gun-high-korean,publish,ko,전라남도,무안군,국어,고등학생,무안군 고등학생 국어과외,무안군 고등학생 국어과외,"고등학생 국어 과외 공부를 다시 시작하려는 분께 무안군 1:1 수업이 맞는 출발점을 찾아드립니다. 지역과 일정에 따라 1:1 방문수업 또는 화상수업으로 진행하며, 문학과 독서의 지문 분석부터 학교별 내신,… 방식으로 수업하고 있습니다.",내신과 모의고사·수능을 함께 대비할 1:1 고등 국어과외 탐색,"핵심 고민은 “긴 지문의 핵심을 빠르게 파악하기 어렵거나 문학·독서·문법 영역별 편차가 크고, 모의고사에서 시간 관리와…”입니다.","문학, 독서, 화법과 언어, 작문, 학교별 내신, 모의고사, 수능, 취약영역, 오답분석","지역과 일정에 따라 1:1 방문수업 또는 화상수업으로 진행하며, 문학과 독서의 지문 분석부터 학교별 내신, 모의고사와 수능 대비, 취약영역 및 오답분석까지 현재 실력과 목표에 맞춰 지도","지문을 분석하는 기준과 문제 접근 방법을 익히고, 취약영역과 반복되는 오답을 점검하면서 내신·모의고사·수능 학습의 방향을 구체화",전문형,high_korean
1189,https://kimstutoring.co.kr,boseong-gun-elementary-english,publish,ko,전라남도,보성군,영어,초등학생,보성군 초등학생 영어과외,보성군 초등학생 영어과외,"보성군 초등학생 영어 과외 수업은 정해진 진도보다 현재 실력과 배우는 이유를 중요하게 봅니다. 지역과 일정에 따라 1:1 방문수업 또는 화상수업으로 진행하며, 기초 어휘와 문장 이해, 읽기 학습을 학생의… 방식으로 수업하고 있습니다.",초등학생 수준에 맞춰 영어 기초와 꾸준한 학습 습관을 기르는 1:1 온라인 과외 찾기,핵심 고민은 “기초 어휘가 부족하고 짧은 문장의 뜻을 이해하거나 꾸준히 읽는 데 어려움이 있음”입니다.,"기초 어휘, 문장 이해, 짧은 글 읽기, 학습 습관","지역과 일정에 따라 1:1 방문수업 또는 화상수업으로 진행하며, 기초 어휘와 문장 이해, 읽기 학습을 학생의 수준과 학습 속도에 맞춰 지도",익숙한 어휘로 짧은 문장의 뜻을 파악하고 스스로 읽고 복습하는 습관 형성,친근형,elementary_english
1190,https://kimstutoring.co.kr,boseong-gun-middle-english,publish,ko,전라남도,보성군,영어,중학생,보성군 중학생 영어과외,보성군 중학생 영어과외,"중학생 영어 과외 공부를 다시 시작하려는 분께 보성군 1:1 수업이 맞는 출발점을 찾아드립니다. 지역과 일정에 따라 1:1 방문수업 또는 화상수업으로 진행하며, 어휘·문법·독해를 기본으로 학교별 내신과… 방식으로 수업하고 있습니다.",중학생 영어 문법과 독해를 보완하고 학교별 내신과 서술형 및 수행평가를 준비하는 온라인 과외 찾기,핵심 고민은 “어휘와 문법을 배워도 지문에 적용하기 어렵고 서술형 답안과 수행평가 준비가 막막함”입니다.,"어휘, 문법, 독해, 학교별 내신, 서술형, 수행평가","지역과 일정에 따라 1:1 방문수업 또는 화상수업으로 진행하며, 어휘·문법·독해를 기본으로 학교별 내신과 서술형, 수행평가까지 학생의 취약 부분에 맞춰 지도",문법 근거를 설명하며 지문을 읽고 학교 평가 기준에 맞춰 답안을 작성하는 능력 향상,코칭형,middle_english
1191,https://kimstutoring.co.kr,boseong-gun-high-english,publish,ko,전라남도,보성군,영어,고등학생,보성군 고등학생 영어과외,보성군 고등학생 영어과외,"보성군에서 배우는 고등학생 영어 과외, 실제로 쓰려는 상황에 맞춰 수업 내용을 정합니다. 지역과 일정에 따라 1:1 방문수업 또는 화상수업으로 진행하며, 어휘·구문독해부터 학교별 내신, 모의고사와 수능… 방식으로 수업하고 있습니다.",고등학생 영어 내신과 모의고사 및 수능 준비를 현재 수준에 맞춰 병행하는 온라인 과외 찾기,핵심 고민은 “긴 문장의 구조를 파악하기 어렵고 내신과 모의고사 지문을 읽는 데 시간이 오래 걸림”입니다.,"어휘, 구문독해, 학교별 내신, 모의고사, 수능","지역과 일정에 따라 1:1 방문수업 또는 화상수업으로 진행하며, 어휘·구문독해부터 학교별 내신, 모의고사와 수능 대비까지 현재 실력과 목표에 맞춰 지도",복잡한 문장의 구조를 파악하고 지문의 근거를 바탕으로 답을 선택하는 독해 능력 향상,전문형,high_english
1192,https://kimstutoring.co.kr,boseong-gun-elementary-math,publish,ko,전라남도,보성군,수학,초등학생,보성군 초등학생 수학과외,보성군 초등학생 수학과외,"초등학생 수학 과외 공부를 다시 시작하려는 분께 보성군 1:1 수업이 맞는 출발점을 찾아드립니다. 지역과 일정에 따라 1:1 방문수업 또는 화상수업으로 진행하며, 연산과 기초개념을 탄탄히 다지고 문제를 이해하는… 방식으로 수업하고 있습니다.",초등학생 수학 연산과 기초개념을 다지고 문제 이해와 풀이 습관을 기르는 온라인 과외 찾기,핵심 고민은 “계산 실수가 반복되고 문장형 문제에서 무엇을 구해야 하는지 파악하기 어려움”입니다.,"연산, 기초개념, 문제 이해, 풀이 습관","지역과 일정에 따라 1:1 방문수업 또는 화상수업으로 진행하며, 연산과 기초개념을 탄탄히 다지고 문제를 이해하는 과정과 올바른 풀이 습관을 학생 수준에 맞춰 지도",계산 과정을 점검하고 문제의 조건을 이해하며 풀이 순서를 정리하는 습관 형성,친근형,elementary_math
1193,https://kimstutoring.co.kr,boseong-gun-middle-math,publish,ko,전라남도,보성군,수학,중학생,보성군 중학생 수학과외,보성군 중학생 수학과외,"중학생 수학 과외 공부를 다시 시작하려는 분께 보성군 1:1 수업이 맞는 출발점을 찾아드립니다. 지역과 일정에 따라 1:1 방문수업 또는 화상수업으로 진행하며, 개념 이해와 유형별 문제풀이를 연결하고 학교별… 방식으로 수업하고 있습니다.",중학생 수학 개념과 유형별 문제풀이를 연결하고 내신 및 서술형을 준비하는 온라인 과외 찾기,핵심 고민은 “개념을 외워도 문제 유형이 바뀌면 적용하기 어렵고 같은 오답과 풀이 과정 누락이 반복됨”입니다.,"개념, 유형별 문제풀이, 학교별 내신, 서술형, 오답관리","지역과 일정에 따라 1:1 방문수업 또는 화상수업으로 진행하며, 개념 이해와 유형별 문제풀이를 연결하고 학교별 내신, 서술형, 오답관리까지 취약 단원에 맞춰 지도",문제에 맞는 개념을 선택하고 풀이 근거를 순서대로 쓰며 반복되는 실수를 줄이는 능력 향상,코칭형,middle_math
1194,https://kimstutoring.co.kr,boseong-gun-high-math,publish,ko,전라남도,보성군,수학,고등학생,보성군 고등학생 수학과외,보성군 고등학생 수학과외,"보성군에서 고등학생 수학 과외 수업을 찾고 계신다면 지금 필요한 내용부터 시작할 수 있습니다. 지역과 일정에 따라 1:1 방문수업 또는 화상수업으로 진행하며, 개념과 유형별 문제풀이부터 학교별 내신,… 방식으로 수업하고 있습니다.",고등학생 수학 취약단원을 보완하면서 내신과 모의고사 및 수능을 준비하는 온라인 과외 찾기,핵심 고민은 “개념 사이의 연결이 약하고 복합 문제의 접근 방법을 찾기 어려우며 취약단원에서 오답이 반복됨”입니다.,"개념, 유형별 문제풀이, 학교별 내신, 모의고사, 수능, 취약단원, 오답분석","지역과 일정에 따라 1:1 방문수업 또는 화상수업으로 진행하며, 개념과 유형별 문제풀이부터 학교별 내신, 모의고사와 수능 대비, 취약단원 및 오답분석까지 목표에 맞춰 지도",취약단원의 개념을 연결하고 문제 조건에 맞는 풀이 전략을 선택하며 오답 원인을 스스로 설명하는 능력 향상,전문형,high_math
1195,https://kimstutoring.co.kr,boseong-gun-elementary-korean,publish,ko,전라남도,보성군,국어,초등학생,보성군 초등학생 국어과외,보성군 초등학생 국어과외,"보성군에서 초등학생 국어 과외 수업을 찾고 계신다면 지금 필요한 내용부터 시작할 수 있습니다. 지역과 일정에 따라 1:1 방문수업 또는 화상수업으로 진행하며, 어휘와 독해를 바탕으로 글의 내용을 이해하고… 방식으로 수업하고 있습니다.",초등학생의 국어 기초와 문해력을 잡아줄 1:1 국어과외 탐색,핵심 고민은 “글을 읽어도 내용을 정확히 이해하지 못하거나 어휘력이 부족해 문제의 뜻을 파악하는 데 어려움”입니다.,"어휘, 독해, 문장 이해, 글의 중심내용 파악, 기초 문해력, 글쓰기, 학습 습관","지역과 일정에 따라 1:1 방문수업 또는 화상수업으로 진행하며, 어휘와 독해를 바탕으로 글의 내용을 이해하고 자신의 생각을 표현하는 힘을 학생의 수준과 학습 속도에 맞춰 지도","글을 읽고 핵심 내용을 파악하는 힘을 기르고, 국어뿐 아니라 다른 과목의 문제를 이해하는 데 필요한 기초 문해력과 학습 습관 형성",친근형,elementary_korean
1196,https://kimstutoring.co.kr,boseong-gun-middle-korean,publish,ko,전라남도,보성군,국어,중학생,보성군 중학생 국어과외,보성군 중학생 국어과외,"중학생 국어 과외 공부를 다시 시작하려는 분께 보성군 1:1 수업이 맞는 출발점을 찾아드립니다. 지역과 일정에 따라 1:1 방문수업 또는 화상수업으로 진행하며, 문학·비문학 독해와 문법을 기본으로 학교별… 방식으로 수업하고 있습니다.",학교 내신과 국어 기본기를 함께 준비할 1:1 중등 국어과외 탐색,"핵심 고민은 “문학과 비문학 지문을 감으로 풀거나 문법 개념이 부족하고, 학교 시험의 서술형·수행평가 대비가 어려움”입니다.","문학, 비문학, 문법, 어휘, 학교별 내신, 서술형, 수행평가, 오답관리","지역과 일정에 따라 1:1 방문수업 또는 화상수업으로 진행하며, 문학·비문학 독해와 문법을 기본으로 학교별 내신, 서술형과 수행평가까지 학생의 취약 부분에 맞춰 지도","지문을 근거로 읽고 문제를 해결하는 방법을 익히며, 부족한 영역을 파악해 내신과 고등 국어 학습에 필요한 기본기 강화",코칭형,middle_korean
1197,https://kimstutoring.co.kr,boseong-gun-high-korean,publish,ko,전라남도,보성군,국어,고등학생,보성군 고등학생 국어과외,보성군 고등학생 국어과외,"보성군에서 고등학생 국어 과외 수업을 찾고 계신다면 지금 필요한 내용부터 시작할 수 있습니다. 지역과 일정에 따라 1:1 방문수업 또는 화상수업으로 진행하며, 문학과 독서의 지문 분석부터 학교별 내신,… 방식으로 수업하고 있습니다.",내신과 모의고사·수능을 함께 대비할 1:1 고등 국어과외 탐색,"핵심 고민은 “긴 지문의 핵심을 빠르게 파악하기 어렵거나 문학·독서·문법 영역별 편차가 크고, 모의고사에서 시간 관리와…”입니다.","문학, 독서, 화법과 언어, 작문, 학교별 내신, 모의고사, 수능, 취약영역, 오답분석","지역과 일정에 따라 1:1 방문수업 또는 화상수업으로 진행하며, 문학과 독서의 지문 분석부터 학교별 내신, 모의고사와 수능 대비, 취약영역 및 오답분석까지 현재 실력과 목표에 맞춰 지도","지문을 분석하는 기준과 문제 접근 방법을 익히고, 취약영역과 반복되는 오답을 점검하면서 내신·모의고사·수능 학습의 방향을 구체화",전문형,high_korean
1198,https://kimstutoring.co.kr,shinan-gun-elementary-english,publish,ko,전라남도,신안군,영어,초등학생,신안군 초등학생 영어과외,신안군 초등학생 영어과외,"신안군에서 초등학생 영어 과외 수업을 찾고 계신다면 지금 필요한 내용부터 시작할 수 있습니다. 지역과 일정에 따라 1:1 방문수업 또는 화상수업으로 진행하며, 기초 어휘와 문장 이해, 읽기 학습을 학생의… 방식으로 수업하고 있습니다.",초등학생 수준에 맞춰 영어 기초와 꾸준한 학습 습관을 기르는 1:1 온라인 과외 찾기,핵심 고민은 “기초 어휘가 부족하고 짧은 문장의 뜻을 이해하거나 꾸준히 읽는 데 어려움이 있음”입니다.,"기초 어휘, 문장 이해, 짧은 글 읽기, 학습 습관","지역과 일정에 따라 1:1 방문수업 또는 화상수업으로 진행하며, 기초 어휘와 문장 이해, 읽기 학습을 학생의 수준과 학습 속도에 맞춰 지도",익숙한 어휘로 짧은 문장의 뜻을 파악하고 스스로 읽고 복습하는 습관 형성,친근형,elementary_english
1199,https://kimstutoring.co.kr,shinan-gun-middle-english,publish,ko,전라남도,신안군,영어,중학생,신안군 중학생 영어과외,신안군 중학생 영어과외,"신안군 중학생 영어 과외 수업은 정해진 진도보다 현재 실력과 배우는 이유를 중요하게 봅니다. 지역과 일정에 따라 1:1 방문수업 또는 화상수업으로 진행하며, 어휘·문법·독해를 기본으로 학교별 내신과… 방식으로 수업하고 있습니다.",중학생 영어 문법과 독해를 보완하고 학교별 내신과 서술형 및 수행평가를 준비하는 온라인 과외 찾기,핵심 고민은 “어휘와 문법을 배워도 지문에 적용하기 어렵고 서술형 답안과 수행평가 준비가 막막함”입니다.,"어휘, 문법, 독해, 학교별 내신, 서술형, 수행평가","지역과 일정에 따라 1:1 방문수업 또는 화상수업으로 진행하며, 어휘·문법·독해를 기본으로 학교별 내신과 서술형, 수행평가까지 학생의 취약 부분에 맞춰 지도",문법 근거를 설명하며 지문을 읽고 학교 평가 기준에 맞춰 답안을 작성하는 능력 향상,코칭형,middle_english
1200,https://kimstutoring.co.kr,shinan-gun-high-english,publish,ko,전라남도,신안군,영어,고등학생,신안군 고등학생 영어과외,신안군 고등학생 영어과외,"고등학생 영어 과외 공부를 다시 시작하려는 분께 신안군 1:1 수업이 맞는 출발점을 찾아드립니다. 지역과 일정에 따라 1:1 방문수업 또는 화상수업으로 진행하며, 어휘·구문독해부터 학교별 내신, 모의고사와 수능… 방식으로 수업하고 있습니다.",고등학생 영어 내신과 모의고사 및 수능 준비를 현재 수준에 맞춰 병행하는 온라인 과외 찾기,핵심 고민은 “긴 문장의 구조를 파악하기 어렵고 내신과 모의고사 지문을 읽는 데 시간이 오래 걸림”입니다.,"어휘, 구문독해, 학교별 내신, 모의고사, 수능","지역과 일정에 따라 1:1 방문수업 또는 화상수업으로 진행하며, 어휘·구문독해부터 학교별 내신, 모의고사와 수능 대비까지 현재 실력과 목표에 맞춰 지도",복잡한 문장의 구조를 파악하고 지문의 근거를 바탕으로 답을 선택하는 독해 능력 향상,전문형,high_english
1201,https://kimstutoring.co.kr,shinan-gun-elementary-math,publish,ko,전라남도,신안군,수학,초등학생,신안군 초등학생 수학과외,신안군 초등학생 수학과외,"신안군 초등학생 수학 과외 수업은 정해진 진도보다 현재 실력과 배우는 이유를 중요하게 봅니다. 지역과 일정에 따라 1:1 방문수업 또는 화상수업으로 진행하며, 연산과 기초개념을 탄탄히 다지고 문제를 이해하는… 방식으로 수업하고 있습니다.",초등학생 수학 연산과 기초개념을 다지고 문제 이해와 풀이 습관을 기르는 온라인 과외 찾기,핵심 고민은 “계산 실수가 반복되고 문장형 문제에서 무엇을 구해야 하는지 파악하기 어려움”입니다.,"연산, 기초개념, 문제 이해, 풀이 습관","지역과 일정에 따라 1:1 방문수업 또는 화상수업으로 진행하며, 연산과 기초개념을 탄탄히 다지고 문제를 이해하는 과정과 올바른 풀이 습관을 학생 수준에 맞춰 지도",계산 과정을 점검하고 문제의 조건을 이해하며 풀이 순서를 정리하는 습관 형성,친근형,elementary_math
1202,https://kimstutoring.co.kr,shinan-gun-middle-math,publish,ko,전라남도,신안군,수학,중학생,신안군 중학생 수학과외,신안군 중학생 수학과외,"신안군 중학생 수학 과외 수업은 정해진 진도보다 현재 실력과 배우는 이유를 중요하게 봅니다. 지역과 일정에 따라 1:1 방문수업 또는 화상수업으로 진행하며, 개념 이해와 유형별 문제풀이를 연결하고 학교별… 방식으로 수업하고 있습니다.",중학생 수학 개념과 유형별 문제풀이를 연결하고 내신 및 서술형을 준비하는 온라인 과외 찾기,핵심 고민은 “개념을 외워도 문제 유형이 바뀌면 적용하기 어렵고 같은 오답과 풀이 과정 누락이 반복됨”입니다.,"개념, 유형별 문제풀이, 학교별 내신, 서술형, 오답관리","지역과 일정에 따라 1:1 방문수업 또는 화상수업으로 진행하며, 개념 이해와 유형별 문제풀이를 연결하고 학교별 내신, 서술형, 오답관리까지 취약 단원에 맞춰 지도",문제에 맞는 개념을 선택하고 풀이 근거를 순서대로 쓰며 반복되는 실수를 줄이는 능력 향상,코칭형,middle_math
1203,https://kimstutoring.co.kr,shinan-gun-high-math,publish,ko,전라남도,신안군,수학,고등학생,신안군 고등학생 수학과외,신안군 고등학생 수학과외,"신안군에서 배우는 고등학생 수학 과외, 실제로 쓰려는 상황에 맞춰 수업 내용을 정합니다. 지역과 일정에 따라 1:1 방문수업 또는 화상수업으로 진행하며, 개념과 유형별 문제풀이부터 학교별 내신,… 방식으로 수업하고 있습니다.",고등학생 수학 취약단원을 보완하면서 내신과 모의고사 및 수능을 준비하는 온라인 과외 찾기,핵심 고민은 “개념 사이의 연결이 약하고 복합 문제의 접근 방법을 찾기 어려우며 취약단원에서 오답이 반복됨”입니다.,"개념, 유형별 문제풀이, 학교별 내신, 모의고사, 수능, 취약단원, 오답분석","지역과 일정에 따라 1:1 방문수업 또는 화상수업으로 진행하며, 개념과 유형별 문제풀이부터 학교별 내신, 모의고사와 수능 대비, 취약단원 및 오답분석까지 목표에 맞춰 지도",취약단원의 개념을 연결하고 문제 조건에 맞는 풀이 전략을 선택하며 오답 원인을 스스로 설명하는 능력 향상,전문형,high_math
1204,https://kimstutoring.co.kr,shinan-gun-elementary-korean,publish,ko,전라남도,신안군,국어,초등학생,신안군 초등학생 국어과외,신안군 초등학생 국어과외,"신안군에서 배우는 초등학생 국어 과외, 실제로 쓰려는 상황에 맞춰 수업 내용을 정합니다. 지역과 일정에 따라 1:1 방문수업 또는 화상수업으로 진행하며, 어휘와 독해를 바탕으로 글의 내용을 이해하고… 방식으로 수업하고 있습니다.",초등학생의 국어 기초와 문해력을 잡아줄 1:1 국어과외 탐색,핵심 고민은 “글을 읽어도 내용을 정확히 이해하지 못하거나 어휘력이 부족해 문제의 뜻을 파악하는 데 어려움”입니다.,"어휘, 독해, 문장 이해, 글의 중심내용 파악, 기초 문해력, 글쓰기, 학습 습관","지역과 일정에 따라 1:1 방문수업 또는 화상수업으로 진행하며, 어휘와 독해를 바탕으로 글의 내용을 이해하고 자신의 생각을 표현하는 힘을 학생의 수준과 학습 속도에 맞춰 지도","글을 읽고 핵심 내용을 파악하는 힘을 기르고, 국어뿐 아니라 다른 과목의 문제를 이해하는 데 필요한 기초 문해력과 학습 습관 형성",친근형,elementary_korean
1205,https://kimstutoring.co.kr,shinan-gun-middle-korean,publish,ko,전라남도,신안군,국어,중학생,신안군 중학생 국어과외,신안군 중학생 국어과외,"신안군 중학생 국어 과외 수업은 정해진 진도보다 현재 실력과 배우는 이유를 중요하게 봅니다. 지역과 일정에 따라 1:1 방문수업 또는 화상수업으로 진행하며, 문학·비문학 독해와 문법을 기본으로 학교별… 방식으로 수업하고 있습니다.",학교 내신과 국어 기본기를 함께 준비할 1:1 중등 국어과외 탐색,"핵심 고민은 “문학과 비문학 지문을 감으로 풀거나 문법 개념이 부족하고, 학교 시험의 서술형·수행평가 대비가 어려움”입니다.","문학, 비문학, 문법, 어휘, 학교별 내신, 서술형, 수행평가, 오답관리","지역과 일정에 따라 1:1 방문수업 또는 화상수업으로 진행하며, 문학·비문학 독해와 문법을 기본으로 학교별 내신, 서술형과 수행평가까지 학생의 취약 부분에 맞춰 지도","지문을 근거로 읽고 문제를 해결하는 방법을 익히며, 부족한 영역을 파악해 내신과 고등 국어 학습에 필요한 기본기 강화",코칭형,middle_korean
1206,https://kimstutoring.co.kr,shinan-gun-high-korean,publish,ko,전라남도,신안군,국어,고등학생,신안군 고등학생 국어과외,신안군 고등학생 국어과외,"신안군에서 배우는 고등학생 국어 과외, 실제로 쓰려는 상황에 맞춰 수업 내용을 정합니다. 지역과 일정에 따라 1:1 방문수업 또는 화상수업으로 진행하며, 문학과 독서의 지문 분석부터 학교별 내신,… 방식으로 수업하고 있습니다.",내신과 모의고사·수능을 함께 대비할 1:1 고등 국어과외 탐색,"핵심 고민은 “긴 지문의 핵심을 빠르게 파악하기 어렵거나 문학·독서·문법 영역별 편차가 크고, 모의고사에서 시간 관리와…”입니다.","문학, 독서, 화법과 언어, 작문, 학교별 내신, 모의고사, 수능, 취약영역, 오답분석","지역과 일정에 따라 1:1 방문수업 또는 화상수업으로 진행하며, 문학과 독서의 지문 분석부터 학교별 내신, 모의고사와 수능 대비, 취약영역 및 오답분석까지 현재 실력과 목표에 맞춰 지도","지문을 분석하는 기준과 문제 접근 방법을 익히고, 취약영역과 반복되는 오답을 점검하면서 내신·모의고사·수능 학습의 방향을 구체화",전문형,high_korean
1207,https://kimstutoring.co.kr,yeonggwang-gun-elementary-english,publish,ko,전라남도,영광군,영어,초등학생,영광군 초등학생 영어과외,영광군 초등학생 영어과외,"초등학생 영어 과외 공부를 처음 시작한다면 영광군에서도 기초부터 1:1로 배울 수 있습니다. 지역과 일정에 따라 1:1 방문수업 또는 화상수업으로 진행하며, 기초 어휘와 문장 이해, 읽기 학습을 학생의… 방식으로 수업하고 있습니다.",초등학생 수준에 맞춰 영어 기초와 꾸준한 학습 습관을 기르는 1:1 온라인 과외 찾기,핵심 고민은 “기초 어휘가 부족하고 짧은 문장의 뜻을 이해하거나 꾸준히 읽는 데 어려움이 있음”입니다.,"기초 어휘, 문장 이해, 짧은 글 읽기, 학습 습관","지역과 일정에 따라 1:1 방문수업 또는 화상수업으로 진행하며, 기초 어휘와 문장 이해, 읽기 학습을 학생의 수준과 학습 속도에 맞춰 지도",익숙한 어휘로 짧은 문장의 뜻을 파악하고 스스로 읽고 복습하는 습관 형성,친근형,elementary_english
1208,https://kimstutoring.co.kr,yeonggwang-gun-middle-english,publish,ko,전라남도,영광군,영어,중학생,영광군 중학생 영어과외,영광군 중학생 영어과외,"중학생 영어 과외 때문에 고민이 있다면 영광군 수업에서 지금 필요한 연습부터 함께 해볼 수 있습니다. 지역과 일정에 따라 1:1 방문수업 또는 화상수업으로 진행하며, 어휘·문법·독해를 기본으로 학교별 내신과… 방식으로 수업하고 있습니다.",중학생 영어 문법과 독해를 보완하고 학교별 내신과 서술형 및 수행평가를 준비하는 온라인 과외 찾기,핵심 고민은 “어휘와 문법을 배워도 지문에 적용하기 어렵고 서술형 답안과 수행평가 준비가 막막함”입니다.,"어휘, 문법, 독해, 학교별 내신, 서술형, 수행평가","지역과 일정에 따라 1:1 방문수업 또는 화상수업으로 진행하며, 어휘·문법·독해를 기본으로 학교별 내신과 서술형, 수행평가까지 학생의 취약 부분에 맞춰 지도",문법 근거를 설명하며 지문을 읽고 학교 평가 기준에 맞춰 답안을 작성하는 능력 향상,코칭형,middle_english
1209,https://kimstutoring.co.kr,yeonggwang-gun-high-english,publish,ko,전라남도,영광군,영어,고등학생,영광군 고등학생 영어과외,영광군 고등학생 영어과외,"고등학생 영어 과외 공부를 처음 시작한다면 영광군에서도 기초부터 1:1로 배울 수 있습니다. 지역과 일정에 따라 1:1 방문수업 또는 화상수업으로 진행하며, 어휘·구문독해부터 학교별 내신, 모의고사와 수능… 방식으로 수업하고 있습니다.",고등학생 영어 내신과 모의고사 및 수능 준비를 현재 수준에 맞춰 병행하는 온라인 과외 찾기,핵심 고민은 “긴 문장의 구조를 파악하기 어렵고 내신과 모의고사 지문을 읽는 데 시간이 오래 걸림”입니다.,"어휘, 구문독해, 학교별 내신, 모의고사, 수능","지역과 일정에 따라 1:1 방문수업 또는 화상수업으로 진행하며, 어휘·구문독해부터 학교별 내신, 모의고사와 수능 대비까지 현재 실력과 목표에 맞춰 지도",복잡한 문장의 구조를 파악하고 지문의 근거를 바탕으로 답을 선택하는 독해 능력 향상,전문형,high_english
1210,https://kimstutoring.co.kr,yeonggwang-gun-elementary-math,publish,ko,전라남도,영광군,수학,초등학생,영광군 초등학생 수학과외,영광군 초등학생 수학과외,"초등학생 수학 과외 때문에 고민이 있다면 영광군 수업에서 지금 필요한 연습부터 함께 해볼 수 있습니다. 지역과 일정에 따라 1:1 방문수업 또는 화상수업으로 진행하며, 연산과 기초개념을 탄탄히 다지고 문제를 이해하는… 방식으로 수업하고 있습니다.",초등학생 수학 연산과 기초개념을 다지고 문제 이해와 풀이 습관을 기르는 온라인 과외 찾기,핵심 고민은 “계산 실수가 반복되고 문장형 문제에서 무엇을 구해야 하는지 파악하기 어려움”입니다.,"연산, 기초개념, 문제 이해, 풀이 습관","지역과 일정에 따라 1:1 방문수업 또는 화상수업으로 진행하며, 연산과 기초개념을 탄탄히 다지고 문제를 이해하는 과정과 올바른 풀이 습관을 학생 수준에 맞춰 지도",계산 과정을 점검하고 문제의 조건을 이해하며 풀이 순서를 정리하는 습관 형성,친근형,elementary_math
1211,https://kimstutoring.co.kr,yeonggwang-gun-middle-math,publish,ko,전라남도,영광군,수학,중학생,영광군 중학생 수학과외,영광군 중학생 수학과외,"중학생 수학 과외 때문에 고민이 있다면 영광군 수업에서 지금 필요한 연습부터 함께 해볼 수 있습니다. 지역과 일정에 따라 1:1 방문수업 또는 화상수업으로 진행하며, 개념 이해와 유형별 문제풀이를 연결하고 학교별… 방식으로 수업하고 있습니다.",중학생 수학 개념과 유형별 문제풀이를 연결하고 내신 및 서술형을 준비하는 온라인 과외 찾기,핵심 고민은 “개념을 외워도 문제 유형이 바뀌면 적용하기 어렵고 같은 오답과 풀이 과정 누락이 반복됨”입니다.,"개념, 유형별 문제풀이, 학교별 내신, 서술형, 오답관리","지역과 일정에 따라 1:1 방문수업 또는 화상수업으로 진행하며, 개념 이해와 유형별 문제풀이를 연결하고 학교별 내신, 서술형, 오답관리까지 취약 단원에 맞춰 지도",문제에 맞는 개념을 선택하고 풀이 근거를 순서대로 쓰며 반복되는 실수를 줄이는 능력 향상,코칭형,middle_math
1212,https://kimstutoring.co.kr,yeonggwang-gun-high-math,publish,ko,전라남도,영광군,수학,고등학생,영광군 고등학생 수학과외,영광군 고등학생 수학과외,"영광군에서 고등학생 수학 과외 실력을 늘리고 싶다면 자주 막히는 부분부터 직접 다뤄봅니다. 지역과 일정에 따라 1:1 방문수업 또는 화상수업으로 진행하며, 개념과 유형별 문제풀이부터 학교별 내신,… 방식으로 수업하고 있습니다.",고등학생 수학 취약단원을 보완하면서 내신과 모의고사 및 수능을 준비하는 온라인 과외 찾기,핵심 고민은 “개념 사이의 연결이 약하고 복합 문제의 접근 방법을 찾기 어려우며 취약단원에서 오답이 반복됨”입니다.,"개념, 유형별 문제풀이, 학교별 내신, 모의고사, 수능, 취약단원, 오답분석","지역과 일정에 따라 1:1 방문수업 또는 화상수업으로 진행하며, 개념과 유형별 문제풀이부터 학교별 내신, 모의고사와 수능 대비, 취약단원 및 오답분석까지 목표에 맞춰 지도",취약단원의 개념을 연결하고 문제 조건에 맞는 풀이 전략을 선택하며 오답 원인을 스스로 설명하는 능력 향상,전문형,high_math
1213,https://kimstutoring.co.kr,yeonggwang-gun-elementary-korean,publish,ko,전라남도,영광군,국어,초등학생,영광군 초등학생 국어과외,영광군 초등학생 국어과외,"영광군에서 초등학생 국어 과외 실력을 늘리고 싶다면 자주 막히는 부분부터 직접 다뤄봅니다. 지역과 일정에 따라 1:1 방문수업 또는 화상수업으로 진행하며, 어휘와 독해를 바탕으로 글의 내용을 이해하고… 방식으로 수업하고 있습니다.",초등학생의 국어 기초와 문해력을 잡아줄 1:1 국어과외 탐색,핵심 고민은 “글을 읽어도 내용을 정확히 이해하지 못하거나 어휘력이 부족해 문제의 뜻을 파악하는 데 어려움”입니다.,"어휘, 독해, 문장 이해, 글의 중심내용 파악, 기초 문해력, 글쓰기, 학습 습관","지역과 일정에 따라 1:1 방문수업 또는 화상수업으로 진행하며, 어휘와 독해를 바탕으로 글의 내용을 이해하고 자신의 생각을 표현하는 힘을 학생의 수준과 학습 속도에 맞춰 지도","글을 읽고 핵심 내용을 파악하는 힘을 기르고, 국어뿐 아니라 다른 과목의 문제를 이해하는 데 필요한 기초 문해력과 학습 습관 형성",친근형,elementary_korean
1214,https://kimstutoring.co.kr,yeonggwang-gun-middle-korean,publish,ko,전라남도,영광군,국어,중학생,영광군 중학생 국어과외,영광군 중학생 국어과외,"중학생 국어 과외 때문에 고민이 있다면 영광군 수업에서 지금 필요한 연습부터 함께 해볼 수 있습니다. 지역과 일정에 따라 1:1 방문수업 또는 화상수업으로 진행하며, 문학·비문학 독해와 문법을 기본으로 학교별… 방식으로 수업하고 있습니다.",학교 내신과 국어 기본기를 함께 준비할 1:1 중등 국어과외 탐색,"핵심 고민은 “문학과 비문학 지문을 감으로 풀거나 문법 개념이 부족하고, 학교 시험의 서술형·수행평가 대비가 어려움”입니다.","문학, 비문학, 문법, 어휘, 학교별 내신, 서술형, 수행평가, 오답관리","지역과 일정에 따라 1:1 방문수업 또는 화상수업으로 진행하며, 문학·비문학 독해와 문법을 기본으로 학교별 내신, 서술형과 수행평가까지 학생의 취약 부분에 맞춰 지도","지문을 근거로 읽고 문제를 해결하는 방법을 익히며, 부족한 영역을 파악해 내신과 고등 국어 학습에 필요한 기본기 강화",코칭형,middle_korean
1215,https://kimstutoring.co.kr,yeonggwang-gun-high-korean,publish,ko,전라남도,영광군,국어,고등학생,영광군 고등학생 국어과외,영광군 고등학생 국어과외,"영광군에서 고등학생 국어 과외 실력을 늘리고 싶다면 자주 막히는 부분부터 직접 다뤄봅니다. 지역과 일정에 따라 1:1 방문수업 또는 화상수업으로 진행하며, 문학과 독서의 지문 분석부터 학교별 내신,… 방식으로 수업하고 있습니다.",내신과 모의고사·수능을 함께 대비할 1:1 고등 국어과외 탐색,"핵심 고민은 “긴 지문의 핵심을 빠르게 파악하기 어렵거나 문학·독서·문법 영역별 편차가 크고, 모의고사에서 시간 관리와…”입니다.","문학, 독서, 화법과 언어, 작문, 학교별 내신, 모의고사, 수능, 취약영역, 오답분석","지역과 일정에 따라 1:1 방문수업 또는 화상수업으로 진행하며, 문학과 독서의 지문 분석부터 학교별 내신, 모의고사와 수능 대비, 취약영역 및 오답분석까지 현재 실력과 목표에 맞춰 지도","지문을 분석하는 기준과 문제 접근 방법을 익히고, 취약영역과 반복되는 오답을 점검하면서 내신·모의고사·수능 학습의 방향을 구체화",전문형,high_korean
1216,https://kimstutoring.co.kr,yeongam-gun-elementary-english,publish,ko,전라남도,영암군,영어,초등학생,영암군 초등학생 영어과외,영암군 초등학생 영어과외,"초등학생 영어 과외 때문에 고민이 있다면 영암군 수업에서 지금 필요한 연습부터 함께 해볼 수 있습니다. 지역과 일정에 따라 1:1 방문수업 또는 화상수업으로 진행하며, 기초 어휘와 문장 이해, 읽기 학습을 학생의… 방식으로 수업하고 있습니다.",초등학생 수준에 맞춰 영어 기초와 꾸준한 학습 습관을 기르는 1:1 온라인 과외 찾기,핵심 고민은 “기초 어휘가 부족하고 짧은 문장의 뜻을 이해하거나 꾸준히 읽는 데 어려움이 있음”입니다.,"기초 어휘, 문장 이해, 짧은 글 읽기, 학습 습관","지역과 일정에 따라 1:1 방문수업 또는 화상수업으로 진행하며, 기초 어휘와 문장 이해, 읽기 학습을 학생의 수준과 학습 속도에 맞춰 지도",익숙한 어휘로 짧은 문장의 뜻을 파악하고 스스로 읽고 복습하는 습관 형성,친근형,elementary_english
1217,https://kimstutoring.co.kr,yeongam-gun-middle-english,publish,ko,전라남도,영암군,영어,중학생,영암군 중학생 영어과외,영암군 중학생 영어과외,"영암군 중학생 영어 과외 수업을 고민 중이라면 잘하는 부분과 보완할 부분을 나누어 시작합니다. 지역과 일정에 따라 1:1 방문수업 또는 화상수업으로 진행하며, 어휘·문법·독해를 기본으로 학교별 내신과… 방식으로 수업하고 있습니다.",중학생 영어 문법과 독해를 보완하고 학교별 내신과 서술형 및 수행평가를 준비하는 온라인 과외 찾기,핵심 고민은 “어휘와 문법을 배워도 지문에 적용하기 어렵고 서술형 답안과 수행평가 준비가 막막함”입니다.,"어휘, 문법, 독해, 학교별 내신, 서술형, 수행평가","지역과 일정에 따라 1:1 방문수업 또는 화상수업으로 진행하며, 어휘·문법·독해를 기본으로 학교별 내신과 서술형, 수행평가까지 학생의 취약 부분에 맞춰 지도",문법 근거를 설명하며 지문을 읽고 학교 평가 기준에 맞춰 답안을 작성하는 능력 향상,코칭형,middle_english
1218,https://kimstutoring.co.kr,yeongam-gun-high-english,publish,ko,전라남도,영암군,영어,고등학생,영암군 고등학생 영어과외,영암군 고등학생 영어과외,"고등학생 영어 과외 때문에 고민이 있다면 영암군 수업에서 지금 필요한 연습부터 함께 해볼 수 있습니다. 지역과 일정에 따라 1:1 방문수업 또는 화상수업으로 진행하며, 어휘·구문독해부터 학교별 내신, 모의고사와 수능… 방식으로 수업하고 있습니다.",고등학생 영어 내신과 모의고사 및 수능 준비를 현재 수준에 맞춰 병행하는 온라인 과외 찾기,핵심 고민은 “긴 문장의 구조를 파악하기 어렵고 내신과 모의고사 지문을 읽는 데 시간이 오래 걸림”입니다.,"어휘, 구문독해, 학교별 내신, 모의고사, 수능","지역과 일정에 따라 1:1 방문수업 또는 화상수업으로 진행하며, 어휘·구문독해부터 학교별 내신, 모의고사와 수능 대비까지 현재 실력과 목표에 맞춰 지도",복잡한 문장의 구조를 파악하고 지문의 근거를 바탕으로 답을 선택하는 독해 능력 향상,전문형,high_english
1219,https://kimstutoring.co.kr,yeongam-gun-elementary-math,publish,ko,전라남도,영암군,수학,초등학생,영암군 초등학생 수학과외,영암군 초등학생 수학과외,"영암군 초등학생 수학 과외 수업을 고민 중이라면 잘하는 부분과 보완할 부분을 나누어 시작합니다. 지역과 일정에 따라 1:1 방문수업 또는 화상수업으로 진행하며, 연산과 기초개념을 탄탄히 다지고 문제를 이해하는… 방식으로 수업하고 있습니다.",초등학생 수학 연산과 기초개념을 다지고 문제 이해와 풀이 습관을 기르는 온라인 과외 찾기,핵심 고민은 “계산 실수가 반복되고 문장형 문제에서 무엇을 구해야 하는지 파악하기 어려움”입니다.,"연산, 기초개념, 문제 이해, 풀이 습관","지역과 일정에 따라 1:1 방문수업 또는 화상수업으로 진행하며, 연산과 기초개념을 탄탄히 다지고 문제를 이해하는 과정과 올바른 풀이 습관을 학생 수준에 맞춰 지도",계산 과정을 점검하고 문제의 조건을 이해하며 풀이 순서를 정리하는 습관 형성,친근형,elementary_math
1220,https://kimstutoring.co.kr,yeongam-gun-middle-math,publish,ko,전라남도,영암군,수학,중학생,영암군 중학생 수학과외,영암군 중학생 수학과외,"영암군 중학생 수학 과외 수업을 고민 중이라면 잘하는 부분과 보완할 부분을 나누어 시작합니다. 지역과 일정에 따라 1:1 방문수업 또는 화상수업으로 진행하며, 개념 이해와 유형별 문제풀이를 연결하고 학교별… 방식으로 수업하고 있습니다.",중학생 수학 개념과 유형별 문제풀이를 연결하고 내신 및 서술형을 준비하는 온라인 과외 찾기,핵심 고민은 “개념을 외워도 문제 유형이 바뀌면 적용하기 어렵고 같은 오답과 풀이 과정 누락이 반복됨”입니다.,"개념, 유형별 문제풀이, 학교별 내신, 서술형, 오답관리","지역과 일정에 따라 1:1 방문수업 또는 화상수업으로 진행하며, 개념 이해와 유형별 문제풀이를 연결하고 학교별 내신, 서술형, 오답관리까지 취약 단원에 맞춰 지도",문제에 맞는 개념을 선택하고 풀이 근거를 순서대로 쓰며 반복되는 실수를 줄이는 능력 향상,코칭형,middle_math
1221,https://kimstutoring.co.kr,yeongam-gun-high-math,publish,ko,전라남도,영암군,수학,고등학생,영암군 고등학생 수학과외,영암군 고등학생 수학과외,"고등학생 수학 과외 공부를 처음 시작한다면 영암군에서도 기초부터 1:1로 배울 수 있습니다. 지역과 일정에 따라 1:1 방문수업 또는 화상수업으로 진행하며, 개념과 유형별 문제풀이부터 학교별 내신,… 방식으로 수업하고 있습니다.",고등학생 수학 취약단원을 보완하면서 내신과 모의고사 및 수능을 준비하는 온라인 과외 찾기,핵심 고민은 “개념 사이의 연결이 약하고 복합 문제의 접근 방법을 찾기 어려우며 취약단원에서 오답이 반복됨”입니다.,"개념, 유형별 문제풀이, 학교별 내신, 모의고사, 수능, 취약단원, 오답분석","지역과 일정에 따라 1:1 방문수업 또는 화상수업으로 진행하며, 개념과 유형별 문제풀이부터 학교별 내신, 모의고사와 수능 대비, 취약단원 및 오답분석까지 목표에 맞춰 지도",취약단원의 개념을 연결하고 문제 조건에 맞는 풀이 전략을 선택하며 오답 원인을 스스로 설명하는 능력 향상,전문형,high_math
1222,https://kimstutoring.co.kr,yeongam-gun-elementary-korean,publish,ko,전라남도,영암군,국어,초등학생,영암군 초등학생 국어과외,영암군 초등학생 국어과외,"초등학생 국어 과외 공부를 처음 시작한다면 영암군에서도 기초부터 1:1로 배울 수 있습니다. 지역과 일정에 따라 1:1 방문수업 또는 화상수업으로 진행하며, 어휘와 독해를 바탕으로 글의 내용을 이해하고… 방식으로 수업하고 있습니다.",초등학생의 국어 기초와 문해력을 잡아줄 1:1 국어과외 탐색,핵심 고민은 “글을 읽어도 내용을 정확히 이해하지 못하거나 어휘력이 부족해 문제의 뜻을 파악하는 데 어려움”입니다.,"어휘, 독해, 문장 이해, 글의 중심내용 파악, 기초 문해력, 글쓰기, 학습 습관","지역과 일정에 따라 1:1 방문수업 또는 화상수업으로 진행하며, 어휘와 독해를 바탕으로 글의 내용을 이해하고 자신의 생각을 표현하는 힘을 학생의 수준과 학습 속도에 맞춰 지도","글을 읽고 핵심 내용을 파악하는 힘을 기르고, 국어뿐 아니라 다른 과목의 문제를 이해하는 데 필요한 기초 문해력과 학습 습관 형성",친근형,elementary_korean
1223,https://kimstutoring.co.kr,yeongam-gun-middle-korean,publish,ko,전라남도,영암군,국어,중학생,영암군 중학생 국어과외,영암군 중학생 국어과외,"영암군 중학생 국어 과외 수업을 고민 중이라면 잘하는 부분과 보완할 부분을 나누어 시작합니다. 지역과 일정에 따라 1:1 방문수업 또는 화상수업으로 진행하며, 문학·비문학 독해와 문법을 기본으로 학교별… 방식으로 수업하고 있습니다.",학교 내신과 국어 기본기를 함께 준비할 1:1 중등 국어과외 탐색,"핵심 고민은 “문학과 비문학 지문을 감으로 풀거나 문법 개념이 부족하고, 학교 시험의 서술형·수행평가 대비가 어려움”입니다.","문학, 비문학, 문법, 어휘, 학교별 내신, 서술형, 수행평가, 오답관리","지역과 일정에 따라 1:1 방문수업 또는 화상수업으로 진행하며, 문학·비문학 독해와 문법을 기본으로 학교별 내신, 서술형과 수행평가까지 학생의 취약 부분에 맞춰 지도","지문을 근거로 읽고 문제를 해결하는 방법을 익히며, 부족한 영역을 파악해 내신과 고등 국어 학습에 필요한 기본기 강화",코칭형,middle_korean
1224,https://kimstutoring.co.kr,yeongam-gun-high-korean,publish,ko,전라남도,영암군,국어,고등학생,영암군 고등학생 국어과외,영암군 고등학생 국어과외,"고등학생 국어 과외 공부를 처음 시작한다면 영암군에서도 기초부터 1:1로 배울 수 있습니다. 지역과 일정에 따라 1:1 방문수업 또는 화상수업으로 진행하며, 문학과 독서의 지문 분석부터 학교별 내신,… 방식으로 수업하고 있습니다.",내신과 모의고사·수능을 함께 대비할 1:1 고등 국어과외 탐색,"핵심 고민은 “긴 지문의 핵심을 빠르게 파악하기 어렵거나 문학·독서·문법 영역별 편차가 크고, 모의고사에서 시간 관리와…”입니다.","문학, 독서, 화법과 언어, 작문, 학교별 내신, 모의고사, 수능, 취약영역, 오답분석","지역과 일정에 따라 1:1 방문수업 또는 화상수업으로 진행하며, 문학과 독서의 지문 분석부터 학교별 내신, 모의고사와 수능 대비, 취약영역 및 오답분석까지 현재 실력과 목표에 맞춰 지도","지문을 분석하는 기준과 문제 접근 방법을 익히고, 취약영역과 반복되는 오답을 점검하면서 내신·모의고사·수능 학습의 방향을 구체화",전문형,high_korean
1225,https://kimstutoring.co.kr,wando-gun-elementary-english,publish,ko,전라남도,완도군,영어,초등학생,완도군 초등학생 영어과외,완도군 초등학생 영어과외,"완도군 초등학생 영어 과외 수업은 정해진 진도보다 현재 실력과 배우는 이유를 중요하게 봅니다. 지역과 일정에 따라 1:1 방문수업 또는 화상수업으로 진행하며, 기초 어휘와 문장 이해, 읽기 학습을 학생의… 방식으로 수업하고 있습니다.",초등학생 수준에 맞춰 영어 기초와 꾸준한 학습 습관을 기르는 1:1 온라인 과외 찾기,핵심 고민은 “기초 어휘가 부족하고 짧은 문장의 뜻을 이해하거나 꾸준히 읽는 데 어려움이 있음”입니다.,"기초 어휘, 문장 이해, 짧은 글 읽기, 학습 습관","지역과 일정에 따라 1:1 방문수업 또는 화상수업으로 진행하며, 기초 어휘와 문장 이해, 읽기 학습을 학생의 수준과 학습 속도에 맞춰 지도",익숙한 어휘로 짧은 문장의 뜻을 파악하고 스스로 읽고 복습하는 습관 형성,친근형,elementary_english
1226,https://kimstutoring.co.kr,wando-gun-middle-english,publish,ko,전라남도,완도군,영어,중학생,완도군 중학생 영어과외,완도군 중학생 영어과외,"중학생 영어 과외 공부를 다시 시작하려는 분께 완도군 1:1 수업이 맞는 출발점을 찾아드립니다. 지역과 일정에 따라 1:1 방문수업 또는 화상수업으로 진행하며, 어휘·문법·독해를 기본으로 학교별 내신과… 방식으로 수업하고 있습니다.",중학생 영어 문법과 독해를 보완하고 학교별 내신과 서술형 및 수행평가를 준비하는 온라인 과외 찾기,핵심 고민은 “어휘와 문법을 배워도 지문에 적용하기 어렵고 서술형 답안과 수행평가 준비가 막막함”입니다.,"어휘, 문법, 독해, 학교별 내신, 서술형, 수행평가","지역과 일정에 따라 1:1 방문수업 또는 화상수업으로 진행하며, 어휘·문법·독해를 기본으로 학교별 내신과 서술형, 수행평가까지 학생의 취약 부분에 맞춰 지도",문법 근거를 설명하며 지문을 읽고 학교 평가 기준에 맞춰 답안을 작성하는 능력 향상,코칭형,middle_english
1227,https://kimstutoring.co.kr,wando-gun-high-english,publish,ko,전라남도,완도군,영어,고등학생,완도군 고등학생 영어과외,완도군 고등학생 영어과외,"완도군에서 배우는 고등학생 영어 과외, 실제로 쓰려는 상황에 맞춰 수업 내용을 정합니다. 지역과 일정에 따라 1:1 방문수업 또는 화상수업으로 진행하며, 어휘·구문독해부터 학교별 내신, 모의고사와 수능… 방식으로 수업하고 있습니다.",고등학생 영어 내신과 모의고사 및 수능 준비를 현재 수준에 맞춰 병행하는 온라인 과외 찾기,핵심 고민은 “긴 문장의 구조를 파악하기 어렵고 내신과 모의고사 지문을 읽는 데 시간이 오래 걸림”입니다.,"어휘, 구문독해, 학교별 내신, 모의고사, 수능","지역과 일정에 따라 1:1 방문수업 또는 화상수업으로 진행하며, 어휘·구문독해부터 학교별 내신, 모의고사와 수능 대비까지 현재 실력과 목표에 맞춰 지도",복잡한 문장의 구조를 파악하고 지문의 근거를 바탕으로 답을 선택하는 독해 능력 향상,전문형,high_english
1228,https://kimstutoring.co.kr,wando-gun-elementary-math,publish,ko,전라남도,완도군,수학,초등학생,완도군 초등학생 수학과외,완도군 초등학생 수학과외,"초등학생 수학 과외 공부를 다시 시작하려는 분께 완도군 1:1 수업이 맞는 출발점을 찾아드립니다. 지역과 일정에 따라 1:1 방문수업 또는 화상수업으로 진행하며, 연산과 기초개념을 탄탄히 다지고 문제를 이해하는… 방식으로 수업하고 있습니다.",초등학생 수학 연산과 기초개념을 다지고 문제 이해와 풀이 습관을 기르는 온라인 과외 찾기,핵심 고민은 “계산 실수가 반복되고 문장형 문제에서 무엇을 구해야 하는지 파악하기 어려움”입니다.,"연산, 기초개념, 문제 이해, 풀이 습관","지역과 일정에 따라 1:1 방문수업 또는 화상수업으로 진행하며, 연산과 기초개념을 탄탄히 다지고 문제를 이해하는 과정과 올바른 풀이 습관을 학생 수준에 맞춰 지도",계산 과정을 점검하고 문제의 조건을 이해하며 풀이 순서를 정리하는 습관 형성,친근형,elementary_math
1229,https://kimstutoring.co.kr,wando-gun-middle-math,publish,ko,전라남도,완도군,수학,중학생,완도군 중학생 수학과외,완도군 중학생 수학과외,"중학생 수학 과외 공부를 다시 시작하려는 분께 완도군 1:1 수업이 맞는 출발점을 찾아드립니다. 지역과 일정에 따라 1:1 방문수업 또는 화상수업으로 진행하며, 개념 이해와 유형별 문제풀이를 연결하고 학교별… 방식으로 수업하고 있습니다.",중학생 수학 개념과 유형별 문제풀이를 연결하고 내신 및 서술형을 준비하는 온라인 과외 찾기,핵심 고민은 “개념을 외워도 문제 유형이 바뀌면 적용하기 어렵고 같은 오답과 풀이 과정 누락이 반복됨”입니다.,"개념, 유형별 문제풀이, 학교별 내신, 서술형, 오답관리","지역과 일정에 따라 1:1 방문수업 또는 화상수업으로 진행하며, 개념 이해와 유형별 문제풀이를 연결하고 학교별 내신, 서술형, 오답관리까지 취약 단원에 맞춰 지도",문제에 맞는 개념을 선택하고 풀이 근거를 순서대로 쓰며 반복되는 실수를 줄이는 능력 향상,코칭형,middle_math
1230,https://kimstutoring.co.kr,wando-gun-high-math,publish,ko,전라남도,완도군,수학,고등학생,완도군 고등학생 수학과외,완도군 고등학생 수학과외,"완도군에서 고등학생 수학 과외 수업을 찾고 계신다면 지금 필요한 내용부터 시작할 수 있습니다. 지역과 일정에 따라 1:1 방문수업 또는 화상수업으로 진행하며, 개념과 유형별 문제풀이부터 학교별 내신,… 방식으로 수업하고 있습니다.",고등학생 수학 취약단원을 보완하면서 내신과 모의고사 및 수능을 준비하는 온라인 과외 찾기,핵심 고민은 “개념 사이의 연결이 약하고 복합 문제의 접근 방법을 찾기 어려우며 취약단원에서 오답이 반복됨”입니다.,"개념, 유형별 문제풀이, 학교별 내신, 모의고사, 수능, 취약단원, 오답분석","지역과 일정에 따라 1:1 방문수업 또는 화상수업으로 진행하며, 개념과 유형별 문제풀이부터 학교별 내신, 모의고사와 수능 대비, 취약단원 및 오답분석까지 목표에 맞춰 지도",취약단원의 개념을 연결하고 문제 조건에 맞는 풀이 전략을 선택하며 오답 원인을 스스로 설명하는 능력 향상,전문형,high_math
1231,https://kimstutoring.co.kr,wando-gun-elementary-korean,publish,ko,전라남도,완도군,국어,초등학생,완도군 초등학생 국어과외,완도군 초등학생 국어과외,"완도군에서 초등학생 국어 과외 수업을 찾고 계신다면 지금 필요한 내용부터 시작할 수 있습니다. 지역과 일정에 따라 1:1 방문수업 또는 화상수업으로 진행하며, 어휘와 독해를 바탕으로 글의 내용을 이해하고… 방식으로 수업하고 있습니다.",초등학생의 국어 기초와 문해력을 잡아줄 1:1 국어과외 탐색,핵심 고민은 “글을 읽어도 내용을 정확히 이해하지 못하거나 어휘력이 부족해 문제의 뜻을 파악하는 데 어려움”입니다.,"어휘, 독해, 문장 이해, 글의 중심내용 파악, 기초 문해력, 글쓰기, 학습 습관","지역과 일정에 따라 1:1 방문수업 또는 화상수업으로 진행하며, 어휘와 독해를 바탕으로 글의 내용을 이해하고 자신의 생각을 표현하는 힘을 학생의 수준과 학습 속도에 맞춰 지도","글을 읽고 핵심 내용을 파악하는 힘을 기르고, 국어뿐 아니라 다른 과목의 문제를 이해하는 데 필요한 기초 문해력과 학습 습관 형성",친근형,elementary_korean
1232,https://kimstutoring.co.kr,wando-gun-middle-korean,publish,ko,전라남도,완도군,국어,중학생,완도군 중학생 국어과외,완도군 중학생 국어과외,"중학생 국어 과외 공부를 다시 시작하려는 분께 완도군 1:1 수업이 맞는 출발점을 찾아드립니다. 지역과 일정에 따라 1:1 방문수업 또는 화상수업으로 진행하며, 문학·비문학 독해와 문법을 기본으로 학교별… 방식으로 수업하고 있습니다.",학교 내신과 국어 기본기를 함께 준비할 1:1 중등 국어과외 탐색,"핵심 고민은 “문학과 비문학 지문을 감으로 풀거나 문법 개념이 부족하고, 학교 시험의 서술형·수행평가 대비가 어려움”입니다.","문학, 비문학, 문법, 어휘, 학교별 내신, 서술형, 수행평가, 오답관리","지역과 일정에 따라 1:1 방문수업 또는 화상수업으로 진행하며, 문학·비문학 독해와 문법을 기본으로 학교별 내신, 서술형과 수행평가까지 학생의 취약 부분에 맞춰 지도","지문을 근거로 읽고 문제를 해결하는 방법을 익히며, 부족한 영역을 파악해 내신과 고등 국어 학습에 필요한 기본기 강화",코칭형,middle_korean
1233,https://kimstutoring.co.kr,wando-gun-high-korean,publish,ko,전라남도,완도군,국어,고등학생,완도군 고등학생 국어과외,완도군 고등학생 국어과외,"완도군에서 고등학생 국어 과외 수업을 찾고 계신다면 지금 필요한 내용부터 시작할 수 있습니다. 지역과 일정에 따라 1:1 방문수업 또는 화상수업으로 진행하며, 문학과 독서의 지문 분석부터 학교별 내신,… 방식으로 수업하고 있습니다.",내신과 모의고사·수능을 함께 대비할 1:1 고등 국어과외 탐색,"핵심 고민은 “긴 지문의 핵심을 빠르게 파악하기 어렵거나 문학·독서·문법 영역별 편차가 크고, 모의고사에서 시간 관리와…”입니다.","문학, 독서, 화법과 언어, 작문, 학교별 내신, 모의고사, 수능, 취약영역, 오답분석","지역과 일정에 따라 1:1 방문수업 또는 화상수업으로 진행하며, 문학과 독서의 지문 분석부터 학교별 내신, 모의고사와 수능 대비, 취약영역 및 오답분석까지 현재 실력과 목표에 맞춰 지도","지문을 분석하는 기준과 문제 접근 방법을 익히고, 취약영역과 반복되는 오답을 점검하면서 내신·모의고사·수능 학습의 방향을 구체화",전문형,high_korean
1234,https://kimstutoring.co.kr,jangseong-gun-elementary-english,publish,ko,전라남도,장성군,영어,초등학생,장성군 초등학생 영어과외,장성군 초등학생 영어과외,"초등학생 영어 과외 공부를 처음 시작한다면 장성군에서도 기초부터 1:1로 배울 수 있습니다. 지역과 일정에 따라 1:1 방문수업 또는 화상수업으로 진행하며, 기초 어휘와 문장 이해, 읽기 학습을 학생의… 방식으로 수업하고 있습니다.",초등학생 수준에 맞춰 영어 기초와 꾸준한 학습 습관을 기르는 1:1 온라인 과외 찾기,핵심 고민은 “기초 어휘가 부족하고 짧은 문장의 뜻을 이해하거나 꾸준히 읽는 데 어려움이 있음”입니다.,"기초 어휘, 문장 이해, 짧은 글 읽기, 학습 습관","지역과 일정에 따라 1:1 방문수업 또는 화상수업으로 진행하며, 기초 어휘와 문장 이해, 읽기 학습을 학생의 수준과 학습 속도에 맞춰 지도",익숙한 어휘로 짧은 문장의 뜻을 파악하고 스스로 읽고 복습하는 습관 형성,친근형,elementary_english
1235,https://kimstutoring.co.kr,jangseong-gun-middle-english,publish,ko,전라남도,장성군,영어,중학생,장성군 중학생 영어과외,장성군 중학생 영어과외,"중학생 영어 과외 때문에 고민이 있다면 장성군 수업에서 지금 필요한 연습부터 함께 해볼 수 있습니다. 지역과 일정에 따라 1:1 방문수업 또는 화상수업으로 진행하며, 어휘·문법·독해를 기본으로 학교별 내신과… 방식으로 수업하고 있습니다.",중학생 영어 문법과 독해를 보완하고 학교별 내신과 서술형 및 수행평가를 준비하는 온라인 과외 찾기,핵심 고민은 “어휘와 문법을 배워도 지문에 적용하기 어렵고 서술형 답안과 수행평가 준비가 막막함”입니다.,"어휘, 문법, 독해, 학교별 내신, 서술형, 수행평가","지역과 일정에 따라 1:1 방문수업 또는 화상수업으로 진행하며, 어휘·문법·독해를 기본으로 학교별 내신과 서술형, 수행평가까지 학생의 취약 부분에 맞춰 지도",문법 근거를 설명하며 지문을 읽고 학교 평가 기준에 맞춰 답안을 작성하는 능력 향상,코칭형,middle_english
1236,https://kimstutoring.co.kr,jangseong-gun-high-english,publish,ko,전라남도,장성군,영어,고등학생,장성군 고등학생 영어과외,장성군 고등학생 영어과외,"고등학생 영어 과외 공부를 처음 시작한다면 장성군에서도 기초부터 1:1로 배울 수 있습니다. 지역과 일정에 따라 1:1 방문수업 또는 화상수업으로 진행하며, 어휘·구문독해부터 학교별 내신, 모의고사와 수능… 방식으로 수업하고 있습니다.",고등학생 영어 내신과 모의고사 및 수능 준비를 현재 수준에 맞춰 병행하는 온라인 과외 찾기,핵심 고민은 “긴 문장의 구조를 파악하기 어렵고 내신과 모의고사 지문을 읽는 데 시간이 오래 걸림”입니다.,"어휘, 구문독해, 학교별 내신, 모의고사, 수능","지역과 일정에 따라 1:1 방문수업 또는 화상수업으로 진행하며, 어휘·구문독해부터 학교별 내신, 모의고사와 수능 대비까지 현재 실력과 목표에 맞춰 지도",복잡한 문장의 구조를 파악하고 지문의 근거를 바탕으로 답을 선택하는 독해 능력 향상,전문형,high_english
1237,https://kimstutoring.co.kr,jangseong-gun-elementary-math,publish,ko,전라남도,장성군,수학,초등학생,장성군 초등학생 수학과외,장성군 초등학생 수학과외,"초등학생 수학 과외 때문에 고민이 있다면 장성군 수업에서 지금 필요한 연습부터 함께 해볼 수 있습니다. 지역과 일정에 따라 1:1 방문수업 또는 화상수업으로 진행하며, 연산과 기초개념을 탄탄히 다지고 문제를 이해하는… 방식으로 수업하고 있습니다.",초등학생 수학 연산과 기초개념을 다지고 문제 이해와 풀이 습관을 기르는 온라인 과외 찾기,핵심 고민은 “계산 실수가 반복되고 문장형 문제에서 무엇을 구해야 하는지 파악하기 어려움”입니다.,"연산, 기초개념, 문제 이해, 풀이 습관","지역과 일정에 따라 1:1 방문수업 또는 화상수업으로 진행하며, 연산과 기초개념을 탄탄히 다지고 문제를 이해하는 과정과 올바른 풀이 습관을 학생 수준에 맞춰 지도",계산 과정을 점검하고 문제의 조건을 이해하며 풀이 순서를 정리하는 습관 형성,친근형,elementary_math
1238,https://kimstutoring.co.kr,jangseong-gun-middle-math,publish,ko,전라남도,장성군,수학,중학생,장성군 중학생 수학과외,장성군 중학생 수학과외,"중학생 수학 과외 때문에 고민이 있다면 장성군 수업에서 지금 필요한 연습부터 함께 해볼 수 있습니다. 지역과 일정에 따라 1:1 방문수업 또는 화상수업으로 진행하며, 개념 이해와 유형별 문제풀이를 연결하고 학교별… 방식으로 수업하고 있습니다.",중학생 수학 개념과 유형별 문제풀이를 연결하고 내신 및 서술형을 준비하는 온라인 과외 찾기,핵심 고민은 “개념을 외워도 문제 유형이 바뀌면 적용하기 어렵고 같은 오답과 풀이 과정 누락이 반복됨”입니다.,"개념, 유형별 문제풀이, 학교별 내신, 서술형, 오답관리","지역과 일정에 따라 1:1 방문수업 또는 화상수업으로 진행하며, 개념 이해와 유형별 문제풀이를 연결하고 학교별 내신, 서술형, 오답관리까지 취약 단원에 맞춰 지도",문제에 맞는 개념을 선택하고 풀이 근거를 순서대로 쓰며 반복되는 실수를 줄이는 능력 향상,코칭형,middle_math
1239,https://kimstutoring.co.kr,jangseong-gun-high-math,publish,ko,전라남도,장성군,수학,고등학생,장성군 고등학생 수학과외,장성군 고등학생 수학과외,"장성군에서 고등학생 수학 과외 실력을 늘리고 싶다면 자주 막히는 부분부터 직접 다뤄봅니다. 지역과 일정에 따라 1:1 방문수업 또는 화상수업으로 진행하며, 개념과 유형별 문제풀이부터 학교별 내신,… 방식으로 수업하고 있습니다.",고등학생 수학 취약단원을 보완하면서 내신과 모의고사 및 수능을 준비하는 온라인 과외 찾기,핵심 고민은 “개념 사이의 연결이 약하고 복합 문제의 접근 방법을 찾기 어려우며 취약단원에서 오답이 반복됨”입니다.,"개념, 유형별 문제풀이, 학교별 내신, 모의고사, 수능, 취약단원, 오답분석","지역과 일정에 따라 1:1 방문수업 또는 화상수업으로 진행하며, 개념과 유형별 문제풀이부터 학교별 내신, 모의고사와 수능 대비, 취약단원 및 오답분석까지 목표에 맞춰 지도",취약단원의 개념을 연결하고 문제 조건에 맞는 풀이 전략을 선택하며 오답 원인을 스스로 설명하는 능력 향상,전문형,high_math
1240,https://kimstutoring.co.kr,jangseong-gun-elementary-korean,publish,ko,전라남도,장성군,국어,초등학생,장성군 초등학생 국어과외,장성군 초등학생 국어과외,"장성군에서 초등학생 국어 과외 실력을 늘리고 싶다면 자주 막히는 부분부터 직접 다뤄봅니다. 지역과 일정에 따라 1:1 방문수업 또는 화상수업으로 진행하며, 어휘와 독해를 바탕으로 글의 내용을 이해하고… 방식으로 수업하고 있습니다.",초등학생의 국어 기초와 문해력을 잡아줄 1:1 국어과외 탐색,핵심 고민은 “글을 읽어도 내용을 정확히 이해하지 못하거나 어휘력이 부족해 문제의 뜻을 파악하는 데 어려움”입니다.,"어휘, 독해, 문장 이해, 글의 중심내용 파악, 기초 문해력, 글쓰기, 학습 습관","지역과 일정에 따라 1:1 방문수업 또는 화상수업으로 진행하며, 어휘와 독해를 바탕으로 글의 내용을 이해하고 자신의 생각을 표현하는 힘을 학생의 수준과 학습 속도에 맞춰 지도","글을 읽고 핵심 내용을 파악하는 힘을 기르고, 국어뿐 아니라 다른 과목의 문제를 이해하는 데 필요한 기초 문해력과 학습 습관 형성",친근형,elementary_korean
1241,https://kimstutoring.co.kr,jangseong-gun-middle-korean,publish,ko,전라남도,장성군,국어,중학생,장성군 중학생 국어과외,장성군 중학생 국어과외,"중학생 국어 과외 때문에 고민이 있다면 장성군 수업에서 지금 필요한 연습부터 함께 해볼 수 있습니다. 지역과 일정에 따라 1:1 방문수업 또는 화상수업으로 진행하며, 문학·비문학 독해와 문법을 기본으로 학교별… 방식으로 수업하고 있습니다.",학교 내신과 국어 기본기를 함께 준비할 1:1 중등 국어과외 탐색,"핵심 고민은 “문학과 비문학 지문을 감으로 풀거나 문법 개념이 부족하고, 학교 시험의 서술형·수행평가 대비가 어려움”입니다.","문학, 비문학, 문법, 어휘, 학교별 내신, 서술형, 수행평가, 오답관리","지역과 일정에 따라 1:1 방문수업 또는 화상수업으로 진행하며, 문학·비문학 독해와 문법을 기본으로 학교별 내신, 서술형과 수행평가까지 학생의 취약 부분에 맞춰 지도","지문을 근거로 읽고 문제를 해결하는 방법을 익히며, 부족한 영역을 파악해 내신과 고등 국어 학습에 필요한 기본기 강화",코칭형,middle_korean
1242,https://kimstutoring.co.kr,jangseong-gun-high-korean,publish,ko,전라남도,장성군,국어,고등학생,장성군 고등학생 국어과외,장성군 고등학생 국어과외,"장성군에서 고등학생 국어 과외 실력을 늘리고 싶다면 자주 막히는 부분부터 직접 다뤄봅니다. 지역과 일정에 따라 1:1 방문수업 또는 화상수업으로 진행하며, 문학과 독서의 지문 분석부터 학교별 내신,… 방식으로 수업하고 있습니다.",내신과 모의고사·수능을 함께 대비할 1:1 고등 국어과외 탐색,"핵심 고민은 “긴 지문의 핵심을 빠르게 파악하기 어렵거나 문학·독서·문법 영역별 편차가 크고, 모의고사에서 시간 관리와…”입니다.","문학, 독서, 화법과 언어, 작문, 학교별 내신, 모의고사, 수능, 취약영역, 오답분석","지역과 일정에 따라 1:1 방문수업 또는 화상수업으로 진행하며, 문학과 독서의 지문 분석부터 학교별 내신, 모의고사와 수능 대비, 취약영역 및 오답분석까지 현재 실력과 목표에 맞춰 지도","지문을 분석하는 기준과 문제 접근 방법을 익히고, 취약영역과 반복되는 오답을 점검하면서 내신·모의고사·수능 학습의 방향을 구체화",전문형,high_korean
1243,https://kimstutoring.co.kr,jangheung-gun-elementary-english,publish,ko,전라남도,장흥군,영어,초등학생,장흥군 초등학생 영어과외,장흥군 초등학생 영어과외,"장흥군 초등학생 영어 과외 수업은 정해진 진도보다 현재 실력과 배우는 이유를 중요하게 봅니다. 지역과 일정에 따라 1:1 방문수업 또는 화상수업으로 진행하며, 기초 어휘와 문장 이해, 읽기 학습을 학생의… 방식으로 수업하고 있습니다.",초등학생 수준에 맞춰 영어 기초와 꾸준한 학습 습관을 기르는 1:1 온라인 과외 찾기,핵심 고민은 “기초 어휘가 부족하고 짧은 문장의 뜻을 이해하거나 꾸준히 읽는 데 어려움이 있음”입니다.,"기초 어휘, 문장 이해, 짧은 글 읽기, 학습 습관","지역과 일정에 따라 1:1 방문수업 또는 화상수업으로 진행하며, 기초 어휘와 문장 이해, 읽기 학습을 학생의 수준과 학습 속도에 맞춰 지도",익숙한 어휘로 짧은 문장의 뜻을 파악하고 스스로 읽고 복습하는 습관 형성,친근형,elementary_english
1244,https://kimstutoring.co.kr,jangheung-gun-middle-english,publish,ko,전라남도,장흥군,영어,중학생,장흥군 중학생 영어과외,장흥군 중학생 영어과외,"중학생 영어 과외 공부를 다시 시작하려는 분께 장흥군 1:1 수업이 맞는 출발점을 찾아드립니다. 지역과 일정에 따라 1:1 방문수업 또는 화상수업으로 진행하며, 어휘·문법·독해를 기본으로 학교별 내신과… 방식으로 수업하고 있습니다.",중학생 영어 문법과 독해를 보완하고 학교별 내신과 서술형 및 수행평가를 준비하는 온라인 과외 찾기,핵심 고민은 “어휘와 문법을 배워도 지문에 적용하기 어렵고 서술형 답안과 수행평가 준비가 막막함”입니다.,"어휘, 문법, 독해, 학교별 내신, 서술형, 수행평가","지역과 일정에 따라 1:1 방문수업 또는 화상수업으로 진행하며, 어휘·문법·독해를 기본으로 학교별 내신과 서술형, 수행평가까지 학생의 취약 부분에 맞춰 지도",문법 근거를 설명하며 지문을 읽고 학교 평가 기준에 맞춰 답안을 작성하는 능력 향상,코칭형,middle_english
1245,https://kimstutoring.co.kr,jangheung-gun-high-english,publish,ko,전라남도,장흥군,영어,고등학생,장흥군 고등학생 영어과외,장흥군 고등학생 영어과외,"장흥군에서 배우는 고등학생 영어 과외, 실제로 쓰려는 상황에 맞춰 수업 내용을 정합니다. 지역과 일정에 따라 1:1 방문수업 또는 화상수업으로 진행하며, 어휘·구문독해부터 학교별 내신, 모의고사와 수능… 방식으로 수업하고 있습니다.",고등학생 영어 내신과 모의고사 및 수능 준비를 현재 수준에 맞춰 병행하는 온라인 과외 찾기,핵심 고민은 “긴 문장의 구조를 파악하기 어렵고 내신과 모의고사 지문을 읽는 데 시간이 오래 걸림”입니다.,"어휘, 구문독해, 학교별 내신, 모의고사, 수능","지역과 일정에 따라 1:1 방문수업 또는 화상수업으로 진행하며, 어휘·구문독해부터 학교별 내신, 모의고사와 수능 대비까지 현재 실력과 목표에 맞춰 지도",복잡한 문장의 구조를 파악하고 지문의 근거를 바탕으로 답을 선택하는 독해 능력 향상,전문형,high_english
1246,https://kimstutoring.co.kr,jangheung-gun-elementary-math,publish,ko,전라남도,장흥군,수학,초등학생,장흥군 초등학생 수학과외,장흥군 초등학생 수학과외,"초등학생 수학 과외 공부를 다시 시작하려는 분께 장흥군 1:1 수업이 맞는 출발점을 찾아드립니다. 지역과 일정에 따라 1:1 방문수업 또는 화상수업으로 진행하며, 연산과 기초개념을 탄탄히 다지고 문제를 이해하는… 방식으로 수업하고 있습니다.",초등학생 수학 연산과 기초개념을 다지고 문제 이해와 풀이 습관을 기르는 온라인 과외 찾기,핵심 고민은 “계산 실수가 반복되고 문장형 문제에서 무엇을 구해야 하는지 파악하기 어려움”입니다.,"연산, 기초개념, 문제 이해, 풀이 습관","지역과 일정에 따라 1:1 방문수업 또는 화상수업으로 진행하며, 연산과 기초개념을 탄탄히 다지고 문제를 이해하는 과정과 올바른 풀이 습관을 학생 수준에 맞춰 지도",계산 과정을 점검하고 문제의 조건을 이해하며 풀이 순서를 정리하는 습관 형성,친근형,elementary_math
1247,https://kimstutoring.co.kr,jangheung-gun-middle-math,publish,ko,전라남도,장흥군,수학,중학생,장흥군 중학생 수학과외,장흥군 중학생 수학과외,"중학생 수학 과외 공부를 다시 시작하려는 분께 장흥군 1:1 수업이 맞는 출발점을 찾아드립니다. 지역과 일정에 따라 1:1 방문수업 또는 화상수업으로 진행하며, 개념 이해와 유형별 문제풀이를 연결하고 학교별… 방식으로 수업하고 있습니다.",중학생 수학 개념과 유형별 문제풀이를 연결하고 내신 및 서술형을 준비하는 온라인 과외 찾기,핵심 고민은 “개념을 외워도 문제 유형이 바뀌면 적용하기 어렵고 같은 오답과 풀이 과정 누락이 반복됨”입니다.,"개념, 유형별 문제풀이, 학교별 내신, 서술형, 오답관리","지역과 일정에 따라 1:1 방문수업 또는 화상수업으로 진행하며, 개념 이해와 유형별 문제풀이를 연결하고 학교별 내신, 서술형, 오답관리까지 취약 단원에 맞춰 지도",문제에 맞는 개념을 선택하고 풀이 근거를 순서대로 쓰며 반복되는 실수를 줄이는 능력 향상,코칭형,middle_math
1248,https://kimstutoring.co.kr,jangheung-gun-high-math,publish,ko,전라남도,장흥군,수학,고등학생,장흥군 고등학생 수학과외,장흥군 고등학생 수학과외,"장흥군에서 고등학생 수학 과외 수업을 찾고 계신다면 지금 필요한 내용부터 시작할 수 있습니다. 지역과 일정에 따라 1:1 방문수업 또는 화상수업으로 진행하며, 개념과 유형별 문제풀이부터 학교별 내신,… 방식으로 수업하고 있습니다.",고등학생 수학 취약단원을 보완하면서 내신과 모의고사 및 수능을 준비하는 온라인 과외 찾기,핵심 고민은 “개념 사이의 연결이 약하고 복합 문제의 접근 방법을 찾기 어려우며 취약단원에서 오답이 반복됨”입니다.,"개념, 유형별 문제풀이, 학교별 내신, 모의고사, 수능, 취약단원, 오답분석","지역과 일정에 따라 1:1 방문수업 또는 화상수업으로 진행하며, 개념과 유형별 문제풀이부터 학교별 내신, 모의고사와 수능 대비, 취약단원 및 오답분석까지 목표에 맞춰 지도",취약단원의 개념을 연결하고 문제 조건에 맞는 풀이 전략을 선택하며 오답 원인을 스스로 설명하는 능력 향상,전문형,high_math
1249,https://kimstutoring.co.kr,jangheung-gun-elementary-korean,publish,ko,전라남도,장흥군,국어,초등학생,장흥군 초등학생 국어과외,장흥군 초등학생 국어과외,"장흥군에서 초등학생 국어 과외 수업을 찾고 계신다면 지금 필요한 내용부터 시작할 수 있습니다. 지역과 일정에 따라 1:1 방문수업 또는 화상수업으로 진행하며, 어휘와 독해를 바탕으로 글의 내용을 이해하고… 방식으로 수업하고 있습니다.",초등학생의 국어 기초와 문해력을 잡아줄 1:1 국어과외 탐색,핵심 고민은 “글을 읽어도 내용을 정확히 이해하지 못하거나 어휘력이 부족해 문제의 뜻을 파악하는 데 어려움”입니다.,"어휘, 독해, 문장 이해, 글의 중심내용 파악, 기초 문해력, 글쓰기, 학습 습관","지역과 일정에 따라 1:1 방문수업 또는 화상수업으로 진행하며, 어휘와 독해를 바탕으로 글의 내용을 이해하고 자신의 생각을 표현하는 힘을 학생의 수준과 학습 속도에 맞춰 지도","글을 읽고 핵심 내용을 파악하는 힘을 기르고, 국어뿐 아니라 다른 과목의 문제를 이해하는 데 필요한 기초 문해력과 학습 습관 형성",친근형,elementary_korean
1250,https://kimstutoring.co.kr,jangheung-gun-middle-korean,publish,ko,전라남도,장흥군,국어,중학생,장흥군 중학생 국어과외,장흥군 중학생 국어과외,"중학생 국어 과외 공부를 다시 시작하려는 분께 장흥군 1:1 수업이 맞는 출발점을 찾아드립니다. 지역과 일정에 따라 1:1 방문수업 또는 화상수업으로 진행하며, 문학·비문학 독해와 문법을 기본으로 학교별… 방식으로 수업하고 있습니다.",학교 내신과 국어 기본기를 함께 준비할 1:1 중등 국어과외 탐색,"핵심 고민은 “문학과 비문학 지문을 감으로 풀거나 문법 개념이 부족하고, 학교 시험의 서술형·수행평가 대비가 어려움”입니다.","문학, 비문학, 문법, 어휘, 학교별 내신, 서술형, 수행평가, 오답관리","지역과 일정에 따라 1:1 방문수업 또는 화상수업으로 진행하며, 문학·비문학 독해와 문법을 기본으로 학교별 내신, 서술형과 수행평가까지 학생의 취약 부분에 맞춰 지도","지문을 근거로 읽고 문제를 해결하는 방법을 익히며, 부족한 영역을 파악해 내신과 고등 국어 학습에 필요한 기본기 강화",코칭형,middle_korean
1251,https://kimstutoring.co.kr,jangheung-gun-high-korean,publish,ko,전라남도,장흥군,국어,고등학생,장흥군 고등학생 국어과외,장흥군 고등학생 국어과외,"장흥군에서 고등학생 국어 과외 수업을 찾고 계신다면 지금 필요한 내용부터 시작할 수 있습니다. 지역과 일정에 따라 1:1 방문수업 또는 화상수업으로 진행하며, 문학과 독서의 지문 분석부터 학교별 내신,… 방식으로 수업하고 있습니다.",내신과 모의고사·수능을 함께 대비할 1:1 고등 국어과외 탐색,"핵심 고민은 “긴 지문의 핵심을 빠르게 파악하기 어렵거나 문학·독서·문법 영역별 편차가 크고, 모의고사에서 시간 관리와…”입니다.","문학, 독서, 화법과 언어, 작문, 학교별 내신, 모의고사, 수능, 취약영역, 오답분석","지역과 일정에 따라 1:1 방문수업 또는 화상수업으로 진행하며, 문학과 독서의 지문 분석부터 학교별 내신, 모의고사와 수능 대비, 취약영역 및 오답분석까지 현재 실력과 목표에 맞춰 지도","지문을 분석하는 기준과 문제 접근 방법을 익히고, 취약영역과 반복되는 오답을 점검하면서 내신·모의고사·수능 학습의 방향을 구체화",전문형,high_korean
1252,https://kimstutoring.co.kr,jindo-gun-elementary-english,publish,ko,전라남도,진도군,영어,초등학생,진도군 초등학생 영어과외,진도군 초등학생 영어과외,"진도군 초등학생 영어 과외 수업을 고민 중이라면 잘하는 부분과 보완할 부분을 나누어 시작합니다. 지역과 일정에 따라 1:1 방문수업 또는 화상수업으로 진행하며, 기초 어휘와 문장 이해, 읽기 학습을 학생의… 방식으로 수업하고 있습니다.",초등학생 수준에 맞춰 영어 기초와 꾸준한 학습 습관을 기르는 1:1 온라인 과외 찾기,핵심 고민은 “기초 어휘가 부족하고 짧은 문장의 뜻을 이해하거나 꾸준히 읽는 데 어려움이 있음”입니다.,"기초 어휘, 문장 이해, 짧은 글 읽기, 학습 습관","지역과 일정에 따라 1:1 방문수업 또는 화상수업으로 진행하며, 기초 어휘와 문장 이해, 읽기 학습을 학생의 수준과 학습 속도에 맞춰 지도",익숙한 어휘로 짧은 문장의 뜻을 파악하고 스스로 읽고 복습하는 습관 형성,친근형,elementary_english
1253,https://kimstutoring.co.kr,jindo-gun-middle-english,publish,ko,전라남도,진도군,영어,중학생,진도군 중학생 영어과외,진도군 중학생 영어과외,"진도군에서 중학생 영어 과외 실력을 늘리고 싶다면 자주 막히는 부분부터 직접 다뤄봅니다. 지역과 일정에 따라 1:1 방문수업 또는 화상수업으로 진행하며, 어휘·문법·독해를 기본으로 학교별 내신과… 방식으로 수업하고 있습니다.",중학생 영어 문법과 독해를 보완하고 학교별 내신과 서술형 및 수행평가를 준비하는 온라인 과외 찾기,핵심 고민은 “어휘와 문법을 배워도 지문에 적용하기 어렵고 서술형 답안과 수행평가 준비가 막막함”입니다.,"어휘, 문법, 독해, 학교별 내신, 서술형, 수행평가","지역과 일정에 따라 1:1 방문수업 또는 화상수업으로 진행하며, 어휘·문법·독해를 기본으로 학교별 내신과 서술형, 수행평가까지 학생의 취약 부분에 맞춰 지도",문법 근거를 설명하며 지문을 읽고 학교 평가 기준에 맞춰 답안을 작성하는 능력 향상,코칭형,middle_english
1254,https://kimstutoring.co.kr,jindo-gun-high-english,publish,ko,전라남도,진도군,영어,고등학생,진도군 고등학생 영어과외,진도군 고등학생 영어과외,"진도군 고등학생 영어 과외 수업을 고민 중이라면 잘하는 부분과 보완할 부분을 나누어 시작합니다. 지역과 일정에 따라 1:1 방문수업 또는 화상수업으로 진행하며, 어휘·구문독해부터 학교별 내신, 모의고사와 수능… 방식으로 수업하고 있습니다.",고등학생 영어 내신과 모의고사 및 수능 준비를 현재 수준에 맞춰 병행하는 온라인 과외 찾기,핵심 고민은 “긴 문장의 구조를 파악하기 어렵고 내신과 모의고사 지문을 읽는 데 시간이 오래 걸림”입니다.,"어휘, 구문독해, 학교별 내신, 모의고사, 수능","지역과 일정에 따라 1:1 방문수업 또는 화상수업으로 진행하며, 어휘·구문독해부터 학교별 내신, 모의고사와 수능 대비까지 현재 실력과 목표에 맞춰 지도",복잡한 문장의 구조를 파악하고 지문의 근거를 바탕으로 답을 선택하는 독해 능력 향상,전문형,high_english
1255,https://kimstutoring.co.kr,jindo-gun-elementary-math,publish,ko,전라남도,진도군,수학,초등학생,진도군 초등학생 수학과외,진도군 초등학생 수학과외,"진도군에서 초등학생 수학 과외 실력을 늘리고 싶다면 자주 막히는 부분부터 직접 다뤄봅니다. 지역과 일정에 따라 1:1 방문수업 또는 화상수업으로 진행하며, 연산과 기초개념을 탄탄히 다지고 문제를 이해하는… 방식으로 수업하고 있습니다.",초등학생 수학 연산과 기초개념을 다지고 문제 이해와 풀이 습관을 기르는 온라인 과외 찾기,핵심 고민은 “계산 실수가 반복되고 문장형 문제에서 무엇을 구해야 하는지 파악하기 어려움”입니다.,"연산, 기초개념, 문제 이해, 풀이 습관","지역과 일정에 따라 1:1 방문수업 또는 화상수업으로 진행하며, 연산과 기초개념을 탄탄히 다지고 문제를 이해하는 과정과 올바른 풀이 습관을 학생 수준에 맞춰 지도",계산 과정을 점검하고 문제의 조건을 이해하며 풀이 순서를 정리하는 습관 형성,친근형,elementary_math
1256,https://kimstutoring.co.kr,jindo-gun-middle-math,publish,ko,전라남도,진도군,수학,중학생,진도군 중학생 수학과외,진도군 중학생 수학과외,"진도군에서 중학생 수학 과외 실력을 늘리고 싶다면 자주 막히는 부분부터 직접 다뤄봅니다. 지역과 일정에 따라 1:1 방문수업 또는 화상수업으로 진행하며, 개념 이해와 유형별 문제풀이를 연결하고 학교별… 방식으로 수업하고 있습니다.",중학생 수학 개념과 유형별 문제풀이를 연결하고 내신 및 서술형을 준비하는 온라인 과외 찾기,핵심 고민은 “개념을 외워도 문제 유형이 바뀌면 적용하기 어렵고 같은 오답과 풀이 과정 누락이 반복됨”입니다.,"개념, 유형별 문제풀이, 학교별 내신, 서술형, 오답관리","지역과 일정에 따라 1:1 방문수업 또는 화상수업으로 진행하며, 개념 이해와 유형별 문제풀이를 연결하고 학교별 내신, 서술형, 오답관리까지 취약 단원에 맞춰 지도",문제에 맞는 개념을 선택하고 풀이 근거를 순서대로 쓰며 반복되는 실수를 줄이는 능력 향상,코칭형,middle_math
1257,https://kimstutoring.co.kr,jindo-gun-high-math,publish,ko,전라남도,진도군,수학,고등학생,진도군 고등학생 수학과외,진도군 고등학생 수학과외,"고등학생 수학 과외 때문에 고민이 있다면 진도군 수업에서 지금 필요한 연습부터 함께 해볼 수 있습니다. 지역과 일정에 따라 1:1 방문수업 또는 화상수업으로 진행하며, 개념과 유형별 문제풀이부터 학교별 내신,… 방식으로 수업하고 있습니다.",고등학생 수학 취약단원을 보완하면서 내신과 모의고사 및 수능을 준비하는 온라인 과외 찾기,핵심 고민은 “개념 사이의 연결이 약하고 복합 문제의 접근 방법을 찾기 어려우며 취약단원에서 오답이 반복됨”입니다.,"개념, 유형별 문제풀이, 학교별 내신, 모의고사, 수능, 취약단원, 오답분석","지역과 일정에 따라 1:1 방문수업 또는 화상수업으로 진행하며, 개념과 유형별 문제풀이부터 학교별 내신, 모의고사와 수능 대비, 취약단원 및 오답분석까지 목표에 맞춰 지도",취약단원의 개념을 연결하고 문제 조건에 맞는 풀이 전략을 선택하며 오답 원인을 스스로 설명하는 능력 향상,전문형,high_math
1258,https://kimstutoring.co.kr,jindo-gun-elementary-korean,publish,ko,전라남도,진도군,국어,초등학생,진도군 초등학생 국어과외,진도군 초등학생 국어과외,"초등학생 국어 과외 때문에 고민이 있다면 진도군 수업에서 지금 필요한 연습부터 함께 해볼 수 있습니다. 지역과 일정에 따라 1:1 방문수업 또는 화상수업으로 진행하며, 어휘와 독해를 바탕으로 글의 내용을 이해하고… 방식으로 수업하고 있습니다.",초등학생의 국어 기초와 문해력을 잡아줄 1:1 국어과외 탐색,핵심 고민은 “글을 읽어도 내용을 정확히 이해하지 못하거나 어휘력이 부족해 문제의 뜻을 파악하는 데 어려움”입니다.,"어휘, 독해, 문장 이해, 글의 중심내용 파악, 기초 문해력, 글쓰기, 학습 습관","지역과 일정에 따라 1:1 방문수업 또는 화상수업으로 진행하며, 어휘와 독해를 바탕으로 글의 내용을 이해하고 자신의 생각을 표현하는 힘을 학생의 수준과 학습 속도에 맞춰 지도","글을 읽고 핵심 내용을 파악하는 힘을 기르고, 국어뿐 아니라 다른 과목의 문제를 이해하는 데 필요한 기초 문해력과 학습 습관 형성",친근형,elementary_korean
1259,https://kimstutoring.co.kr,jindo-gun-middle-korean,publish,ko,전라남도,진도군,국어,중학생,진도군 중학생 국어과외,진도군 중학생 국어과외,"진도군에서 중학생 국어 과외 실력을 늘리고 싶다면 자주 막히는 부분부터 직접 다뤄봅니다. 지역과 일정에 따라 1:1 방문수업 또는 화상수업으로 진행하며, 문학·비문학 독해와 문법을 기본으로 학교별… 방식으로 수업하고 있습니다.",학교 내신과 국어 기본기를 함께 준비할 1:1 중등 국어과외 탐색,"핵심 고민은 “문학과 비문학 지문을 감으로 풀거나 문법 개념이 부족하고, 학교 시험의 서술형·수행평가 대비가 어려움”입니다.","문학, 비문학, 문법, 어휘, 학교별 내신, 서술형, 수행평가, 오답관리","지역과 일정에 따라 1:1 방문수업 또는 화상수업으로 진행하며, 문학·비문학 독해와 문법을 기본으로 학교별 내신, 서술형과 수행평가까지 학생의 취약 부분에 맞춰 지도","지문을 근거로 읽고 문제를 해결하는 방법을 익히며, 부족한 영역을 파악해 내신과 고등 국어 학습에 필요한 기본기 강화",코칭형,middle_korean
1260,https://kimstutoring.co.kr,jindo-gun-high-korean,publish,ko,전라남도,진도군,국어,고등학생,진도군 고등학생 국어과외,진도군 고등학생 국어과외,"고등학생 국어 과외 때문에 고민이 있다면 진도군 수업에서 지금 필요한 연습부터 함께 해볼 수 있습니다. 지역과 일정에 따라 1:1 방문수업 또는 화상수업으로 진행하며, 문학과 독서의 지문 분석부터 학교별 내신,… 방식으로 수업하고 있습니다.",내신과 모의고사·수능을 함께 대비할 1:1 고등 국어과외 탐색,"핵심 고민은 “긴 지문의 핵심을 빠르게 파악하기 어렵거나 문학·독서·문법 영역별 편차가 크고, 모의고사에서 시간 관리와…”입니다.","문학, 독서, 화법과 언어, 작문, 학교별 내신, 모의고사, 수능, 취약영역, 오답분석","지역과 일정에 따라 1:1 방문수업 또는 화상수업으로 진행하며, 문학과 독서의 지문 분석부터 학교별 내신, 모의고사와 수능 대비, 취약영역 및 오답분석까지 현재 실력과 목표에 맞춰 지도","지문을 분석하는 기준과 문제 접근 방법을 익히고, 취약영역과 반복되는 오답을 점검하면서 내신·모의고사·수능 학습의 방향을 구체화",전문형,high_korean
1261,https://kimstutoring.co.kr,hampyeong-gun-elementary-english,publish,ko,전라남도,함평군,영어,초등학생,함평군 초등학생 영어과외,함평군 초등학생 영어과외,"함평군에서 초등학생 영어 과외 실력을 늘리고 싶다면 자주 막히는 부분부터 직접 다뤄봅니다. 지역과 일정에 따라 1:1 방문수업 또는 화상수업으로 진행하며, 기초 어휘와 문장 이해, 읽기 학습을 학생의… 방식으로 수업하고 있습니다.",초등학생 수준에 맞춰 영어 기초와 꾸준한 학습 습관을 기르는 1:1 온라인 과외 찾기,핵심 고민은 “기초 어휘가 부족하고 짧은 문장의 뜻을 이해하거나 꾸준히 읽는 데 어려움이 있음”입니다.,"기초 어휘, 문장 이해, 짧은 글 읽기, 학습 습관","지역과 일정에 따라 1:1 방문수업 또는 화상수업으로 진행하며, 기초 어휘와 문장 이해, 읽기 학습을 학생의 수준과 학습 속도에 맞춰 지도",익숙한 어휘로 짧은 문장의 뜻을 파악하고 스스로 읽고 복습하는 습관 형성,친근형,elementary_english
1262,https://kimstutoring.co.kr,hampyeong-gun-middle-english,publish,ko,전라남도,함평군,영어,중학생,함평군 중학생 영어과외,함평군 중학생 영어과외,"중학생 영어 과외 공부를 처음 시작한다면 함평군에서도 기초부터 1:1로 배울 수 있습니다. 지역과 일정에 따라 1:1 방문수업 또는 화상수업으로 진행하며, 어휘·문법·독해를 기본으로 학교별 내신과… 방식으로 수업하고 있습니다.",중학생 영어 문법과 독해를 보완하고 학교별 내신과 서술형 및 수행평가를 준비하는 온라인 과외 찾기,핵심 고민은 “어휘와 문법을 배워도 지문에 적용하기 어렵고 서술형 답안과 수행평가 준비가 막막함”입니다.,"어휘, 문법, 독해, 학교별 내신, 서술형, 수행평가","지역과 일정에 따라 1:1 방문수업 또는 화상수업으로 진행하며, 어휘·문법·독해를 기본으로 학교별 내신과 서술형, 수행평가까지 학생의 취약 부분에 맞춰 지도",문법 근거를 설명하며 지문을 읽고 학교 평가 기준에 맞춰 답안을 작성하는 능력 향상,코칭형,middle_english
1263,https://kimstutoring.co.kr,hampyeong-gun-high-english,publish,ko,전라남도,함평군,영어,고등학생,함평군 고등학생 영어과외,함평군 고등학생 영어과외,"함평군에서 고등학생 영어 과외 실력을 늘리고 싶다면 자주 막히는 부분부터 직접 다뤄봅니다. 지역과 일정에 따라 1:1 방문수업 또는 화상수업으로 진행하며, 어휘·구문독해부터 학교별 내신, 모의고사와 수능… 방식으로 수업하고 있습니다.",고등학생 영어 내신과 모의고사 및 수능 준비를 현재 수준에 맞춰 병행하는 온라인 과외 찾기,핵심 고민은 “긴 문장의 구조를 파악하기 어렵고 내신과 모의고사 지문을 읽는 데 시간이 오래 걸림”입니다.,"어휘, 구문독해, 학교별 내신, 모의고사, 수능","지역과 일정에 따라 1:1 방문수업 또는 화상수업으로 진행하며, 어휘·구문독해부터 학교별 내신, 모의고사와 수능 대비까지 현재 실력과 목표에 맞춰 지도",복잡한 문장의 구조를 파악하고 지문의 근거를 바탕으로 답을 선택하는 독해 능력 향상,전문형,high_english
1264,https://kimstutoring.co.kr,hampyeong-gun-elementary-math,publish,ko,전라남도,함평군,수학,초등학생,함평군 초등학생 수학과외,함평군 초등학생 수학과외,"초등학생 수학 과외 공부를 처음 시작한다면 함평군에서도 기초부터 1:1로 배울 수 있습니다. 지역과 일정에 따라 1:1 방문수업 또는 화상수업으로 진행하며, 연산과 기초개념을 탄탄히 다지고 문제를 이해하는… 방식으로 수업하고 있습니다.",초등학생 수학 연산과 기초개념을 다지고 문제 이해와 풀이 습관을 기르는 온라인 과외 찾기,핵심 고민은 “계산 실수가 반복되고 문장형 문제에서 무엇을 구해야 하는지 파악하기 어려움”입니다.,"연산, 기초개념, 문제 이해, 풀이 습관","지역과 일정에 따라 1:1 방문수업 또는 화상수업으로 진행하며, 연산과 기초개념을 탄탄히 다지고 문제를 이해하는 과정과 올바른 풀이 습관을 학생 수준에 맞춰 지도",계산 과정을 점검하고 문제의 조건을 이해하며 풀이 순서를 정리하는 습관 형성,친근형,elementary_math
1265,https://kimstutoring.co.kr,hampyeong-gun-middle-math,publish,ko,전라남도,함평군,수학,중학생,함평군 중학생 수학과외,함평군 중학생 수학과외,"중학생 수학 과외 공부를 처음 시작한다면 함평군에서도 기초부터 1:1로 배울 수 있습니다. 지역과 일정에 따라 1:1 방문수업 또는 화상수업으로 진행하며, 개념 이해와 유형별 문제풀이를 연결하고 학교별… 방식으로 수업하고 있습니다.",중학생 수학 개념과 유형별 문제풀이를 연결하고 내신 및 서술형을 준비하는 온라인 과외 찾기,핵심 고민은 “개념을 외워도 문제 유형이 바뀌면 적용하기 어렵고 같은 오답과 풀이 과정 누락이 반복됨”입니다.,"개념, 유형별 문제풀이, 학교별 내신, 서술형, 오답관리","지역과 일정에 따라 1:1 방문수업 또는 화상수업으로 진행하며, 개념 이해와 유형별 문제풀이를 연결하고 학교별 내신, 서술형, 오답관리까지 취약 단원에 맞춰 지도",문제에 맞는 개념을 선택하고 풀이 근거를 순서대로 쓰며 반복되는 실수를 줄이는 능력 향상,코칭형,middle_math
1266,https://kimstutoring.co.kr,hampyeong-gun-high-math,publish,ko,전라남도,함평군,수학,고등학생,함평군 고등학생 수학과외,함평군 고등학생 수학과외,"함평군 고등학생 수학 과외 수업을 고민 중이라면 잘하는 부분과 보완할 부분을 나누어 시작합니다. 지역과 일정에 따라 1:1 방문수업 또는 화상수업으로 진행하며, 개념과 유형별 문제풀이부터 학교별 내신,… 방식으로 수업하고 있습니다.",고등학생 수학 취약단원을 보완하면서 내신과 모의고사 및 수능을 준비하는 온라인 과외 찾기,핵심 고민은 “개념 사이의 연결이 약하고 복합 문제의 접근 방법을 찾기 어려우며 취약단원에서 오답이 반복됨”입니다.,"개념, 유형별 문제풀이, 학교별 내신, 모의고사, 수능, 취약단원, 오답분석","지역과 일정에 따라 1:1 방문수업 또는 화상수업으로 진행하며, 개념과 유형별 문제풀이부터 학교별 내신, 모의고사와 수능 대비, 취약단원 및 오답분석까지 목표에 맞춰 지도",취약단원의 개념을 연결하고 문제 조건에 맞는 풀이 전략을 선택하며 오답 원인을 스스로 설명하는 능력 향상,전문형,high_math
1267,https://kimstutoring.co.kr,hampyeong-gun-elementary-korean,publish,ko,전라남도,함평군,국어,초등학생,함평군 초등학생 국어과외,함평군 초등학생 국어과외,"함평군 초등학생 국어 과외 수업을 고민 중이라면 잘하는 부분과 보완할 부분을 나누어 시작합니다. 지역과 일정에 따라 1:1 방문수업 또는 화상수업으로 진행하며, 어휘와 독해를 바탕으로 글의 내용을 이해하고… 방식으로 수업하고 있습니다.",초등학생의 국어 기초와 문해력을 잡아줄 1:1 국어과외 탐색,핵심 고민은 “글을 읽어도 내용을 정확히 이해하지 못하거나 어휘력이 부족해 문제의 뜻을 파악하는 데 어려움”입니다.,"어휘, 독해, 문장 이해, 글의 중심내용 파악, 기초 문해력, 글쓰기, 학습 습관","지역과 일정에 따라 1:1 방문수업 또는 화상수업으로 진행하며, 어휘와 독해를 바탕으로 글의 내용을 이해하고 자신의 생각을 표현하는 힘을 학생의 수준과 학습 속도에 맞춰 지도","글을 읽고 핵심 내용을 파악하는 힘을 기르고, 국어뿐 아니라 다른 과목의 문제를 이해하는 데 필요한 기초 문해력과 학습 습관 형성",친근형,elementary_korean
1268,https://kimstutoring.co.kr,hampyeong-gun-middle-korean,publish,ko,전라남도,함평군,국어,중학생,함평군 중학생 국어과외,함평군 중학생 국어과외,"중학생 국어 과외 공부를 처음 시작한다면 함평군에서도 기초부터 1:1로 배울 수 있습니다. 지역과 일정에 따라 1:1 방문수업 또는 화상수업으로 진행하며, 문학·비문학 독해와 문법을 기본으로 학교별… 방식으로 수업하고 있습니다.",학교 내신과 국어 기본기를 함께 준비할 1:1 중등 국어과외 탐색,"핵심 고민은 “문학과 비문학 지문을 감으로 풀거나 문법 개념이 부족하고, 학교 시험의 서술형·수행평가 대비가 어려움”입니다.","문학, 비문학, 문법, 어휘, 학교별 내신, 서술형, 수행평가, 오답관리","지역과 일정에 따라 1:1 방문수업 또는 화상수업으로 진행하며, 문학·비문학 독해와 문법을 기본으로 학교별 내신, 서술형과 수행평가까지 학생의 취약 부분에 맞춰 지도","지문을 근거로 읽고 문제를 해결하는 방법을 익히며, 부족한 영역을 파악해 내신과 고등 국어 학습에 필요한 기본기 강화",코칭형,middle_korean
1269,https://kimstutoring.co.kr,hampyeong-gun-high-korean,publish,ko,전라남도,함평군,국어,고등학생,함평군 고등학생 국어과외,함평군 고등학생 국어과외,"함평군 고등학생 국어 과외 수업을 고민 중이라면 잘하는 부분과 보완할 부분을 나누어 시작합니다. 지역과 일정에 따라 1:1 방문수업 또는 화상수업으로 진행하며, 문학과 독서의 지문 분석부터 학교별 내신,… 방식으로 수업하고 있습니다.",내신과 모의고사·수능을 함께 대비할 1:1 고등 국어과외 탐색,"핵심 고민은 “긴 지문의 핵심을 빠르게 파악하기 어렵거나 문학·독서·문법 영역별 편차가 크고, 모의고사에서 시간 관리와…”입니다.","문학, 독서, 화법과 언어, 작문, 학교별 내신, 모의고사, 수능, 취약영역, 오답분석","지역과 일정에 따라 1:1 방문수업 또는 화상수업으로 진행하며, 문학과 독서의 지문 분석부터 학교별 내신, 모의고사와 수능 대비, 취약영역 및 오답분석까지 현재 실력과 목표에 맞춰 지도","지문을 분석하는 기준과 문제 접근 방법을 익히고, 취약영역과 반복되는 오답을 점검하면서 내신·모의고사·수능 학습의 방향을 구체화",전문형,high_korean
1270,https://kimstutoring.co.kr,haenam-gun-elementary-english,publish,ko,전라남도,해남군,영어,초등학생,해남군 초등학생 영어과외,해남군 초등학생 영어과외,"초등학생 영어 과외 공부를 처음 시작한다면 해남군에서도 기초부터 1:1로 배울 수 있습니다. 지역과 일정에 따라 1:1 방문수업 또는 화상수업으로 진행하며, 기초 어휘와 문장 이해, 읽기 학습을 학생의… 방식으로 수업하고 있습니다.",초등학생 수준에 맞춰 영어 기초와 꾸준한 학습 습관을 기르는 1:1 온라인 과외 찾기,핵심 고민은 “기초 어휘가 부족하고 짧은 문장의 뜻을 이해하거나 꾸준히 읽는 데 어려움이 있음”입니다.,"기초 어휘, 문장 이해, 짧은 글 읽기, 학습 습관","지역과 일정에 따라 1:1 방문수업 또는 화상수업으로 진행하며, 기초 어휘와 문장 이해, 읽기 학습을 학생의 수준과 학습 속도에 맞춰 지도",익숙한 어휘로 짧은 문장의 뜻을 파악하고 스스로 읽고 복습하는 습관 형성,친근형,elementary_english
1271,https://kimstutoring.co.kr,haenam-gun-middle-english,publish,ko,전라남도,해남군,영어,중학생,해남군 중학생 영어과외,해남군 중학생 영어과외,"중학생 영어 과외 때문에 고민이 있다면 해남군 수업에서 지금 필요한 연습부터 함께 해볼 수 있습니다. 지역과 일정에 따라 1:1 방문수업 또는 화상수업으로 진행하며, 어휘·문법·독해를 기본으로 학교별 내신과… 방식으로 수업하고 있습니다.",중학생 영어 문법과 독해를 보완하고 학교별 내신과 서술형 및 수행평가를 준비하는 온라인 과외 찾기,핵심 고민은 “어휘와 문법을 배워도 지문에 적용하기 어렵고 서술형 답안과 수행평가 준비가 막막함”입니다.,"어휘, 문법, 독해, 학교별 내신, 서술형, 수행평가","지역과 일정에 따라 1:1 방문수업 또는 화상수업으로 진행하며, 어휘·문법·독해를 기본으로 학교별 내신과 서술형, 수행평가까지 학생의 취약 부분에 맞춰 지도",문법 근거를 설명하며 지문을 읽고 학교 평가 기준에 맞춰 답안을 작성하는 능력 향상,코칭형,middle_english
1272,https://kimstutoring.co.kr,haenam-gun-high-english,publish,ko,전라남도,해남군,영어,고등학생,해남군 고등학생 영어과외,해남군 고등학생 영어과외,"고등학생 영어 과외 공부를 처음 시작한다면 해남군에서도 기초부터 1:1로 배울 수 있습니다. 지역과 일정에 따라 1:1 방문수업 또는 화상수업으로 진행하며, 어휘·구문독해부터 학교별 내신, 모의고사와 수능… 방식으로 수업하고 있습니다.",고등학생 영어 내신과 모의고사 및 수능 준비를 현재 수준에 맞춰 병행하는 온라인 과외 찾기,핵심 고민은 “긴 문장의 구조를 파악하기 어렵고 내신과 모의고사 지문을 읽는 데 시간이 오래 걸림”입니다.,"어휘, 구문독해, 학교별 내신, 모의고사, 수능","지역과 일정에 따라 1:1 방문수업 또는 화상수업으로 진행하며, 어휘·구문독해부터 학교별 내신, 모의고사와 수능 대비까지 현재 실력과 목표에 맞춰 지도",복잡한 문장의 구조를 파악하고 지문의 근거를 바탕으로 답을 선택하는 독해 능력 향상,전문형,high_english
1273,https://kimstutoring.co.kr,haenam-gun-elementary-math,publish,ko,전라남도,해남군,수학,초등학생,해남군 초등학생 수학과외,해남군 초등학생 수학과외,"초등학생 수학 과외 때문에 고민이 있다면 해남군 수업에서 지금 필요한 연습부터 함께 해볼 수 있습니다. 지역과 일정에 따라 1:1 방문수업 또는 화상수업으로 진행하며, 연산과 기초개념을 탄탄히 다지고 문제를 이해하는… 방식으로 수업하고 있습니다.",초등학생 수학 연산과 기초개념을 다지고 문제 이해와 풀이 습관을 기르는 온라인 과외 찾기,핵심 고민은 “계산 실수가 반복되고 문장형 문제에서 무엇을 구해야 하는지 파악하기 어려움”입니다.,"연산, 기초개념, 문제 이해, 풀이 습관","지역과 일정에 따라 1:1 방문수업 또는 화상수업으로 진행하며, 연산과 기초개념을 탄탄히 다지고 문제를 이해하는 과정과 올바른 풀이 습관을 학생 수준에 맞춰 지도",계산 과정을 점검하고 문제의 조건을 이해하며 풀이 순서를 정리하는 습관 형성,친근형,elementary_math
1274,https://kimstutoring.co.kr,haenam-gun-middle-math,publish,ko,전라남도,해남군,수학,중학생,해남군 중학생 수학과외,해남군 중학생 수학과외,"중학생 수학 과외 때문에 고민이 있다면 해남군 수업에서 지금 필요한 연습부터 함께 해볼 수 있습니다. 지역과 일정에 따라 1:1 방문수업 또는 화상수업으로 진행하며, 개념 이해와 유형별 문제풀이를 연결하고 학교별… 방식으로 수업하고 있습니다.",중학생 수학 개념과 유형별 문제풀이를 연결하고 내신 및 서술형을 준비하는 온라인 과외 찾기,핵심 고민은 “개념을 외워도 문제 유형이 바뀌면 적용하기 어렵고 같은 오답과 풀이 과정 누락이 반복됨”입니다.,"개념, 유형별 문제풀이, 학교별 내신, 서술형, 오답관리","지역과 일정에 따라 1:1 방문수업 또는 화상수업으로 진행하며, 개념 이해와 유형별 문제풀이를 연결하고 학교별 내신, 서술형, 오답관리까지 취약 단원에 맞춰 지도",문제에 맞는 개념을 선택하고 풀이 근거를 순서대로 쓰며 반복되는 실수를 줄이는 능력 향상,코칭형,middle_math
1275,https://kimstutoring.co.kr,haenam-gun-high-math,publish,ko,전라남도,해남군,수학,고등학생,해남군 고등학생 수학과외,해남군 고등학생 수학과외,"해남군에서 고등학생 수학 과외 실력을 늘리고 싶다면 자주 막히는 부분부터 직접 다뤄봅니다. 지역과 일정에 따라 1:1 방문수업 또는 화상수업으로 진행하며, 개념과 유형별 문제풀이부터 학교별 내신,… 방식으로 수업하고 있습니다.",고등학생 수학 취약단원을 보완하면서 내신과 모의고사 및 수능을 준비하는 온라인 과외 찾기,핵심 고민은 “개념 사이의 연결이 약하고 복합 문제의 접근 방법을 찾기 어려우며 취약단원에서 오답이 반복됨”입니다.,"개념, 유형별 문제풀이, 학교별 내신, 모의고사, 수능, 취약단원, 오답분석","지역과 일정에 따라 1:1 방문수업 또는 화상수업으로 진행하며, 개념과 유형별 문제풀이부터 학교별 내신, 모의고사와 수능 대비, 취약단원 및 오답분석까지 목표에 맞춰 지도",취약단원의 개념을 연결하고 문제 조건에 맞는 풀이 전략을 선택하며 오답 원인을 스스로 설명하는 능력 향상,전문형,high_math
1276,https://kimstutoring.co.kr,haenam-gun-elementary-korean,publish,ko,전라남도,해남군,국어,초등학생,해남군 초등학생 국어과외,해남군 초등학생 국어과외,"해남군에서 초등학생 국어 과외 실력을 늘리고 싶다면 자주 막히는 부분부터 직접 다뤄봅니다. 지역과 일정에 따라 1:1 방문수업 또는 화상수업으로 진행하며, 어휘와 독해를 바탕으로 글의 내용을 이해하고… 방식으로 수업하고 있습니다.",초등학생의 국어 기초와 문해력을 잡아줄 1:1 국어과외 탐색,핵심 고민은 “글을 읽어도 내용을 정확히 이해하지 못하거나 어휘력이 부족해 문제의 뜻을 파악하는 데 어려움”입니다.,"어휘, 독해, 문장 이해, 글의 중심내용 파악, 기초 문해력, 글쓰기, 학습 습관","지역과 일정에 따라 1:1 방문수업 또는 화상수업으로 진행하며, 어휘와 독해를 바탕으로 글의 내용을 이해하고 자신의 생각을 표현하는 힘을 학생의 수준과 학습 속도에 맞춰 지도","글을 읽고 핵심 내용을 파악하는 힘을 기르고, 국어뿐 아니라 다른 과목의 문제를 이해하는 데 필요한 기초 문해력과 학습 습관 형성",친근형,elementary_korean
1277,https://kimstutoring.co.kr,haenam-gun-middle-korean,publish,ko,전라남도,해남군,국어,중학생,해남군 중학생 국어과외,해남군 중학생 국어과외,"중학생 국어 과외 때문에 고민이 있다면 해남군 수업에서 지금 필요한 연습부터 함께 해볼 수 있습니다. 지역과 일정에 따라 1:1 방문수업 또는 화상수업으로 진행하며, 문학·비문학 독해와 문법을 기본으로 학교별… 방식으로 수업하고 있습니다.",학교 내신과 국어 기본기를 함께 준비할 1:1 중등 국어과외 탐색,"핵심 고민은 “문학과 비문학 지문을 감으로 풀거나 문법 개념이 부족하고, 학교 시험의 서술형·수행평가 대비가 어려움”입니다.","문학, 비문학, 문법, 어휘, 학교별 내신, 서술형, 수행평가, 오답관리","지역과 일정에 따라 1:1 방문수업 또는 화상수업으로 진행하며, 문학·비문학 독해와 문법을 기본으로 학교별 내신, 서술형과 수행평가까지 학생의 취약 부분에 맞춰 지도","지문을 근거로 읽고 문제를 해결하는 방법을 익히며, 부족한 영역을 파악해 내신과 고등 국어 학습에 필요한 기본기 강화",코칭형,middle_korean
1278,https://kimstutoring.co.kr,haenam-gun-high-korean,publish,ko,전라남도,해남군,국어,고등학생,해남군 고등학생 국어과외,해남군 고등학생 국어과외,"해남군에서 고등학생 국어 과외 실력을 늘리고 싶다면 자주 막히는 부분부터 직접 다뤄봅니다. 지역과 일정에 따라 1:1 방문수업 또는 화상수업으로 진행하며, 문학과 독서의 지문 분석부터 학교별 내신,… 방식으로 수업하고 있습니다.",내신과 모의고사·수능을 함께 대비할 1:1 고등 국어과외 탐색,"핵심 고민은 “긴 지문의 핵심을 빠르게 파악하기 어렵거나 문학·독서·문법 영역별 편차가 크고, 모의고사에서 시간 관리와…”입니다.","문학, 독서, 화법과 언어, 작문, 학교별 내신, 모의고사, 수능, 취약영역, 오답분석","지역과 일정에 따라 1:1 방문수업 또는 화상수업으로 진행하며, 문학과 독서의 지문 분석부터 학교별 내신, 모의고사와 수능 대비, 취약영역 및 오답분석까지 현재 실력과 목표에 맞춰 지도","지문을 분석하는 기준과 문제 접근 방법을 익히고, 취약영역과 반복되는 오답을 점검하면서 내신·모의고사·수능 학습의 방향을 구체화",전문형,high_korean
1279,https://kimstutoring.co.kr,hwasun-gun-elementary-english,publish,ko,전라남도,화순군,영어,초등학생,화순군 초등학생 영어과외,화순군 초등학생 영어과외,"화순군 초등학생 영어 과외 수업을 고민 중이라면 잘하는 부분과 보완할 부분을 나누어 시작합니다. 지역과 일정에 따라 1:1 방문수업 또는 화상수업으로 진행하며, 기초 어휘와 문장 이해, 읽기 학습을 학생의… 방식으로 수업하고 있습니다.",초등학생 수준에 맞춰 영어 기초와 꾸준한 학습 습관을 기르는 1:1 온라인 과외 찾기,핵심 고민은 “기초 어휘가 부족하고 짧은 문장의 뜻을 이해하거나 꾸준히 읽는 데 어려움이 있음”입니다.,"기초 어휘, 문장 이해, 짧은 글 읽기, 학습 습관","지역과 일정에 따라 1:1 방문수업 또는 화상수업으로 진행하며, 기초 어휘와 문장 이해, 읽기 학습을 학생의 수준과 학습 속도에 맞춰 지도",익숙한 어휘로 짧은 문장의 뜻을 파악하고 스스로 읽고 복습하는 습관 형성,친근형,elementary_english
1280,https://kimstutoring.co.kr,hwasun-gun-middle-english,publish,ko,전라남도,화순군,영어,중학생,화순군 중학생 영어과외,화순군 중학생 영어과외,"화순군에서 중학생 영어 과외 실력을 늘리고 싶다면 자주 막히는 부분부터 직접 다뤄봅니다. 지역과 일정에 따라 1:1 방문수업 또는 화상수업으로 진행하며, 어휘·문법·독해를 기본으로 학교별 내신과… 방식으로 수업하고 있습니다.",중학생 영어 문법과 독해를 보완하고 학교별 내신과 서술형 및 수행평가를 준비하는 온라인 과외 찾기,핵심 고민은 “어휘와 문법을 배워도 지문에 적용하기 어렵고 서술형 답안과 수행평가 준비가 막막함”입니다.,"어휘, 문법, 독해, 학교별 내신, 서술형, 수행평가","지역과 일정에 따라 1:1 방문수업 또는 화상수업으로 진행하며, 어휘·문법·독해를 기본으로 학교별 내신과 서술형, 수행평가까지 학생의 취약 부분에 맞춰 지도",문법 근거를 설명하며 지문을 읽고 학교 평가 기준에 맞춰 답안을 작성하는 능력 향상,코칭형,middle_english
1281,https://kimstutoring.co.kr,hwasun-gun-high-english,publish,ko,전라남도,화순군,영어,고등학생,화순군 고등학생 영어과외,화순군 고등학생 영어과외,"화순군 고등학생 영어 과외 수업을 고민 중이라면 잘하는 부분과 보완할 부분을 나누어 시작합니다. 지역과 일정에 따라 1:1 방문수업 또는 화상수업으로 진행하며, 어휘·구문독해부터 학교별 내신, 모의고사와 수능… 방식으로 수업하고 있습니다.",고등학생 영어 내신과 모의고사 및 수능 준비를 현재 수준에 맞춰 병행하는 온라인 과외 찾기,핵심 고민은 “긴 문장의 구조를 파악하기 어렵고 내신과 모의고사 지문을 읽는 데 시간이 오래 걸림”입니다.,"어휘, 구문독해, 학교별 내신, 모의고사, 수능","지역과 일정에 따라 1:1 방문수업 또는 화상수업으로 진행하며, 어휘·구문독해부터 학교별 내신, 모의고사와 수능 대비까지 현재 실력과 목표에 맞춰 지도",복잡한 문장의 구조를 파악하고 지문의 근거를 바탕으로 답을 선택하는 독해 능력 향상,전문형,high_english
1282,https://kimstutoring.co.kr,hwasun-gun-elementary-math,publish,ko,전라남도,화순군,수학,초등학생,화순군 초등학생 수학과외,화순군 초등학생 수학과외,"화순군에서 초등학생 수학 과외 실력을 늘리고 싶다면 자주 막히는 부분부터 직접 다뤄봅니다. 지역과 일정에 따라 1:1 방문수업 또는 화상수업으로 진행하며, 연산과 기초개념을 탄탄히 다지고 문제를 이해하는… 방식으로 수업하고 있습니다.",초등학생 수학 연산과 기초개념을 다지고 문제 이해와 풀이 습관을 기르는 온라인 과외 찾기,핵심 고민은 “계산 실수가 반복되고 문장형 문제에서 무엇을 구해야 하는지 파악하기 어려움”입니다.,"연산, 기초개념, 문제 이해, 풀이 습관","지역과 일정에 따라 1:1 방문수업 또는 화상수업으로 진행하며, 연산과 기초개념을 탄탄히 다지고 문제를 이해하는 과정과 올바른 풀이 습관을 학생 수준에 맞춰 지도",계산 과정을 점검하고 문제의 조건을 이해하며 풀이 순서를 정리하는 습관 형성,친근형,elementary_math
1283,https://kimstutoring.co.kr,hwasun-gun-middle-math,publish,ko,전라남도,화순군,수학,중학생,화순군 중학생 수학과외,화순군 중학생 수학과외,"화순군에서 중학생 수학 과외 실력을 늘리고 싶다면 자주 막히는 부분부터 직접 다뤄봅니다. 지역과 일정에 따라 1:1 방문수업 또는 화상수업으로 진행하며, 개념 이해와 유형별 문제풀이를 연결하고 학교별… 방식으로 수업하고 있습니다.",중학생 수학 개념과 유형별 문제풀이를 연결하고 내신 및 서술형을 준비하는 온라인 과외 찾기,핵심 고민은 “개념을 외워도 문제 유형이 바뀌면 적용하기 어렵고 같은 오답과 풀이 과정 누락이 반복됨”입니다.,"개념, 유형별 문제풀이, 학교별 내신, 서술형, 오답관리","지역과 일정에 따라 1:1 방문수업 또는 화상수업으로 진행하며, 개념 이해와 유형별 문제풀이를 연결하고 학교별 내신, 서술형, 오답관리까지 취약 단원에 맞춰 지도",문제에 맞는 개념을 선택하고 풀이 근거를 순서대로 쓰며 반복되는 실수를 줄이는 능력 향상,코칭형,middle_math
1284,https://kimstutoring.co.kr,hwasun-gun-high-math,publish,ko,전라남도,화순군,수학,고등학생,화순군 고등학생 수학과외,화순군 고등학생 수학과외,"고등학생 수학 과외 때문에 고민이 있다면 화순군 수업에서 지금 필요한 연습부터 함께 해볼 수 있습니다. 지역과 일정에 따라 1:1 방문수업 또는 화상수업으로 진행하며, 개념과 유형별 문제풀이부터 학교별 내신,… 방식으로 수업하고 있습니다.",고등학생 수학 취약단원을 보완하면서 내신과 모의고사 및 수능을 준비하는 온라인 과외 찾기,핵심 고민은 “개념 사이의 연결이 약하고 복합 문제의 접근 방법을 찾기 어려우며 취약단원에서 오답이 반복됨”입니다.,"개념, 유형별 문제풀이, 학교별 내신, 모의고사, 수능, 취약단원, 오답분석","지역과 일정에 따라 1:1 방문수업 또는 화상수업으로 진행하며, 개념과 유형별 문제풀이부터 학교별 내신, 모의고사와 수능 대비, 취약단원 및 오답분석까지 목표에 맞춰 지도",취약단원의 개념을 연결하고 문제 조건에 맞는 풀이 전략을 선택하며 오답 원인을 스스로 설명하는 능력 향상,전문형,high_math
1285,https://kimstutoring.co.kr,hwasun-gun-elementary-korean,publish,ko,전라남도,화순군,국어,초등학생,화순군 초등학생 국어과외,화순군 초등학생 국어과외,"초등학생 국어 과외 때문에 고민이 있다면 화순군 수업에서 지금 필요한 연습부터 함께 해볼 수 있습니다. 지역과 일정에 따라 1:1 방문수업 또는 화상수업으로 진행하며, 어휘와 독해를 바탕으로 글의 내용을 이해하고… 방식으로 수업하고 있습니다.",초등학생의 국어 기초와 문해력을 잡아줄 1:1 국어과외 탐색,핵심 고민은 “글을 읽어도 내용을 정확히 이해하지 못하거나 어휘력이 부족해 문제의 뜻을 파악하는 데 어려움”입니다.,"어휘, 독해, 문장 이해, 글의 중심내용 파악, 기초 문해력, 글쓰기, 학습 습관","지역과 일정에 따라 1:1 방문수업 또는 화상수업으로 진행하며, 어휘와 독해를 바탕으로 글의 내용을 이해하고 자신의 생각을 표현하는 힘을 학생의 수준과 학습 속도에 맞춰 지도","글을 읽고 핵심 내용을 파악하는 힘을 기르고, 국어뿐 아니라 다른 과목의 문제를 이해하는 데 필요한 기초 문해력과 학습 습관 형성",친근형,elementary_korean
1286,https://kimstutoring.co.kr,hwasun-gun-middle-korean,publish,ko,전라남도,화순군,국어,중학생,화순군 중학생 국어과외,화순군 중학생 국어과외,"화순군에서 중학생 국어 과외 실력을 늘리고 싶다면 자주 막히는 부분부터 직접 다뤄봅니다. 지역과 일정에 따라 1:1 방문수업 또는 화상수업으로 진행하며, 문학·비문학 독해와 문법을 기본으로 학교별… 방식으로 수업하고 있습니다.",학교 내신과 국어 기본기를 함께 준비할 1:1 중등 국어과외 탐색,"핵심 고민은 “문학과 비문학 지문을 감으로 풀거나 문법 개념이 부족하고, 학교 시험의 서술형·수행평가 대비가 어려움”입니다.","문학, 비문학, 문법, 어휘, 학교별 내신, 서술형, 수행평가, 오답관리","지역과 일정에 따라 1:1 방문수업 또는 화상수업으로 진행하며, 문학·비문학 독해와 문법을 기본으로 학교별 내신, 서술형과 수행평가까지 학생의 취약 부분에 맞춰 지도","지문을 근거로 읽고 문제를 해결하는 방법을 익히며, 부족한 영역을 파악해 내신과 고등 국어 학습에 필요한 기본기 강화",코칭형,middle_korean
1287,https://kimstutoring.co.kr,hwasun-gun-high-korean,publish,ko,전라남도,화순군,국어,고등학생,화순군 고등학생 국어과외,화순군 고등학생 국어과외,"고등학생 국어 과외 때문에 고민이 있다면 화순군 수업에서 지금 필요한 연습부터 함께 해볼 수 있습니다. 지역과 일정에 따라 1:1 방문수업 또는 화상수업으로 진행하며, 문학과 독서의 지문 분석부터 학교별 내신,… 방식으로 수업하고 있습니다.",내신과 모의고사·수능을 함께 대비할 1:1 고등 국어과외 탐색,"핵심 고민은 “긴 지문의 핵심을 빠르게 파악하기 어렵거나 문학·독서·문법 영역별 편차가 크고, 모의고사에서 시간 관리와…”입니다.","문학, 독서, 화법과 언어, 작문, 학교별 내신, 모의고사, 수능, 취약영역, 오답분석","지역과 일정에 따라 1:1 방문수업 또는 화상수업으로 진행하며, 문학과 독서의 지문 분석부터 학교별 내신, 모의고사와 수능 대비, 취약영역 및 오답분석까지 현재 실력과 목표에 맞춰 지도","지문을 분석하는 기준과 문제 접근 방법을 익히고, 취약영역과 반복되는 오답을 점검하면서 내신·모의고사·수능 학습의 방향을 구체화",전문형,high_korean
1288,https://kimstutoring.co.kr,gochang-gun-elementary-english,publish,ko,전북특별자치도,고창군,영어,초등학생,고창군 초등학생 영어과외,고창군 초등학생 영어과외,"고창군 초등학생 영어 과외 수업은 정해진 진도보다 현재 실력과 배우는 이유를 중요하게 봅니다. 지역과 일정에 따라 1:1 방문수업 또는 화상수업으로 진행하며, 기초 어휘와 문장 이해, 읽기 학습을 학생의… 방식으로 수업하고 있습니다.",초등학생 수준에 맞춰 영어 기초와 꾸준한 학습 습관을 기르는 1:1 온라인 과외 찾기,핵심 고민은 “기초 어휘가 부족하고 짧은 문장의 뜻을 이해하거나 꾸준히 읽는 데 어려움이 있음”입니다.,"기초 어휘, 문장 이해, 짧은 글 읽기, 학습 습관","지역과 일정에 따라 1:1 방문수업 또는 화상수업으로 진행하며, 기초 어휘와 문장 이해, 읽기 학습을 학생의 수준과 학습 속도에 맞춰 지도",익숙한 어휘로 짧은 문장의 뜻을 파악하고 스스로 읽고 복습하는 습관 형성,친근형,elementary_english
1289,https://kimstutoring.co.kr,gochang-gun-middle-english,publish,ko,전북특별자치도,고창군,영어,중학생,고창군 중학생 영어과외,고창군 중학생 영어과외,"중학생 영어 과외 공부를 다시 시작하려는 분께 고창군 1:1 수업이 맞는 출발점을 찾아드립니다. 지역과 일정에 따라 1:1 방문수업 또는 화상수업으로 진행하며, 어휘·문법·독해를 기본으로 학교별 내신과… 방식으로 수업하고 있습니다.",중학생 영어 문법과 독해를 보완하고 학교별 내신과 서술형 및 수행평가를 준비하는 온라인 과외 찾기,핵심 고민은 “어휘와 문법을 배워도 지문에 적용하기 어렵고 서술형 답안과 수행평가 준비가 막막함”입니다.,"어휘, 문법, 독해, 학교별 내신, 서술형, 수행평가","지역과 일정에 따라 1:1 방문수업 또는 화상수업으로 진행하며, 어휘·문법·독해를 기본으로 학교별 내신과 서술형, 수행평가까지 학생의 취약 부분에 맞춰 지도",문법 근거를 설명하며 지문을 읽고 학교 평가 기준에 맞춰 답안을 작성하는 능력 향상,코칭형,middle_english
1290,https://kimstutoring.co.kr,gochang-gun-high-english,publish,ko,전북특별자치도,고창군,영어,고등학생,고창군 고등학생 영어과외,고창군 고등학생 영어과외,"고창군에서 배우는 고등학생 영어 과외, 실제로 쓰려는 상황에 맞춰 수업 내용을 정합니다. 지역과 일정에 따라 1:1 방문수업 또는 화상수업으로 진행하며, 어휘·구문독해부터 학교별 내신, 모의고사와 수능… 방식으로 수업하고 있습니다.",고등학생 영어 내신과 모의고사 및 수능 준비를 현재 수준에 맞춰 병행하는 온라인 과외 찾기,핵심 고민은 “긴 문장의 구조를 파악하기 어렵고 내신과 모의고사 지문을 읽는 데 시간이 오래 걸림”입니다.,"어휘, 구문독해, 학교별 내신, 모의고사, 수능","지역과 일정에 따라 1:1 방문수업 또는 화상수업으로 진행하며, 어휘·구문독해부터 학교별 내신, 모의고사와 수능 대비까지 현재 실력과 목표에 맞춰 지도",복잡한 문장의 구조를 파악하고 지문의 근거를 바탕으로 답을 선택하는 독해 능력 향상,전문형,high_english
1291,https://kimstutoring.co.kr,gochang-gun-elementary-math,publish,ko,전북특별자치도,고창군,수학,초등학생,고창군 초등학생 수학과외,고창군 초등학생 수학과외,"초등학생 수학 과외 공부를 다시 시작하려는 분께 고창군 1:1 수업이 맞는 출발점을 찾아드립니다. 지역과 일정에 따라 1:1 방문수업 또는 화상수업으로 진행하며, 연산과 기초개념을 탄탄히 다지고 문제를 이해하는… 방식으로 수업하고 있습니다.",초등학생 수학 연산과 기초개념을 다지고 문제 이해와 풀이 습관을 기르는 온라인 과외 찾기,핵심 고민은 “계산 실수가 반복되고 문장형 문제에서 무엇을 구해야 하는지 파악하기 어려움”입니다.,"연산, 기초개념, 문제 이해, 풀이 습관","지역과 일정에 따라 1:1 방문수업 또는 화상수업으로 진행하며, 연산과 기초개념을 탄탄히 다지고 문제를 이해하는 과정과 올바른 풀이 습관을 학생 수준에 맞춰 지도",계산 과정을 점검하고 문제의 조건을 이해하며 풀이 순서를 정리하는 습관 형성,친근형,elementary_math
1292,https://kimstutoring.co.kr,gochang-gun-middle-math,publish,ko,전북특별자치도,고창군,수학,중학생,고창군 중학생 수학과외,고창군 중학생 수학과외,"중학생 수학 과외 공부를 다시 시작하려는 분께 고창군 1:1 수업이 맞는 출발점을 찾아드립니다. 지역과 일정에 따라 1:1 방문수업 또는 화상수업으로 진행하며, 개념 이해와 유형별 문제풀이를 연결하고 학교별… 방식으로 수업하고 있습니다.",중학생 수학 개념과 유형별 문제풀이를 연결하고 내신 및 서술형을 준비하는 온라인 과외 찾기,핵심 고민은 “개념을 외워도 문제 유형이 바뀌면 적용하기 어렵고 같은 오답과 풀이 과정 누락이 반복됨”입니다.,"개념, 유형별 문제풀이, 학교별 내신, 서술형, 오답관리","지역과 일정에 따라 1:1 방문수업 또는 화상수업으로 진행하며, 개념 이해와 유형별 문제풀이를 연결하고 학교별 내신, 서술형, 오답관리까지 취약 단원에 맞춰 지도",문제에 맞는 개념을 선택하고 풀이 근거를 순서대로 쓰며 반복되는 실수를 줄이는 능력 향상,코칭형,middle_math
1293,https://kimstutoring.co.kr,gochang-gun-high-math,publish,ko,전북특별자치도,고창군,수학,고등학생,고창군 고등학생 수학과외,고창군 고등학생 수학과외,"고창군에서 고등학생 수학 과외 수업을 찾고 계신다면 지금 필요한 내용부터 시작할 수 있습니다. 지역과 일정에 따라 1:1 방문수업 또는 화상수업으로 진행하며, 개념과 유형별 문제풀이부터 학교별 내신,… 방식으로 수업하고 있습니다.",고등학생 수학 취약단원을 보완하면서 내신과 모의고사 및 수능을 준비하는 온라인 과외 찾기,핵심 고민은 “개념 사이의 연결이 약하고 복합 문제의 접근 방법을 찾기 어려우며 취약단원에서 오답이 반복됨”입니다.,"개념, 유형별 문제풀이, 학교별 내신, 모의고사, 수능, 취약단원, 오답분석","지역과 일정에 따라 1:1 방문수업 또는 화상수업으로 진행하며, 개념과 유형별 문제풀이부터 학교별 내신, 모의고사와 수능 대비, 취약단원 및 오답분석까지 목표에 맞춰 지도",취약단원의 개념을 연결하고 문제 조건에 맞는 풀이 전략을 선택하며 오답 원인을 스스로 설명하는 능력 향상,전문형,high_math
1294,https://kimstutoring.co.kr,gochang-gun-elementary-korean,publish,ko,전북특별자치도,고창군,국어,초등학생,고창군 초등학생 국어과외,고창군 초등학생 국어과외,"고창군에서 초등학생 국어 과외 수업을 찾고 계신다면 지금 필요한 내용부터 시작할 수 있습니다. 지역과 일정에 따라 1:1 방문수업 또는 화상수업으로 진행하며, 어휘와 독해를 바탕으로 글의 내용을 이해하고… 방식으로 수업하고 있습니다.",초등학생의 국어 기초와 문해력을 잡아줄 1:1 국어과외 탐색,핵심 고민은 “글을 읽어도 내용을 정확히 이해하지 못하거나 어휘력이 부족해 문제의 뜻을 파악하는 데 어려움”입니다.,"어휘, 독해, 문장 이해, 글의 중심내용 파악, 기초 문해력, 글쓰기, 학습 습관","지역과 일정에 따라 1:1 방문수업 또는 화상수업으로 진행하며, 어휘와 독해를 바탕으로 글의 내용을 이해하고 자신의 생각을 표현하는 힘을 학생의 수준과 학습 속도에 맞춰 지도","글을 읽고 핵심 내용을 파악하는 힘을 기르고, 국어뿐 아니라 다른 과목의 문제를 이해하는 데 필요한 기초 문해력과 학습 습관 형성",친근형,elementary_korean
1295,https://kimstutoring.co.kr,gochang-gun-middle-korean,publish,ko,전북특별자치도,고창군,국어,중학생,고창군 중학생 국어과외,고창군 중학생 국어과외,"중학생 국어 과외 공부를 다시 시작하려는 분께 고창군 1:1 수업이 맞는 출발점을 찾아드립니다. 지역과 일정에 따라 1:1 방문수업 또는 화상수업으로 진행하며, 문학·비문학 독해와 문법을 기본으로 학교별… 방식으로 수업하고 있습니다.",학교 내신과 국어 기본기를 함께 준비할 1:1 중등 국어과외 탐색,"핵심 고민은 “문학과 비문학 지문을 감으로 풀거나 문법 개념이 부족하고, 학교 시험의 서술형·수행평가 대비가 어려움”입니다.","문학, 비문학, 문법, 어휘, 학교별 내신, 서술형, 수행평가, 오답관리","지역과 일정에 따라 1:1 방문수업 또는 화상수업으로 진행하며, 문학·비문학 독해와 문법을 기본으로 학교별 내신, 서술형과 수행평가까지 학생의 취약 부분에 맞춰 지도","지문을 근거로 읽고 문제를 해결하는 방법을 익히며, 부족한 영역을 파악해 내신과 고등 국어 학습에 필요한 기본기 강화",코칭형,middle_korean
1296,https://kimstutoring.co.kr,gochang-gun-high-korean,publish,ko,전북특별자치도,고창군,국어,고등학생,고창군 고등학생 국어과외,고창군 고등학생 국어과외,"고창군에서 고등학생 국어 과외 수업을 찾고 계신다면 지금 필요한 내용부터 시작할 수 있습니다. 지역과 일정에 따라 1:1 방문수업 또는 화상수업으로 진행하며, 문학과 독서의 지문 분석부터 학교별 내신,… 방식으로 수업하고 있습니다.",내신과 모의고사·수능을 함께 대비할 1:1 고등 국어과외 탐색,"핵심 고민은 “긴 지문의 핵심을 빠르게 파악하기 어렵거나 문학·독서·문법 영역별 편차가 크고, 모의고사에서 시간 관리와…”입니다.","문학, 독서, 화법과 언어, 작문, 학교별 내신, 모의고사, 수능, 취약영역, 오답분석","지역과 일정에 따라 1:1 방문수업 또는 화상수업으로 진행하며, 문학과 독서의 지문 분석부터 학교별 내신, 모의고사와 수능 대비, 취약영역 및 오답분석까지 현재 실력과 목표에 맞춰 지도","지문을 분석하는 기준과 문제 접근 방법을 익히고, 취약영역과 반복되는 오답을 점검하면서 내신·모의고사·수능 학습의 방향을 구체화",전문형,high_korean
1297,https://kimstutoring.co.kr,muju-gun-elementary-english,publish,ko,전북특별자치도,무주군,영어,초등학생,무주군 초등학생 영어과외,무주군 초등학생 영어과외,"초등학생 영어 과외 공부를 다시 시작하려는 분께 무주군 1:1 수업이 맞는 출발점을 찾아드립니다. 지역과 일정에 따라 1:1 방문수업 또는 화상수업으로 진행하며, 기초 어휘와 문장 이해, 읽기 학습을 학생의… 방식으로 수업하고 있습니다.",초등학생 수준에 맞춰 영어 기초와 꾸준한 학습 습관을 기르는 1:1 온라인 과외 찾기,핵심 고민은 “기초 어휘가 부족하고 짧은 문장의 뜻을 이해하거나 꾸준히 읽는 데 어려움이 있음”입니다.,"기초 어휘, 문장 이해, 짧은 글 읽기, 학습 습관","지역과 일정에 따라 1:1 방문수업 또는 화상수업으로 진행하며, 기초 어휘와 문장 이해, 읽기 학습을 학생의 수준과 학습 속도에 맞춰 지도",익숙한 어휘로 짧은 문장의 뜻을 파악하고 스스로 읽고 복습하는 습관 형성,친근형,elementary_english
1298,https://kimstutoring.co.kr,muju-gun-middle-english,publish,ko,전북특별자치도,무주군,영어,중학생,무주군 중학생 영어과외,무주군 중학생 영어과외,"무주군에서 배우는 중학생 영어 과외, 실제로 쓰려는 상황에 맞춰 수업 내용을 정합니다. 지역과 일정에 따라 1:1 방문수업 또는 화상수업으로 진행하며, 어휘·문법·독해를 기본으로 학교별 내신과… 방식으로 수업하고 있습니다.",중학생 영어 문법과 독해를 보완하고 학교별 내신과 서술형 및 수행평가를 준비하는 온라인 과외 찾기,핵심 고민은 “어휘와 문법을 배워도 지문에 적용하기 어렵고 서술형 답안과 수행평가 준비가 막막함”입니다.,"어휘, 문법, 독해, 학교별 내신, 서술형, 수행평가","지역과 일정에 따라 1:1 방문수업 또는 화상수업으로 진행하며, 어휘·문법·독해를 기본으로 학교별 내신과 서술형, 수행평가까지 학생의 취약 부분에 맞춰 지도",문법 근거를 설명하며 지문을 읽고 학교 평가 기준에 맞춰 답안을 작성하는 능력 향상,코칭형,middle_english
1299,https://kimstutoring.co.kr,muju-gun-high-english,publish,ko,전북특별자치도,무주군,영어,고등학생,무주군 고등학생 영어과외,무주군 고등학생 영어과외,"무주군에서 고등학생 영어 과외 수업을 찾고 계신다면 지금 필요한 내용부터 시작할 수 있습니다. 지역과 일정에 따라 1:1 방문수업 또는 화상수업으로 진행하며, 어휘·구문독해부터 학교별 내신, 모의고사와 수능… 방식으로 수업하고 있습니다.",고등학생 영어 내신과 모의고사 및 수능 준비를 현재 수준에 맞춰 병행하는 온라인 과외 찾기,핵심 고민은 “긴 문장의 구조를 파악하기 어렵고 내신과 모의고사 지문을 읽는 데 시간이 오래 걸림”입니다.,"어휘, 구문독해, 학교별 내신, 모의고사, 수능","지역과 일정에 따라 1:1 방문수업 또는 화상수업으로 진행하며, 어휘·구문독해부터 학교별 내신, 모의고사와 수능 대비까지 현재 실력과 목표에 맞춰 지도",복잡한 문장의 구조를 파악하고 지문의 근거를 바탕으로 답을 선택하는 독해 능력 향상,전문형,high_english
1300,https://kimstutoring.co.kr,muju-gun-elementary-math,publish,ko,전북특별자치도,무주군,수학,초등학생,무주군 초등학생 수학과외,무주군 초등학생 수학과외,"무주군에서 배우는 초등학생 수학 과외, 실제로 쓰려는 상황에 맞춰 수업 내용을 정합니다. 지역과 일정에 따라 1:1 방문수업 또는 화상수업으로 진행하며, 연산과 기초개념을 탄탄히 다지고 문제를 이해하는… 방식으로 수업하고 있습니다.",초등학생 수학 연산과 기초개념을 다지고 문제 이해와 풀이 습관을 기르는 온라인 과외 찾기,핵심 고민은 “계산 실수가 반복되고 문장형 문제에서 무엇을 구해야 하는지 파악하기 어려움”입니다.,"연산, 기초개념, 문제 이해, 풀이 습관","지역과 일정에 따라 1:1 방문수업 또는 화상수업으로 진행하며, 연산과 기초개념을 탄탄히 다지고 문제를 이해하는 과정과 올바른 풀이 습관을 학생 수준에 맞춰 지도",계산 과정을 점검하고 문제의 조건을 이해하며 풀이 순서를 정리하는 습관 형성,친근형,elementary_math
1301,https://kimstutoring.co.kr,muju-gun-middle-math,publish,ko,전북특별자치도,무주군,수학,중학생,무주군 중학생 수학과외,무주군 중학생 수학과외,"무주군에서 배우는 중학생 수학 과외, 실제로 쓰려는 상황에 맞춰 수업 내용을 정합니다. 지역과 일정에 따라 1:1 방문수업 또는 화상수업으로 진행하며, 개념 이해와 유형별 문제풀이를 연결하고 학교별… 방식으로 수업하고 있습니다.",중학생 수학 개념과 유형별 문제풀이를 연결하고 내신 및 서술형을 준비하는 온라인 과외 찾기,핵심 고민은 “개념을 외워도 문제 유형이 바뀌면 적용하기 어렵고 같은 오답과 풀이 과정 누락이 반복됨”입니다.,"개념, 유형별 문제풀이, 학교별 내신, 서술형, 오답관리","지역과 일정에 따라 1:1 방문수업 또는 화상수업으로 진행하며, 개념 이해와 유형별 문제풀이를 연결하고 학교별 내신, 서술형, 오답관리까지 취약 단원에 맞춰 지도",문제에 맞는 개념을 선택하고 풀이 근거를 순서대로 쓰며 반복되는 실수를 줄이는 능력 향상,코칭형,middle_math
1302,https://kimstutoring.co.kr,muju-gun-high-math,publish,ko,전북특별자치도,무주군,수학,고등학생,무주군 고등학생 수학과외,무주군 고등학생 수학과외,"무주군 고등학생 수학 과외 수업은 정해진 진도보다 현재 실력과 배우는 이유를 중요하게 봅니다. 지역과 일정에 따라 1:1 방문수업 또는 화상수업으로 진행하며, 개념과 유형별 문제풀이부터 학교별 내신,… 방식으로 수업하고 있습니다.",고등학생 수학 취약단원을 보완하면서 내신과 모의고사 및 수능을 준비하는 온라인 과외 찾기,핵심 고민은 “개념 사이의 연결이 약하고 복합 문제의 접근 방법을 찾기 어려우며 취약단원에서 오답이 반복됨”입니다.,"개념, 유형별 문제풀이, 학교별 내신, 모의고사, 수능, 취약단원, 오답분석","지역과 일정에 따라 1:1 방문수업 또는 화상수업으로 진행하며, 개념과 유형별 문제풀이부터 학교별 내신, 모의고사와 수능 대비, 취약단원 및 오답분석까지 목표에 맞춰 지도",취약단원의 개념을 연결하고 문제 조건에 맞는 풀이 전략을 선택하며 오답 원인을 스스로 설명하는 능력 향상,전문형,high_math
1303,https://kimstutoring.co.kr,muju-gun-elementary-korean,publish,ko,전북특별자치도,무주군,국어,초등학생,무주군 초등학생 국어과외,무주군 초등학생 국어과외,"무주군 초등학생 국어 과외 수업은 정해진 진도보다 현재 실력과 배우는 이유를 중요하게 봅니다. 지역과 일정에 따라 1:1 방문수업 또는 화상수업으로 진행하며, 어휘와 독해를 바탕으로 글의 내용을 이해하고… 방식으로 수업하고 있습니다.",초등학생의 국어 기초와 문해력을 잡아줄 1:1 국어과외 탐색,핵심 고민은 “글을 읽어도 내용을 정확히 이해하지 못하거나 어휘력이 부족해 문제의 뜻을 파악하는 데 어려움”입니다.,"어휘, 독해, 문장 이해, 글의 중심내용 파악, 기초 문해력, 글쓰기, 학습 습관","지역과 일정에 따라 1:1 방문수업 또는 화상수업으로 진행하며, 어휘와 독해를 바탕으로 글의 내용을 이해하고 자신의 생각을 표현하는 힘을 학생의 수준과 학습 속도에 맞춰 지도","글을 읽고 핵심 내용을 파악하는 힘을 기르고, 국어뿐 아니라 다른 과목의 문제를 이해하는 데 필요한 기초 문해력과 학습 습관 형성",친근형,elementary_korean
1304,https://kimstutoring.co.kr,muju-gun-middle-korean,publish,ko,전북특별자치도,무주군,국어,중학생,무주군 중학생 국어과외,무주군 중학생 국어과외,"무주군에서 배우는 중학생 국어 과외, 실제로 쓰려는 상황에 맞춰 수업 내용을 정합니다. 지역과 일정에 따라 1:1 방문수업 또는 화상수업으로 진행하며, 문학·비문학 독해와 문법을 기본으로 학교별… 방식으로 수업하고 있습니다.",학교 내신과 국어 기본기를 함께 준비할 1:1 중등 국어과외 탐색,"핵심 고민은 “문학과 비문학 지문을 감으로 풀거나 문법 개념이 부족하고, 학교 시험의 서술형·수행평가 대비가 어려움”입니다.","문학, 비문학, 문법, 어휘, 학교별 내신, 서술형, 수행평가, 오답관리","지역과 일정에 따라 1:1 방문수업 또는 화상수업으로 진행하며, 문학·비문학 독해와 문법을 기본으로 학교별 내신, 서술형과 수행평가까지 학생의 취약 부분에 맞춰 지도","지문을 근거로 읽고 문제를 해결하는 방법을 익히며, 부족한 영역을 파악해 내신과 고등 국어 학습에 필요한 기본기 강화",코칭형,middle_korean
1305,https://kimstutoring.co.kr,muju-gun-high-korean,publish,ko,전북특별자치도,무주군,국어,고등학생,무주군 고등학생 국어과외,무주군 고등학생 국어과외,"무주군 고등학생 국어 과외 수업은 정해진 진도보다 현재 실력과 배우는 이유를 중요하게 봅니다. 지역과 일정에 따라 1:1 방문수업 또는 화상수업으로 진행하며, 문학과 독서의 지문 분석부터 학교별 내신,… 방식으로 수업하고 있습니다.",내신과 모의고사·수능을 함께 대비할 1:1 고등 국어과외 탐색,"핵심 고민은 “긴 지문의 핵심을 빠르게 파악하기 어렵거나 문학·독서·문법 영역별 편차가 크고, 모의고사에서 시간 관리와…”입니다.","문학, 독서, 화법과 언어, 작문, 학교별 내신, 모의고사, 수능, 취약영역, 오답분석","지역과 일정에 따라 1:1 방문수업 또는 화상수업으로 진행하며, 문학과 독서의 지문 분석부터 학교별 내신, 모의고사와 수능 대비, 취약영역 및 오답분석까지 현재 실력과 목표에 맞춰 지도","지문을 분석하는 기준과 문제 접근 방법을 익히고, 취약영역과 반복되는 오답을 점검하면서 내신·모의고사·수능 학습의 방향을 구체화",전문형,high_korean
1306,https://kimstutoring.co.kr,buan-gun-elementary-english,publish,ko,전북특별자치도,부안군,영어,초등학생,부안군 초등학생 영어과외,부안군 초등학생 영어과외,"초등학생 영어 과외 공부를 처음 시작한다면 부안군에서도 기초부터 1:1로 배울 수 있습니다. 지역과 일정에 따라 1:1 방문수업 또는 화상수업으로 진행하며, 기초 어휘와 문장 이해, 읽기 학습을 학생의… 방식으로 수업하고 있습니다.",초등학생 수준에 맞춰 영어 기초와 꾸준한 학습 습관을 기르는 1:1 온라인 과외 찾기,핵심 고민은 “기초 어휘가 부족하고 짧은 문장의 뜻을 이해하거나 꾸준히 읽는 데 어려움이 있음”입니다.,"기초 어휘, 문장 이해, 짧은 글 읽기, 학습 습관","지역과 일정에 따라 1:1 방문수업 또는 화상수업으로 진행하며, 기초 어휘와 문장 이해, 읽기 학습을 학생의 수준과 학습 속도에 맞춰 지도",익숙한 어휘로 짧은 문장의 뜻을 파악하고 스스로 읽고 복습하는 습관 형성,친근형,elementary_english
1307,https://kimstutoring.co.kr,buan-gun-middle-english,publish,ko,전북특별자치도,부안군,영어,중학생,부안군 중학생 영어과외,부안군 중학생 영어과외,"중학생 영어 과외 때문에 고민이 있다면 부안군 수업에서 지금 필요한 연습부터 함께 해볼 수 있습니다. 지역과 일정에 따라 1:1 방문수업 또는 화상수업으로 진행하며, 어휘·문법·독해를 기본으로 학교별 내신과… 방식으로 수업하고 있습니다.",중학생 영어 문법과 독해를 보완하고 학교별 내신과 서술형 및 수행평가를 준비하는 온라인 과외 찾기,핵심 고민은 “어휘와 문법을 배워도 지문에 적용하기 어렵고 서술형 답안과 수행평가 준비가 막막함”입니다.,"어휘, 문법, 독해, 학교별 내신, 서술형, 수행평가","지역과 일정에 따라 1:1 방문수업 또는 화상수업으로 진행하며, 어휘·문법·독해를 기본으로 학교별 내신과 서술형, 수행평가까지 학생의 취약 부분에 맞춰 지도",문법 근거를 설명하며 지문을 읽고 학교 평가 기준에 맞춰 답안을 작성하는 능력 향상,코칭형,middle_english
1308,https://kimstutoring.co.kr,buan-gun-high-english,publish,ko,전북특별자치도,부안군,영어,고등학생,부안군 고등학생 영어과외,부안군 고등학생 영어과외,"고등학생 영어 과외 공부를 처음 시작한다면 부안군에서도 기초부터 1:1로 배울 수 있습니다. 지역과 일정에 따라 1:1 방문수업 또는 화상수업으로 진행하며, 어휘·구문독해부터 학교별 내신, 모의고사와 수능… 방식으로 수업하고 있습니다.",고등학생 영어 내신과 모의고사 및 수능 준비를 현재 수준에 맞춰 병행하는 온라인 과외 찾기,핵심 고민은 “긴 문장의 구조를 파악하기 어렵고 내신과 모의고사 지문을 읽는 데 시간이 오래 걸림”입니다.,"어휘, 구문독해, 학교별 내신, 모의고사, 수능","지역과 일정에 따라 1:1 방문수업 또는 화상수업으로 진행하며, 어휘·구문독해부터 학교별 내신, 모의고사와 수능 대비까지 현재 실력과 목표에 맞춰 지도",복잡한 문장의 구조를 파악하고 지문의 근거를 바탕으로 답을 선택하는 독해 능력 향상,전문형,high_english
1309,https://kimstutoring.co.kr,buan-gun-elementary-math,publish,ko,전북특별자치도,부안군,수학,초등학생,부안군 초등학생 수학과외,부안군 초등학생 수학과외,"초등학생 수학 과외 때문에 고민이 있다면 부안군 수업에서 지금 필요한 연습부터 함께 해볼 수 있습니다. 지역과 일정에 따라 1:1 방문수업 또는 화상수업으로 진행하며, 연산과 기초개념을 탄탄히 다지고 문제를 이해하는… 방식으로 수업하고 있습니다.",초등학생 수학 연산과 기초개념을 다지고 문제 이해와 풀이 습관을 기르는 온라인 과외 찾기,핵심 고민은 “계산 실수가 반복되고 문장형 문제에서 무엇을 구해야 하는지 파악하기 어려움”입니다.,"연산, 기초개념, 문제 이해, 풀이 습관","지역과 일정에 따라 1:1 방문수업 또는 화상수업으로 진행하며, 연산과 기초개념을 탄탄히 다지고 문제를 이해하는 과정과 올바른 풀이 습관을 학생 수준에 맞춰 지도",계산 과정을 점검하고 문제의 조건을 이해하며 풀이 순서를 정리하는 습관 형성,친근형,elementary_math
1310,https://kimstutoring.co.kr,buan-gun-middle-math,publish,ko,전북특별자치도,부안군,수학,중학생,부안군 중학생 수학과외,부안군 중학생 수학과외,"중학생 수학 과외 때문에 고민이 있다면 부안군 수업에서 지금 필요한 연습부터 함께 해볼 수 있습니다. 지역과 일정에 따라 1:1 방문수업 또는 화상수업으로 진행하며, 개념 이해와 유형별 문제풀이를 연결하고 학교별… 방식으로 수업하고 있습니다.",중학생 수학 개념과 유형별 문제풀이를 연결하고 내신 및 서술형을 준비하는 온라인 과외 찾기,핵심 고민은 “개념을 외워도 문제 유형이 바뀌면 적용하기 어렵고 같은 오답과 풀이 과정 누락이 반복됨”입니다.,"개념, 유형별 문제풀이, 학교별 내신, 서술형, 오답관리","지역과 일정에 따라 1:1 방문수업 또는 화상수업으로 진행하며, 개념 이해와 유형별 문제풀이를 연결하고 학교별 내신, 서술형, 오답관리까지 취약 단원에 맞춰 지도",문제에 맞는 개념을 선택하고 풀이 근거를 순서대로 쓰며 반복되는 실수를 줄이는 능력 향상,코칭형,middle_math
1311,https://kimstutoring.co.kr,buan-gun-high-math,publish,ko,전북특별자치도,부안군,수학,고등학생,부안군 고등학생 수학과외,부안군 고등학생 수학과외,"부안군에서 고등학생 수학 과외 실력을 늘리고 싶다면 자주 막히는 부분부터 직접 다뤄봅니다. 지역과 일정에 따라 1:1 방문수업 또는 화상수업으로 진행하며, 개념과 유형별 문제풀이부터 학교별 내신,… 방식으로 수업하고 있습니다.",고등학생 수학 취약단원을 보완하면서 내신과 모의고사 및 수능을 준비하는 온라인 과외 찾기,핵심 고민은 “개념 사이의 연결이 약하고 복합 문제의 접근 방법을 찾기 어려우며 취약단원에서 오답이 반복됨”입니다.,"개념, 유형별 문제풀이, 학교별 내신, 모의고사, 수능, 취약단원, 오답분석","지역과 일정에 따라 1:1 방문수업 또는 화상수업으로 진행하며, 개념과 유형별 문제풀이부터 학교별 내신, 모의고사와 수능 대비, 취약단원 및 오답분석까지 목표에 맞춰 지도",취약단원의 개념을 연결하고 문제 조건에 맞는 풀이 전략을 선택하며 오답 원인을 스스로 설명하는 능력 향상,전문형,high_math
1312,https://kimstutoring.co.kr,buan-gun-elementary-korean,publish,ko,전북특별자치도,부안군,국어,초등학생,부안군 초등학생 국어과외,부안군 초등학생 국어과외,"부안군에서 초등학생 국어 과외 실력을 늘리고 싶다면 자주 막히는 부분부터 직접 다뤄봅니다. 지역과 일정에 따라 1:1 방문수업 또는 화상수업으로 진행하며, 어휘와 독해를 바탕으로 글의 내용을 이해하고… 방식으로 수업하고 있습니다.",초등학생의 국어 기초와 문해력을 잡아줄 1:1 국어과외 탐색,핵심 고민은 “글을 읽어도 내용을 정확히 이해하지 못하거나 어휘력이 부족해 문제의 뜻을 파악하는 데 어려움”입니다.,"어휘, 독해, 문장 이해, 글의 중심내용 파악, 기초 문해력, 글쓰기, 학습 습관","지역과 일정에 따라 1:1 방문수업 또는 화상수업으로 진행하며, 어휘와 독해를 바탕으로 글의 내용을 이해하고 자신의 생각을 표현하는 힘을 학생의 수준과 학습 속도에 맞춰 지도","글을 읽고 핵심 내용을 파악하는 힘을 기르고, 국어뿐 아니라 다른 과목의 문제를 이해하는 데 필요한 기초 문해력과 학습 습관 형성",친근형,elementary_korean
1313,https://kimstutoring.co.kr,buan-gun-middle-korean,publish,ko,전북특별자치도,부안군,국어,중학생,부안군 중학생 국어과외,부안군 중학생 국어과외,"중학생 국어 과외 때문에 고민이 있다면 부안군 수업에서 지금 필요한 연습부터 함께 해볼 수 있습니다. 지역과 일정에 따라 1:1 방문수업 또는 화상수업으로 진행하며, 문학·비문학 독해와 문법을 기본으로 학교별… 방식으로 수업하고 있습니다.",학교 내신과 국어 기본기를 함께 준비할 1:1 중등 국어과외 탐색,"핵심 고민은 “문학과 비문학 지문을 감으로 풀거나 문법 개념이 부족하고, 학교 시험의 서술형·수행평가 대비가 어려움”입니다.","문학, 비문학, 문법, 어휘, 학교별 내신, 서술형, 수행평가, 오답관리","지역과 일정에 따라 1:1 방문수업 또는 화상수업으로 진행하며, 문학·비문학 독해와 문법을 기본으로 학교별 내신, 서술형과 수행평가까지 학생의 취약 부분에 맞춰 지도","지문을 근거로 읽고 문제를 해결하는 방법을 익히며, 부족한 영역을 파악해 내신과 고등 국어 학습에 필요한 기본기 강화",코칭형,middle_korean
1314,https://kimstutoring.co.kr,buan-gun-high-korean,publish,ko,전북특별자치도,부안군,국어,고등학생,부안군 고등학생 국어과외,부안군 고등학생 국어과외,"부안군에서 고등학생 국어 과외 실력을 늘리고 싶다면 자주 막히는 부분부터 직접 다뤄봅니다. 지역과 일정에 따라 1:1 방문수업 또는 화상수업으로 진행하며, 문학과 독서의 지문 분석부터 학교별 내신,… 방식으로 수업하고 있습니다.",내신과 모의고사·수능을 함께 대비할 1:1 고등 국어과외 탐색,"핵심 고민은 “긴 지문의 핵심을 빠르게 파악하기 어렵거나 문학·독서·문법 영역별 편차가 크고, 모의고사에서 시간 관리와…”입니다.","문학, 독서, 화법과 언어, 작문, 학교별 내신, 모의고사, 수능, 취약영역, 오답분석","지역과 일정에 따라 1:1 방문수업 또는 화상수업으로 진행하며, 문학과 독서의 지문 분석부터 학교별 내신, 모의고사와 수능 대비, 취약영역 및 오답분석까지 현재 실력과 목표에 맞춰 지도","지문을 분석하는 기준과 문제 접근 방법을 익히고, 취약영역과 반복되는 오답을 점검하면서 내신·모의고사·수능 학습의 방향을 구체화",전문형,high_korean
1315,https://kimstutoring.co.kr,sunchang-gun-elementary-english,publish,ko,전북특별자치도,순창군,영어,초등학생,순창군 초등학생 영어과외,순창군 초등학생 영어과외,"초등학생 영어 과외 공부를 다시 시작하려는 분께 순창군 1:1 수업이 맞는 출발점을 찾아드립니다. 지역과 일정에 따라 1:1 방문수업 또는 화상수업으로 진행하며, 기초 어휘와 문장 이해, 읽기 학습을 학생의… 방식으로 수업하고 있습니다.",초등학생 수준에 맞춰 영어 기초와 꾸준한 학습 습관을 기르는 1:1 온라인 과외 찾기,핵심 고민은 “기초 어휘가 부족하고 짧은 문장의 뜻을 이해하거나 꾸준히 읽는 데 어려움이 있음”입니다.,"기초 어휘, 문장 이해, 짧은 글 읽기, 학습 습관","지역과 일정에 따라 1:1 방문수업 또는 화상수업으로 진행하며, 기초 어휘와 문장 이해, 읽기 학습을 학생의 수준과 학습 속도에 맞춰 지도",익숙한 어휘로 짧은 문장의 뜻을 파악하고 스스로 읽고 복습하는 습관 형성,친근형,elementary_english
1316,https://kimstutoring.co.kr,sunchang-gun-middle-english,publish,ko,전북특별자치도,순창군,영어,중학생,순창군 중학생 영어과외,순창군 중학생 영어과외,"순창군에서 배우는 중학생 영어 과외, 실제로 쓰려는 상황에 맞춰 수업 내용을 정합니다. 지역과 일정에 따라 1:1 방문수업 또는 화상수업으로 진행하며, 어휘·문법·독해를 기본으로 학교별 내신과… 방식으로 수업하고 있습니다.",중학생 영어 문법과 독해를 보완하고 학교별 내신과 서술형 및 수행평가를 준비하는 온라인 과외 찾기,핵심 고민은 “어휘와 문법을 배워도 지문에 적용하기 어렵고 서술형 답안과 수행평가 준비가 막막함”입니다.,"어휘, 문법, 독해, 학교별 내신, 서술형, 수행평가","지역과 일정에 따라 1:1 방문수업 또는 화상수업으로 진행하며, 어휘·문법·독해를 기본으로 학교별 내신과 서술형, 수행평가까지 학생의 취약 부분에 맞춰 지도",문법 근거를 설명하며 지문을 읽고 학교 평가 기준에 맞춰 답안을 작성하는 능력 향상,코칭형,middle_english
1317,https://kimstutoring.co.kr,sunchang-gun-high-english,publish,ko,전북특별자치도,순창군,영어,고등학생,순창군 고등학생 영어과외,순창군 고등학생 영어과외,"순창군에서 고등학생 영어 과외 수업을 찾고 계신다면 지금 필요한 내용부터 시작할 수 있습니다. 지역과 일정에 따라 1:1 방문수업 또는 화상수업으로 진행하며, 어휘·구문독해부터 학교별 내신, 모의고사와 수능… 방식으로 수업하고 있습니다.",고등학생 영어 내신과 모의고사 및 수능 준비를 현재 수준에 맞춰 병행하는 온라인 과외 찾기,핵심 고민은 “긴 문장의 구조를 파악하기 어렵고 내신과 모의고사 지문을 읽는 데 시간이 오래 걸림”입니다.,"어휘, 구문독해, 학교별 내신, 모의고사, 수능","지역과 일정에 따라 1:1 방문수업 또는 화상수업으로 진행하며, 어휘·구문독해부터 학교별 내신, 모의고사와 수능 대비까지 현재 실력과 목표에 맞춰 지도",복잡한 문장의 구조를 파악하고 지문의 근거를 바탕으로 답을 선택하는 독해 능력 향상,전문형,high_english
1318,https://kimstutoring.co.kr,sunchang-gun-elementary-math,publish,ko,전북특별자치도,순창군,수학,초등학생,순창군 초등학생 수학과외,순창군 초등학생 수학과외,"순창군에서 배우는 초등학생 수학 과외, 실제로 쓰려는 상황에 맞춰 수업 내용을 정합니다. 지역과 일정에 따라 1:1 방문수업 또는 화상수업으로 진행하며, 연산과 기초개념을 탄탄히 다지고 문제를 이해하는… 방식으로 수업하고 있습니다.",초등학생 수학 연산과 기초개념을 다지고 문제 이해와 풀이 습관을 기르는 온라인 과외 찾기,핵심 고민은 “계산 실수가 반복되고 문장형 문제에서 무엇을 구해야 하는지 파악하기 어려움”입니다.,"연산, 기초개념, 문제 이해, 풀이 습관","지역과 일정에 따라 1:1 방문수업 또는 화상수업으로 진행하며, 연산과 기초개념을 탄탄히 다지고 문제를 이해하는 과정과 올바른 풀이 습관을 학생 수준에 맞춰 지도",계산 과정을 점검하고 문제의 조건을 이해하며 풀이 순서를 정리하는 습관 형성,친근형,elementary_math
1319,https://kimstutoring.co.kr,sunchang-gun-middle-math,publish,ko,전북특별자치도,순창군,수학,중학생,순창군 중학생 수학과외,순창군 중학생 수학과외,"순창군에서 배우는 중학생 수학 과외, 실제로 쓰려는 상황에 맞춰 수업 내용을 정합니다. 지역과 일정에 따라 1:1 방문수업 또는 화상수업으로 진행하며, 개념 이해와 유형별 문제풀이를 연결하고 학교별… 방식으로 수업하고 있습니다.",중학생 수학 개념과 유형별 문제풀이를 연결하고 내신 및 서술형을 준비하는 온라인 과외 찾기,핵심 고민은 “개념을 외워도 문제 유형이 바뀌면 적용하기 어렵고 같은 오답과 풀이 과정 누락이 반복됨”입니다.,"개념, 유형별 문제풀이, 학교별 내신, 서술형, 오답관리","지역과 일정에 따라 1:1 방문수업 또는 화상수업으로 진행하며, 개념 이해와 유형별 문제풀이를 연결하고 학교별 내신, 서술형, 오답관리까지 취약 단원에 맞춰 지도",문제에 맞는 개념을 선택하고 풀이 근거를 순서대로 쓰며 반복되는 실수를 줄이는 능력 향상,코칭형,middle_math
1320,https://kimstutoring.co.kr,sunchang-gun-high-math,publish,ko,전북특별자치도,순창군,수학,고등학생,순창군 고등학생 수학과외,순창군 고등학생 수학과외,"순창군 고등학생 수학 과외 수업은 정해진 진도보다 현재 실력과 배우는 이유를 중요하게 봅니다. 지역과 일정에 따라 1:1 방문수업 또는 화상수업으로 진행하며, 개념과 유형별 문제풀이부터 학교별 내신,… 방식으로 수업하고 있습니다.",고등학생 수학 취약단원을 보완하면서 내신과 모의고사 및 수능을 준비하는 온라인 과외 찾기,핵심 고민은 “개념 사이의 연결이 약하고 복합 문제의 접근 방법을 찾기 어려우며 취약단원에서 오답이 반복됨”입니다.,"개념, 유형별 문제풀이, 학교별 내신, 모의고사, 수능, 취약단원, 오답분석","지역과 일정에 따라 1:1 방문수업 또는 화상수업으로 진행하며, 개념과 유형별 문제풀이부터 학교별 내신, 모의고사와 수능 대비, 취약단원 및 오답분석까지 목표에 맞춰 지도",취약단원의 개념을 연결하고 문제 조건에 맞는 풀이 전략을 선택하며 오답 원인을 스스로 설명하는 능력 향상,전문형,high_math
1321,https://kimstutoring.co.kr,sunchang-gun-elementary-korean,publish,ko,전북특별자치도,순창군,국어,초등학생,순창군 초등학생 국어과외,순창군 초등학생 국어과외,"순창군 초등학생 국어 과외 수업은 정해진 진도보다 현재 실력과 배우는 이유를 중요하게 봅니다. 지역과 일정에 따라 1:1 방문수업 또는 화상수업으로 진행하며, 어휘와 독해를 바탕으로 글의 내용을 이해하고… 방식으로 수업하고 있습니다.",초등학생의 국어 기초와 문해력을 잡아줄 1:1 국어과외 탐색,핵심 고민은 “글을 읽어도 내용을 정확히 이해하지 못하거나 어휘력이 부족해 문제의 뜻을 파악하는 데 어려움”입니다.,"어휘, 독해, 문장 이해, 글의 중심내용 파악, 기초 문해력, 글쓰기, 학습 습관","지역과 일정에 따라 1:1 방문수업 또는 화상수업으로 진행하며, 어휘와 독해를 바탕으로 글의 내용을 이해하고 자신의 생각을 표현하는 힘을 학생의 수준과 학습 속도에 맞춰 지도","글을 읽고 핵심 내용을 파악하는 힘을 기르고, 국어뿐 아니라 다른 과목의 문제를 이해하는 데 필요한 기초 문해력과 학습 습관 형성",친근형,elementary_korean
1322,https://kimstutoring.co.kr,sunchang-gun-middle-korean,publish,ko,전북특별자치도,순창군,국어,중학생,순창군 중학생 국어과외,순창군 중학생 국어과외,"순창군에서 배우는 중학생 국어 과외, 실제로 쓰려는 상황에 맞춰 수업 내용을 정합니다. 지역과 일정에 따라 1:1 방문수업 또는 화상수업으로 진행하며, 문학·비문학 독해와 문법을 기본으로 학교별… 방식으로 수업하고 있습니다.",학교 내신과 국어 기본기를 함께 준비할 1:1 중등 국어과외 탐색,"핵심 고민은 “문학과 비문학 지문을 감으로 풀거나 문법 개념이 부족하고, 학교 시험의 서술형·수행평가 대비가 어려움”입니다.","문학, 비문학, 문법, 어휘, 학교별 내신, 서술형, 수행평가, 오답관리","지역과 일정에 따라 1:1 방문수업 또는 화상수업으로 진행하며, 문학·비문학 독해와 문법을 기본으로 학교별 내신, 서술형과 수행평가까지 학생의 취약 부분에 맞춰 지도","지문을 근거로 읽고 문제를 해결하는 방법을 익히며, 부족한 영역을 파악해 내신과 고등 국어 학습에 필요한 기본기 강화",코칭형,middle_korean
1323,https://kimstutoring.co.kr,sunchang-gun-high-korean,publish,ko,전북특별자치도,순창군,국어,고등학생,순창군 고등학생 국어과외,순창군 고등학생 국어과외,"순창군 고등학생 국어 과외 수업은 정해진 진도보다 현재 실력과 배우는 이유를 중요하게 봅니다. 지역과 일정에 따라 1:1 방문수업 또는 화상수업으로 진행하며, 문학과 독서의 지문 분석부터 학교별 내신,… 방식으로 수업하고 있습니다.",내신과 모의고사·수능을 함께 대비할 1:1 고등 국어과외 탐색,"핵심 고민은 “긴 지문의 핵심을 빠르게 파악하기 어렵거나 문학·독서·문법 영역별 편차가 크고, 모의고사에서 시간 관리와…”입니다.","문학, 독서, 화법과 언어, 작문, 학교별 내신, 모의고사, 수능, 취약영역, 오답분석","지역과 일정에 따라 1:1 방문수업 또는 화상수업으로 진행하며, 문학과 독서의 지문 분석부터 학교별 내신, 모의고사와 수능 대비, 취약영역 및 오답분석까지 현재 실력과 목표에 맞춰 지도","지문을 분석하는 기준과 문제 접근 방법을 익히고, 취약영역과 반복되는 오답을 점검하면서 내신·모의고사·수능 학습의 방향을 구체화",전문형,high_korean
1324,https://kimstutoring.co.kr,wanju-gun-elementary-english,publish,ko,전북특별자치도,완주군,영어,초등학생,완주군 초등학생 영어과외,완주군 초등학생 영어과외,"완주군에서 배우는 초등학생 영어 과외, 실제로 쓰려는 상황에 맞춰 수업 내용을 정합니다. 지역과 일정에 따라 1:1 방문수업 또는 화상수업으로 진행하며, 기초 어휘와 문장 이해, 읽기 학습을 학생의… 방식으로 수업하고 있습니다.",초등학생 수준에 맞춰 영어 기초와 꾸준한 학습 습관을 기르는 1:1 온라인 과외 찾기,핵심 고민은 “기초 어휘가 부족하고 짧은 문장의 뜻을 이해하거나 꾸준히 읽는 데 어려움이 있음”입니다.,"기초 어휘, 문장 이해, 짧은 글 읽기, 학습 습관","지역과 일정에 따라 1:1 방문수업 또는 화상수업으로 진행하며, 기초 어휘와 문장 이해, 읽기 학습을 학생의 수준과 학습 속도에 맞춰 지도",익숙한 어휘로 짧은 문장의 뜻을 파악하고 스스로 읽고 복습하는 습관 형성,친근형,elementary_english
1325,https://kimstutoring.co.kr,wanju-gun-middle-english,publish,ko,전북특별자치도,완주군,영어,중학생,완주군 중학생 영어과외,완주군 중학생 영어과외,"완주군에서 중학생 영어 과외 수업을 찾고 계신다면 지금 필요한 내용부터 시작할 수 있습니다. 지역과 일정에 따라 1:1 방문수업 또는 화상수업으로 진행하며, 어휘·문법·독해를 기본으로 학교별 내신과… 방식으로 수업하고 있습니다.",중학생 영어 문법과 독해를 보완하고 학교별 내신과 서술형 및 수행평가를 준비하는 온라인 과외 찾기,핵심 고민은 “어휘와 문법을 배워도 지문에 적용하기 어렵고 서술형 답안과 수행평가 준비가 막막함”입니다.,"어휘, 문법, 독해, 학교별 내신, 서술형, 수행평가","지역과 일정에 따라 1:1 방문수업 또는 화상수업으로 진행하며, 어휘·문법·독해를 기본으로 학교별 내신과 서술형, 수행평가까지 학생의 취약 부분에 맞춰 지도",문법 근거를 설명하며 지문을 읽고 학교 평가 기준에 맞춰 답안을 작성하는 능력 향상,코칭형,middle_english
1326,https://kimstutoring.co.kr,wanju-gun-high-english,publish,ko,전북특별자치도,완주군,영어,고등학생,완주군 고등학생 영어과외,완주군 고등학생 영어과외,"완주군 고등학생 영어 과외 수업은 정해진 진도보다 현재 실력과 배우는 이유를 중요하게 봅니다. 지역과 일정에 따라 1:1 방문수업 또는 화상수업으로 진행하며, 어휘·구문독해부터 학교별 내신, 모의고사와 수능… 방식으로 수업하고 있습니다.",고등학생 영어 내신과 모의고사 및 수능 준비를 현재 수준에 맞춰 병행하는 온라인 과외 찾기,핵심 고민은 “긴 문장의 구조를 파악하기 어렵고 내신과 모의고사 지문을 읽는 데 시간이 오래 걸림”입니다.,"어휘, 구문독해, 학교별 내신, 모의고사, 수능","지역과 일정에 따라 1:1 방문수업 또는 화상수업으로 진행하며, 어휘·구문독해부터 학교별 내신, 모의고사와 수능 대비까지 현재 실력과 목표에 맞춰 지도",복잡한 문장의 구조를 파악하고 지문의 근거를 바탕으로 답을 선택하는 독해 능력 향상,전문형,high_english
1327,https://kimstutoring.co.kr,wanju-gun-elementary-math,publish,ko,전북특별자치도,완주군,수학,초등학생,완주군 초등학생 수학과외,완주군 초등학생 수학과외,"완주군에서 초등학생 수학 과외 수업을 찾고 계신다면 지금 필요한 내용부터 시작할 수 있습니다. 지역과 일정에 따라 1:1 방문수업 또는 화상수업으로 진행하며, 연산과 기초개념을 탄탄히 다지고 문제를 이해하는… 방식으로 수업하고 있습니다.",초등학생 수학 연산과 기초개념을 다지고 문제 이해와 풀이 습관을 기르는 온라인 과외 찾기,핵심 고민은 “계산 실수가 반복되고 문장형 문제에서 무엇을 구해야 하는지 파악하기 어려움”입니다.,"연산, 기초개념, 문제 이해, 풀이 습관","지역과 일정에 따라 1:1 방문수업 또는 화상수업으로 진행하며, 연산과 기초개념을 탄탄히 다지고 문제를 이해하는 과정과 올바른 풀이 습관을 학생 수준에 맞춰 지도",계산 과정을 점검하고 문제의 조건을 이해하며 풀이 순서를 정리하는 습관 형성,친근형,elementary_math
1328,https://kimstutoring.co.kr,wanju-gun-middle-math,publish,ko,전북특별자치도,완주군,수학,중학생,완주군 중학생 수학과외,완주군 중학생 수학과외,"완주군에서 중학생 수학 과외 수업을 찾고 계신다면 지금 필요한 내용부터 시작할 수 있습니다. 지역과 일정에 따라 1:1 방문수업 또는 화상수업으로 진행하며, 개념 이해와 유형별 문제풀이를 연결하고 학교별… 방식으로 수업하고 있습니다.",중학생 수학 개념과 유형별 문제풀이를 연결하고 내신 및 서술형을 준비하는 온라인 과외 찾기,핵심 고민은 “개념을 외워도 문제 유형이 바뀌면 적용하기 어렵고 같은 오답과 풀이 과정 누락이 반복됨”입니다.,"개념, 유형별 문제풀이, 학교별 내신, 서술형, 오답관리","지역과 일정에 따라 1:1 방문수업 또는 화상수업으로 진행하며, 개념 이해와 유형별 문제풀이를 연결하고 학교별 내신, 서술형, 오답관리까지 취약 단원에 맞춰 지도",문제에 맞는 개념을 선택하고 풀이 근거를 순서대로 쓰며 반복되는 실수를 줄이는 능력 향상,코칭형,middle_math
1329,https://kimstutoring.co.kr,wanju-gun-high-math,publish,ko,전북특별자치도,완주군,수학,고등학생,완주군 고등학생 수학과외,완주군 고등학생 수학과외,"고등학생 수학 과외 공부를 다시 시작하려는 분께 완주군 1:1 수업이 맞는 출발점을 찾아드립니다. 지역과 일정에 따라 1:1 방문수업 또는 화상수업으로 진행하며, 개념과 유형별 문제풀이부터 학교별 내신,… 방식으로 수업하고 있습니다.",고등학생 수학 취약단원을 보완하면서 내신과 모의고사 및 수능을 준비하는 온라인 과외 찾기,핵심 고민은 “개념 사이의 연결이 약하고 복합 문제의 접근 방법을 찾기 어려우며 취약단원에서 오답이 반복됨”입니다.,"개념, 유형별 문제풀이, 학교별 내신, 모의고사, 수능, 취약단원, 오답분석","지역과 일정에 따라 1:1 방문수업 또는 화상수업으로 진행하며, 개념과 유형별 문제풀이부터 학교별 내신, 모의고사와 수능 대비, 취약단원 및 오답분석까지 목표에 맞춰 지도",취약단원의 개념을 연결하고 문제 조건에 맞는 풀이 전략을 선택하며 오답 원인을 스스로 설명하는 능력 향상,전문형,high_math
1330,https://kimstutoring.co.kr,wanju-gun-elementary-korean,publish,ko,전북특별자치도,완주군,국어,초등학생,완주군 초등학생 국어과외,완주군 초등학생 국어과외,"초등학생 국어 과외 공부를 다시 시작하려는 분께 완주군 1:1 수업이 맞는 출발점을 찾아드립니다. 지역과 일정에 따라 1:1 방문수업 또는 화상수업으로 진행하며, 어휘와 독해를 바탕으로 글의 내용을 이해하고… 방식으로 수업하고 있습니다.",초등학생의 국어 기초와 문해력을 잡아줄 1:1 국어과외 탐색,핵심 고민은 “글을 읽어도 내용을 정확히 이해하지 못하거나 어휘력이 부족해 문제의 뜻을 파악하는 데 어려움”입니다.,"어휘, 독해, 문장 이해, 글의 중심내용 파악, 기초 문해력, 글쓰기, 학습 습관","지역과 일정에 따라 1:1 방문수업 또는 화상수업으로 진행하며, 어휘와 독해를 바탕으로 글의 내용을 이해하고 자신의 생각을 표현하는 힘을 학생의 수준과 학습 속도에 맞춰 지도","글을 읽고 핵심 내용을 파악하는 힘을 기르고, 국어뿐 아니라 다른 과목의 문제를 이해하는 데 필요한 기초 문해력과 학습 습관 형성",친근형,elementary_korean
1331,https://kimstutoring.co.kr,wanju-gun-middle-korean,publish,ko,전북특별자치도,완주군,국어,중학생,완주군 중학생 국어과외,완주군 중학생 국어과외,"완주군에서 중학생 국어 과외 수업을 찾고 계신다면 지금 필요한 내용부터 시작할 수 있습니다. 지역과 일정에 따라 1:1 방문수업 또는 화상수업으로 진행하며, 문학·비문학 독해와 문법을 기본으로 학교별… 방식으로 수업하고 있습니다.",학교 내신과 국어 기본기를 함께 준비할 1:1 중등 국어과외 탐색,"핵심 고민은 “문학과 비문학 지문을 감으로 풀거나 문법 개념이 부족하고, 학교 시험의 서술형·수행평가 대비가 어려움”입니다.","문학, 비문학, 문법, 어휘, 학교별 내신, 서술형, 수행평가, 오답관리","지역과 일정에 따라 1:1 방문수업 또는 화상수업으로 진행하며, 문학·비문학 독해와 문법을 기본으로 학교별 내신, 서술형과 수행평가까지 학생의 취약 부분에 맞춰 지도","지문을 근거로 읽고 문제를 해결하는 방법을 익히며, 부족한 영역을 파악해 내신과 고등 국어 학습에 필요한 기본기 강화",코칭형,middle_korean
1332,https://kimstutoring.co.kr,wanju-gun-high-korean,publish,ko,전북특별자치도,완주군,국어,고등학생,완주군 고등학생 국어과외,완주군 고등학생 국어과외,"고등학생 국어 과외 공부를 다시 시작하려는 분께 완주군 1:1 수업이 맞는 출발점을 찾아드립니다. 지역과 일정에 따라 1:1 방문수업 또는 화상수업으로 진행하며, 문학과 독서의 지문 분석부터 학교별 내신,… 방식으로 수업하고 있습니다.",내신과 모의고사·수능을 함께 대비할 1:1 고등 국어과외 탐색,"핵심 고민은 “긴 지문의 핵심을 빠르게 파악하기 어렵거나 문학·독서·문법 영역별 편차가 크고, 모의고사에서 시간 관리와…”입니다.","문학, 독서, 화법과 언어, 작문, 학교별 내신, 모의고사, 수능, 취약영역, 오답분석","지역과 일정에 따라 1:1 방문수업 또는 화상수업으로 진행하며, 문학과 독서의 지문 분석부터 학교별 내신, 모의고사와 수능 대비, 취약영역 및 오답분석까지 현재 실력과 목표에 맞춰 지도","지문을 분석하는 기준과 문제 접근 방법을 익히고, 취약영역과 반복되는 오답을 점검하면서 내신·모의고사·수능 학습의 방향을 구체화",전문형,high_korean
1333,https://kimstutoring.co.kr,imsil-gun-elementary-english,publish,ko,전북특별자치도,임실군,영어,초등학생,임실군 초등학생 영어과외,임실군 초등학생 영어과외,"임실군에서 초등학생 영어 과외 실력을 늘리고 싶다면 자주 막히는 부분부터 직접 다뤄봅니다. 지역과 일정에 따라 1:1 방문수업 또는 화상수업으로 진행하며, 기초 어휘와 문장 이해, 읽기 학습을 학생의… 방식으로 수업하고 있습니다.",초등학생 수준에 맞춰 영어 기초와 꾸준한 학습 습관을 기르는 1:1 온라인 과외 찾기,핵심 고민은 “기초 어휘가 부족하고 짧은 문장의 뜻을 이해하거나 꾸준히 읽는 데 어려움이 있음”입니다.,"기초 어휘, 문장 이해, 짧은 글 읽기, 학습 습관","지역과 일정에 따라 1:1 방문수업 또는 화상수업으로 진행하며, 기초 어휘와 문장 이해, 읽기 학습을 학생의 수준과 학습 속도에 맞춰 지도",익숙한 어휘로 짧은 문장의 뜻을 파악하고 스스로 읽고 복습하는 습관 형성,친근형,elementary_english
1334,https://kimstutoring.co.kr,imsil-gun-middle-english,publish,ko,전북특별자치도,임실군,영어,중학생,임실군 중학생 영어과외,임실군 중학생 영어과외,"중학생 영어 과외 공부를 처음 시작한다면 임실군에서도 기초부터 1:1로 배울 수 있습니다. 지역과 일정에 따라 1:1 방문수업 또는 화상수업으로 진행하며, 어휘·문법·독해를 기본으로 학교별 내신과… 방식으로 수업하고 있습니다.",중학생 영어 문법과 독해를 보완하고 학교별 내신과 서술형 및 수행평가를 준비하는 온라인 과외 찾기,핵심 고민은 “어휘와 문법을 배워도 지문에 적용하기 어렵고 서술형 답안과 수행평가 준비가 막막함”입니다.,"어휘, 문법, 독해, 학교별 내신, 서술형, 수행평가","지역과 일정에 따라 1:1 방문수업 또는 화상수업으로 진행하며, 어휘·문법·독해를 기본으로 학교별 내신과 서술형, 수행평가까지 학생의 취약 부분에 맞춰 지도",문법 근거를 설명하며 지문을 읽고 학교 평가 기준에 맞춰 답안을 작성하는 능력 향상,코칭형,middle_english
1335,https://kimstutoring.co.kr,imsil-gun-high-english,publish,ko,전북특별자치도,임실군,영어,고등학생,임실군 고등학생 영어과외,임실군 고등학생 영어과외,"임실군에서 고등학생 영어 과외 실력을 늘리고 싶다면 자주 막히는 부분부터 직접 다뤄봅니다. 지역과 일정에 따라 1:1 방문수업 또는 화상수업으로 진행하며, 어휘·구문독해부터 학교별 내신, 모의고사와 수능… 방식으로 수업하고 있습니다.",고등학생 영어 내신과 모의고사 및 수능 준비를 현재 수준에 맞춰 병행하는 온라인 과외 찾기,핵심 고민은 “긴 문장의 구조를 파악하기 어렵고 내신과 모의고사 지문을 읽는 데 시간이 오래 걸림”입니다.,"어휘, 구문독해, 학교별 내신, 모의고사, 수능","지역과 일정에 따라 1:1 방문수업 또는 화상수업으로 진행하며, 어휘·구문독해부터 학교별 내신, 모의고사와 수능 대비까지 현재 실력과 목표에 맞춰 지도",복잡한 문장의 구조를 파악하고 지문의 근거를 바탕으로 답을 선택하는 독해 능력 향상,전문형,high_english
1336,https://kimstutoring.co.kr,imsil-gun-elementary-math,publish,ko,전북특별자치도,임실군,수학,초등학생,임실군 초등학생 수학과외,임실군 초등학생 수학과외,"초등학생 수학 과외 공부를 처음 시작한다면 임실군에서도 기초부터 1:1로 배울 수 있습니다. 지역과 일정에 따라 1:1 방문수업 또는 화상수업으로 진행하며, 연산과 기초개념을 탄탄히 다지고 문제를 이해하는… 방식으로 수업하고 있습니다.",초등학생 수학 연산과 기초개념을 다지고 문제 이해와 풀이 습관을 기르는 온라인 과외 찾기,핵심 고민은 “계산 실수가 반복되고 문장형 문제에서 무엇을 구해야 하는지 파악하기 어려움”입니다.,"연산, 기초개념, 문제 이해, 풀이 습관","지역과 일정에 따라 1:1 방문수업 또는 화상수업으로 진행하며, 연산과 기초개념을 탄탄히 다지고 문제를 이해하는 과정과 올바른 풀이 습관을 학생 수준에 맞춰 지도",계산 과정을 점검하고 문제의 조건을 이해하며 풀이 순서를 정리하는 습관 형성,친근형,elementary_math
1337,https://kimstutoring.co.kr,imsil-gun-middle-math,publish,ko,전북특별자치도,임실군,수학,중학생,임실군 중학생 수학과외,임실군 중학생 수학과외,"중학생 수학 과외 공부를 처음 시작한다면 임실군에서도 기초부터 1:1로 배울 수 있습니다. 지역과 일정에 따라 1:1 방문수업 또는 화상수업으로 진행하며, 개념 이해와 유형별 문제풀이를 연결하고 학교별… 방식으로 수업하고 있습니다.",중학생 수학 개념과 유형별 문제풀이를 연결하고 내신 및 서술형을 준비하는 온라인 과외 찾기,핵심 고민은 “개념을 외워도 문제 유형이 바뀌면 적용하기 어렵고 같은 오답과 풀이 과정 누락이 반복됨”입니다.,"개념, 유형별 문제풀이, 학교별 내신, 서술형, 오답관리","지역과 일정에 따라 1:1 방문수업 또는 화상수업으로 진행하며, 개념 이해와 유형별 문제풀이를 연결하고 학교별 내신, 서술형, 오답관리까지 취약 단원에 맞춰 지도",문제에 맞는 개념을 선택하고 풀이 근거를 순서대로 쓰며 반복되는 실수를 줄이는 능력 향상,코칭형,middle_math
1338,https://kimstutoring.co.kr,imsil-gun-high-math,publish,ko,전북특별자치도,임실군,수학,고등학생,임실군 고등학생 수학과외,임실군 고등학생 수학과외,"임실군 고등학생 수학 과외 수업을 고민 중이라면 잘하는 부분과 보완할 부분을 나누어 시작합니다. 지역과 일정에 따라 1:1 방문수업 또는 화상수업으로 진행하며, 개념과 유형별 문제풀이부터 학교별 내신,… 방식으로 수업하고 있습니다.",고등학생 수학 취약단원을 보완하면서 내신과 모의고사 및 수능을 준비하는 온라인 과외 찾기,핵심 고민은 “개념 사이의 연결이 약하고 복합 문제의 접근 방법을 찾기 어려우며 취약단원에서 오답이 반복됨”입니다.,"개념, 유형별 문제풀이, 학교별 내신, 모의고사, 수능, 취약단원, 오답분석","지역과 일정에 따라 1:1 방문수업 또는 화상수업으로 진행하며, 개념과 유형별 문제풀이부터 학교별 내신, 모의고사와 수능 대비, 취약단원 및 오답분석까지 목표에 맞춰 지도",취약단원의 개념을 연결하고 문제 조건에 맞는 풀이 전략을 선택하며 오답 원인을 스스로 설명하는 능력 향상,전문형,high_math
1339,https://kimstutoring.co.kr,imsil-gun-elementary-korean,publish,ko,전북특별자치도,임실군,국어,초등학생,임실군 초등학생 국어과외,임실군 초등학생 국어과외,"임실군 초등학생 국어 과외 수업을 고민 중이라면 잘하는 부분과 보완할 부분을 나누어 시작합니다. 지역과 일정에 따라 1:1 방문수업 또는 화상수업으로 진행하며, 어휘와 독해를 바탕으로 글의 내용을 이해하고… 방식으로 수업하고 있습니다.",초등학생의 국어 기초와 문해력을 잡아줄 1:1 국어과외 탐색,핵심 고민은 “글을 읽어도 내용을 정확히 이해하지 못하거나 어휘력이 부족해 문제의 뜻을 파악하는 데 어려움”입니다.,"어휘, 독해, 문장 이해, 글의 중심내용 파악, 기초 문해력, 글쓰기, 학습 습관","지역과 일정에 따라 1:1 방문수업 또는 화상수업으로 진행하며, 어휘와 독해를 바탕으로 글의 내용을 이해하고 자신의 생각을 표현하는 힘을 학생의 수준과 학습 속도에 맞춰 지도","글을 읽고 핵심 내용을 파악하는 힘을 기르고, 국어뿐 아니라 다른 과목의 문제를 이해하는 데 필요한 기초 문해력과 학습 습관 형성",친근형,elementary_korean
1340,https://kimstutoring.co.kr,imsil-gun-middle-korean,publish,ko,전북특별자치도,임실군,국어,중학생,임실군 중학생 국어과외,임실군 중학생 국어과외,"중학생 국어 과외 공부를 처음 시작한다면 임실군에서도 기초부터 1:1로 배울 수 있습니다. 지역과 일정에 따라 1:1 방문수업 또는 화상수업으로 진행하며, 문학·비문학 독해와 문법을 기본으로 학교별… 방식으로 수업하고 있습니다.",학교 내신과 국어 기본기를 함께 준비할 1:1 중등 국어과외 탐색,"핵심 고민은 “문학과 비문학 지문을 감으로 풀거나 문법 개념이 부족하고, 학교 시험의 서술형·수행평가 대비가 어려움”입니다.","문학, 비문학, 문법, 어휘, 학교별 내신, 서술형, 수행평가, 오답관리","지역과 일정에 따라 1:1 방문수업 또는 화상수업으로 진행하며, 문학·비문학 독해와 문법을 기본으로 학교별 내신, 서술형과 수행평가까지 학생의 취약 부분에 맞춰 지도","지문을 근거로 읽고 문제를 해결하는 방법을 익히며, 부족한 영역을 파악해 내신과 고등 국어 학습에 필요한 기본기 강화",코칭형,middle_korean
1341,https://kimstutoring.co.kr,imsil-gun-high-korean,publish,ko,전북특별자치도,임실군,국어,고등학생,임실군 고등학생 국어과외,임실군 고등학생 국어과외,"임실군 고등학생 국어 과외 수업을 고민 중이라면 잘하는 부분과 보완할 부분을 나누어 시작합니다. 지역과 일정에 따라 1:1 방문수업 또는 화상수업으로 진행하며, 문학과 독서의 지문 분석부터 학교별 내신,… 방식으로 수업하고 있습니다.",내신과 모의고사·수능을 함께 대비할 1:1 고등 국어과외 탐색,"핵심 고민은 “긴 지문의 핵심을 빠르게 파악하기 어렵거나 문학·독서·문법 영역별 편차가 크고, 모의고사에서 시간 관리와…”입니다.","문학, 독서, 화법과 언어, 작문, 학교별 내신, 모의고사, 수능, 취약영역, 오답분석","지역과 일정에 따라 1:1 방문수업 또는 화상수업으로 진행하며, 문학과 독서의 지문 분석부터 학교별 내신, 모의고사와 수능 대비, 취약영역 및 오답분석까지 현재 실력과 목표에 맞춰 지도","지문을 분석하는 기준과 문제 접근 방법을 익히고, 취약영역과 반복되는 오답을 점검하면서 내신·모의고사·수능 학습의 방향을 구체화",전문형,high_korean
1342,https://kimstutoring.co.kr,jangsu-gun-elementary-english,publish,ko,전북특별자치도,장수군,영어,초등학생,장수군 초등학생 영어과외,장수군 초등학생 영어과외,"초등학생 영어 과외 공부를 처음 시작한다면 장수군에서도 기초부터 1:1로 배울 수 있습니다. 지역과 일정에 따라 1:1 방문수업 또는 화상수업으로 진행하며, 기초 어휘와 문장 이해, 읽기 학습을 학생의… 방식으로 수업하고 있습니다.",초등학생 수준에 맞춰 영어 기초와 꾸준한 학습 습관을 기르는 1:1 온라인 과외 찾기,핵심 고민은 “기초 어휘가 부족하고 짧은 문장의 뜻을 이해하거나 꾸준히 읽는 데 어려움이 있음”입니다.,"기초 어휘, 문장 이해, 짧은 글 읽기, 학습 습관","지역과 일정에 따라 1:1 방문수업 또는 화상수업으로 진행하며, 기초 어휘와 문장 이해, 읽기 학습을 학생의 수준과 학습 속도에 맞춰 지도",익숙한 어휘로 짧은 문장의 뜻을 파악하고 스스로 읽고 복습하는 습관 형성,친근형,elementary_english
1343,https://kimstutoring.co.kr,jangsu-gun-middle-english,publish,ko,전북특별자치도,장수군,영어,중학생,장수군 중학생 영어과외,장수군 중학생 영어과외,"중학생 영어 과외 때문에 고민이 있다면 장수군 수업에서 지금 필요한 연습부터 함께 해볼 수 있습니다. 지역과 일정에 따라 1:1 방문수업 또는 화상수업으로 진행하며, 어휘·문법·독해를 기본으로 학교별 내신과… 방식으로 수업하고 있습니다.",중학생 영어 문법과 독해를 보완하고 학교별 내신과 서술형 및 수행평가를 준비하는 온라인 과외 찾기,핵심 고민은 “어휘와 문법을 배워도 지문에 적용하기 어렵고 서술형 답안과 수행평가 준비가 막막함”입니다.,"어휘, 문법, 독해, 학교별 내신, 서술형, 수행평가","지역과 일정에 따라 1:1 방문수업 또는 화상수업으로 진행하며, 어휘·문법·독해를 기본으로 학교별 내신과 서술형, 수행평가까지 학생의 취약 부분에 맞춰 지도",문법 근거를 설명하며 지문을 읽고 학교 평가 기준에 맞춰 답안을 작성하는 능력 향상,코칭형,middle_english
1344,https://kimstutoring.co.kr,jangsu-gun-high-english,publish,ko,전북특별자치도,장수군,영어,고등학생,장수군 고등학생 영어과외,장수군 고등학생 영어과외,"고등학생 영어 과외 공부를 처음 시작한다면 장수군에서도 기초부터 1:1로 배울 수 있습니다. 지역과 일정에 따라 1:1 방문수업 또는 화상수업으로 진행하며, 어휘·구문독해부터 학교별 내신, 모의고사와 수능… 방식으로 수업하고 있습니다.",고등학생 영어 내신과 모의고사 및 수능 준비를 현재 수준에 맞춰 병행하는 온라인 과외 찾기,핵심 고민은 “긴 문장의 구조를 파악하기 어렵고 내신과 모의고사 지문을 읽는 데 시간이 오래 걸림”입니다.,"어휘, 구문독해, 학교별 내신, 모의고사, 수능","지역과 일정에 따라 1:1 방문수업 또는 화상수업으로 진행하며, 어휘·구문독해부터 학교별 내신, 모의고사와 수능 대비까지 현재 실력과 목표에 맞춰 지도",복잡한 문장의 구조를 파악하고 지문의 근거를 바탕으로 답을 선택하는 독해 능력 향상,전문형,high_english
1345,https://kimstutoring.co.kr,jangsu-gun-elementary-math,publish,ko,전북특별자치도,장수군,수학,초등학생,장수군 초등학생 수학과외,장수군 초등학생 수학과외,"초등학생 수학 과외 때문에 고민이 있다면 장수군 수업에서 지금 필요한 연습부터 함께 해볼 수 있습니다. 지역과 일정에 따라 1:1 방문수업 또는 화상수업으로 진행하며, 연산과 기초개념을 탄탄히 다지고 문제를 이해하는… 방식으로 수업하고 있습니다.",초등학생 수학 연산과 기초개념을 다지고 문제 이해와 풀이 습관을 기르는 온라인 과외 찾기,핵심 고민은 “계산 실수가 반복되고 문장형 문제에서 무엇을 구해야 하는지 파악하기 어려움”입니다.,"연산, 기초개념, 문제 이해, 풀이 습관","지역과 일정에 따라 1:1 방문수업 또는 화상수업으로 진행하며, 연산과 기초개념을 탄탄히 다지고 문제를 이해하는 과정과 올바른 풀이 습관을 학생 수준에 맞춰 지도",계산 과정을 점검하고 문제의 조건을 이해하며 풀이 순서를 정리하는 습관 형성,친근형,elementary_math
1346,https://kimstutoring.co.kr,jangsu-gun-middle-math,publish,ko,전북특별자치도,장수군,수학,중학생,장수군 중학생 수학과외,장수군 중학생 수학과외,"중학생 수학 과외 때문에 고민이 있다면 장수군 수업에서 지금 필요한 연습부터 함께 해볼 수 있습니다. 지역과 일정에 따라 1:1 방문수업 또는 화상수업으로 진행하며, 개념 이해와 유형별 문제풀이를 연결하고 학교별… 방식으로 수업하고 있습니다.",중학생 수학 개념과 유형별 문제풀이를 연결하고 내신 및 서술형을 준비하는 온라인 과외 찾기,핵심 고민은 “개념을 외워도 문제 유형이 바뀌면 적용하기 어렵고 같은 오답과 풀이 과정 누락이 반복됨”입니다.,"개념, 유형별 문제풀이, 학교별 내신, 서술형, 오답관리","지역과 일정에 따라 1:1 방문수업 또는 화상수업으로 진행하며, 개념 이해와 유형별 문제풀이를 연결하고 학교별 내신, 서술형, 오답관리까지 취약 단원에 맞춰 지도",문제에 맞는 개념을 선택하고 풀이 근거를 순서대로 쓰며 반복되는 실수를 줄이는 능력 향상,코칭형,middle_math
1347,https://kimstutoring.co.kr,jangsu-gun-high-math,publish,ko,전북특별자치도,장수군,수학,고등학생,장수군 고등학생 수학과외,장수군 고등학생 수학과외,"장수군에서 고등학생 수학 과외 실력을 늘리고 싶다면 자주 막히는 부분부터 직접 다뤄봅니다. 지역과 일정에 따라 1:1 방문수업 또는 화상수업으로 진행하며, 개념과 유형별 문제풀이부터 학교별 내신,… 방식으로 수업하고 있습니다.",고등학생 수학 취약단원을 보완하면서 내신과 모의고사 및 수능을 준비하는 온라인 과외 찾기,핵심 고민은 “개념 사이의 연결이 약하고 복합 문제의 접근 방법을 찾기 어려우며 취약단원에서 오답이 반복됨”입니다.,"개념, 유형별 문제풀이, 학교별 내신, 모의고사, 수능, 취약단원, 오답분석","지역과 일정에 따라 1:1 방문수업 또는 화상수업으로 진행하며, 개념과 유형별 문제풀이부터 학교별 내신, 모의고사와 수능 대비, 취약단원 및 오답분석까지 목표에 맞춰 지도",취약단원의 개념을 연결하고 문제 조건에 맞는 풀이 전략을 선택하며 오답 원인을 스스로 설명하는 능력 향상,전문형,high_math
1348,https://kimstutoring.co.kr,jangsu-gun-elementary-korean,publish,ko,전북특별자치도,장수군,국어,초등학생,장수군 초등학생 국어과외,장수군 초등학생 국어과외,"장수군에서 초등학생 국어 과외 실력을 늘리고 싶다면 자주 막히는 부분부터 직접 다뤄봅니다. 지역과 일정에 따라 1:1 방문수업 또는 화상수업으로 진행하며, 어휘와 독해를 바탕으로 글의 내용을 이해하고… 방식으로 수업하고 있습니다.",초등학생의 국어 기초와 문해력을 잡아줄 1:1 국어과외 탐색,핵심 고민은 “글을 읽어도 내용을 정확히 이해하지 못하거나 어휘력이 부족해 문제의 뜻을 파악하는 데 어려움”입니다.,"어휘, 독해, 문장 이해, 글의 중심내용 파악, 기초 문해력, 글쓰기, 학습 습관","지역과 일정에 따라 1:1 방문수업 또는 화상수업으로 진행하며, 어휘와 독해를 바탕으로 글의 내용을 이해하고 자신의 생각을 표현하는 힘을 학생의 수준과 학습 속도에 맞춰 지도","글을 읽고 핵심 내용을 파악하는 힘을 기르고, 국어뿐 아니라 다른 과목의 문제를 이해하는 데 필요한 기초 문해력과 학습 습관 형성",친근형,elementary_korean
1349,https://kimstutoring.co.kr,jangsu-gun-middle-korean,publish,ko,전북특별자치도,장수군,국어,중학생,장수군 중학생 국어과외,장수군 중학생 국어과외,"중학생 국어 과외 때문에 고민이 있다면 장수군 수업에서 지금 필요한 연습부터 함께 해볼 수 있습니다. 지역과 일정에 따라 1:1 방문수업 또는 화상수업으로 진행하며, 문학·비문학 독해와 문법을 기본으로 학교별… 방식으로 수업하고 있습니다.",학교 내신과 국어 기본기를 함께 준비할 1:1 중등 국어과외 탐색,"핵심 고민은 “문학과 비문학 지문을 감으로 풀거나 문법 개념이 부족하고, 학교 시험의 서술형·수행평가 대비가 어려움”입니다.","문학, 비문학, 문법, 어휘, 학교별 내신, 서술형, 수행평가, 오답관리","지역과 일정에 따라 1:1 방문수업 또는 화상수업으로 진행하며, 문학·비문학 독해와 문법을 기본으로 학교별 내신, 서술형과 수행평가까지 학생의 취약 부분에 맞춰 지도","지문을 근거로 읽고 문제를 해결하는 방법을 익히며, 부족한 영역을 파악해 내신과 고등 국어 학습에 필요한 기본기 강화",코칭형,middle_korean
1350,https://kimstutoring.co.kr,jangsu-gun-high-korean,publish,ko,전북특별자치도,장수군,국어,고등학생,장수군 고등학생 국어과외,장수군 고등학생 국어과외,"장수군에서 고등학생 국어 과외 실력을 늘리고 싶다면 자주 막히는 부분부터 직접 다뤄봅니다. 지역과 일정에 따라 1:1 방문수업 또는 화상수업으로 진행하며, 문학과 독서의 지문 분석부터 학교별 내신,… 방식으로 수업하고 있습니다.",내신과 모의고사·수능을 함께 대비할 1:1 고등 국어과외 탐색,"핵심 고민은 “긴 지문의 핵심을 빠르게 파악하기 어렵거나 문학·독서·문법 영역별 편차가 크고, 모의고사에서 시간 관리와…”입니다.","문학, 독서, 화법과 언어, 작문, 학교별 내신, 모의고사, 수능, 취약영역, 오답분석","지역과 일정에 따라 1:1 방문수업 또는 화상수업으로 진행하며, 문학과 독서의 지문 분석부터 학교별 내신, 모의고사와 수능 대비, 취약영역 및 오답분석까지 현재 실력과 목표에 맞춰 지도","지문을 분석하는 기준과 문제 접근 방법을 익히고, 취약영역과 반복되는 오답을 점검하면서 내신·모의고사·수능 학습의 방향을 구체화",전문형,high_korean
1351,https://kimstutoring.co.kr,jinan-gun-elementary-english,publish,ko,전북특별자치도,진안군,영어,초등학생,진안군 초등학생 영어과외,진안군 초등학생 영어과외,"초등학생 영어 과외 때문에 고민이 있다면 진안군 수업에서 지금 필요한 연습부터 함께 해볼 수 있습니다. 지역과 일정에 따라 1:1 방문수업 또는 화상수업으로 진행하며, 기초 어휘와 문장 이해, 읽기 학습을 학생의… 방식으로 수업하고 있습니다.",초등학생 수준에 맞춰 영어 기초와 꾸준한 학습 습관을 기르는 1:1 온라인 과외 찾기,핵심 고민은 “기초 어휘가 부족하고 짧은 문장의 뜻을 이해하거나 꾸준히 읽는 데 어려움이 있음”입니다.,"기초 어휘, 문장 이해, 짧은 글 읽기, 학습 습관","지역과 일정에 따라 1:1 방문수업 또는 화상수업으로 진행하며, 기초 어휘와 문장 이해, 읽기 학습을 학생의 수준과 학습 속도에 맞춰 지도",익숙한 어휘로 짧은 문장의 뜻을 파악하고 스스로 읽고 복습하는 습관 형성,친근형,elementary_english
1352,https://kimstutoring.co.kr,jinan-gun-middle-english,publish,ko,전북특별자치도,진안군,영어,중학생,진안군 중학생 영어과외,진안군 중학생 영어과외,"진안군 중학생 영어 과외 수업을 고민 중이라면 잘하는 부분과 보완할 부분을 나누어 시작합니다. 지역과 일정에 따라 1:1 방문수업 또는 화상수업으로 진행하며, 어휘·문법·독해를 기본으로 학교별 내신과… 방식으로 수업하고 있습니다.",중학생 영어 문법과 독해를 보완하고 학교별 내신과 서술형 및 수행평가를 준비하는 온라인 과외 찾기,핵심 고민은 “어휘와 문법을 배워도 지문에 적용하기 어렵고 서술형 답안과 수행평가 준비가 막막함”입니다.,"어휘, 문법, 독해, 학교별 내신, 서술형, 수행평가","지역과 일정에 따라 1:1 방문수업 또는 화상수업으로 진행하며, 어휘·문법·독해를 기본으로 학교별 내신과 서술형, 수행평가까지 학생의 취약 부분에 맞춰 지도",문법 근거를 설명하며 지문을 읽고 학교 평가 기준에 맞춰 답안을 작성하는 능력 향상,코칭형,middle_english
1353,https://kimstutoring.co.kr,jinan-gun-high-english,publish,ko,전북특별자치도,진안군,영어,고등학생,진안군 고등학생 영어과외,진안군 고등학생 영어과외,"고등학생 영어 과외 때문에 고민이 있다면 진안군 수업에서 지금 필요한 연습부터 함께 해볼 수 있습니다. 지역과 일정에 따라 1:1 방문수업 또는 화상수업으로 진행하며, 어휘·구문독해부터 학교별 내신, 모의고사와 수능… 방식으로 수업하고 있습니다.",고등학생 영어 내신과 모의고사 및 수능 준비를 현재 수준에 맞춰 병행하는 온라인 과외 찾기,핵심 고민은 “긴 문장의 구조를 파악하기 어렵고 내신과 모의고사 지문을 읽는 데 시간이 오래 걸림”입니다.,"어휘, 구문독해, 학교별 내신, 모의고사, 수능","지역과 일정에 따라 1:1 방문수업 또는 화상수업으로 진행하며, 어휘·구문독해부터 학교별 내신, 모의고사와 수능 대비까지 현재 실력과 목표에 맞춰 지도",복잡한 문장의 구조를 파악하고 지문의 근거를 바탕으로 답을 선택하는 독해 능력 향상,전문형,high_english
1354,https://kimstutoring.co.kr,jinan-gun-elementary-math,publish,ko,전북특별자치도,진안군,수학,초등학생,진안군 초등학생 수학과외,진안군 초등학생 수학과외,"진안군 초등학생 수학 과외 수업을 고민 중이라면 잘하는 부분과 보완할 부분을 나누어 시작합니다. 지역과 일정에 따라 1:1 방문수업 또는 화상수업으로 진행하며, 연산과 기초개념을 탄탄히 다지고 문제를 이해하는… 방식으로 수업하고 있습니다.",초등학생 수학 연산과 기초개념을 다지고 문제 이해와 풀이 습관을 기르는 온라인 과외 찾기,핵심 고민은 “계산 실수가 반복되고 문장형 문제에서 무엇을 구해야 하는지 파악하기 어려움”입니다.,"연산, 기초개념, 문제 이해, 풀이 습관","지역과 일정에 따라 1:1 방문수업 또는 화상수업으로 진행하며, 연산과 기초개념을 탄탄히 다지고 문제를 이해하는 과정과 올바른 풀이 습관을 학생 수준에 맞춰 지도",계산 과정을 점검하고 문제의 조건을 이해하며 풀이 순서를 정리하는 습관 형성,친근형,elementary_math
1355,https://kimstutoring.co.kr,jinan-gun-middle-math,publish,ko,전북특별자치도,진안군,수학,중학생,진안군 중학생 수학과외,진안군 중학생 수학과외,"진안군 중학생 수학 과외 수업을 고민 중이라면 잘하는 부분과 보완할 부분을 나누어 시작합니다. 지역과 일정에 따라 1:1 방문수업 또는 화상수업으로 진행하며, 개념 이해와 유형별 문제풀이를 연결하고 학교별… 방식으로 수업하고 있습니다.",중학생 수학 개념과 유형별 문제풀이를 연결하고 내신 및 서술형을 준비하는 온라인 과외 찾기,핵심 고민은 “개념을 외워도 문제 유형이 바뀌면 적용하기 어렵고 같은 오답과 풀이 과정 누락이 반복됨”입니다.,"개념, 유형별 문제풀이, 학교별 내신, 서술형, 오답관리","지역과 일정에 따라 1:1 방문수업 또는 화상수업으로 진행하며, 개념 이해와 유형별 문제풀이를 연결하고 학교별 내신, 서술형, 오답관리까지 취약 단원에 맞춰 지도",문제에 맞는 개념을 선택하고 풀이 근거를 순서대로 쓰며 반복되는 실수를 줄이는 능력 향상,코칭형,middle_math
1356,https://kimstutoring.co.kr,jinan-gun-high-math,publish,ko,전북특별자치도,진안군,수학,고등학생,진안군 고등학생 수학과외,진안군 고등학생 수학과외,"고등학생 수학 과외 공부를 처음 시작한다면 진안군에서도 기초부터 1:1로 배울 수 있습니다. 지역과 일정에 따라 1:1 방문수업 또는 화상수업으로 진행하며, 개념과 유형별 문제풀이부터 학교별 내신,… 방식으로 수업하고 있습니다.",고등학생 수학 취약단원을 보완하면서 내신과 모의고사 및 수능을 준비하는 온라인 과외 찾기,핵심 고민은 “개념 사이의 연결이 약하고 복합 문제의 접근 방법을 찾기 어려우며 취약단원에서 오답이 반복됨”입니다.,"개념, 유형별 문제풀이, 학교별 내신, 모의고사, 수능, 취약단원, 오답분석","지역과 일정에 따라 1:1 방문수업 또는 화상수업으로 진행하며, 개념과 유형별 문제풀이부터 학교별 내신, 모의고사와 수능 대비, 취약단원 및 오답분석까지 목표에 맞춰 지도",취약단원의 개념을 연결하고 문제 조건에 맞는 풀이 전략을 선택하며 오답 원인을 스스로 설명하는 능력 향상,전문형,high_math
1357,https://kimstutoring.co.kr,jinan-gun-elementary-korean,publish,ko,전북특별자치도,진안군,국어,초등학생,진안군 초등학생 국어과외,진안군 초등학생 국어과외,"초등학생 국어 과외 공부를 처음 시작한다면 진안군에서도 기초부터 1:1로 배울 수 있습니다. 지역과 일정에 따라 1:1 방문수업 또는 화상수업으로 진행하며, 어휘와 독해를 바탕으로 글의 내용을 이해하고… 방식으로 수업하고 있습니다.",초등학생의 국어 기초와 문해력을 잡아줄 1:1 국어과외 탐색,핵심 고민은 “글을 읽어도 내용을 정확히 이해하지 못하거나 어휘력이 부족해 문제의 뜻을 파악하는 데 어려움”입니다.,"어휘, 독해, 문장 이해, 글의 중심내용 파악, 기초 문해력, 글쓰기, 학습 습관","지역과 일정에 따라 1:1 방문수업 또는 화상수업으로 진행하며, 어휘와 독해를 바탕으로 글의 내용을 이해하고 자신의 생각을 표현하는 힘을 학생의 수준과 학습 속도에 맞춰 지도","글을 읽고 핵심 내용을 파악하는 힘을 기르고, 국어뿐 아니라 다른 과목의 문제를 이해하는 데 필요한 기초 문해력과 학습 습관 형성",친근형,elementary_korean
1358,https://kimstutoring.co.kr,jinan-gun-middle-korean,publish,ko,전북특별자치도,진안군,국어,중학생,진안군 중학생 국어과외,진안군 중학생 국어과외,"진안군 중학생 국어 과외 수업을 고민 중이라면 잘하는 부분과 보완할 부분을 나누어 시작합니다. 지역과 일정에 따라 1:1 방문수업 또는 화상수업으로 진행하며, 문학·비문학 독해와 문법을 기본으로 학교별… 방식으로 수업하고 있습니다.",학교 내신과 국어 기본기를 함께 준비할 1:1 중등 국어과외 탐색,"핵심 고민은 “문학과 비문학 지문을 감으로 풀거나 문법 개념이 부족하고, 학교 시험의 서술형·수행평가 대비가 어려움”입니다.","문학, 비문학, 문법, 어휘, 학교별 내신, 서술형, 수행평가, 오답관리","지역과 일정에 따라 1:1 방문수업 또는 화상수업으로 진행하며, 문학·비문학 독해와 문법을 기본으로 학교별 내신, 서술형과 수행평가까지 학생의 취약 부분에 맞춰 지도","지문을 근거로 읽고 문제를 해결하는 방법을 익히며, 부족한 영역을 파악해 내신과 고등 국어 학습에 필요한 기본기 강화",코칭형,middle_korean
1359,https://kimstutoring.co.kr,jinan-gun-high-korean,publish,ko,전북특별자치도,진안군,국어,고등학생,진안군 고등학생 국어과외,진안군 고등학생 국어과외,"고등학생 국어 과외 공부를 처음 시작한다면 진안군에서도 기초부터 1:1로 배울 수 있습니다. 지역과 일정에 따라 1:1 방문수업 또는 화상수업으로 진행하며, 문학과 독서의 지문 분석부터 학교별 내신,… 방식으로 수업하고 있습니다.",내신과 모의고사·수능을 함께 대비할 1:1 고등 국어과외 탐색,"핵심 고민은 “긴 지문의 핵심을 빠르게 파악하기 어렵거나 문학·독서·문법 영역별 편차가 크고, 모의고사에서 시간 관리와…”입니다.","문학, 독서, 화법과 언어, 작문, 학교별 내신, 모의고사, 수능, 취약영역, 오답분석","지역과 일정에 따라 1:1 방문수업 또는 화상수업으로 진행하며, 문학과 독서의 지문 분석부터 학교별 내신, 모의고사와 수능 대비, 취약영역 및 오답분석까지 현재 실력과 목표에 맞춰 지도","지문을 분석하는 기준과 문제 접근 방법을 익히고, 취약영역과 반복되는 오답을 점검하면서 내신·모의고사·수능 학습의 방향을 구체화",전문형,high_korean
1360,https://kimstutoring.co.kr,geumsan-gun-elementary-english,publish,ko,충청남도,금산군,영어,초등학생,금산군 초등학생 영어과외,금산군 초등학생 영어과외,"초등학생 영어 과외 공부를 처음 시작한다면 금산군에서도 기초부터 1:1로 배울 수 있습니다. 지역과 일정에 따라 1:1 방문수업 또는 화상수업으로 진행하며, 기초 어휘와 문장 이해, 읽기 학습을 학생의… 방식으로 수업하고 있습니다.",초등학생 수준에 맞춰 영어 기초와 꾸준한 학습 습관을 기르는 1:1 온라인 과외 찾기,핵심 고민은 “기초 어휘가 부족하고 짧은 문장의 뜻을 이해하거나 꾸준히 읽는 데 어려움이 있음”입니다.,"기초 어휘, 문장 이해, 짧은 글 읽기, 학습 습관","지역과 일정에 따라 1:1 방문수업 또는 화상수업으로 진행하며, 기초 어휘와 문장 이해, 읽기 학습을 학생의 수준과 학습 속도에 맞춰 지도",익숙한 어휘로 짧은 문장의 뜻을 파악하고 스스로 읽고 복습하는 습관 형성,친근형,elementary_english
1361,https://kimstutoring.co.kr,geumsan-gun-middle-english,publish,ko,충청남도,금산군,영어,중학생,금산군 중학생 영어과외,금산군 중학생 영어과외,"중학생 영어 과외 때문에 고민이 있다면 금산군 수업에서 지금 필요한 연습부터 함께 해볼 수 있습니다. 지역과 일정에 따라 1:1 방문수업 또는 화상수업으로 진행하며, 어휘·문법·독해를 기본으로 학교별 내신과… 방식으로 수업하고 있습니다.",중학생 영어 문법과 독해를 보완하고 학교별 내신과 서술형 및 수행평가를 준비하는 온라인 과외 찾기,핵심 고민은 “어휘와 문법을 배워도 지문에 적용하기 어렵고 서술형 답안과 수행평가 준비가 막막함”입니다.,"어휘, 문법, 독해, 학교별 내신, 서술형, 수행평가","지역과 일정에 따라 1:1 방문수업 또는 화상수업으로 진행하며, 어휘·문법·독해를 기본으로 학교별 내신과 서술형, 수행평가까지 학생의 취약 부분에 맞춰 지도",문법 근거를 설명하며 지문을 읽고 학교 평가 기준에 맞춰 답안을 작성하는 능력 향상,코칭형,middle_english
1362,https://kimstutoring.co.kr,geumsan-gun-high-english,publish,ko,충청남도,금산군,영어,고등학생,금산군 고등학생 영어과외,금산군 고등학생 영어과외,"고등학생 영어 과외 공부를 처음 시작한다면 금산군에서도 기초부터 1:1로 배울 수 있습니다. 지역과 일정에 따라 1:1 방문수업 또는 화상수업으로 진행하며, 어휘·구문독해부터 학교별 내신, 모의고사와 수능… 방식으로 수업하고 있습니다.",고등학생 영어 내신과 모의고사 및 수능 준비를 현재 수준에 맞춰 병행하는 온라인 과외 찾기,핵심 고민은 “긴 문장의 구조를 파악하기 어렵고 내신과 모의고사 지문을 읽는 데 시간이 오래 걸림”입니다.,"어휘, 구문독해, 학교별 내신, 모의고사, 수능","지역과 일정에 따라 1:1 방문수업 또는 화상수업으로 진행하며, 어휘·구문독해부터 학교별 내신, 모의고사와 수능 대비까지 현재 실력과 목표에 맞춰 지도",복잡한 문장의 구조를 파악하고 지문의 근거를 바탕으로 답을 선택하는 독해 능력 향상,전문형,high_english
1363,https://kimstutoring.co.kr,geumsan-gun-elementary-math,publish,ko,충청남도,금산군,수학,초등학생,금산군 초등학생 수학과외,금산군 초등학생 수학과외,"초등학생 수학 과외 때문에 고민이 있다면 금산군 수업에서 지금 필요한 연습부터 함께 해볼 수 있습니다. 지역과 일정에 따라 1:1 방문수업 또는 화상수업으로 진행하며, 연산과 기초개념을 탄탄히 다지고 문제를 이해하는… 방식으로 수업하고 있습니다.",초등학생 수학 연산과 기초개념을 다지고 문제 이해와 풀이 습관을 기르는 온라인 과외 찾기,핵심 고민은 “계산 실수가 반복되고 문장형 문제에서 무엇을 구해야 하는지 파악하기 어려움”입니다.,"연산, 기초개념, 문제 이해, 풀이 습관","지역과 일정에 따라 1:1 방문수업 또는 화상수업으로 진행하며, 연산과 기초개념을 탄탄히 다지고 문제를 이해하는 과정과 올바른 풀이 습관을 학생 수준에 맞춰 지도",계산 과정을 점검하고 문제의 조건을 이해하며 풀이 순서를 정리하는 습관 형성,친근형,elementary_math
1364,https://kimstutoring.co.kr,geumsan-gun-middle-math,publish,ko,충청남도,금산군,수학,중학생,금산군 중학생 수학과외,금산군 중학생 수학과외,"중학생 수학 과외 때문에 고민이 있다면 금산군 수업에서 지금 필요한 연습부터 함께 해볼 수 있습니다. 지역과 일정에 따라 1:1 방문수업 또는 화상수업으로 진행하며, 개념 이해와 유형별 문제풀이를 연결하고 학교별… 방식으로 수업하고 있습니다.",중학생 수학 개념과 유형별 문제풀이를 연결하고 내신 및 서술형을 준비하는 온라인 과외 찾기,핵심 고민은 “개념을 외워도 문제 유형이 바뀌면 적용하기 어렵고 같은 오답과 풀이 과정 누락이 반복됨”입니다.,"개념, 유형별 문제풀이, 학교별 내신, 서술형, 오답관리","지역과 일정에 따라 1:1 방문수업 또는 화상수업으로 진행하며, 개념 이해와 유형별 문제풀이를 연결하고 학교별 내신, 서술형, 오답관리까지 취약 단원에 맞춰 지도",문제에 맞는 개념을 선택하고 풀이 근거를 순서대로 쓰며 반복되는 실수를 줄이는 능력 향상,코칭형,middle_math
1365,https://kimstutoring.co.kr,geumsan-gun-high-math,publish,ko,충청남도,금산군,수학,고등학생,금산군 고등학생 수학과외,금산군 고등학생 수학과외,"금산군에서 고등학생 수학 과외 실력을 늘리고 싶다면 자주 막히는 부분부터 직접 다뤄봅니다. 지역과 일정에 따라 1:1 방문수업 또는 화상수업으로 진행하며, 개념과 유형별 문제풀이부터 학교별 내신,… 방식으로 수업하고 있습니다.",고등학생 수학 취약단원을 보완하면서 내신과 모의고사 및 수능을 준비하는 온라인 과외 찾기,핵심 고민은 “개념 사이의 연결이 약하고 복합 문제의 접근 방법을 찾기 어려우며 취약단원에서 오답이 반복됨”입니다.,"개념, 유형별 문제풀이, 학교별 내신, 모의고사, 수능, 취약단원, 오답분석","지역과 일정에 따라 1:1 방문수업 또는 화상수업으로 진행하며, 개념과 유형별 문제풀이부터 학교별 내신, 모의고사와 수능 대비, 취약단원 및 오답분석까지 목표에 맞춰 지도",취약단원의 개념을 연결하고 문제 조건에 맞는 풀이 전략을 선택하며 오답 원인을 스스로 설명하는 능력 향상,전문형,high_math
1366,https://kimstutoring.co.kr,geumsan-gun-elementary-korean,publish,ko,충청남도,금산군,국어,초등학생,금산군 초등학생 국어과외,금산군 초등학생 국어과외,"금산군에서 초등학생 국어 과외 실력을 늘리고 싶다면 자주 막히는 부분부터 직접 다뤄봅니다. 지역과 일정에 따라 1:1 방문수업 또는 화상수업으로 진행하며, 어휘와 독해를 바탕으로 글의 내용을 이해하고… 방식으로 수업하고 있습니다.",초등학생의 국어 기초와 문해력을 잡아줄 1:1 국어과외 탐색,핵심 고민은 “글을 읽어도 내용을 정확히 이해하지 못하거나 어휘력이 부족해 문제의 뜻을 파악하는 데 어려움”입니다.,"어휘, 독해, 문장 이해, 글의 중심내용 파악, 기초 문해력, 글쓰기, 학습 습관","지역과 일정에 따라 1:1 방문수업 또는 화상수업으로 진행하며, 어휘와 독해를 바탕으로 글의 내용을 이해하고 자신의 생각을 표현하는 힘을 학생의 수준과 학습 속도에 맞춰 지도","글을 읽고 핵심 내용을 파악하는 힘을 기르고, 국어뿐 아니라 다른 과목의 문제를 이해하는 데 필요한 기초 문해력과 학습 습관 형성",친근형,elementary_korean
1367,https://kimstutoring.co.kr,geumsan-gun-middle-korean,publish,ko,충청남도,금산군,국어,중학생,금산군 중학생 국어과외,금산군 중학생 국어과외,"중학생 국어 과외 때문에 고민이 있다면 금산군 수업에서 지금 필요한 연습부터 함께 해볼 수 있습니다. 지역과 일정에 따라 1:1 방문수업 또는 화상수업으로 진행하며, 문학·비문학 독해와 문법을 기본으로 학교별… 방식으로 수업하고 있습니다.",학교 내신과 국어 기본기를 함께 준비할 1:1 중등 국어과외 탐색,"핵심 고민은 “문학과 비문학 지문을 감으로 풀거나 문법 개념이 부족하고, 학교 시험의 서술형·수행평가 대비가 어려움”입니다.","문학, 비문학, 문법, 어휘, 학교별 내신, 서술형, 수행평가, 오답관리","지역과 일정에 따라 1:1 방문수업 또는 화상수업으로 진행하며, 문학·비문학 독해와 문법을 기본으로 학교별 내신, 서술형과 수행평가까지 학생의 취약 부분에 맞춰 지도","지문을 근거로 읽고 문제를 해결하는 방법을 익히며, 부족한 영역을 파악해 내신과 고등 국어 학습에 필요한 기본기 강화",코칭형,middle_korean
1368,https://kimstutoring.co.kr,geumsan-gun-high-korean,publish,ko,충청남도,금산군,국어,고등학생,금산군 고등학생 국어과외,금산군 고등학생 국어과외,"금산군에서 고등학생 국어 과외 실력을 늘리고 싶다면 자주 막히는 부분부터 직접 다뤄봅니다. 지역과 일정에 따라 1:1 방문수업 또는 화상수업으로 진행하며, 문학과 독서의 지문 분석부터 학교별 내신,… 방식으로 수업하고 있습니다.",내신과 모의고사·수능을 함께 대비할 1:1 고등 국어과외 탐색,"핵심 고민은 “긴 지문의 핵심을 빠르게 파악하기 어렵거나 문학·독서·문법 영역별 편차가 크고, 모의고사에서 시간 관리와…”입니다.","문학, 독서, 화법과 언어, 작문, 학교별 내신, 모의고사, 수능, 취약영역, 오답분석","지역과 일정에 따라 1:1 방문수업 또는 화상수업으로 진행하며, 문학과 독서의 지문 분석부터 학교별 내신, 모의고사와 수능 대비, 취약영역 및 오답분석까지 현재 실력과 목표에 맞춰 지도","지문을 분석하는 기준과 문제 접근 방법을 익히고, 취약영역과 반복되는 오답을 점검하면서 내신·모의고사·수능 학습의 방향을 구체화",전문형,high_korean
1369,https://kimstutoring.co.kr,buyeo-gun-elementary-english,publish,ko,충청남도,부여군,영어,초등학생,부여군 초등학생 영어과외,부여군 초등학생 영어과외,"초등학생 영어 과외 공부를 처음 시작한다면 부여군에서도 기초부터 1:1로 배울 수 있습니다. 지역과 일정에 따라 1:1 방문수업 또는 화상수업으로 진행하며, 기초 어휘와 문장 이해, 읽기 학습을 학생의… 방식으로 수업하고 있습니다.",초등학생 수준에 맞춰 영어 기초와 꾸준한 학습 습관을 기르는 1:1 온라인 과외 찾기,핵심 고민은 “기초 어휘가 부족하고 짧은 문장의 뜻을 이해하거나 꾸준히 읽는 데 어려움이 있음”입니다.,"기초 어휘, 문장 이해, 짧은 글 읽기, 학습 습관","지역과 일정에 따라 1:1 방문수업 또는 화상수업으로 진행하며, 기초 어휘와 문장 이해, 읽기 학습을 학생의 수준과 학습 속도에 맞춰 지도",익숙한 어휘로 짧은 문장의 뜻을 파악하고 스스로 읽고 복습하는 습관 형성,친근형,elementary_english
1370,https://kimstutoring.co.kr,buyeo-gun-middle-english,publish,ko,충청남도,부여군,영어,중학생,부여군 중학생 영어과외,부여군 중학생 영어과외,"중학생 영어 과외 때문에 고민이 있다면 부여군 수업에서 지금 필요한 연습부터 함께 해볼 수 있습니다. 지역과 일정에 따라 1:1 방문수업 또는 화상수업으로 진행하며, 어휘·문법·독해를 기본으로 학교별 내신과… 방식으로 수업하고 있습니다.",중학생 영어 문법과 독해를 보완하고 학교별 내신과 서술형 및 수행평가를 준비하는 온라인 과외 찾기,핵심 고민은 “어휘와 문법을 배워도 지문에 적용하기 어렵고 서술형 답안과 수행평가 준비가 막막함”입니다.,"어휘, 문법, 독해, 학교별 내신, 서술형, 수행평가","지역과 일정에 따라 1:1 방문수업 또는 화상수업으로 진행하며, 어휘·문법·독해를 기본으로 학교별 내신과 서술형, 수행평가까지 학생의 취약 부분에 맞춰 지도",문법 근거를 설명하며 지문을 읽고 학교 평가 기준에 맞춰 답안을 작성하는 능력 향상,코칭형,middle_english
1371,https://kimstutoring.co.kr,buyeo-gun-high-english,publish,ko,충청남도,부여군,영어,고등학생,부여군 고등학생 영어과외,부여군 고등학생 영어과외,"고등학생 영어 과외 공부를 처음 시작한다면 부여군에서도 기초부터 1:1로 배울 수 있습니다. 지역과 일정에 따라 1:1 방문수업 또는 화상수업으로 진행하며, 어휘·구문독해부터 학교별 내신, 모의고사와 수능… 방식으로 수업하고 있습니다.",고등학생 영어 내신과 모의고사 및 수능 준비를 현재 수준에 맞춰 병행하는 온라인 과외 찾기,핵심 고민은 “긴 문장의 구조를 파악하기 어렵고 내신과 모의고사 지문을 읽는 데 시간이 오래 걸림”입니다.,"어휘, 구문독해, 학교별 내신, 모의고사, 수능","지역과 일정에 따라 1:1 방문수업 또는 화상수업으로 진행하며, 어휘·구문독해부터 학교별 내신, 모의고사와 수능 대비까지 현재 실력과 목표에 맞춰 지도",복잡한 문장의 구조를 파악하고 지문의 근거를 바탕으로 답을 선택하는 독해 능력 향상,전문형,high_english
1372,https://kimstutoring.co.kr,buyeo-gun-elementary-math,publish,ko,충청남도,부여군,수학,초등학생,부여군 초등학생 수학과외,부여군 초등학생 수학과외,"초등학생 수학 과외 때문에 고민이 있다면 부여군 수업에서 지금 필요한 연습부터 함께 해볼 수 있습니다. 지역과 일정에 따라 1:1 방문수업 또는 화상수업으로 진행하며, 연산과 기초개념을 탄탄히 다지고 문제를 이해하는… 방식으로 수업하고 있습니다.",초등학생 수학 연산과 기초개념을 다지고 문제 이해와 풀이 습관을 기르는 온라인 과외 찾기,핵심 고민은 “계산 실수가 반복되고 문장형 문제에서 무엇을 구해야 하는지 파악하기 어려움”입니다.,"연산, 기초개념, 문제 이해, 풀이 습관","지역과 일정에 따라 1:1 방문수업 또는 화상수업으로 진행하며, 연산과 기초개념을 탄탄히 다지고 문제를 이해하는 과정과 올바른 풀이 습관을 학생 수준에 맞춰 지도",계산 과정을 점검하고 문제의 조건을 이해하며 풀이 순서를 정리하는 습관 형성,친근형,elementary_math
1373,https://kimstutoring.co.kr,buyeo-gun-middle-math,publish,ko,충청남도,부여군,수학,중학생,부여군 중학생 수학과외,부여군 중학생 수학과외,"중학생 수학 과외 때문에 고민이 있다면 부여군 수업에서 지금 필요한 연습부터 함께 해볼 수 있습니다. 지역과 일정에 따라 1:1 방문수업 또는 화상수업으로 진행하며, 개념 이해와 유형별 문제풀이를 연결하고 학교별… 방식으로 수업하고 있습니다.",중학생 수학 개념과 유형별 문제풀이를 연결하고 내신 및 서술형을 준비하는 온라인 과외 찾기,핵심 고민은 “개념을 외워도 문제 유형이 바뀌면 적용하기 어렵고 같은 오답과 풀이 과정 누락이 반복됨”입니다.,"개념, 유형별 문제풀이, 학교별 내신, 서술형, 오답관리","지역과 일정에 따라 1:1 방문수업 또는 화상수업으로 진행하며, 개념 이해와 유형별 문제풀이를 연결하고 학교별 내신, 서술형, 오답관리까지 취약 단원에 맞춰 지도",문제에 맞는 개념을 선택하고 풀이 근거를 순서대로 쓰며 반복되는 실수를 줄이는 능력 향상,코칭형,middle_math
1374,https://kimstutoring.co.kr,buyeo-gun-high-math,publish,ko,충청남도,부여군,수학,고등학생,부여군 고등학생 수학과외,부여군 고등학생 수학과외,"부여군에서 고등학생 수학 과외 실력을 늘리고 싶다면 자주 막히는 부분부터 직접 다뤄봅니다. 지역과 일정에 따라 1:1 방문수업 또는 화상수업으로 진행하며, 개념과 유형별 문제풀이부터 학교별 내신,… 방식으로 수업하고 있습니다.",고등학생 수학 취약단원을 보완하면서 내신과 모의고사 및 수능을 준비하는 온라인 과외 찾기,핵심 고민은 “개념 사이의 연결이 약하고 복합 문제의 접근 방법을 찾기 어려우며 취약단원에서 오답이 반복됨”입니다.,"개념, 유형별 문제풀이, 학교별 내신, 모의고사, 수능, 취약단원, 오답분석","지역과 일정에 따라 1:1 방문수업 또는 화상수업으로 진행하며, 개념과 유형별 문제풀이부터 학교별 내신, 모의고사와 수능 대비, 취약단원 및 오답분석까지 목표에 맞춰 지도",취약단원의 개념을 연결하고 문제 조건에 맞는 풀이 전략을 선택하며 오답 원인을 스스로 설명하는 능력 향상,전문형,high_math
1375,https://kimstutoring.co.kr,buyeo-gun-elementary-korean,publish,ko,충청남도,부여군,국어,초등학생,부여군 초등학생 국어과외,부여군 초등학생 국어과외,"부여군에서 초등학생 국어 과외 실력을 늘리고 싶다면 자주 막히는 부분부터 직접 다뤄봅니다. 지역과 일정에 따라 1:1 방문수업 또는 화상수업으로 진행하며, 어휘와 독해를 바탕으로 글의 내용을 이해하고… 방식으로 수업하고 있습니다.",초등학생의 국어 기초와 문해력을 잡아줄 1:1 국어과외 탐색,핵심 고민은 “글을 읽어도 내용을 정확히 이해하지 못하거나 어휘력이 부족해 문제의 뜻을 파악하는 데 어려움”입니다.,"어휘, 독해, 문장 이해, 글의 중심내용 파악, 기초 문해력, 글쓰기, 학습 습관","지역과 일정에 따라 1:1 방문수업 또는 화상수업으로 진행하며, 어휘와 독해를 바탕으로 글의 내용을 이해하고 자신의 생각을 표현하는 힘을 학생의 수준과 학습 속도에 맞춰 지도","글을 읽고 핵심 내용을 파악하는 힘을 기르고, 국어뿐 아니라 다른 과목의 문제를 이해하는 데 필요한 기초 문해력과 학습 습관 형성",친근형,elementary_korean
1376,https://kimstutoring.co.kr,buyeo-gun-middle-korean,publish,ko,충청남도,부여군,국어,중학생,부여군 중학생 국어과외,부여군 중학생 국어과외,"중학생 국어 과외 때문에 고민이 있다면 부여군 수업에서 지금 필요한 연습부터 함께 해볼 수 있습니다. 지역과 일정에 따라 1:1 방문수업 또는 화상수업으로 진행하며, 문학·비문학 독해와 문법을 기본으로 학교별… 방식으로 수업하고 있습니다.",학교 내신과 국어 기본기를 함께 준비할 1:1 중등 국어과외 탐색,"핵심 고민은 “문학과 비문학 지문을 감으로 풀거나 문법 개념이 부족하고, 학교 시험의 서술형·수행평가 대비가 어려움”입니다.","문학, 비문학, 문법, 어휘, 학교별 내신, 서술형, 수행평가, 오답관리","지역과 일정에 따라 1:1 방문수업 또는 화상수업으로 진행하며, 문학·비문학 독해와 문법을 기본으로 학교별 내신, 서술형과 수행평가까지 학생의 취약 부분에 맞춰 지도","지문을 근거로 읽고 문제를 해결하는 방법을 익히며, 부족한 영역을 파악해 내신과 고등 국어 학습에 필요한 기본기 강화",코칭형,middle_korean
1377,https://kimstutoring.co.kr,buyeo-gun-high-korean,publish,ko,충청남도,부여군,국어,고등학생,부여군 고등학생 국어과외,부여군 고등학생 국어과외,"부여군에서 고등학생 국어 과외 실력을 늘리고 싶다면 자주 막히는 부분부터 직접 다뤄봅니다. 지역과 일정에 따라 1:1 방문수업 또는 화상수업으로 진행하며, 문학과 독서의 지문 분석부터 학교별 내신,… 방식으로 수업하고 있습니다.",내신과 모의고사·수능을 함께 대비할 1:1 고등 국어과외 탐색,"핵심 고민은 “긴 지문의 핵심을 빠르게 파악하기 어렵거나 문학·독서·문법 영역별 편차가 크고, 모의고사에서 시간 관리와…”입니다.","문학, 독서, 화법과 언어, 작문, 학교별 내신, 모의고사, 수능, 취약영역, 오답분석","지역과 일정에 따라 1:1 방문수업 또는 화상수업으로 진행하며, 문학과 독서의 지문 분석부터 학교별 내신, 모의고사와 수능 대비, 취약영역 및 오답분석까지 현재 실력과 목표에 맞춰 지도","지문을 분석하는 기준과 문제 접근 방법을 익히고, 취약영역과 반복되는 오답을 점검하면서 내신·모의고사·수능 학습의 방향을 구체화",전문형,high_korean
1378,https://kimstutoring.co.kr,seocheon-gun-elementary-english,publish,ko,충청남도,서천군,영어,초등학생,서천군 초등학생 영어과외,서천군 초등학생 영어과외,"초등학생 영어 과외 때문에 고민이 있다면 서천군 수업에서 지금 필요한 연습부터 함께 해볼 수 있습니다. 지역과 일정에 따라 1:1 방문수업 또는 화상수업으로 진행하며, 기초 어휘와 문장 이해, 읽기 학습을 학생의… 방식으로 수업하고 있습니다.",초등학생 수준에 맞춰 영어 기초와 꾸준한 학습 습관을 기르는 1:1 온라인 과외 찾기,핵심 고민은 “기초 어휘가 부족하고 짧은 문장의 뜻을 이해하거나 꾸준히 읽는 데 어려움이 있음”입니다.,"기초 어휘, 문장 이해, 짧은 글 읽기, 학습 습관","지역과 일정에 따라 1:1 방문수업 또는 화상수업으로 진행하며, 기초 어휘와 문장 이해, 읽기 학습을 학생의 수준과 학습 속도에 맞춰 지도",익숙한 어휘로 짧은 문장의 뜻을 파악하고 스스로 읽고 복습하는 습관 형성,친근형,elementary_english
1379,https://kimstutoring.co.kr,seocheon-gun-middle-english,publish,ko,충청남도,서천군,영어,중학생,서천군 중학생 영어과외,서천군 중학생 영어과외,"서천군 중학생 영어 과외 수업을 고민 중이라면 잘하는 부분과 보완할 부분을 나누어 시작합니다. 지역과 일정에 따라 1:1 방문수업 또는 화상수업으로 진행하며, 어휘·문법·독해를 기본으로 학교별 내신과… 방식으로 수업하고 있습니다.",중학생 영어 문법과 독해를 보완하고 학교별 내신과 서술형 및 수행평가를 준비하는 온라인 과외 찾기,핵심 고민은 “어휘와 문법을 배워도 지문에 적용하기 어렵고 서술형 답안과 수행평가 준비가 막막함”입니다.,"어휘, 문법, 독해, 학교별 내신, 서술형, 수행평가","지역과 일정에 따라 1:1 방문수업 또는 화상수업으로 진행하며, 어휘·문법·독해를 기본으로 학교별 내신과 서술형, 수행평가까지 학생의 취약 부분에 맞춰 지도",문법 근거를 설명하며 지문을 읽고 학교 평가 기준에 맞춰 답안을 작성하는 능력 향상,코칭형,middle_english
1380,https://kimstutoring.co.kr,seocheon-gun-high-english,publish,ko,충청남도,서천군,영어,고등학생,서천군 고등학생 영어과외,서천군 고등학생 영어과외,"고등학생 영어 과외 때문에 고민이 있다면 서천군 수업에서 지금 필요한 연습부터 함께 해볼 수 있습니다. 지역과 일정에 따라 1:1 방문수업 또는 화상수업으로 진행하며, 어휘·구문독해부터 학교별 내신, 모의고사와 수능… 방식으로 수업하고 있습니다.",고등학생 영어 내신과 모의고사 및 수능 준비를 현재 수준에 맞춰 병행하는 온라인 과외 찾기,핵심 고민은 “긴 문장의 구조를 파악하기 어렵고 내신과 모의고사 지문을 읽는 데 시간이 오래 걸림”입니다.,"어휘, 구문독해, 학교별 내신, 모의고사, 수능","지역과 일정에 따라 1:1 방문수업 또는 화상수업으로 진행하며, 어휘·구문독해부터 학교별 내신, 모의고사와 수능 대비까지 현재 실력과 목표에 맞춰 지도",복잡한 문장의 구조를 파악하고 지문의 근거를 바탕으로 답을 선택하는 독해 능력 향상,전문형,high_english
1381,https://kimstutoring.co.kr,seocheon-gun-elementary-math,publish,ko,충청남도,서천군,수학,초등학생,서천군 초등학생 수학과외,서천군 초등학생 수학과외,"서천군 초등학생 수학 과외 수업을 고민 중이라면 잘하는 부분과 보완할 부분을 나누어 시작합니다. 지역과 일정에 따라 1:1 방문수업 또는 화상수업으로 진행하며, 연산과 기초개념을 탄탄히 다지고 문제를 이해하는… 방식으로 수업하고 있습니다.",초등학생 수학 연산과 기초개념을 다지고 문제 이해와 풀이 습관을 기르는 온라인 과외 찾기,핵심 고민은 “계산 실수가 반복되고 문장형 문제에서 무엇을 구해야 하는지 파악하기 어려움”입니다.,"연산, 기초개념, 문제 이해, 풀이 습관","지역과 일정에 따라 1:1 방문수업 또는 화상수업으로 진행하며, 연산과 기초개념을 탄탄히 다지고 문제를 이해하는 과정과 올바른 풀이 습관을 학생 수준에 맞춰 지도",계산 과정을 점검하고 문제의 조건을 이해하며 풀이 순서를 정리하는 습관 형성,친근형,elementary_math
1382,https://kimstutoring.co.kr,seocheon-gun-middle-math,publish,ko,충청남도,서천군,수학,중학생,서천군 중학생 수학과외,서천군 중학생 수학과외,"서천군 중학생 수학 과외 수업을 고민 중이라면 잘하는 부분과 보완할 부분을 나누어 시작합니다. 지역과 일정에 따라 1:1 방문수업 또는 화상수업으로 진행하며, 개념 이해와 유형별 문제풀이를 연결하고 학교별… 방식으로 수업하고 있습니다.",중학생 수학 개념과 유형별 문제풀이를 연결하고 내신 및 서술형을 준비하는 온라인 과외 찾기,핵심 고민은 “개념을 외워도 문제 유형이 바뀌면 적용하기 어렵고 같은 오답과 풀이 과정 누락이 반복됨”입니다.,"개념, 유형별 문제풀이, 학교별 내신, 서술형, 오답관리","지역과 일정에 따라 1:1 방문수업 또는 화상수업으로 진행하며, 개념 이해와 유형별 문제풀이를 연결하고 학교별 내신, 서술형, 오답관리까지 취약 단원에 맞춰 지도",문제에 맞는 개념을 선택하고 풀이 근거를 순서대로 쓰며 반복되는 실수를 줄이는 능력 향상,코칭형,middle_math
1383,https://kimstutoring.co.kr,seocheon-gun-high-math,publish,ko,충청남도,서천군,수학,고등학생,서천군 고등학생 수학과외,서천군 고등학생 수학과외,"고등학생 수학 과외 공부를 처음 시작한다면 서천군에서도 기초부터 1:1로 배울 수 있습니다. 지역과 일정에 따라 1:1 방문수업 또는 화상수업으로 진행하며, 개념과 유형별 문제풀이부터 학교별 내신,… 방식으로 수업하고 있습니다.",고등학생 수학 취약단원을 보완하면서 내신과 모의고사 및 수능을 준비하는 온라인 과외 찾기,핵심 고민은 “개념 사이의 연결이 약하고 복합 문제의 접근 방법을 찾기 어려우며 취약단원에서 오답이 반복됨”입니다.,"개념, 유형별 문제풀이, 학교별 내신, 모의고사, 수능, 취약단원, 오답분석","지역과 일정에 따라 1:1 방문수업 또는 화상수업으로 진행하며, 개념과 유형별 문제풀이부터 학교별 내신, 모의고사와 수능 대비, 취약단원 및 오답분석까지 목표에 맞춰 지도",취약단원의 개념을 연결하고 문제 조건에 맞는 풀이 전략을 선택하며 오답 원인을 스스로 설명하는 능력 향상,전문형,high_math
1384,https://kimstutoring.co.kr,seocheon-gun-elementary-korean,publish,ko,충청남도,서천군,국어,초등학생,서천군 초등학생 국어과외,서천군 초등학생 국어과외,"초등학생 국어 과외 공부를 처음 시작한다면 서천군에서도 기초부터 1:1로 배울 수 있습니다. 지역과 일정에 따라 1:1 방문수업 또는 화상수업으로 진행하며, 어휘와 독해를 바탕으로 글의 내용을 이해하고… 방식으로 수업하고 있습니다.",초등학생의 국어 기초와 문해력을 잡아줄 1:1 국어과외 탐색,핵심 고민은 “글을 읽어도 내용을 정확히 이해하지 못하거나 어휘력이 부족해 문제의 뜻을 파악하는 데 어려움”입니다.,"어휘, 독해, 문장 이해, 글의 중심내용 파악, 기초 문해력, 글쓰기, 학습 습관","지역과 일정에 따라 1:1 방문수업 또는 화상수업으로 진행하며, 어휘와 독해를 바탕으로 글의 내용을 이해하고 자신의 생각을 표현하는 힘을 학생의 수준과 학습 속도에 맞춰 지도","글을 읽고 핵심 내용을 파악하는 힘을 기르고, 국어뿐 아니라 다른 과목의 문제를 이해하는 데 필요한 기초 문해력과 학습 습관 형성",친근형,elementary_korean
1385,https://kimstutoring.co.kr,seocheon-gun-middle-korean,publish,ko,충청남도,서천군,국어,중학생,서천군 중학생 국어과외,서천군 중학생 국어과외,"서천군 중학생 국어 과외 수업을 고민 중이라면 잘하는 부분과 보완할 부분을 나누어 시작합니다. 지역과 일정에 따라 1:1 방문수업 또는 화상수업으로 진행하며, 문학·비문학 독해와 문법을 기본으로 학교별… 방식으로 수업하고 있습니다.",학교 내신과 국어 기본기를 함께 준비할 1:1 중등 국어과외 탐색,"핵심 고민은 “문학과 비문학 지문을 감으로 풀거나 문법 개념이 부족하고, 학교 시험의 서술형·수행평가 대비가 어려움”입니다.","문학, 비문학, 문법, 어휘, 학교별 내신, 서술형, 수행평가, 오답관리","지역과 일정에 따라 1:1 방문수업 또는 화상수업으로 진행하며, 문학·비문학 독해와 문법을 기본으로 학교별 내신, 서술형과 수행평가까지 학생의 취약 부분에 맞춰 지도","지문을 근거로 읽고 문제를 해결하는 방법을 익히며, 부족한 영역을 파악해 내신과 고등 국어 학습에 필요한 기본기 강화",코칭형,middle_korean
1386,https://kimstutoring.co.kr,seocheon-gun-high-korean,publish,ko,충청남도,서천군,국어,고등학생,서천군 고등학생 국어과외,서천군 고등학생 국어과외,"고등학생 국어 과외 공부를 처음 시작한다면 서천군에서도 기초부터 1:1로 배울 수 있습니다. 지역과 일정에 따라 1:1 방문수업 또는 화상수업으로 진행하며, 문학과 독서의 지문 분석부터 학교별 내신,… 방식으로 수업하고 있습니다.",내신과 모의고사·수능을 함께 대비할 1:1 고등 국어과외 탐색,"핵심 고민은 “긴 지문의 핵심을 빠르게 파악하기 어렵거나 문학·독서·문법 영역별 편차가 크고, 모의고사에서 시간 관리와…”입니다.","문학, 독서, 화법과 언어, 작문, 학교별 내신, 모의고사, 수능, 취약영역, 오답분석","지역과 일정에 따라 1:1 방문수업 또는 화상수업으로 진행하며, 문학과 독서의 지문 분석부터 학교별 내신, 모의고사와 수능 대비, 취약영역 및 오답분석까지 현재 실력과 목표에 맞춰 지도","지문을 분석하는 기준과 문제 접근 방법을 익히고, 취약영역과 반복되는 오답을 점검하면서 내신·모의고사·수능 학습의 방향을 구체화",전문형,high_korean
1387,https://kimstutoring.co.kr,yesan-gun-elementary-english,publish,ko,충청남도,예산군,영어,초등학생,예산군 초등학생 영어과외,예산군 초등학생 영어과외,"초등학생 영어 과외 공부를 처음 시작한다면 예산군에서도 기초부터 1:1로 배울 수 있습니다. 지역과 일정에 따라 1:1 방문수업 또는 화상수업으로 진행하며, 기초 어휘와 문장 이해, 읽기 학습을 학생의… 방식으로 수업하고 있습니다.",초등학생 수준에 맞춰 영어 기초와 꾸준한 학습 습관을 기르는 1:1 온라인 과외 찾기,핵심 고민은 “기초 어휘가 부족하고 짧은 문장의 뜻을 이해하거나 꾸준히 읽는 데 어려움이 있음”입니다.,"기초 어휘, 문장 이해, 짧은 글 읽기, 학습 습관","지역과 일정에 따라 1:1 방문수업 또는 화상수업으로 진행하며, 기초 어휘와 문장 이해, 읽기 학습을 학생의 수준과 학습 속도에 맞춰 지도",익숙한 어휘로 짧은 문장의 뜻을 파악하고 스스로 읽고 복습하는 습관 형성,친근형,elementary_english
1388,https://kimstutoring.co.kr,yesan-gun-middle-english,publish,ko,충청남도,예산군,영어,중학생,예산군 중학생 영어과외,예산군 중학생 영어과외,"중학생 영어 과외 때문에 고민이 있다면 예산군 수업에서 지금 필요한 연습부터 함께 해볼 수 있습니다. 지역과 일정에 따라 1:1 방문수업 또는 화상수업으로 진행하며, 어휘·문법·독해를 기본으로 학교별 내신과… 방식으로 수업하고 있습니다.",중학생 영어 문법과 독해를 보완하고 학교별 내신과 서술형 및 수행평가를 준비하는 온라인 과외 찾기,핵심 고민은 “어휘와 문법을 배워도 지문에 적용하기 어렵고 서술형 답안과 수행평가 준비가 막막함”입니다.,"어휘, 문법, 독해, 학교별 내신, 서술형, 수행평가","지역과 일정에 따라 1:1 방문수업 또는 화상수업으로 진행하며, 어휘·문법·독해를 기본으로 학교별 내신과 서술형, 수행평가까지 학생의 취약 부분에 맞춰 지도",문법 근거를 설명하며 지문을 읽고 학교 평가 기준에 맞춰 답안을 작성하는 능력 향상,코칭형,middle_english
1389,https://kimstutoring.co.kr,yesan-gun-high-english,publish,ko,충청남도,예산군,영어,고등학생,예산군 고등학생 영어과외,예산군 고등학생 영어과외,"고등학생 영어 과외 공부를 처음 시작한다면 예산군에서도 기초부터 1:1로 배울 수 있습니다. 지역과 일정에 따라 1:1 방문수업 또는 화상수업으로 진행하며, 어휘·구문독해부터 학교별 내신, 모의고사와 수능… 방식으로 수업하고 있습니다.",고등학생 영어 내신과 모의고사 및 수능 준비를 현재 수준에 맞춰 병행하는 온라인 과외 찾기,핵심 고민은 “긴 문장의 구조를 파악하기 어렵고 내신과 모의고사 지문을 읽는 데 시간이 오래 걸림”입니다.,"어휘, 구문독해, 학교별 내신, 모의고사, 수능","지역과 일정에 따라 1:1 방문수업 또는 화상수업으로 진행하며, 어휘·구문독해부터 학교별 내신, 모의고사와 수능 대비까지 현재 실력과 목표에 맞춰 지도",복잡한 문장의 구조를 파악하고 지문의 근거를 바탕으로 답을 선택하는 독해 능력 향상,전문형,high_english
1390,https://kimstutoring.co.kr,yesan-gun-elementary-math,publish,ko,충청남도,예산군,수학,초등학생,예산군 초등학생 수학과외,예산군 초등학생 수학과외,"초등학생 수학 과외 때문에 고민이 있다면 예산군 수업에서 지금 필요한 연습부터 함께 해볼 수 있습니다. 지역과 일정에 따라 1:1 방문수업 또는 화상수업으로 진행하며, 연산과 기초개념을 탄탄히 다지고 문제를 이해하는… 방식으로 수업하고 있습니다.",초등학생 수학 연산과 기초개념을 다지고 문제 이해와 풀이 습관을 기르는 온라인 과외 찾기,핵심 고민은 “계산 실수가 반복되고 문장형 문제에서 무엇을 구해야 하는지 파악하기 어려움”입니다.,"연산, 기초개념, 문제 이해, 풀이 습관","지역과 일정에 따라 1:1 방문수업 또는 화상수업으로 진행하며, 연산과 기초개념을 탄탄히 다지고 문제를 이해하는 과정과 올바른 풀이 습관을 학생 수준에 맞춰 지도",계산 과정을 점검하고 문제의 조건을 이해하며 풀이 순서를 정리하는 습관 형성,친근형,elementary_math
1391,https://kimstutoring.co.kr,yesan-gun-middle-math,publish,ko,충청남도,예산군,수학,중학생,예산군 중학생 수학과외,예산군 중학생 수학과외,"중학생 수학 과외 때문에 고민이 있다면 예산군 수업에서 지금 필요한 연습부터 함께 해볼 수 있습니다. 지역과 일정에 따라 1:1 방문수업 또는 화상수업으로 진행하며, 개념 이해와 유형별 문제풀이를 연결하고 학교별… 방식으로 수업하고 있습니다.",중학생 수학 개념과 유형별 문제풀이를 연결하고 내신 및 서술형을 준비하는 온라인 과외 찾기,핵심 고민은 “개념을 외워도 문제 유형이 바뀌면 적용하기 어렵고 같은 오답과 풀이 과정 누락이 반복됨”입니다.,"개념, 유형별 문제풀이, 학교별 내신, 서술형, 오답관리","지역과 일정에 따라 1:1 방문수업 또는 화상수업으로 진행하며, 개념 이해와 유형별 문제풀이를 연결하고 학교별 내신, 서술형, 오답관리까지 취약 단원에 맞춰 지도",문제에 맞는 개념을 선택하고 풀이 근거를 순서대로 쓰며 반복되는 실수를 줄이는 능력 향상,코칭형,middle_math
1392,https://kimstutoring.co.kr,yesan-gun-high-math,publish,ko,충청남도,예산군,수학,고등학생,예산군 고등학생 수학과외,예산군 고등학생 수학과외,"예산군에서 고등학생 수학 과외 실력을 늘리고 싶다면 자주 막히는 부분부터 직접 다뤄봅니다. 지역과 일정에 따라 1:1 방문수업 또는 화상수업으로 진행하며, 개념과 유형별 문제풀이부터 학교별 내신,… 방식으로 수업하고 있습니다.",고등학생 수학 취약단원을 보완하면서 내신과 모의고사 및 수능을 준비하는 온라인 과외 찾기,핵심 고민은 “개념 사이의 연결이 약하고 복합 문제의 접근 방법을 찾기 어려우며 취약단원에서 오답이 반복됨”입니다.,"개념, 유형별 문제풀이, 학교별 내신, 모의고사, 수능, 취약단원, 오답분석","지역과 일정에 따라 1:1 방문수업 또는 화상수업으로 진행하며, 개념과 유형별 문제풀이부터 학교별 내신, 모의고사와 수능 대비, 취약단원 및 오답분석까지 목표에 맞춰 지도",취약단원의 개념을 연결하고 문제 조건에 맞는 풀이 전략을 선택하며 오답 원인을 스스로 설명하는 능력 향상,전문형,high_math
1393,https://kimstutoring.co.kr,yesan-gun-elementary-korean,publish,ko,충청남도,예산군,국어,초등학생,예산군 초등학생 국어과외,예산군 초등학생 국어과외,"예산군에서 초등학생 국어 과외 실력을 늘리고 싶다면 자주 막히는 부분부터 직접 다뤄봅니다. 지역과 일정에 따라 1:1 방문수업 또는 화상수업으로 진행하며, 어휘와 독해를 바탕으로 글의 내용을 이해하고… 방식으로 수업하고 있습니다.",초등학생의 국어 기초와 문해력을 잡아줄 1:1 국어과외 탐색,핵심 고민은 “글을 읽어도 내용을 정확히 이해하지 못하거나 어휘력이 부족해 문제의 뜻을 파악하는 데 어려움”입니다.,"어휘, 독해, 문장 이해, 글의 중심내용 파악, 기초 문해력, 글쓰기, 학습 습관","지역과 일정에 따라 1:1 방문수업 또는 화상수업으로 진행하며, 어휘와 독해를 바탕으로 글의 내용을 이해하고 자신의 생각을 표현하는 힘을 학생의 수준과 학습 속도에 맞춰 지도","글을 읽고 핵심 내용을 파악하는 힘을 기르고, 국어뿐 아니라 다른 과목의 문제를 이해하는 데 필요한 기초 문해력과 학습 습관 형성",친근형,elementary_korean
1394,https://kimstutoring.co.kr,yesan-gun-middle-korean,publish,ko,충청남도,예산군,국어,중학생,예산군 중학생 국어과외,예산군 중학생 국어과외,"중학생 국어 과외 때문에 고민이 있다면 예산군 수업에서 지금 필요한 연습부터 함께 해볼 수 있습니다. 지역과 일정에 따라 1:1 방문수업 또는 화상수업으로 진행하며, 문학·비문학 독해와 문법을 기본으로 학교별… 방식으로 수업하고 있습니다.",학교 내신과 국어 기본기를 함께 준비할 1:1 중등 국어과외 탐색,"핵심 고민은 “문학과 비문학 지문을 감으로 풀거나 문법 개념이 부족하고, 학교 시험의 서술형·수행평가 대비가 어려움”입니다.","문학, 비문학, 문법, 어휘, 학교별 내신, 서술형, 수행평가, 오답관리","지역과 일정에 따라 1:1 방문수업 또는 화상수업으로 진행하며, 문학·비문학 독해와 문법을 기본으로 학교별 내신, 서술형과 수행평가까지 학생의 취약 부분에 맞춰 지도","지문을 근거로 읽고 문제를 해결하는 방법을 익히며, 부족한 영역을 파악해 내신과 고등 국어 학습에 필요한 기본기 강화",코칭형,middle_korean
1395,https://kimstutoring.co.kr,yesan-gun-high-korean,publish,ko,충청남도,예산군,국어,고등학생,예산군 고등학생 국어과외,예산군 고등학생 국어과외,"예산군에서 고등학생 국어 과외 실력을 늘리고 싶다면 자주 막히는 부분부터 직접 다뤄봅니다. 지역과 일정에 따라 1:1 방문수업 또는 화상수업으로 진행하며, 문학과 독서의 지문 분석부터 학교별 내신,… 방식으로 수업하고 있습니다.",내신과 모의고사·수능을 함께 대비할 1:1 고등 국어과외 탐색,"핵심 고민은 “긴 지문의 핵심을 빠르게 파악하기 어렵거나 문학·독서·문법 영역별 편차가 크고, 모의고사에서 시간 관리와…”입니다.","문학, 독서, 화법과 언어, 작문, 학교별 내신, 모의고사, 수능, 취약영역, 오답분석","지역과 일정에 따라 1:1 방문수업 또는 화상수업으로 진행하며, 문학과 독서의 지문 분석부터 학교별 내신, 모의고사와 수능 대비, 취약영역 및 오답분석까지 현재 실력과 목표에 맞춰 지도","지문을 분석하는 기준과 문제 접근 방법을 익히고, 취약영역과 반복되는 오답을 점검하면서 내신·모의고사·수능 학습의 방향을 구체화",전문형,high_korean
1396,https://kimstutoring.co.kr,cheongyang-gun-elementary-english,publish,ko,충청남도,청양군,영어,초등학생,청양군 초등학생 영어과외,청양군 초등학생 영어과외,"청양군 초등학생 영어 과외 수업은 정해진 진도보다 현재 실력과 배우는 이유를 중요하게 봅니다. 지역과 일정에 따라 1:1 방문수업 또는 화상수업으로 진행하며, 기초 어휘와 문장 이해, 읽기 학습을 학생의… 방식으로 수업하고 있습니다.",초등학생 수준에 맞춰 영어 기초와 꾸준한 학습 습관을 기르는 1:1 온라인 과외 찾기,핵심 고민은 “기초 어휘가 부족하고 짧은 문장의 뜻을 이해하거나 꾸준히 읽는 데 어려움이 있음”입니다.,"기초 어휘, 문장 이해, 짧은 글 읽기, 학습 습관","지역과 일정에 따라 1:1 방문수업 또는 화상수업으로 진행하며, 기초 어휘와 문장 이해, 읽기 학습을 학생의 수준과 학습 속도에 맞춰 지도",익숙한 어휘로 짧은 문장의 뜻을 파악하고 스스로 읽고 복습하는 습관 형성,친근형,elementary_english
1397,https://kimstutoring.co.kr,cheongyang-gun-middle-english,publish,ko,충청남도,청양군,영어,중학생,청양군 중학생 영어과외,청양군 중학생 영어과외,"중학생 영어 과외 공부를 다시 시작하려는 분께 청양군 1:1 수업이 맞는 출발점을 찾아드립니다. 지역과 일정에 따라 1:1 방문수업 또는 화상수업으로 진행하며, 어휘·문법·독해를 기본으로 학교별 내신과… 방식으로 수업하고 있습니다.",중학생 영어 문법과 독해를 보완하고 학교별 내신과 서술형 및 수행평가를 준비하는 온라인 과외 찾기,핵심 고민은 “어휘와 문법을 배워도 지문에 적용하기 어렵고 서술형 답안과 수행평가 준비가 막막함”입니다.,"어휘, 문법, 독해, 학교별 내신, 서술형, 수행평가","지역과 일정에 따라 1:1 방문수업 또는 화상수업으로 진행하며, 어휘·문법·독해를 기본으로 학교별 내신과 서술형, 수행평가까지 학생의 취약 부분에 맞춰 지도",문법 근거를 설명하며 지문을 읽고 학교 평가 기준에 맞춰 답안을 작성하는 능력 향상,코칭형,middle_english
1398,https://kimstutoring.co.kr,cheongyang-gun-high-english,publish,ko,충청남도,청양군,영어,고등학생,청양군 고등학생 영어과외,청양군 고등학생 영어과외,"청양군에서 배우는 고등학생 영어 과외, 실제로 쓰려는 상황에 맞춰 수업 내용을 정합니다. 지역과 일정에 따라 1:1 방문수업 또는 화상수업으로 진행하며, 어휘·구문독해부터 학교별 내신, 모의고사와 수능… 방식으로 수업하고 있습니다.",고등학생 영어 내신과 모의고사 및 수능 준비를 현재 수준에 맞춰 병행하는 온라인 과외 찾기,핵심 고민은 “긴 문장의 구조를 파악하기 어렵고 내신과 모의고사 지문을 읽는 데 시간이 오래 걸림”입니다.,"어휘, 구문독해, 학교별 내신, 모의고사, 수능","지역과 일정에 따라 1:1 방문수업 또는 화상수업으로 진행하며, 어휘·구문독해부터 학교별 내신, 모의고사와 수능 대비까지 현재 실력과 목표에 맞춰 지도",복잡한 문장의 구조를 파악하고 지문의 근거를 바탕으로 답을 선택하는 독해 능력 향상,전문형,high_english
1399,https://kimstutoring.co.kr,cheongyang-gun-elementary-math,publish,ko,충청남도,청양군,수학,초등학생,청양군 초등학생 수학과외,청양군 초등학생 수학과외,"초등학생 수학 과외 공부를 다시 시작하려는 분께 청양군 1:1 수업이 맞는 출발점을 찾아드립니다. 지역과 일정에 따라 1:1 방문수업 또는 화상수업으로 진행하며, 연산과 기초개념을 탄탄히 다지고 문제를 이해하는… 방식으로 수업하고 있습니다.",초등학생 수학 연산과 기초개념을 다지고 문제 이해와 풀이 습관을 기르는 온라인 과외 찾기,핵심 고민은 “계산 실수가 반복되고 문장형 문제에서 무엇을 구해야 하는지 파악하기 어려움”입니다.,"연산, 기초개념, 문제 이해, 풀이 습관","지역과 일정에 따라 1:1 방문수업 또는 화상수업으로 진행하며, 연산과 기초개념을 탄탄히 다지고 문제를 이해하는 과정과 올바른 풀이 습관을 학생 수준에 맞춰 지도",계산 과정을 점검하고 문제의 조건을 이해하며 풀이 순서를 정리하는 습관 형성,친근형,elementary_math
1400,https://kimstutoring.co.kr,cheongyang-gun-middle-math,publish,ko,충청남도,청양군,수학,중학생,청양군 중학생 수학과외,청양군 중학생 수학과외,"중학생 수학 과외 공부를 다시 시작하려는 분께 청양군 1:1 수업이 맞는 출발점을 찾아드립니다. 지역과 일정에 따라 1:1 방문수업 또는 화상수업으로 진행하며, 개념 이해와 유형별 문제풀이를 연결하고 학교별… 방식으로 수업하고 있습니다.",중학생 수학 개념과 유형별 문제풀이를 연결하고 내신 및 서술형을 준비하는 온라인 과외 찾기,핵심 고민은 “개념을 외워도 문제 유형이 바뀌면 적용하기 어렵고 같은 오답과 풀이 과정 누락이 반복됨”입니다.,"개념, 유형별 문제풀이, 학교별 내신, 서술형, 오답관리","지역과 일정에 따라 1:1 방문수업 또는 화상수업으로 진행하며, 개념 이해와 유형별 문제풀이를 연결하고 학교별 내신, 서술형, 오답관리까지 취약 단원에 맞춰 지도",문제에 맞는 개념을 선택하고 풀이 근거를 순서대로 쓰며 반복되는 실수를 줄이는 능력 향상,코칭형,middle_math
1401,https://kimstutoring.co.kr,cheongyang-gun-high-math,publish,ko,충청남도,청양군,수학,고등학생,청양군 고등학생 수학과외,청양군 고등학생 수학과외,"청양군에서 고등학생 수학 과외 수업을 찾고 계신다면 지금 필요한 내용부터 시작할 수 있습니다. 지역과 일정에 따라 1:1 방문수업 또는 화상수업으로 진행하며, 개념과 유형별 문제풀이부터 학교별 내신,… 방식으로 수업하고 있습니다.",고등학생 수학 취약단원을 보완하면서 내신과 모의고사 및 수능을 준비하는 온라인 과외 찾기,핵심 고민은 “개념 사이의 연결이 약하고 복합 문제의 접근 방법을 찾기 어려우며 취약단원에서 오답이 반복됨”입니다.,"개념, 유형별 문제풀이, 학교별 내신, 모의고사, 수능, 취약단원, 오답분석","지역과 일정에 따라 1:1 방문수업 또는 화상수업으로 진행하며, 개념과 유형별 문제풀이부터 학교별 내신, 모의고사와 수능 대비, 취약단원 및 오답분석까지 목표에 맞춰 지도",취약단원의 개념을 연결하고 문제 조건에 맞는 풀이 전략을 선택하며 오답 원인을 스스로 설명하는 능력 향상,전문형,high_math
1402,https://kimstutoring.co.kr,cheongyang-gun-elementary-korean,publish,ko,충청남도,청양군,국어,초등학생,청양군 초등학생 국어과외,청양군 초등학생 국어과외,"청양군에서 초등학생 국어 과외 수업을 찾고 계신다면 지금 필요한 내용부터 시작할 수 있습니다. 지역과 일정에 따라 1:1 방문수업 또는 화상수업으로 진행하며, 어휘와 독해를 바탕으로 글의 내용을 이해하고… 방식으로 수업하고 있습니다.",초등학생의 국어 기초와 문해력을 잡아줄 1:1 국어과외 탐색,핵심 고민은 “글을 읽어도 내용을 정확히 이해하지 못하거나 어휘력이 부족해 문제의 뜻을 파악하는 데 어려움”입니다.,"어휘, 독해, 문장 이해, 글의 중심내용 파악, 기초 문해력, 글쓰기, 학습 습관","지역과 일정에 따라 1:1 방문수업 또는 화상수업으로 진행하며, 어휘와 독해를 바탕으로 글의 내용을 이해하고 자신의 생각을 표현하는 힘을 학생의 수준과 학습 속도에 맞춰 지도","글을 읽고 핵심 내용을 파악하는 힘을 기르고, 국어뿐 아니라 다른 과목의 문제를 이해하는 데 필요한 기초 문해력과 학습 습관 형성",친근형,elementary_korean
1403,https://kimstutoring.co.kr,cheongyang-gun-middle-korean,publish,ko,충청남도,청양군,국어,중학생,청양군 중학생 국어과외,청양군 중학생 국어과외,"중학생 국어 과외 공부를 다시 시작하려는 분께 청양군 1:1 수업이 맞는 출발점을 찾아드립니다. 지역과 일정에 따라 1:1 방문수업 또는 화상수업으로 진행하며, 문학·비문학 독해와 문법을 기본으로 학교별… 방식으로 수업하고 있습니다.",학교 내신과 국어 기본기를 함께 준비할 1:1 중등 국어과외 탐색,"핵심 고민은 “문학과 비문학 지문을 감으로 풀거나 문법 개념이 부족하고, 학교 시험의 서술형·수행평가 대비가 어려움”입니다.","문학, 비문학, 문법, 어휘, 학교별 내신, 서술형, 수행평가, 오답관리","지역과 일정에 따라 1:1 방문수업 또는 화상수업으로 진행하며, 문학·비문학 독해와 문법을 기본으로 학교별 내신, 서술형과 수행평가까지 학생의 취약 부분에 맞춰 지도","지문을 근거로 읽고 문제를 해결하는 방법을 익히며, 부족한 영역을 파악해 내신과 고등 국어 학습에 필요한 기본기 강화",코칭형,middle_korean
1404,https://kimstutoring.co.kr,cheongyang-gun-high-korean,publish,ko,충청남도,청양군,국어,고등학생,청양군 고등학생 국어과외,청양군 고등학생 국어과외,"청양군에서 고등학생 국어 과외 수업을 찾고 계신다면 지금 필요한 내용부터 시작할 수 있습니다. 지역과 일정에 따라 1:1 방문수업 또는 화상수업으로 진행하며, 문학과 독서의 지문 분석부터 학교별 내신,… 방식으로 수업하고 있습니다.",내신과 모의고사·수능을 함께 대비할 1:1 고등 국어과외 탐색,"핵심 고민은 “긴 지문의 핵심을 빠르게 파악하기 어렵거나 문학·독서·문법 영역별 편차가 크고, 모의고사에서 시간 관리와…”입니다.","문학, 독서, 화법과 언어, 작문, 학교별 내신, 모의고사, 수능, 취약영역, 오답분석","지역과 일정에 따라 1:1 방문수업 또는 화상수업으로 진행하며, 문학과 독서의 지문 분석부터 학교별 내신, 모의고사와 수능 대비, 취약영역 및 오답분석까지 현재 실력과 목표에 맞춰 지도","지문을 분석하는 기준과 문제 접근 방법을 익히고, 취약영역과 반복되는 오답을 점검하면서 내신·모의고사·수능 학습의 방향을 구체화",전문형,high_korean
1405,https://kimstutoring.co.kr,taean-gun-elementary-english,publish,ko,충청남도,태안군,영어,초등학생,태안군 초등학생 영어과외,태안군 초등학생 영어과외,"태안군에서 초등학생 영어 과외 수업을 찾고 계신다면 지금 필요한 내용부터 시작할 수 있습니다. 지역과 일정에 따라 1:1 방문수업 또는 화상수업으로 진행하며, 기초 어휘와 문장 이해, 읽기 학습을 학생의… 방식으로 수업하고 있습니다.",초등학생 수준에 맞춰 영어 기초와 꾸준한 학습 습관을 기르는 1:1 온라인 과외 찾기,핵심 고민은 “기초 어휘가 부족하고 짧은 문장의 뜻을 이해하거나 꾸준히 읽는 데 어려움이 있음”입니다.,"기초 어휘, 문장 이해, 짧은 글 읽기, 학습 습관","지역과 일정에 따라 1:1 방문수업 또는 화상수업으로 진행하며, 기초 어휘와 문장 이해, 읽기 학습을 학생의 수준과 학습 속도에 맞춰 지도",익숙한 어휘로 짧은 문장의 뜻을 파악하고 스스로 읽고 복습하는 습관 형성,친근형,elementary_english
1406,https://kimstutoring.co.kr,taean-gun-middle-english,publish,ko,충청남도,태안군,영어,중학생,태안군 중학생 영어과외,태안군 중학생 영어과외,"태안군 중학생 영어 과외 수업은 정해진 진도보다 현재 실력과 배우는 이유를 중요하게 봅니다. 지역과 일정에 따라 1:1 방문수업 또는 화상수업으로 진행하며, 어휘·문법·독해를 기본으로 학교별 내신과… 방식으로 수업하고 있습니다.",중학생 영어 문법과 독해를 보완하고 학교별 내신과 서술형 및 수행평가를 준비하는 온라인 과외 찾기,핵심 고민은 “어휘와 문법을 배워도 지문에 적용하기 어렵고 서술형 답안과 수행평가 준비가 막막함”입니다.,"어휘, 문법, 독해, 학교별 내신, 서술형, 수행평가","지역과 일정에 따라 1:1 방문수업 또는 화상수업으로 진행하며, 어휘·문법·독해를 기본으로 학교별 내신과 서술형, 수행평가까지 학생의 취약 부분에 맞춰 지도",문법 근거를 설명하며 지문을 읽고 학교 평가 기준에 맞춰 답안을 작성하는 능력 향상,코칭형,middle_english
1407,https://kimstutoring.co.kr,taean-gun-high-english,publish,ko,충청남도,태안군,영어,고등학생,태안군 고등학생 영어과외,태안군 고등학생 영어과외,"고등학생 영어 과외 공부를 다시 시작하려는 분께 태안군 1:1 수업이 맞는 출발점을 찾아드립니다. 지역과 일정에 따라 1:1 방문수업 또는 화상수업으로 진행하며, 어휘·구문독해부터 학교별 내신, 모의고사와 수능… 방식으로 수업하고 있습니다.",고등학생 영어 내신과 모의고사 및 수능 준비를 현재 수준에 맞춰 병행하는 온라인 과외 찾기,핵심 고민은 “긴 문장의 구조를 파악하기 어렵고 내신과 모의고사 지문을 읽는 데 시간이 오래 걸림”입니다.,"어휘, 구문독해, 학교별 내신, 모의고사, 수능","지역과 일정에 따라 1:1 방문수업 또는 화상수업으로 진행하며, 어휘·구문독해부터 학교별 내신, 모의고사와 수능 대비까지 현재 실력과 목표에 맞춰 지도",복잡한 문장의 구조를 파악하고 지문의 근거를 바탕으로 답을 선택하는 독해 능력 향상,전문형,high_english
1408,https://kimstutoring.co.kr,taean-gun-elementary-math,publish,ko,충청남도,태안군,수학,초등학생,태안군 초등학생 수학과외,태안군 초등학생 수학과외,"태안군 초등학생 수학 과외 수업은 정해진 진도보다 현재 실력과 배우는 이유를 중요하게 봅니다. 지역과 일정에 따라 1:1 방문수업 또는 화상수업으로 진행하며, 연산과 기초개념을 탄탄히 다지고 문제를 이해하는… 방식으로 수업하고 있습니다.",초등학생 수학 연산과 기초개념을 다지고 문제 이해와 풀이 습관을 기르는 온라인 과외 찾기,핵심 고민은 “계산 실수가 반복되고 문장형 문제에서 무엇을 구해야 하는지 파악하기 어려움”입니다.,"연산, 기초개념, 문제 이해, 풀이 습관","지역과 일정에 따라 1:1 방문수업 또는 화상수업으로 진행하며, 연산과 기초개념을 탄탄히 다지고 문제를 이해하는 과정과 올바른 풀이 습관을 학생 수준에 맞춰 지도",계산 과정을 점검하고 문제의 조건을 이해하며 풀이 순서를 정리하는 습관 형성,친근형,elementary_math
1409,https://kimstutoring.co.kr,taean-gun-middle-math,publish,ko,충청남도,태안군,수학,중학생,태안군 중학생 수학과외,태안군 중학생 수학과외,"태안군 중학생 수학 과외 수업은 정해진 진도보다 현재 실력과 배우는 이유를 중요하게 봅니다. 지역과 일정에 따라 1:1 방문수업 또는 화상수업으로 진행하며, 개념 이해와 유형별 문제풀이를 연결하고 학교별… 방식으로 수업하고 있습니다.",중학생 수학 개념과 유형별 문제풀이를 연결하고 내신 및 서술형을 준비하는 온라인 과외 찾기,핵심 고민은 “개념을 외워도 문제 유형이 바뀌면 적용하기 어렵고 같은 오답과 풀이 과정 누락이 반복됨”입니다.,"개념, 유형별 문제풀이, 학교별 내신, 서술형, 오답관리","지역과 일정에 따라 1:1 방문수업 또는 화상수업으로 진행하며, 개념 이해와 유형별 문제풀이를 연결하고 학교별 내신, 서술형, 오답관리까지 취약 단원에 맞춰 지도",문제에 맞는 개념을 선택하고 풀이 근거를 순서대로 쓰며 반복되는 실수를 줄이는 능력 향상,코칭형,middle_math
1410,https://kimstutoring.co.kr,taean-gun-high-math,publish,ko,충청남도,태안군,수학,고등학생,태안군 고등학생 수학과외,태안군 고등학생 수학과외,"태안군에서 배우는 고등학생 수학 과외, 실제로 쓰려는 상황에 맞춰 수업 내용을 정합니다. 지역과 일정에 따라 1:1 방문수업 또는 화상수업으로 진행하며, 개념과 유형별 문제풀이부터 학교별 내신,… 방식으로 수업하고 있습니다.",고등학생 수학 취약단원을 보완하면서 내신과 모의고사 및 수능을 준비하는 온라인 과외 찾기,핵심 고민은 “개념 사이의 연결이 약하고 복합 문제의 접근 방법을 찾기 어려우며 취약단원에서 오답이 반복됨”입니다.,"개념, 유형별 문제풀이, 학교별 내신, 모의고사, 수능, 취약단원, 오답분석","지역과 일정에 따라 1:1 방문수업 또는 화상수업으로 진행하며, 개념과 유형별 문제풀이부터 학교별 내신, 모의고사와 수능 대비, 취약단원 및 오답분석까지 목표에 맞춰 지도",취약단원의 개념을 연결하고 문제 조건에 맞는 풀이 전략을 선택하며 오답 원인을 스스로 설명하는 능력 향상,전문형,high_math
1411,https://kimstutoring.co.kr,taean-gun-elementary-korean,publish,ko,충청남도,태안군,국어,초등학생,태안군 초등학생 국어과외,태안군 초등학생 국어과외,"태안군에서 배우는 초등학생 국어 과외, 실제로 쓰려는 상황에 맞춰 수업 내용을 정합니다. 지역과 일정에 따라 1:1 방문수업 또는 화상수업으로 진행하며, 어휘와 독해를 바탕으로 글의 내용을 이해하고… 방식으로 수업하고 있습니다.",초등학생의 국어 기초와 문해력을 잡아줄 1:1 국어과외 탐색,핵심 고민은 “글을 읽어도 내용을 정확히 이해하지 못하거나 어휘력이 부족해 문제의 뜻을 파악하는 데 어려움”입니다.,"어휘, 독해, 문장 이해, 글의 중심내용 파악, 기초 문해력, 글쓰기, 학습 습관","지역과 일정에 따라 1:1 방문수업 또는 화상수업으로 진행하며, 어휘와 독해를 바탕으로 글의 내용을 이해하고 자신의 생각을 표현하는 힘을 학생의 수준과 학습 속도에 맞춰 지도","글을 읽고 핵심 내용을 파악하는 힘을 기르고, 국어뿐 아니라 다른 과목의 문제를 이해하는 데 필요한 기초 문해력과 학습 습관 형성",친근형,elementary_korean
1412,https://kimstutoring.co.kr,taean-gun-middle-korean,publish,ko,충청남도,태안군,국어,중학생,태안군 중학생 국어과외,태안군 중학생 국어과외,"태안군 중학생 국어 과외 수업은 정해진 진도보다 현재 실력과 배우는 이유를 중요하게 봅니다. 지역과 일정에 따라 1:1 방문수업 또는 화상수업으로 진행하며, 문학·비문학 독해와 문법을 기본으로 학교별… 방식으로 수업하고 있습니다.",학교 내신과 국어 기본기를 함께 준비할 1:1 중등 국어과외 탐색,"핵심 고민은 “문학과 비문학 지문을 감으로 풀거나 문법 개념이 부족하고, 학교 시험의 서술형·수행평가 대비가 어려움”입니다.","문학, 비문학, 문법, 어휘, 학교별 내신, 서술형, 수행평가, 오답관리","지역과 일정에 따라 1:1 방문수업 또는 화상수업으로 진행하며, 문학·비문학 독해와 문법을 기본으로 학교별 내신, 서술형과 수행평가까지 학생의 취약 부분에 맞춰 지도","지문을 근거로 읽고 문제를 해결하는 방법을 익히며, 부족한 영역을 파악해 내신과 고등 국어 학습에 필요한 기본기 강화",코칭형,middle_korean
1413,https://kimstutoring.co.kr,taean-gun-high-korean,publish,ko,충청남도,태안군,국어,고등학생,태안군 고등학생 국어과외,태안군 고등학생 국어과외,"태안군에서 배우는 고등학생 국어 과외, 실제로 쓰려는 상황에 맞춰 수업 내용을 정합니다. 지역과 일정에 따라 1:1 방문수업 또는 화상수업으로 진행하며, 문학과 독서의 지문 분석부터 학교별 내신,… 방식으로 수업하고 있습니다.",내신과 모의고사·수능을 함께 대비할 1:1 고등 국어과외 탐색,"핵심 고민은 “긴 지문의 핵심을 빠르게 파악하기 어렵거나 문학·독서·문법 영역별 편차가 크고, 모의고사에서 시간 관리와…”입니다.","문학, 독서, 화법과 언어, 작문, 학교별 내신, 모의고사, 수능, 취약영역, 오답분석","지역과 일정에 따라 1:1 방문수업 또는 화상수업으로 진행하며, 문학과 독서의 지문 분석부터 학교별 내신, 모의고사와 수능 대비, 취약영역 및 오답분석까지 현재 실력과 목표에 맞춰 지도","지문을 분석하는 기준과 문제 접근 방법을 익히고, 취약영역과 반복되는 오답을 점검하면서 내신·모의고사·수능 학습의 방향을 구체화",전문형,high_korean
1414,https://kimstutoring.co.kr,hongseong-gun-elementary-english,publish,ko,충청남도,홍성군,영어,초등학생,홍성군 초등학생 영어과외,홍성군 초등학생 영어과외,"홍성군 초등학생 영어 과외 수업을 고민 중이라면 잘하는 부분과 보완할 부분을 나누어 시작합니다. 지역과 일정에 따라 1:1 방문수업 또는 화상수업으로 진행하며, 기초 어휘와 문장 이해, 읽기 학습을 학생의… 방식으로 수업하고 있습니다.",초등학생 수준에 맞춰 영어 기초와 꾸준한 학습 습관을 기르는 1:1 온라인 과외 찾기,핵심 고민은 “기초 어휘가 부족하고 짧은 문장의 뜻을 이해하거나 꾸준히 읽는 데 어려움이 있음”입니다.,"기초 어휘, 문장 이해, 짧은 글 읽기, 학습 습관","지역과 일정에 따라 1:1 방문수업 또는 화상수업으로 진행하며, 기초 어휘와 문장 이해, 읽기 학습을 학생의 수준과 학습 속도에 맞춰 지도",익숙한 어휘로 짧은 문장의 뜻을 파악하고 스스로 읽고 복습하는 습관 형성,친근형,elementary_english
1415,https://kimstutoring.co.kr,hongseong-gun-middle-english,publish,ko,충청남도,홍성군,영어,중학생,홍성군 중학생 영어과외,홍성군 중학생 영어과외,"홍성군에서 중학생 영어 과외 실력을 늘리고 싶다면 자주 막히는 부분부터 직접 다뤄봅니다. 지역과 일정에 따라 1:1 방문수업 또는 화상수업으로 진행하며, 어휘·문법·독해를 기본으로 학교별 내신과… 방식으로 수업하고 있습니다.",중학생 영어 문법과 독해를 보완하고 학교별 내신과 서술형 및 수행평가를 준비하는 온라인 과외 찾기,핵심 고민은 “어휘와 문법을 배워도 지문에 적용하기 어렵고 서술형 답안과 수행평가 준비가 막막함”입니다.,"어휘, 문법, 독해, 학교별 내신, 서술형, 수행평가","지역과 일정에 따라 1:1 방문수업 또는 화상수업으로 진행하며, 어휘·문법·독해를 기본으로 학교별 내신과 서술형, 수행평가까지 학생의 취약 부분에 맞춰 지도",문법 근거를 설명하며 지문을 읽고 학교 평가 기준에 맞춰 답안을 작성하는 능력 향상,코칭형,middle_english
1416,https://kimstutoring.co.kr,hongseong-gun-high-english,publish,ko,충청남도,홍성군,영어,고등학생,홍성군 고등학생 영어과외,홍성군 고등학생 영어과외,"홍성군 고등학생 영어 과외 수업을 고민 중이라면 잘하는 부분과 보완할 부분을 나누어 시작합니다. 지역과 일정에 따라 1:1 방문수업 또는 화상수업으로 진행하며, 어휘·구문독해부터 학교별 내신, 모의고사와 수능… 방식으로 수업하고 있습니다.",고등학생 영어 내신과 모의고사 및 수능 준비를 현재 수준에 맞춰 병행하는 온라인 과외 찾기,핵심 고민은 “긴 문장의 구조를 파악하기 어렵고 내신과 모의고사 지문을 읽는 데 시간이 오래 걸림”입니다.,"어휘, 구문독해, 학교별 내신, 모의고사, 수능","지역과 일정에 따라 1:1 방문수업 또는 화상수업으로 진행하며, 어휘·구문독해부터 학교별 내신, 모의고사와 수능 대비까지 현재 실력과 목표에 맞춰 지도",복잡한 문장의 구조를 파악하고 지문의 근거를 바탕으로 답을 선택하는 독해 능력 향상,전문형,high_english
1417,https://kimstutoring.co.kr,hongseong-gun-elementary-math,publish,ko,충청남도,홍성군,수학,초등학생,홍성군 초등학생 수학과외,홍성군 초등학생 수학과외,"홍성군에서 초등학생 수학 과외 실력을 늘리고 싶다면 자주 막히는 부분부터 직접 다뤄봅니다. 지역과 일정에 따라 1:1 방문수업 또는 화상수업으로 진행하며, 연산과 기초개념을 탄탄히 다지고 문제를 이해하는… 방식으로 수업하고 있습니다.",초등학생 수학 연산과 기초개념을 다지고 문제 이해와 풀이 습관을 기르는 온라인 과외 찾기,핵심 고민은 “계산 실수가 반복되고 문장형 문제에서 무엇을 구해야 하는지 파악하기 어려움”입니다.,"연산, 기초개념, 문제 이해, 풀이 습관","지역과 일정에 따라 1:1 방문수업 또는 화상수업으로 진행하며, 연산과 기초개념을 탄탄히 다지고 문제를 이해하는 과정과 올바른 풀이 습관을 학생 수준에 맞춰 지도",계산 과정을 점검하고 문제의 조건을 이해하며 풀이 순서를 정리하는 습관 형성,친근형,elementary_math
1418,https://kimstutoring.co.kr,hongseong-gun-middle-math,publish,ko,충청남도,홍성군,수학,중학생,홍성군 중학생 수학과외,홍성군 중학생 수학과외,"홍성군에서 중학생 수학 과외 실력을 늘리고 싶다면 자주 막히는 부분부터 직접 다뤄봅니다. 지역과 일정에 따라 1:1 방문수업 또는 화상수업으로 진행하며, 개념 이해와 유형별 문제풀이를 연결하고 학교별… 방식으로 수업하고 있습니다.",중학생 수학 개념과 유형별 문제풀이를 연결하고 내신 및 서술형을 준비하는 온라인 과외 찾기,핵심 고민은 “개념을 외워도 문제 유형이 바뀌면 적용하기 어렵고 같은 오답과 풀이 과정 누락이 반복됨”입니다.,"개념, 유형별 문제풀이, 학교별 내신, 서술형, 오답관리","지역과 일정에 따라 1:1 방문수업 또는 화상수업으로 진행하며, 개념 이해와 유형별 문제풀이를 연결하고 학교별 내신, 서술형, 오답관리까지 취약 단원에 맞춰 지도",문제에 맞는 개념을 선택하고 풀이 근거를 순서대로 쓰며 반복되는 실수를 줄이는 능력 향상,코칭형,middle_math
1419,https://kimstutoring.co.kr,hongseong-gun-high-math,publish,ko,충청남도,홍성군,수학,고등학생,홍성군 고등학생 수학과외,홍성군 고등학생 수학과외,"고등학생 수학 과외 때문에 고민이 있다면 홍성군 수업에서 지금 필요한 연습부터 함께 해볼 수 있습니다. 지역과 일정에 따라 1:1 방문수업 또는 화상수업으로 진행하며, 개념과 유형별 문제풀이부터 학교별 내신,… 방식으로 수업하고 있습니다.",고등학생 수학 취약단원을 보완하면서 내신과 모의고사 및 수능을 준비하는 온라인 과외 찾기,핵심 고민은 “개념 사이의 연결이 약하고 복합 문제의 접근 방법을 찾기 어려우며 취약단원에서 오답이 반복됨”입니다.,"개념, 유형별 문제풀이, 학교별 내신, 모의고사, 수능, 취약단원, 오답분석","지역과 일정에 따라 1:1 방문수업 또는 화상수업으로 진행하며, 개념과 유형별 문제풀이부터 학교별 내신, 모의고사와 수능 대비, 취약단원 및 오답분석까지 목표에 맞춰 지도",취약단원의 개념을 연결하고 문제 조건에 맞는 풀이 전략을 선택하며 오답 원인을 스스로 설명하는 능력 향상,전문형,high_math
1420,https://kimstutoring.co.kr,hongseong-gun-elementary-korean,publish,ko,충청남도,홍성군,국어,초등학생,홍성군 초등학생 국어과외,홍성군 초등학생 국어과외,"초등학생 국어 과외 때문에 고민이 있다면 홍성군 수업에서 지금 필요한 연습부터 함께 해볼 수 있습니다. 지역과 일정에 따라 1:1 방문수업 또는 화상수업으로 진행하며, 어휘와 독해를 바탕으로 글의 내용을 이해하고… 방식으로 수업하고 있습니다.",초등학생의 국어 기초와 문해력을 잡아줄 1:1 국어과외 탐색,핵심 고민은 “글을 읽어도 내용을 정확히 이해하지 못하거나 어휘력이 부족해 문제의 뜻을 파악하는 데 어려움”입니다.,"어휘, 독해, 문장 이해, 글의 중심내용 파악, 기초 문해력, 글쓰기, 학습 습관","지역과 일정에 따라 1:1 방문수업 또는 화상수업으로 진행하며, 어휘와 독해를 바탕으로 글의 내용을 이해하고 자신의 생각을 표현하는 힘을 학생의 수준과 학습 속도에 맞춰 지도","글을 읽고 핵심 내용을 파악하는 힘을 기르고, 국어뿐 아니라 다른 과목의 문제를 이해하는 데 필요한 기초 문해력과 학습 습관 형성",친근형,elementary_korean
1421,https://kimstutoring.co.kr,hongseong-gun-middle-korean,publish,ko,충청남도,홍성군,국어,중학생,홍성군 중학생 국어과외,홍성군 중학생 국어과외,"홍성군에서 중학생 국어 과외 실력을 늘리고 싶다면 자주 막히는 부분부터 직접 다뤄봅니다. 지역과 일정에 따라 1:1 방문수업 또는 화상수업으로 진행하며, 문학·비문학 독해와 문법을 기본으로 학교별… 방식으로 수업하고 있습니다.",학교 내신과 국어 기본기를 함께 준비할 1:1 중등 국어과외 탐색,"핵심 고민은 “문학과 비문학 지문을 감으로 풀거나 문법 개념이 부족하고, 학교 시험의 서술형·수행평가 대비가 어려움”입니다.","문학, 비문학, 문법, 어휘, 학교별 내신, 서술형, 수행평가, 오답관리","지역과 일정에 따라 1:1 방문수업 또는 화상수업으로 진행하며, 문학·비문학 독해와 문법을 기본으로 학교별 내신, 서술형과 수행평가까지 학생의 취약 부분에 맞춰 지도","지문을 근거로 읽고 문제를 해결하는 방법을 익히며, 부족한 영역을 파악해 내신과 고등 국어 학습에 필요한 기본기 강화",코칭형,middle_korean
1422,https://kimstutoring.co.kr,hongseong-gun-high-korean,publish,ko,충청남도,홍성군,국어,고등학생,홍성군 고등학생 국어과외,홍성군 고등학생 국어과외,"고등학생 국어 과외 때문에 고민이 있다면 홍성군 수업에서 지금 필요한 연습부터 함께 해볼 수 있습니다. 지역과 일정에 따라 1:1 방문수업 또는 화상수업으로 진행하며, 문학과 독서의 지문 분석부터 학교별 내신,… 방식으로 수업하고 있습니다.",내신과 모의고사·수능을 함께 대비할 1:1 고등 국어과외 탐색,"핵심 고민은 “긴 지문의 핵심을 빠르게 파악하기 어렵거나 문학·독서·문법 영역별 편차가 크고, 모의고사에서 시간 관리와…”입니다.","문학, 독서, 화법과 언어, 작문, 학교별 내신, 모의고사, 수능, 취약영역, 오답분석","지역과 일정에 따라 1:1 방문수업 또는 화상수업으로 진행하며, 문학과 독서의 지문 분석부터 학교별 내신, 모의고사와 수능 대비, 취약영역 및 오답분석까지 현재 실력과 목표에 맞춰 지도","지문을 분석하는 기준과 문제 접근 방법을 익히고, 취약영역과 반복되는 오답을 점검하면서 내신·모의고사·수능 학습의 방향을 구체화",전문형,high_korean
1423,https://kimstutoring.co.kr,goesan-gun-elementary-english,publish,ko,충청북도,괴산군,영어,초등학생,괴산군 초등학생 영어과외,괴산군 초등학생 영어과외,"괴산군 초등학생 영어 과외 수업은 정해진 진도보다 현재 실력과 배우는 이유를 중요하게 봅니다. 지역과 일정에 따라 1:1 방문수업 또는 화상수업으로 진행하며, 기초 어휘와 문장 이해, 읽기 학습을 학생의… 방식으로 수업하고 있습니다.",초등학생 수준에 맞춰 영어 기초와 꾸준한 학습 습관을 기르는 1:1 온라인 과외 찾기,핵심 고민은 “기초 어휘가 부족하고 짧은 문장의 뜻을 이해하거나 꾸준히 읽는 데 어려움이 있음”입니다.,"기초 어휘, 문장 이해, 짧은 글 읽기, 학습 습관","지역과 일정에 따라 1:1 방문수업 또는 화상수업으로 진행하며, 기초 어휘와 문장 이해, 읽기 학습을 학생의 수준과 학습 속도에 맞춰 지도",익숙한 어휘로 짧은 문장의 뜻을 파악하고 스스로 읽고 복습하는 습관 형성,친근형,elementary_english
1424,https://kimstutoring.co.kr,goesan-gun-middle-english,publish,ko,충청북도,괴산군,영어,중학생,괴산군 중학생 영어과외,괴산군 중학생 영어과외,"중학생 영어 과외 공부를 다시 시작하려는 분께 괴산군 1:1 수업이 맞는 출발점을 찾아드립니다. 지역과 일정에 따라 1:1 방문수업 또는 화상수업으로 진행하며, 어휘·문법·독해를 기본으로 학교별 내신과… 방식으로 수업하고 있습니다.",중학생 영어 문법과 독해를 보완하고 학교별 내신과 서술형 및 수행평가를 준비하는 온라인 과외 찾기,핵심 고민은 “어휘와 문법을 배워도 지문에 적용하기 어렵고 서술형 답안과 수행평가 준비가 막막함”입니다.,"어휘, 문법, 독해, 학교별 내신, 서술형, 수행평가","지역과 일정에 따라 1:1 방문수업 또는 화상수업으로 진행하며, 어휘·문법·독해를 기본으로 학교별 내신과 서술형, 수행평가까지 학생의 취약 부분에 맞춰 지도",문법 근거를 설명하며 지문을 읽고 학교 평가 기준에 맞춰 답안을 작성하는 능력 향상,코칭형,middle_english
1425,https://kimstutoring.co.kr,goesan-gun-high-english,publish,ko,충청북도,괴산군,영어,고등학생,괴산군 고등학생 영어과외,괴산군 고등학생 영어과외,"괴산군에서 배우는 고등학생 영어 과외, 실제로 쓰려는 상황에 맞춰 수업 내용을 정합니다. 지역과 일정에 따라 1:1 방문수업 또는 화상수업으로 진행하며, 어휘·구문독해부터 학교별 내신, 모의고사와 수능… 방식으로 수업하고 있습니다.",고등학생 영어 내신과 모의고사 및 수능 준비를 현재 수준에 맞춰 병행하는 온라인 과외 찾기,핵심 고민은 “긴 문장의 구조를 파악하기 어렵고 내신과 모의고사 지문을 읽는 데 시간이 오래 걸림”입니다.,"어휘, 구문독해, 학교별 내신, 모의고사, 수능","지역과 일정에 따라 1:1 방문수업 또는 화상수업으로 진행하며, 어휘·구문독해부터 학교별 내신, 모의고사와 수능 대비까지 현재 실력과 목표에 맞춰 지도",복잡한 문장의 구조를 파악하고 지문의 근거를 바탕으로 답을 선택하는 독해 능력 향상,전문형,high_english
1426,https://kimstutoring.co.kr,goesan-gun-elementary-math,publish,ko,충청북도,괴산군,수학,초등학생,괴산군 초등학생 수학과외,괴산군 초등학생 수학과외,"초등학생 수학 과외 공부를 다시 시작하려는 분께 괴산군 1:1 수업이 맞는 출발점을 찾아드립니다. 지역과 일정에 따라 1:1 방문수업 또는 화상수업으로 진행하며, 연산과 기초개념을 탄탄히 다지고 문제를 이해하는… 방식으로 수업하고 있습니다.",초등학생 수학 연산과 기초개념을 다지고 문제 이해와 풀이 습관을 기르는 온라인 과외 찾기,핵심 고민은 “계산 실수가 반복되고 문장형 문제에서 무엇을 구해야 하는지 파악하기 어려움”입니다.,"연산, 기초개념, 문제 이해, 풀이 습관","지역과 일정에 따라 1:1 방문수업 또는 화상수업으로 진행하며, 연산과 기초개념을 탄탄히 다지고 문제를 이해하는 과정과 올바른 풀이 습관을 학생 수준에 맞춰 지도",계산 과정을 점검하고 문제의 조건을 이해하며 풀이 순서를 정리하는 습관 형성,친근형,elementary_math
1427,https://kimstutoring.co.kr,goesan-gun-middle-math,publish,ko,충청북도,괴산군,수학,중학생,괴산군 중학생 수학과외,괴산군 중학생 수학과외,"중학생 수학 과외 공부를 다시 시작하려는 분께 괴산군 1:1 수업이 맞는 출발점을 찾아드립니다. 지역과 일정에 따라 1:1 방문수업 또는 화상수업으로 진행하며, 개념 이해와 유형별 문제풀이를 연결하고 학교별… 방식으로 수업하고 있습니다.",중학생 수학 개념과 유형별 문제풀이를 연결하고 내신 및 서술형을 준비하는 온라인 과외 찾기,핵심 고민은 “개념을 외워도 문제 유형이 바뀌면 적용하기 어렵고 같은 오답과 풀이 과정 누락이 반복됨”입니다.,"개념, 유형별 문제풀이, 학교별 내신, 서술형, 오답관리","지역과 일정에 따라 1:1 방문수업 또는 화상수업으로 진행하며, 개념 이해와 유형별 문제풀이를 연결하고 학교별 내신, 서술형, 오답관리까지 취약 단원에 맞춰 지도",문제에 맞는 개념을 선택하고 풀이 근거를 순서대로 쓰며 반복되는 실수를 줄이는 능력 향상,코칭형,middle_math
1428,https://kimstutoring.co.kr,goesan-gun-high-math,publish,ko,충청북도,괴산군,수학,고등학생,괴산군 고등학생 수학과외,괴산군 고등학생 수학과외,"괴산군에서 고등학생 수학 과외 수업을 찾고 계신다면 지금 필요한 내용부터 시작할 수 있습니다. 지역과 일정에 따라 1:1 방문수업 또는 화상수업으로 진행하며, 개념과 유형별 문제풀이부터 학교별 내신,… 방식으로 수업하고 있습니다.",고등학생 수학 취약단원을 보완하면서 내신과 모의고사 및 수능을 준비하는 온라인 과외 찾기,핵심 고민은 “개념 사이의 연결이 약하고 복합 문제의 접근 방법을 찾기 어려우며 취약단원에서 오답이 반복됨”입니다.,"개념, 유형별 문제풀이, 학교별 내신, 모의고사, 수능, 취약단원, 오답분석","지역과 일정에 따라 1:1 방문수업 또는 화상수업으로 진행하며, 개념과 유형별 문제풀이부터 학교별 내신, 모의고사와 수능 대비, 취약단원 및 오답분석까지 목표에 맞춰 지도",취약단원의 개념을 연결하고 문제 조건에 맞는 풀이 전략을 선택하며 오답 원인을 스스로 설명하는 능력 향상,전문형,high_math
1429,https://kimstutoring.co.kr,goesan-gun-elementary-korean,publish,ko,충청북도,괴산군,국어,초등학생,괴산군 초등학생 국어과외,괴산군 초등학생 국어과외,"괴산군에서 초등학생 국어 과외 수업을 찾고 계신다면 지금 필요한 내용부터 시작할 수 있습니다. 지역과 일정에 따라 1:1 방문수업 또는 화상수업으로 진행하며, 어휘와 독해를 바탕으로 글의 내용을 이해하고… 방식으로 수업하고 있습니다.",초등학생의 국어 기초와 문해력을 잡아줄 1:1 국어과외 탐색,핵심 고민은 “글을 읽어도 내용을 정확히 이해하지 못하거나 어휘력이 부족해 문제의 뜻을 파악하는 데 어려움”입니다.,"어휘, 독해, 문장 이해, 글의 중심내용 파악, 기초 문해력, 글쓰기, 학습 습관","지역과 일정에 따라 1:1 방문수업 또는 화상수업으로 진행하며, 어휘와 독해를 바탕으로 글의 내용을 이해하고 자신의 생각을 표현하는 힘을 학생의 수준과 학습 속도에 맞춰 지도","글을 읽고 핵심 내용을 파악하는 힘을 기르고, 국어뿐 아니라 다른 과목의 문제를 이해하는 데 필요한 기초 문해력과 학습 습관 형성",친근형,elementary_korean
1430,https://kimstutoring.co.kr,goesan-gun-middle-korean,publish,ko,충청북도,괴산군,국어,중학생,괴산군 중학생 국어과외,괴산군 중학생 국어과외,"중학생 국어 과외 공부를 다시 시작하려는 분께 괴산군 1:1 수업이 맞는 출발점을 찾아드립니다. 지역과 일정에 따라 1:1 방문수업 또는 화상수업으로 진행하며, 문학·비문학 독해와 문법을 기본으로 학교별… 방식으로 수업하고 있습니다.",학교 내신과 국어 기본기를 함께 준비할 1:1 중등 국어과외 탐색,"핵심 고민은 “문학과 비문학 지문을 감으로 풀거나 문법 개념이 부족하고, 학교 시험의 서술형·수행평가 대비가 어려움”입니다.","문학, 비문학, 문법, 어휘, 학교별 내신, 서술형, 수행평가, 오답관리","지역과 일정에 따라 1:1 방문수업 또는 화상수업으로 진행하며, 문학·비문학 독해와 문법을 기본으로 학교별 내신, 서술형과 수행평가까지 학생의 취약 부분에 맞춰 지도","지문을 근거로 읽고 문제를 해결하는 방법을 익히며, 부족한 영역을 파악해 내신과 고등 국어 학습에 필요한 기본기 강화",코칭형,middle_korean
1431,https://kimstutoring.co.kr,goesan-gun-high-korean,publish,ko,충청북도,괴산군,국어,고등학생,괴산군 고등학생 국어과외,괴산군 고등학생 국어과외,"괴산군에서 고등학생 국어 과외 수업을 찾고 계신다면 지금 필요한 내용부터 시작할 수 있습니다. 지역과 일정에 따라 1:1 방문수업 또는 화상수업으로 진행하며, 문학과 독서의 지문 분석부터 학교별 내신,… 방식으로 수업하고 있습니다.",내신과 모의고사·수능을 함께 대비할 1:1 고등 국어과외 탐색,"핵심 고민은 “긴 지문의 핵심을 빠르게 파악하기 어렵거나 문학·독서·문법 영역별 편차가 크고, 모의고사에서 시간 관리와…”입니다.","문학, 독서, 화법과 언어, 작문, 학교별 내신, 모의고사, 수능, 취약영역, 오답분석","지역과 일정에 따라 1:1 방문수업 또는 화상수업으로 진행하며, 문학과 독서의 지문 분석부터 학교별 내신, 모의고사와 수능 대비, 취약영역 및 오답분석까지 현재 실력과 목표에 맞춰 지도","지문을 분석하는 기준과 문제 접근 방법을 익히고, 취약영역과 반복되는 오답을 점검하면서 내신·모의고사·수능 학습의 방향을 구체화",전문형,high_korean
1432,https://kimstutoring.co.kr,danyang-gun-elementary-english,publish,ko,충청북도,단양군,영어,초등학생,단양군 초등학생 영어과외,단양군 초등학생 영어과외,"단양군에서 초등학생 영어 과외 실력을 늘리고 싶다면 자주 막히는 부분부터 직접 다뤄봅니다. 지역과 일정에 따라 1:1 방문수업 또는 화상수업으로 진행하며, 기초 어휘와 문장 이해, 읽기 학습을 학생의… 방식으로 수업하고 있습니다.",초등학생 수준에 맞춰 영어 기초와 꾸준한 학습 습관을 기르는 1:1 온라인 과외 찾기,핵심 고민은 “기초 어휘가 부족하고 짧은 문장의 뜻을 이해하거나 꾸준히 읽는 데 어려움이 있음”입니다.,"기초 어휘, 문장 이해, 짧은 글 읽기, 학습 습관","지역과 일정에 따라 1:1 방문수업 또는 화상수업으로 진행하며, 기초 어휘와 문장 이해, 읽기 학습을 학생의 수준과 학습 속도에 맞춰 지도",익숙한 어휘로 짧은 문장의 뜻을 파악하고 스스로 읽고 복습하는 습관 형성,친근형,elementary_english
1433,https://kimstutoring.co.kr,danyang-gun-middle-english,publish,ko,충청북도,단양군,영어,중학생,단양군 중학생 영어과외,단양군 중학생 영어과외,"중학생 영어 과외 공부를 처음 시작한다면 단양군에서도 기초부터 1:1로 배울 수 있습니다. 지역과 일정에 따라 1:1 방문수업 또는 화상수업으로 진행하며, 어휘·문법·독해를 기본으로 학교별 내신과… 방식으로 수업하고 있습니다.",중학생 영어 문법과 독해를 보완하고 학교별 내신과 서술형 및 수행평가를 준비하는 온라인 과외 찾기,핵심 고민은 “어휘와 문법을 배워도 지문에 적용하기 어렵고 서술형 답안과 수행평가 준비가 막막함”입니다.,"어휘, 문법, 독해, 학교별 내신, 서술형, 수행평가","지역과 일정에 따라 1:1 방문수업 또는 화상수업으로 진행하며, 어휘·문법·독해를 기본으로 학교별 내신과 서술형, 수행평가까지 학생의 취약 부분에 맞춰 지도",문법 근거를 설명하며 지문을 읽고 학교 평가 기준에 맞춰 답안을 작성하는 능력 향상,코칭형,middle_english
1434,https://kimstutoring.co.kr,danyang-gun-high-english,publish,ko,충청북도,단양군,영어,고등학생,단양군 고등학생 영어과외,단양군 고등학생 영어과외,"단양군에서 고등학생 영어 과외 실력을 늘리고 싶다면 자주 막히는 부분부터 직접 다뤄봅니다. 지역과 일정에 따라 1:1 방문수업 또는 화상수업으로 진행하며, 어휘·구문독해부터 학교별 내신, 모의고사와 수능… 방식으로 수업하고 있습니다.",고등학생 영어 내신과 모의고사 및 수능 준비를 현재 수준에 맞춰 병행하는 온라인 과외 찾기,핵심 고민은 “긴 문장의 구조를 파악하기 어렵고 내신과 모의고사 지문을 읽는 데 시간이 오래 걸림”입니다.,"어휘, 구문독해, 학교별 내신, 모의고사, 수능","지역과 일정에 따라 1:1 방문수업 또는 화상수업으로 진행하며, 어휘·구문독해부터 학교별 내신, 모의고사와 수능 대비까지 현재 실력과 목표에 맞춰 지도",복잡한 문장의 구조를 파악하고 지문의 근거를 바탕으로 답을 선택하는 독해 능력 향상,전문형,high_english
1435,https://kimstutoring.co.kr,danyang-gun-elementary-math,publish,ko,충청북도,단양군,수학,초등학생,단양군 초등학생 수학과외,단양군 초등학생 수학과외,"초등학생 수학 과외 공부를 처음 시작한다면 단양군에서도 기초부터 1:1로 배울 수 있습니다. 지역과 일정에 따라 1:1 방문수업 또는 화상수업으로 진행하며, 연산과 기초개념을 탄탄히 다지고 문제를 이해하는… 방식으로 수업하고 있습니다.",초등학생 수학 연산과 기초개념을 다지고 문제 이해와 풀이 습관을 기르는 온라인 과외 찾기,핵심 고민은 “계산 실수가 반복되고 문장형 문제에서 무엇을 구해야 하는지 파악하기 어려움”입니다.,"연산, 기초개념, 문제 이해, 풀이 습관","지역과 일정에 따라 1:1 방문수업 또는 화상수업으로 진행하며, 연산과 기초개념을 탄탄히 다지고 문제를 이해하는 과정과 올바른 풀이 습관을 학생 수준에 맞춰 지도",계산 과정을 점검하고 문제의 조건을 이해하며 풀이 순서를 정리하는 습관 형성,친근형,elementary_math
1436,https://kimstutoring.co.kr,danyang-gun-middle-math,publish,ko,충청북도,단양군,수학,중학생,단양군 중학생 수학과외,단양군 중학생 수학과외,"중학생 수학 과외 공부를 처음 시작한다면 단양군에서도 기초부터 1:1로 배울 수 있습니다. 지역과 일정에 따라 1:1 방문수업 또는 화상수업으로 진행하며, 개념 이해와 유형별 문제풀이를 연결하고 학교별… 방식으로 수업하고 있습니다.",중학생 수학 개념과 유형별 문제풀이를 연결하고 내신 및 서술형을 준비하는 온라인 과외 찾기,핵심 고민은 “개념을 외워도 문제 유형이 바뀌면 적용하기 어렵고 같은 오답과 풀이 과정 누락이 반복됨”입니다.,"개념, 유형별 문제풀이, 학교별 내신, 서술형, 오답관리","지역과 일정에 따라 1:1 방문수업 또는 화상수업으로 진행하며, 개념 이해와 유형별 문제풀이를 연결하고 학교별 내신, 서술형, 오답관리까지 취약 단원에 맞춰 지도",문제에 맞는 개념을 선택하고 풀이 근거를 순서대로 쓰며 반복되는 실수를 줄이는 능력 향상,코칭형,middle_math
1437,https://kimstutoring.co.kr,danyang-gun-high-math,publish,ko,충청북도,단양군,수학,고등학생,단양군 고등학생 수학과외,단양군 고등학생 수학과외,"단양군 고등학생 수학 과외 수업을 고민 중이라면 잘하는 부분과 보완할 부분을 나누어 시작합니다. 지역과 일정에 따라 1:1 방문수업 또는 화상수업으로 진행하며, 개념과 유형별 문제풀이부터 학교별 내신,… 방식으로 수업하고 있습니다.",고등학생 수학 취약단원을 보완하면서 내신과 모의고사 및 수능을 준비하는 온라인 과외 찾기,핵심 고민은 “개념 사이의 연결이 약하고 복합 문제의 접근 방법을 찾기 어려우며 취약단원에서 오답이 반복됨”입니다.,"개념, 유형별 문제풀이, 학교별 내신, 모의고사, 수능, 취약단원, 오답분석","지역과 일정에 따라 1:1 방문수업 또는 화상수업으로 진행하며, 개념과 유형별 문제풀이부터 학교별 내신, 모의고사와 수능 대비, 취약단원 및 오답분석까지 목표에 맞춰 지도",취약단원의 개념을 연결하고 문제 조건에 맞는 풀이 전략을 선택하며 오답 원인을 스스로 설명하는 능력 향상,전문형,high_math
1438,https://kimstutoring.co.kr,danyang-gun-elementary-korean,publish,ko,충청북도,단양군,국어,초등학생,단양군 초등학생 국어과외,단양군 초등학생 국어과외,"단양군 초등학생 국어 과외 수업을 고민 중이라면 잘하는 부분과 보완할 부분을 나누어 시작합니다. 지역과 일정에 따라 1:1 방문수업 또는 화상수업으로 진행하며, 어휘와 독해를 바탕으로 글의 내용을 이해하고… 방식으로 수업하고 있습니다.",초등학생의 국어 기초와 문해력을 잡아줄 1:1 국어과외 탐색,핵심 고민은 “글을 읽어도 내용을 정확히 이해하지 못하거나 어휘력이 부족해 문제의 뜻을 파악하는 데 어려움”입니다.,"어휘, 독해, 문장 이해, 글의 중심내용 파악, 기초 문해력, 글쓰기, 학습 습관","지역과 일정에 따라 1:1 방문수업 또는 화상수업으로 진행하며, 어휘와 독해를 바탕으로 글의 내용을 이해하고 자신의 생각을 표현하는 힘을 학생의 수준과 학습 속도에 맞춰 지도","글을 읽고 핵심 내용을 파악하는 힘을 기르고, 국어뿐 아니라 다른 과목의 문제를 이해하는 데 필요한 기초 문해력과 학습 습관 형성",친근형,elementary_korean
1439,https://kimstutoring.co.kr,danyang-gun-middle-korean,publish,ko,충청북도,단양군,국어,중학생,단양군 중학생 국어과외,단양군 중학생 국어과외,"중학생 국어 과외 공부를 처음 시작한다면 단양군에서도 기초부터 1:1로 배울 수 있습니다. 지역과 일정에 따라 1:1 방문수업 또는 화상수업으로 진행하며, 문학·비문학 독해와 문법을 기본으로 학교별… 방식으로 수업하고 있습니다.",학교 내신과 국어 기본기를 함께 준비할 1:1 중등 국어과외 탐색,"핵심 고민은 “문학과 비문학 지문을 감으로 풀거나 문법 개념이 부족하고, 학교 시험의 서술형·수행평가 대비가 어려움”입니다.","문학, 비문학, 문법, 어휘, 학교별 내신, 서술형, 수행평가, 오답관리","지역과 일정에 따라 1:1 방문수업 또는 화상수업으로 진행하며, 문학·비문학 독해와 문법을 기본으로 학교별 내신, 서술형과 수행평가까지 학생의 취약 부분에 맞춰 지도","지문을 근거로 읽고 문제를 해결하는 방법을 익히며, 부족한 영역을 파악해 내신과 고등 국어 학습에 필요한 기본기 강화",코칭형,middle_korean
1440,https://kimstutoring.co.kr,danyang-gun-high-korean,publish,ko,충청북도,단양군,국어,고등학생,단양군 고등학생 국어과외,단양군 고등학생 국어과외,"단양군 고등학생 국어 과외 수업을 고민 중이라면 잘하는 부분과 보완할 부분을 나누어 시작합니다. 지역과 일정에 따라 1:1 방문수업 또는 화상수업으로 진행하며, 문학과 독서의 지문 분석부터 학교별 내신,… 방식으로 수업하고 있습니다.",내신과 모의고사·수능을 함께 대비할 1:1 고등 국어과외 탐색,"핵심 고민은 “긴 지문의 핵심을 빠르게 파악하기 어렵거나 문학·독서·문법 영역별 편차가 크고, 모의고사에서 시간 관리와…”입니다.","문학, 독서, 화법과 언어, 작문, 학교별 내신, 모의고사, 수능, 취약영역, 오답분석","지역과 일정에 따라 1:1 방문수업 또는 화상수업으로 진행하며, 문학과 독서의 지문 분석부터 학교별 내신, 모의고사와 수능 대비, 취약영역 및 오답분석까지 현재 실력과 목표에 맞춰 지도","지문을 분석하는 기준과 문제 접근 방법을 익히고, 취약영역과 반복되는 오답을 점검하면서 내신·모의고사·수능 학습의 방향을 구체화",전문형,high_korean
1441,https://kimstutoring.co.kr,boeun-gun-elementary-english,publish,ko,충청북도,보은군,영어,초등학생,보은군 초등학생 영어과외,보은군 초등학생 영어과외,"초등학생 영어 과외 공부를 다시 시작하려는 분께 보은군 1:1 수업이 맞는 출발점을 찾아드립니다. 지역과 일정에 따라 1:1 방문수업 또는 화상수업으로 진행하며, 기초 어휘와 문장 이해, 읽기 학습을 학생의… 방식으로 수업하고 있습니다.",초등학생 수준에 맞춰 영어 기초와 꾸준한 학습 습관을 기르는 1:1 온라인 과외 찾기,핵심 고민은 “기초 어휘가 부족하고 짧은 문장의 뜻을 이해하거나 꾸준히 읽는 데 어려움이 있음”입니다.,"기초 어휘, 문장 이해, 짧은 글 읽기, 학습 습관","지역과 일정에 따라 1:1 방문수업 또는 화상수업으로 진행하며, 기초 어휘와 문장 이해, 읽기 학습을 학생의 수준과 학습 속도에 맞춰 지도",익숙한 어휘로 짧은 문장의 뜻을 파악하고 스스로 읽고 복습하는 습관 형성,친근형,elementary_english
1442,https://kimstutoring.co.kr,boeun-gun-middle-english,publish,ko,충청북도,보은군,영어,중학생,보은군 중학생 영어과외,보은군 중학생 영어과외,"보은군에서 배우는 중학생 영어 과외, 실제로 쓰려는 상황에 맞춰 수업 내용을 정합니다. 지역과 일정에 따라 1:1 방문수업 또는 화상수업으로 진행하며, 어휘·문법·독해를 기본으로 학교별 내신과… 방식으로 수업하고 있습니다.",중학생 영어 문법과 독해를 보완하고 학교별 내신과 서술형 및 수행평가를 준비하는 온라인 과외 찾기,핵심 고민은 “어휘와 문법을 배워도 지문에 적용하기 어렵고 서술형 답안과 수행평가 준비가 막막함”입니다.,"어휘, 문법, 독해, 학교별 내신, 서술형, 수행평가","지역과 일정에 따라 1:1 방문수업 또는 화상수업으로 진행하며, 어휘·문법·독해를 기본으로 학교별 내신과 서술형, 수행평가까지 학생의 취약 부분에 맞춰 지도",문법 근거를 설명하며 지문을 읽고 학교 평가 기준에 맞춰 답안을 작성하는 능력 향상,코칭형,middle_english
1443,https://kimstutoring.co.kr,boeun-gun-high-english,publish,ko,충청북도,보은군,영어,고등학생,보은군 고등학생 영어과외,보은군 고등학생 영어과외,"보은군에서 고등학생 영어 과외 수업을 찾고 계신다면 지금 필요한 내용부터 시작할 수 있습니다. 지역과 일정에 따라 1:1 방문수업 또는 화상수업으로 진행하며, 어휘·구문독해부터 학교별 내신, 모의고사와 수능… 방식으로 수업하고 있습니다.",고등학생 영어 내신과 모의고사 및 수능 준비를 현재 수준에 맞춰 병행하는 온라인 과외 찾기,핵심 고민은 “긴 문장의 구조를 파악하기 어렵고 내신과 모의고사 지문을 읽는 데 시간이 오래 걸림”입니다.,"어휘, 구문독해, 학교별 내신, 모의고사, 수능","지역과 일정에 따라 1:1 방문수업 또는 화상수업으로 진행하며, 어휘·구문독해부터 학교별 내신, 모의고사와 수능 대비까지 현재 실력과 목표에 맞춰 지도",복잡한 문장의 구조를 파악하고 지문의 근거를 바탕으로 답을 선택하는 독해 능력 향상,전문형,high_english
1444,https://kimstutoring.co.kr,boeun-gun-elementary-math,publish,ko,충청북도,보은군,수학,초등학생,보은군 초등학생 수학과외,보은군 초등학생 수학과외,"보은군에서 배우는 초등학생 수학 과외, 실제로 쓰려는 상황에 맞춰 수업 내용을 정합니다. 지역과 일정에 따라 1:1 방문수업 또는 화상수업으로 진행하며, 연산과 기초개념을 탄탄히 다지고 문제를 이해하는… 방식으로 수업하고 있습니다.",초등학생 수학 연산과 기초개념을 다지고 문제 이해와 풀이 습관을 기르는 온라인 과외 찾기,핵심 고민은 “계산 실수가 반복되고 문장형 문제에서 무엇을 구해야 하는지 파악하기 어려움”입니다.,"연산, 기초개념, 문제 이해, 풀이 습관","지역과 일정에 따라 1:1 방문수업 또는 화상수업으로 진행하며, 연산과 기초개념을 탄탄히 다지고 문제를 이해하는 과정과 올바른 풀이 습관을 학생 수준에 맞춰 지도",계산 과정을 점검하고 문제의 조건을 이해하며 풀이 순서를 정리하는 습관 형성,친근형,elementary_math
1445,https://kimstutoring.co.kr,boeun-gun-middle-math,publish,ko,충청북도,보은군,수학,중학생,보은군 중학생 수학과외,보은군 중학생 수학과외,"보은군에서 배우는 중학생 수학 과외, 실제로 쓰려는 상황에 맞춰 수업 내용을 정합니다. 지역과 일정에 따라 1:1 방문수업 또는 화상수업으로 진행하며, 개념 이해와 유형별 문제풀이를 연결하고 학교별… 방식으로 수업하고 있습니다.",중학생 수학 개념과 유형별 문제풀이를 연결하고 내신 및 서술형을 준비하는 온라인 과외 찾기,핵심 고민은 “개념을 외워도 문제 유형이 바뀌면 적용하기 어렵고 같은 오답과 풀이 과정 누락이 반복됨”입니다.,"개념, 유형별 문제풀이, 학교별 내신, 서술형, 오답관리","지역과 일정에 따라 1:1 방문수업 또는 화상수업으로 진행하며, 개념 이해와 유형별 문제풀이를 연결하고 학교별 내신, 서술형, 오답관리까지 취약 단원에 맞춰 지도",문제에 맞는 개념을 선택하고 풀이 근거를 순서대로 쓰며 반복되는 실수를 줄이는 능력 향상,코칭형,middle_math
1446,https://kimstutoring.co.kr,boeun-gun-high-math,publish,ko,충청북도,보은군,수학,고등학생,보은군 고등학생 수학과외,보은군 고등학생 수학과외,"보은군 고등학생 수학 과외 수업은 정해진 진도보다 현재 실력과 배우는 이유를 중요하게 봅니다. 지역과 일정에 따라 1:1 방문수업 또는 화상수업으로 진행하며, 개념과 유형별 문제풀이부터 학교별 내신,… 방식으로 수업하고 있습니다.",고등학생 수학 취약단원을 보완하면서 내신과 모의고사 및 수능을 준비하는 온라인 과외 찾기,핵심 고민은 “개념 사이의 연결이 약하고 복합 문제의 접근 방법을 찾기 어려우며 취약단원에서 오답이 반복됨”입니다.,"개념, 유형별 문제풀이, 학교별 내신, 모의고사, 수능, 취약단원, 오답분석","지역과 일정에 따라 1:1 방문수업 또는 화상수업으로 진행하며, 개념과 유형별 문제풀이부터 학교별 내신, 모의고사와 수능 대비, 취약단원 및 오답분석까지 목표에 맞춰 지도",취약단원의 개념을 연결하고 문제 조건에 맞는 풀이 전략을 선택하며 오답 원인을 스스로 설명하는 능력 향상,전문형,high_math
1447,https://kimstutoring.co.kr,boeun-gun-elementary-korean,publish,ko,충청북도,보은군,국어,초등학생,보은군 초등학생 국어과외,보은군 초등학생 국어과외,"보은군 초등학생 국어 과외 수업은 정해진 진도보다 현재 실력과 배우는 이유를 중요하게 봅니다. 지역과 일정에 따라 1:1 방문수업 또는 화상수업으로 진행하며, 어휘와 독해를 바탕으로 글의 내용을 이해하고… 방식으로 수업하고 있습니다.",초등학생의 국어 기초와 문해력을 잡아줄 1:1 국어과외 탐색,핵심 고민은 “글을 읽어도 내용을 정확히 이해하지 못하거나 어휘력이 부족해 문제의 뜻을 파악하는 데 어려움”입니다.,"어휘, 독해, 문장 이해, 글의 중심내용 파악, 기초 문해력, 글쓰기, 학습 습관","지역과 일정에 따라 1:1 방문수업 또는 화상수업으로 진행하며, 어휘와 독해를 바탕으로 글의 내용을 이해하고 자신의 생각을 표현하는 힘을 학생의 수준과 학습 속도에 맞춰 지도","글을 읽고 핵심 내용을 파악하는 힘을 기르고, 국어뿐 아니라 다른 과목의 문제를 이해하는 데 필요한 기초 문해력과 학습 습관 형성",친근형,elementary_korean
1448,https://kimstutoring.co.kr,boeun-gun-middle-korean,publish,ko,충청북도,보은군,국어,중학생,보은군 중학생 국어과외,보은군 중학생 국어과외,"보은군에서 배우는 중학생 국어 과외, 실제로 쓰려는 상황에 맞춰 수업 내용을 정합니다. 지역과 일정에 따라 1:1 방문수업 또는 화상수업으로 진행하며, 문학·비문학 독해와 문법을 기본으로 학교별… 방식으로 수업하고 있습니다.",학교 내신과 국어 기본기를 함께 준비할 1:1 중등 국어과외 탐색,"핵심 고민은 “문학과 비문학 지문을 감으로 풀거나 문법 개념이 부족하고, 학교 시험의 서술형·수행평가 대비가 어려움”입니다.","문학, 비문학, 문법, 어휘, 학교별 내신, 서술형, 수행평가, 오답관리","지역과 일정에 따라 1:1 방문수업 또는 화상수업으로 진행하며, 문학·비문학 독해와 문법을 기본으로 학교별 내신, 서술형과 수행평가까지 학생의 취약 부분에 맞춰 지도","지문을 근거로 읽고 문제를 해결하는 방법을 익히며, 부족한 영역을 파악해 내신과 고등 국어 학습에 필요한 기본기 강화",코칭형,middle_korean
1449,https://kimstutoring.co.kr,boeun-gun-high-korean,publish,ko,충청북도,보은군,국어,고등학생,보은군 고등학생 국어과외,보은군 고등학생 국어과외,"보은군 고등학생 국어 과외 수업은 정해진 진도보다 현재 실력과 배우는 이유를 중요하게 봅니다. 지역과 일정에 따라 1:1 방문수업 또는 화상수업으로 진행하며, 문학과 독서의 지문 분석부터 학교별 내신,… 방식으로 수업하고 있습니다.",내신과 모의고사·수능을 함께 대비할 1:1 고등 국어과외 탐색,"핵심 고민은 “긴 지문의 핵심을 빠르게 파악하기 어렵거나 문학·독서·문법 영역별 편차가 크고, 모의고사에서 시간 관리와…”입니다.","문학, 독서, 화법과 언어, 작문, 학교별 내신, 모의고사, 수능, 취약영역, 오답분석","지역과 일정에 따라 1:1 방문수업 또는 화상수업으로 진행하며, 문학과 독서의 지문 분석부터 학교별 내신, 모의고사와 수능 대비, 취약영역 및 오답분석까지 현재 실력과 목표에 맞춰 지도","지문을 분석하는 기준과 문제 접근 방법을 익히고, 취약영역과 반복되는 오답을 점검하면서 내신·모의고사·수능 학습의 방향을 구체화",전문형,high_korean
1450,https://kimstutoring.co.kr,yeongdong-gun-elementary-english,publish,ko,충청북도,영동군,영어,초등학생,영동군 초등학생 영어과외,영동군 초등학생 영어과외,"영동군에서 초등학생 영어 과외 실력을 늘리고 싶다면 자주 막히는 부분부터 직접 다뤄봅니다. 지역과 일정에 따라 1:1 방문수업 또는 화상수업으로 진행하며, 기초 어휘와 문장 이해, 읽기 학습을 학생의… 방식으로 수업하고 있습니다.",초등학생 수준에 맞춰 영어 기초와 꾸준한 학습 습관을 기르는 1:1 온라인 과외 찾기,핵심 고민은 “기초 어휘가 부족하고 짧은 문장의 뜻을 이해하거나 꾸준히 읽는 데 어려움이 있음”입니다.,"기초 어휘, 문장 이해, 짧은 글 읽기, 학습 습관","지역과 일정에 따라 1:1 방문수업 또는 화상수업으로 진행하며, 기초 어휘와 문장 이해, 읽기 학습을 학생의 수준과 학습 속도에 맞춰 지도",익숙한 어휘로 짧은 문장의 뜻을 파악하고 스스로 읽고 복습하는 습관 형성,친근형,elementary_english
1451,https://kimstutoring.co.kr,yeongdong-gun-middle-english,publish,ko,충청북도,영동군,영어,중학생,영동군 중학생 영어과외,영동군 중학생 영어과외,"중학생 영어 과외 공부를 처음 시작한다면 영동군에서도 기초부터 1:1로 배울 수 있습니다. 지역과 일정에 따라 1:1 방문수업 또는 화상수업으로 진행하며, 어휘·문법·독해를 기본으로 학교별 내신과… 방식으로 수업하고 있습니다.",중학생 영어 문법과 독해를 보완하고 학교별 내신과 서술형 및 수행평가를 준비하는 온라인 과외 찾기,핵심 고민은 “어휘와 문법을 배워도 지문에 적용하기 어렵고 서술형 답안과 수행평가 준비가 막막함”입니다.,"어휘, 문법, 독해, 학교별 내신, 서술형, 수행평가","지역과 일정에 따라 1:1 방문수업 또는 화상수업으로 진행하며, 어휘·문법·독해를 기본으로 학교별 내신과 서술형, 수행평가까지 학생의 취약 부분에 맞춰 지도",문법 근거를 설명하며 지문을 읽고 학교 평가 기준에 맞춰 답안을 작성하는 능력 향상,코칭형,middle_english
1452,https://kimstutoring.co.kr,yeongdong-gun-high-english,publish,ko,충청북도,영동군,영어,고등학생,영동군 고등학생 영어과외,영동군 고등학생 영어과외,"영동군에서 고등학생 영어 과외 실력을 늘리고 싶다면 자주 막히는 부분부터 직접 다뤄봅니다. 지역과 일정에 따라 1:1 방문수업 또는 화상수업으로 진행하며, 어휘·구문독해부터 학교별 내신, 모의고사와 수능… 방식으로 수업하고 있습니다.",고등학생 영어 내신과 모의고사 및 수능 준비를 현재 수준에 맞춰 병행하는 온라인 과외 찾기,핵심 고민은 “긴 문장의 구조를 파악하기 어렵고 내신과 모의고사 지문을 읽는 데 시간이 오래 걸림”입니다.,"어휘, 구문독해, 학교별 내신, 모의고사, 수능","지역과 일정에 따라 1:1 방문수업 또는 화상수업으로 진행하며, 어휘·구문독해부터 학교별 내신, 모의고사와 수능 대비까지 현재 실력과 목표에 맞춰 지도",복잡한 문장의 구조를 파악하고 지문의 근거를 바탕으로 답을 선택하는 독해 능력 향상,전문형,high_english
1453,https://kimstutoring.co.kr,yeongdong-gun-elementary-math,publish,ko,충청북도,영동군,수학,초등학생,영동군 초등학생 수학과외,영동군 초등학생 수학과외,"초등학생 수학 과외 공부를 처음 시작한다면 영동군에서도 기초부터 1:1로 배울 수 있습니다. 지역과 일정에 따라 1:1 방문수업 또는 화상수업으로 진행하며, 연산과 기초개념을 탄탄히 다지고 문제를 이해하는… 방식으로 수업하고 있습니다.",초등학생 수학 연산과 기초개념을 다지고 문제 이해와 풀이 습관을 기르는 온라인 과외 찾기,핵심 고민은 “계산 실수가 반복되고 문장형 문제에서 무엇을 구해야 하는지 파악하기 어려움”입니다.,"연산, 기초개념, 문제 이해, 풀이 습관","지역과 일정에 따라 1:1 방문수업 또는 화상수업으로 진행하며, 연산과 기초개념을 탄탄히 다지고 문제를 이해하는 과정과 올바른 풀이 습관을 학생 수준에 맞춰 지도",계산 과정을 점검하고 문제의 조건을 이해하며 풀이 순서를 정리하는 습관 형성,친근형,elementary_math
1454,https://kimstutoring.co.kr,yeongdong-gun-middle-math,publish,ko,충청북도,영동군,수학,중학생,영동군 중학생 수학과외,영동군 중학생 수학과외,"중학생 수학 과외 공부를 처음 시작한다면 영동군에서도 기초부터 1:1로 배울 수 있습니다. 지역과 일정에 따라 1:1 방문수업 또는 화상수업으로 진행하며, 개념 이해와 유형별 문제풀이를 연결하고 학교별… 방식으로 수업하고 있습니다.",중학생 수학 개념과 유형별 문제풀이를 연결하고 내신 및 서술형을 준비하는 온라인 과외 찾기,핵심 고민은 “개념을 외워도 문제 유형이 바뀌면 적용하기 어렵고 같은 오답과 풀이 과정 누락이 반복됨”입니다.,"개념, 유형별 문제풀이, 학교별 내신, 서술형, 오답관리","지역과 일정에 따라 1:1 방문수업 또는 화상수업으로 진행하며, 개념 이해와 유형별 문제풀이를 연결하고 학교별 내신, 서술형, 오답관리까지 취약 단원에 맞춰 지도",문제에 맞는 개념을 선택하고 풀이 근거를 순서대로 쓰며 반복되는 실수를 줄이는 능력 향상,코칭형,middle_math
1455,https://kimstutoring.co.kr,yeongdong-gun-high-math,publish,ko,충청북도,영동군,수학,고등학생,영동군 고등학생 수학과외,영동군 고등학생 수학과외,"영동군 고등학생 수학 과외 수업을 고민 중이라면 잘하는 부분과 보완할 부분을 나누어 시작합니다. 지역과 일정에 따라 1:1 방문수업 또는 화상수업으로 진행하며, 개념과 유형별 문제풀이부터 학교별 내신,… 방식으로 수업하고 있습니다.",고등학생 수학 취약단원을 보완하면서 내신과 모의고사 및 수능을 준비하는 온라인 과외 찾기,핵심 고민은 “개념 사이의 연결이 약하고 복합 문제의 접근 방법을 찾기 어려우며 취약단원에서 오답이 반복됨”입니다.,"개념, 유형별 문제풀이, 학교별 내신, 모의고사, 수능, 취약단원, 오답분석","지역과 일정에 따라 1:1 방문수업 또는 화상수업으로 진행하며, 개념과 유형별 문제풀이부터 학교별 내신, 모의고사와 수능 대비, 취약단원 및 오답분석까지 목표에 맞춰 지도",취약단원의 개념을 연결하고 문제 조건에 맞는 풀이 전략을 선택하며 오답 원인을 스스로 설명하는 능력 향상,전문형,high_math
1456,https://kimstutoring.co.kr,yeongdong-gun-elementary-korean,publish,ko,충청북도,영동군,국어,초등학생,영동군 초등학생 국어과외,영동군 초등학생 국어과외,"영동군 초등학생 국어 과외 수업을 고민 중이라면 잘하는 부분과 보완할 부분을 나누어 시작합니다. 지역과 일정에 따라 1:1 방문수업 또는 화상수업으로 진행하며, 어휘와 독해를 바탕으로 글의 내용을 이해하고… 방식으로 수업하고 있습니다.",초등학생의 국어 기초와 문해력을 잡아줄 1:1 국어과외 탐색,핵심 고민은 “글을 읽어도 내용을 정확히 이해하지 못하거나 어휘력이 부족해 문제의 뜻을 파악하는 데 어려움”입니다.,"어휘, 독해, 문장 이해, 글의 중심내용 파악, 기초 문해력, 글쓰기, 학습 습관","지역과 일정에 따라 1:1 방문수업 또는 화상수업으로 진행하며, 어휘와 독해를 바탕으로 글의 내용을 이해하고 자신의 생각을 표현하는 힘을 학생의 수준과 학습 속도에 맞춰 지도","글을 읽고 핵심 내용을 파악하는 힘을 기르고, 국어뿐 아니라 다른 과목의 문제를 이해하는 데 필요한 기초 문해력과 학습 습관 형성",친근형,elementary_korean
1457,https://kimstutoring.co.kr,yeongdong-gun-middle-korean,publish,ko,충청북도,영동군,국어,중학생,영동군 중학생 국어과외,영동군 중학생 국어과외,"중학생 국어 과외 공부를 처음 시작한다면 영동군에서도 기초부터 1:1로 배울 수 있습니다. 지역과 일정에 따라 1:1 방문수업 또는 화상수업으로 진행하며, 문학·비문학 독해와 문법을 기본으로 학교별… 방식으로 수업하고 있습니다.",학교 내신과 국어 기본기를 함께 준비할 1:1 중등 국어과외 탐색,"핵심 고민은 “문학과 비문학 지문을 감으로 풀거나 문법 개념이 부족하고, 학교 시험의 서술형·수행평가 대비가 어려움”입니다.","문학, 비문학, 문법, 어휘, 학교별 내신, 서술형, 수행평가, 오답관리","지역과 일정에 따라 1:1 방문수업 또는 화상수업으로 진행하며, 문학·비문학 독해와 문법을 기본으로 학교별 내신, 서술형과 수행평가까지 학생의 취약 부분에 맞춰 지도","지문을 근거로 읽고 문제를 해결하는 방법을 익히며, 부족한 영역을 파악해 내신과 고등 국어 학습에 필요한 기본기 강화",코칭형,middle_korean
1458,https://kimstutoring.co.kr,yeongdong-gun-high-korean,publish,ko,충청북도,영동군,국어,고등학생,영동군 고등학생 국어과외,영동군 고등학생 국어과외,"영동군 고등학생 국어 과외 수업을 고민 중이라면 잘하는 부분과 보완할 부분을 나누어 시작합니다. 지역과 일정에 따라 1:1 방문수업 또는 화상수업으로 진행하며, 문학과 독서의 지문 분석부터 학교별 내신,… 방식으로 수업하고 있습니다.",내신과 모의고사·수능을 함께 대비할 1:1 고등 국어과외 탐색,"핵심 고민은 “긴 지문의 핵심을 빠르게 파악하기 어렵거나 문학·독서·문법 영역별 편차가 크고, 모의고사에서 시간 관리와…”입니다.","문학, 독서, 화법과 언어, 작문, 학교별 내신, 모의고사, 수능, 취약영역, 오답분석","지역과 일정에 따라 1:1 방문수업 또는 화상수업으로 진행하며, 문학과 독서의 지문 분석부터 학교별 내신, 모의고사와 수능 대비, 취약영역 및 오답분석까지 현재 실력과 목표에 맞춰 지도","지문을 분석하는 기준과 문제 접근 방법을 익히고, 취약영역과 반복되는 오답을 점검하면서 내신·모의고사·수능 학습의 방향을 구체화",전문형,high_korean
1459,https://kimstutoring.co.kr,okcheon-gun-elementary-english,publish,ko,충청북도,옥천군,영어,초등학생,옥천군 초등학생 영어과외,옥천군 초등학생 영어과외,"초등학생 영어 과외 공부를 다시 시작하려는 분께 옥천군 1:1 수업이 맞는 출발점을 찾아드립니다. 지역과 일정에 따라 1:1 방문수업 또는 화상수업으로 진행하며, 기초 어휘와 문장 이해, 읽기 학습을 학생의… 방식으로 수업하고 있습니다.",초등학생 수준에 맞춰 영어 기초와 꾸준한 학습 습관을 기르는 1:1 온라인 과외 찾기,핵심 고민은 “기초 어휘가 부족하고 짧은 문장의 뜻을 이해하거나 꾸준히 읽는 데 어려움이 있음”입니다.,"기초 어휘, 문장 이해, 짧은 글 읽기, 학습 습관","지역과 일정에 따라 1:1 방문수업 또는 화상수업으로 진행하며, 기초 어휘와 문장 이해, 읽기 학습을 학생의 수준과 학습 속도에 맞춰 지도",익숙한 어휘로 짧은 문장의 뜻을 파악하고 스스로 읽고 복습하는 습관 형성,친근형,elementary_english
1460,https://kimstutoring.co.kr,okcheon-gun-middle-english,publish,ko,충청북도,옥천군,영어,중학생,옥천군 중학생 영어과외,옥천군 중학생 영어과외,"옥천군에서 배우는 중학생 영어 과외, 실제로 쓰려는 상황에 맞춰 수업 내용을 정합니다. 지역과 일정에 따라 1:1 방문수업 또는 화상수업으로 진행하며, 어휘·문법·독해를 기본으로 학교별 내신과… 방식으로 수업하고 있습니다.",중학생 영어 문법과 독해를 보완하고 학교별 내신과 서술형 및 수행평가를 준비하는 온라인 과외 찾기,핵심 고민은 “어휘와 문법을 배워도 지문에 적용하기 어렵고 서술형 답안과 수행평가 준비가 막막함”입니다.,"어휘, 문법, 독해, 학교별 내신, 서술형, 수행평가","지역과 일정에 따라 1:1 방문수업 또는 화상수업으로 진행하며, 어휘·문법·독해를 기본으로 학교별 내신과 서술형, 수행평가까지 학생의 취약 부분에 맞춰 지도",문법 근거를 설명하며 지문을 읽고 학교 평가 기준에 맞춰 답안을 작성하는 능력 향상,코칭형,middle_english
1461,https://kimstutoring.co.kr,okcheon-gun-high-english,publish,ko,충청북도,옥천군,영어,고등학생,옥천군 고등학생 영어과외,옥천군 고등학생 영어과외,"옥천군에서 고등학생 영어 과외 수업을 찾고 계신다면 지금 필요한 내용부터 시작할 수 있습니다. 지역과 일정에 따라 1:1 방문수업 또는 화상수업으로 진행하며, 어휘·구문독해부터 학교별 내신, 모의고사와 수능… 방식으로 수업하고 있습니다.",고등학생 영어 내신과 모의고사 및 수능 준비를 현재 수준에 맞춰 병행하는 온라인 과외 찾기,핵심 고민은 “긴 문장의 구조를 파악하기 어렵고 내신과 모의고사 지문을 읽는 데 시간이 오래 걸림”입니다.,"어휘, 구문독해, 학교별 내신, 모의고사, 수능","지역과 일정에 따라 1:1 방문수업 또는 화상수업으로 진행하며, 어휘·구문독해부터 학교별 내신, 모의고사와 수능 대비까지 현재 실력과 목표에 맞춰 지도",복잡한 문장의 구조를 파악하고 지문의 근거를 바탕으로 답을 선택하는 독해 능력 향상,전문형,high_english
1462,https://kimstutoring.co.kr,okcheon-gun-elementary-math,publish,ko,충청북도,옥천군,수학,초등학생,옥천군 초등학생 수학과외,옥천군 초등학생 수학과외,"옥천군에서 배우는 초등학생 수학 과외, 실제로 쓰려는 상황에 맞춰 수업 내용을 정합니다. 지역과 일정에 따라 1:1 방문수업 또는 화상수업으로 진행하며, 연산과 기초개념을 탄탄히 다지고 문제를 이해하는… 방식으로 수업하고 있습니다.",초등학생 수학 연산과 기초개념을 다지고 문제 이해와 풀이 습관을 기르는 온라인 과외 찾기,핵심 고민은 “계산 실수가 반복되고 문장형 문제에서 무엇을 구해야 하는지 파악하기 어려움”입니다.,"연산, 기초개념, 문제 이해, 풀이 습관","지역과 일정에 따라 1:1 방문수업 또는 화상수업으로 진행하며, 연산과 기초개념을 탄탄히 다지고 문제를 이해하는 과정과 올바른 풀이 습관을 학생 수준에 맞춰 지도",계산 과정을 점검하고 문제의 조건을 이해하며 풀이 순서를 정리하는 습관 형성,친근형,elementary_math
1463,https://kimstutoring.co.kr,okcheon-gun-middle-math,publish,ko,충청북도,옥천군,수학,중학생,옥천군 중학생 수학과외,옥천군 중학생 수학과외,"옥천군에서 배우는 중학생 수학 과외, 실제로 쓰려는 상황에 맞춰 수업 내용을 정합니다. 지역과 일정에 따라 1:1 방문수업 또는 화상수업으로 진행하며, 개념 이해와 유형별 문제풀이를 연결하고 학교별… 방식으로 수업하고 있습니다.",중학생 수학 개념과 유형별 문제풀이를 연결하고 내신 및 서술형을 준비하는 온라인 과외 찾기,핵심 고민은 “개념을 외워도 문제 유형이 바뀌면 적용하기 어렵고 같은 오답과 풀이 과정 누락이 반복됨”입니다.,"개념, 유형별 문제풀이, 학교별 내신, 서술형, 오답관리","지역과 일정에 따라 1:1 방문수업 또는 화상수업으로 진행하며, 개념 이해와 유형별 문제풀이를 연결하고 학교별 내신, 서술형, 오답관리까지 취약 단원에 맞춰 지도",문제에 맞는 개념을 선택하고 풀이 근거를 순서대로 쓰며 반복되는 실수를 줄이는 능력 향상,코칭형,middle_math
1464,https://kimstutoring.co.kr,okcheon-gun-high-math,publish,ko,충청북도,옥천군,수학,고등학생,옥천군 고등학생 수학과외,옥천군 고등학생 수학과외,"옥천군 고등학생 수학 과외 수업은 정해진 진도보다 현재 실력과 배우는 이유를 중요하게 봅니다. 지역과 일정에 따라 1:1 방문수업 또는 화상수업으로 진행하며, 개념과 유형별 문제풀이부터 학교별 내신,… 방식으로 수업하고 있습니다.",고등학생 수학 취약단원을 보완하면서 내신과 모의고사 및 수능을 준비하는 온라인 과외 찾기,핵심 고민은 “개념 사이의 연결이 약하고 복합 문제의 접근 방법을 찾기 어려우며 취약단원에서 오답이 반복됨”입니다.,"개념, 유형별 문제풀이, 학교별 내신, 모의고사, 수능, 취약단원, 오답분석","지역과 일정에 따라 1:1 방문수업 또는 화상수업으로 진행하며, 개념과 유형별 문제풀이부터 학교별 내신, 모의고사와 수능 대비, 취약단원 및 오답분석까지 목표에 맞춰 지도",취약단원의 개념을 연결하고 문제 조건에 맞는 풀이 전략을 선택하며 오답 원인을 스스로 설명하는 능력 향상,전문형,high_math
1465,https://kimstutoring.co.kr,okcheon-gun-elementary-korean,publish,ko,충청북도,옥천군,국어,초등학생,옥천군 초등학생 국어과외,옥천군 초등학생 국어과외,"옥천군 초등학생 국어 과외 수업은 정해진 진도보다 현재 실력과 배우는 이유를 중요하게 봅니다. 지역과 일정에 따라 1:1 방문수업 또는 화상수업으로 진행하며, 어휘와 독해를 바탕으로 글의 내용을 이해하고… 방식으로 수업하고 있습니다.",초등학생의 국어 기초와 문해력을 잡아줄 1:1 국어과외 탐색,핵심 고민은 “글을 읽어도 내용을 정확히 이해하지 못하거나 어휘력이 부족해 문제의 뜻을 파악하는 데 어려움”입니다.,"어휘, 독해, 문장 이해, 글의 중심내용 파악, 기초 문해력, 글쓰기, 학습 습관","지역과 일정에 따라 1:1 방문수업 또는 화상수업으로 진행하며, 어휘와 독해를 바탕으로 글의 내용을 이해하고 자신의 생각을 표현하는 힘을 학생의 수준과 학습 속도에 맞춰 지도","글을 읽고 핵심 내용을 파악하는 힘을 기르고, 국어뿐 아니라 다른 과목의 문제를 이해하는 데 필요한 기초 문해력과 학습 습관 형성",친근형,elementary_korean
1466,https://kimstutoring.co.kr,okcheon-gun-middle-korean,publish,ko,충청북도,옥천군,국어,중학생,옥천군 중학생 국어과외,옥천군 중학생 국어과외,"옥천군에서 배우는 중학생 국어 과외, 실제로 쓰려는 상황에 맞춰 수업 내용을 정합니다. 지역과 일정에 따라 1:1 방문수업 또는 화상수업으로 진행하며, 문학·비문학 독해와 문법을 기본으로 학교별… 방식으로 수업하고 있습니다.",학교 내신과 국어 기본기를 함께 준비할 1:1 중등 국어과외 탐색,"핵심 고민은 “문학과 비문학 지문을 감으로 풀거나 문법 개념이 부족하고, 학교 시험의 서술형·수행평가 대비가 어려움”입니다.","문학, 비문학, 문법, 어휘, 학교별 내신, 서술형, 수행평가, 오답관리","지역과 일정에 따라 1:1 방문수업 또는 화상수업으로 진행하며, 문학·비문학 독해와 문법을 기본으로 학교별 내신, 서술형과 수행평가까지 학생의 취약 부분에 맞춰 지도","지문을 근거로 읽고 문제를 해결하는 방법을 익히며, 부족한 영역을 파악해 내신과 고등 국어 학습에 필요한 기본기 강화",코칭형,middle_korean
1467,https://kimstutoring.co.kr,okcheon-gun-high-korean,publish,ko,충청북도,옥천군,국어,고등학생,옥천군 고등학생 국어과외,옥천군 고등학생 국어과외,"옥천군 고등학생 국어 과외 수업은 정해진 진도보다 현재 실력과 배우는 이유를 중요하게 봅니다. 지역과 일정에 따라 1:1 방문수업 또는 화상수업으로 진행하며, 문학과 독서의 지문 분석부터 학교별 내신,… 방식으로 수업하고 있습니다.",내신과 모의고사·수능을 함께 대비할 1:1 고등 국어과외 탐색,"핵심 고민은 “긴 지문의 핵심을 빠르게 파악하기 어렵거나 문학·독서·문법 영역별 편차가 크고, 모의고사에서 시간 관리와…”입니다.","문학, 독서, 화법과 언어, 작문, 학교별 내신, 모의고사, 수능, 취약영역, 오답분석","지역과 일정에 따라 1:1 방문수업 또는 화상수업으로 진행하며, 문학과 독서의 지문 분석부터 학교별 내신, 모의고사와 수능 대비, 취약영역 및 오답분석까지 현재 실력과 목표에 맞춰 지도","지문을 분석하는 기준과 문제 접근 방법을 익히고, 취약영역과 반복되는 오답을 점검하면서 내신·모의고사·수능 학습의 방향을 구체화",전문형,high_korean
1468,https://kimstutoring.co.kr,eumseong-gun-elementary-english,publish,ko,충청북도,음성군,영어,초등학생,음성군 초등학생 영어과외,음성군 초등학생 영어과외,"음성군 초등학생 영어 과외 수업은 정해진 진도보다 현재 실력과 배우는 이유를 중요하게 봅니다. 지역과 일정에 따라 1:1 방문수업 또는 화상수업으로 진행하며, 기초 어휘와 문장 이해, 읽기 학습을 학생의… 방식으로 수업하고 있습니다.",초등학생 수준에 맞춰 영어 기초와 꾸준한 학습 습관을 기르는 1:1 온라인 과외 찾기,핵심 고민은 “기초 어휘가 부족하고 짧은 문장의 뜻을 이해하거나 꾸준히 읽는 데 어려움이 있음”입니다.,"기초 어휘, 문장 이해, 짧은 글 읽기, 학습 습관","지역과 일정에 따라 1:1 방문수업 또는 화상수업으로 진행하며, 기초 어휘와 문장 이해, 읽기 학습을 학생의 수준과 학습 속도에 맞춰 지도",익숙한 어휘로 짧은 문장의 뜻을 파악하고 스스로 읽고 복습하는 습관 형성,친근형,elementary_english
1469,https://kimstutoring.co.kr,eumseong-gun-middle-english,publish,ko,충청북도,음성군,영어,중학생,음성군 중학생 영어과외,음성군 중학생 영어과외,"중학생 영어 과외 공부를 다시 시작하려는 분께 음성군 1:1 수업이 맞는 출발점을 찾아드립니다. 지역과 일정에 따라 1:1 방문수업 또는 화상수업으로 진행하며, 어휘·문법·독해를 기본으로 학교별 내신과… 방식으로 수업하고 있습니다.",중학생 영어 문법과 독해를 보완하고 학교별 내신과 서술형 및 수행평가를 준비하는 온라인 과외 찾기,핵심 고민은 “어휘와 문법을 배워도 지문에 적용하기 어렵고 서술형 답안과 수행평가 준비가 막막함”입니다.,"어휘, 문법, 독해, 학교별 내신, 서술형, 수행평가","지역과 일정에 따라 1:1 방문수업 또는 화상수업으로 진행하며, 어휘·문법·독해를 기본으로 학교별 내신과 서술형, 수행평가까지 학생의 취약 부분에 맞춰 지도",문법 근거를 설명하며 지문을 읽고 학교 평가 기준에 맞춰 답안을 작성하는 능력 향상,코칭형,middle_english
1470,https://kimstutoring.co.kr,eumseong-gun-high-english,publish,ko,충청북도,음성군,영어,고등학생,음성군 고등학생 영어과외,음성군 고등학생 영어과외,"음성군에서 배우는 고등학생 영어 과외, 실제로 쓰려는 상황에 맞춰 수업 내용을 정합니다. 지역과 일정에 따라 1:1 방문수업 또는 화상수업으로 진행하며, 어휘·구문독해부터 학교별 내신, 모의고사와 수능… 방식으로 수업하고 있습니다.",고등학생 영어 내신과 모의고사 및 수능 준비를 현재 수준에 맞춰 병행하는 온라인 과외 찾기,핵심 고민은 “긴 문장의 구조를 파악하기 어렵고 내신과 모의고사 지문을 읽는 데 시간이 오래 걸림”입니다.,"어휘, 구문독해, 학교별 내신, 모의고사, 수능","지역과 일정에 따라 1:1 방문수업 또는 화상수업으로 진행하며, 어휘·구문독해부터 학교별 내신, 모의고사와 수능 대비까지 현재 실력과 목표에 맞춰 지도",복잡한 문장의 구조를 파악하고 지문의 근거를 바탕으로 답을 선택하는 독해 능력 향상,전문형,high_english
1471,https://kimstutoring.co.kr,eumseong-gun-elementary-math,publish,ko,충청북도,음성군,수학,초등학생,음성군 초등학생 수학과외,음성군 초등학생 수학과외,"초등학생 수학 과외 공부를 다시 시작하려는 분께 음성군 1:1 수업이 맞는 출발점을 찾아드립니다. 지역과 일정에 따라 1:1 방문수업 또는 화상수업으로 진행하며, 연산과 기초개념을 탄탄히 다지고 문제를 이해하는… 방식으로 수업하고 있습니다.",초등학생 수학 연산과 기초개념을 다지고 문제 이해와 풀이 습관을 기르는 온라인 과외 찾기,핵심 고민은 “계산 실수가 반복되고 문장형 문제에서 무엇을 구해야 하는지 파악하기 어려움”입니다.,"연산, 기초개념, 문제 이해, 풀이 습관","지역과 일정에 따라 1:1 방문수업 또는 화상수업으로 진행하며, 연산과 기초개념을 탄탄히 다지고 문제를 이해하는 과정과 올바른 풀이 습관을 학생 수준에 맞춰 지도",계산 과정을 점검하고 문제의 조건을 이해하며 풀이 순서를 정리하는 습관 형성,친근형,elementary_math
1472,https://kimstutoring.co.kr,eumseong-gun-middle-math,publish,ko,충청북도,음성군,수학,중학생,음성군 중학생 수학과외,음성군 중학생 수학과외,"중학생 수학 과외 공부를 다시 시작하려는 분께 음성군 1:1 수업이 맞는 출발점을 찾아드립니다. 지역과 일정에 따라 1:1 방문수업 또는 화상수업으로 진행하며, 개념 이해와 유형별 문제풀이를 연결하고 학교별… 방식으로 수업하고 있습니다.",중학생 수학 개념과 유형별 문제풀이를 연결하고 내신 및 서술형을 준비하는 온라인 과외 찾기,핵심 고민은 “개념을 외워도 문제 유형이 바뀌면 적용하기 어렵고 같은 오답과 풀이 과정 누락이 반복됨”입니다.,"개념, 유형별 문제풀이, 학교별 내신, 서술형, 오답관리","지역과 일정에 따라 1:1 방문수업 또는 화상수업으로 진행하며, 개념 이해와 유형별 문제풀이를 연결하고 학교별 내신, 서술형, 오답관리까지 취약 단원에 맞춰 지도",문제에 맞는 개념을 선택하고 풀이 근거를 순서대로 쓰며 반복되는 실수를 줄이는 능력 향상,코칭형,middle_math
1473,https://kimstutoring.co.kr,eumseong-gun-high-math,publish,ko,충청북도,음성군,수학,고등학생,음성군 고등학생 수학과외,음성군 고등학생 수학과외,"음성군에서 고등학생 수학 과외 수업을 찾고 계신다면 지금 필요한 내용부터 시작할 수 있습니다. 지역과 일정에 따라 1:1 방문수업 또는 화상수업으로 진행하며, 개념과 유형별 문제풀이부터 학교별 내신,… 방식으로 수업하고 있습니다.",고등학생 수학 취약단원을 보완하면서 내신과 모의고사 및 수능을 준비하는 온라인 과외 찾기,핵심 고민은 “개념 사이의 연결이 약하고 복합 문제의 접근 방법을 찾기 어려우며 취약단원에서 오답이 반복됨”입니다.,"개념, 유형별 문제풀이, 학교별 내신, 모의고사, 수능, 취약단원, 오답분석","지역과 일정에 따라 1:1 방문수업 또는 화상수업으로 진행하며, 개념과 유형별 문제풀이부터 학교별 내신, 모의고사와 수능 대비, 취약단원 및 오답분석까지 목표에 맞춰 지도",취약단원의 개념을 연결하고 문제 조건에 맞는 풀이 전략을 선택하며 오답 원인을 스스로 설명하는 능력 향상,전문형,high_math
1474,https://kimstutoring.co.kr,eumseong-gun-elementary-korean,publish,ko,충청북도,음성군,국어,초등학생,음성군 초등학생 국어과외,음성군 초등학생 국어과외,"음성군에서 초등학생 국어 과외 수업을 찾고 계신다면 지금 필요한 내용부터 시작할 수 있습니다. 지역과 일정에 따라 1:1 방문수업 또는 화상수업으로 진행하며, 어휘와 독해를 바탕으로 글의 내용을 이해하고… 방식으로 수업하고 있습니다.",초등학생의 국어 기초와 문해력을 잡아줄 1:1 국어과외 탐색,핵심 고민은 “글을 읽어도 내용을 정확히 이해하지 못하거나 어휘력이 부족해 문제의 뜻을 파악하는 데 어려움”입니다.,"어휘, 독해, 문장 이해, 글의 중심내용 파악, 기초 문해력, 글쓰기, 학습 습관","지역과 일정에 따라 1:1 방문수업 또는 화상수업으로 진행하며, 어휘와 독해를 바탕으로 글의 내용을 이해하고 자신의 생각을 표현하는 힘을 학생의 수준과 학습 속도에 맞춰 지도","글을 읽고 핵심 내용을 파악하는 힘을 기르고, 국어뿐 아니라 다른 과목의 문제를 이해하는 데 필요한 기초 문해력과 학습 습관 형성",친근형,elementary_korean
1475,https://kimstutoring.co.kr,eumseong-gun-middle-korean,publish,ko,충청북도,음성군,국어,중학생,음성군 중학생 국어과외,음성군 중학생 국어과외,"중학생 국어 과외 공부를 다시 시작하려는 분께 음성군 1:1 수업이 맞는 출발점을 찾아드립니다. 지역과 일정에 따라 1:1 방문수업 또는 화상수업으로 진행하며, 문학·비문학 독해와 문법을 기본으로 학교별… 방식으로 수업하고 있습니다.",학교 내신과 국어 기본기를 함께 준비할 1:1 중등 국어과외 탐색,"핵심 고민은 “문학과 비문학 지문을 감으로 풀거나 문법 개념이 부족하고, 학교 시험의 서술형·수행평가 대비가 어려움”입니다.","문학, 비문학, 문법, 어휘, 학교별 내신, 서술형, 수행평가, 오답관리","지역과 일정에 따라 1:1 방문수업 또는 화상수업으로 진행하며, 문학·비문학 독해와 문법을 기본으로 학교별 내신, 서술형과 수행평가까지 학생의 취약 부분에 맞춰 지도","지문을 근거로 읽고 문제를 해결하는 방법을 익히며, 부족한 영역을 파악해 내신과 고등 국어 학습에 필요한 기본기 강화",코칭형,middle_korean
1476,https://kimstutoring.co.kr,eumseong-gun-high-korean,publish,ko,충청북도,음성군,국어,고등학생,음성군 고등학생 국어과외,음성군 고등학생 국어과외,"음성군에서 고등학생 국어 과외 수업을 찾고 계신다면 지금 필요한 내용부터 시작할 수 있습니다. 지역과 일정에 따라 1:1 방문수업 또는 화상수업으로 진행하며, 문학과 독서의 지문 분석부터 학교별 내신,… 방식으로 수업하고 있습니다.",내신과 모의고사·수능을 함께 대비할 1:1 고등 국어과외 탐색,"핵심 고민은 “긴 지문의 핵심을 빠르게 파악하기 어렵거나 문학·독서·문법 영역별 편차가 크고, 모의고사에서 시간 관리와…”입니다.","문학, 독서, 화법과 언어, 작문, 학교별 내신, 모의고사, 수능, 취약영역, 오답분석","지역과 일정에 따라 1:1 방문수업 또는 화상수업으로 진행하며, 문학과 독서의 지문 분석부터 학교별 내신, 모의고사와 수능 대비, 취약영역 및 오답분석까지 현재 실력과 목표에 맞춰 지도","지문을 분석하는 기준과 문제 접근 방법을 익히고, 취약영역과 반복되는 오답을 점검하면서 내신·모의고사·수능 학습의 방향을 구체화",전문형,high_korean
1477,https://kimstutoring.co.kr,jeungpyeong-gun-elementary-english,publish,ko,충청북도,증평군,영어,초등학생,증평군 초등학생 영어과외,증평군 초등학생 영어과외,"증평군 초등학생 영어 과외 수업은 정해진 진도보다 현재 실력과 배우는 이유를 중요하게 봅니다. 지역과 일정에 따라 1:1 방문수업 또는 화상수업으로 진행하며, 기초 어휘와 문장 이해, 읽기 학습을 학생의… 방식으로 수업하고 있습니다.",초등학생 수준에 맞춰 영어 기초와 꾸준한 학습 습관을 기르는 1:1 온라인 과외 찾기,핵심 고민은 “기초 어휘가 부족하고 짧은 문장의 뜻을 이해하거나 꾸준히 읽는 데 어려움이 있음”입니다.,"기초 어휘, 문장 이해, 짧은 글 읽기, 학습 습관","지역과 일정에 따라 1:1 방문수업 또는 화상수업으로 진행하며, 기초 어휘와 문장 이해, 읽기 학습을 학생의 수준과 학습 속도에 맞춰 지도",익숙한 어휘로 짧은 문장의 뜻을 파악하고 스스로 읽고 복습하는 습관 형성,친근형,elementary_english
1478,https://kimstutoring.co.kr,jeungpyeong-gun-middle-english,publish,ko,충청북도,증평군,영어,중학생,증평군 중학생 영어과외,증평군 중학생 영어과외,"중학생 영어 과외 공부를 다시 시작하려는 분께 증평군 1:1 수업이 맞는 출발점을 찾아드립니다. 지역과 일정에 따라 1:1 방문수업 또는 화상수업으로 진행하며, 어휘·문법·독해를 기본으로 학교별 내신과… 방식으로 수업하고 있습니다.",중학생 영어 문법과 독해를 보완하고 학교별 내신과 서술형 및 수행평가를 준비하는 온라인 과외 찾기,핵심 고민은 “어휘와 문법을 배워도 지문에 적용하기 어렵고 서술형 답안과 수행평가 준비가 막막함”입니다.,"어휘, 문법, 독해, 학교별 내신, 서술형, 수행평가","지역과 일정에 따라 1:1 방문수업 또는 화상수업으로 진행하며, 어휘·문법·독해를 기본으로 학교별 내신과 서술형, 수행평가까지 학생의 취약 부분에 맞춰 지도",문법 근거를 설명하며 지문을 읽고 학교 평가 기준에 맞춰 답안을 작성하는 능력 향상,코칭형,middle_english
1479,https://kimstutoring.co.kr,jeungpyeong-gun-high-english,publish,ko,충청북도,증평군,영어,고등학생,증평군 고등학생 영어과외,증평군 고등학생 영어과외,"증평군에서 배우는 고등학생 영어 과외, 실제로 쓰려는 상황에 맞춰 수업 내용을 정합니다. 지역과 일정에 따라 1:1 방문수업 또는 화상수업으로 진행하며, 어휘·구문독해부터 학교별 내신, 모의고사와 수능… 방식으로 수업하고 있습니다.",고등학생 영어 내신과 모의고사 및 수능 준비를 현재 수준에 맞춰 병행하는 온라인 과외 찾기,핵심 고민은 “긴 문장의 구조를 파악하기 어렵고 내신과 모의고사 지문을 읽는 데 시간이 오래 걸림”입니다.,"어휘, 구문독해, 학교별 내신, 모의고사, 수능","지역과 일정에 따라 1:1 방문수업 또는 화상수업으로 진행하며, 어휘·구문독해부터 학교별 내신, 모의고사와 수능 대비까지 현재 실력과 목표에 맞춰 지도",복잡한 문장의 구조를 파악하고 지문의 근거를 바탕으로 답을 선택하는 독해 능력 향상,전문형,high_english
1480,https://kimstutoring.co.kr,jeungpyeong-gun-elementary-math,publish,ko,충청북도,증평군,수학,초등학생,증평군 초등학생 수학과외,증평군 초등학생 수학과외,"초등학생 수학 과외 공부를 다시 시작하려는 분께 증평군 1:1 수업이 맞는 출발점을 찾아드립니다. 지역과 일정에 따라 1:1 방문수업 또는 화상수업으로 진행하며, 연산과 기초개념을 탄탄히 다지고 문제를 이해하는… 방식으로 수업하고 있습니다.",초등학생 수학 연산과 기초개념을 다지고 문제 이해와 풀이 습관을 기르는 온라인 과외 찾기,핵심 고민은 “계산 실수가 반복되고 문장형 문제에서 무엇을 구해야 하는지 파악하기 어려움”입니다.,"연산, 기초개념, 문제 이해, 풀이 습관","지역과 일정에 따라 1:1 방문수업 또는 화상수업으로 진행하며, 연산과 기초개념을 탄탄히 다지고 문제를 이해하는 과정과 올바른 풀이 습관을 학생 수준에 맞춰 지도",계산 과정을 점검하고 문제의 조건을 이해하며 풀이 순서를 정리하는 습관 형성,친근형,elementary_math
1481,https://kimstutoring.co.kr,jeungpyeong-gun-middle-math,publish,ko,충청북도,증평군,수학,중학생,증평군 중학생 수학과외,증평군 중학생 수학과외,"중학생 수학 과외 공부를 다시 시작하려는 분께 증평군 1:1 수업이 맞는 출발점을 찾아드립니다. 지역과 일정에 따라 1:1 방문수업 또는 화상수업으로 진행하며, 개념 이해와 유형별 문제풀이를 연결하고 학교별… 방식으로 수업하고 있습니다.",중학생 수학 개념과 유형별 문제풀이를 연결하고 내신 및 서술형을 준비하는 온라인 과외 찾기,핵심 고민은 “개념을 외워도 문제 유형이 바뀌면 적용하기 어렵고 같은 오답과 풀이 과정 누락이 반복됨”입니다.,"개념, 유형별 문제풀이, 학교별 내신, 서술형, 오답관리","지역과 일정에 따라 1:1 방문수업 또는 화상수업으로 진행하며, 개념 이해와 유형별 문제풀이를 연결하고 학교별 내신, 서술형, 오답관리까지 취약 단원에 맞춰 지도",문제에 맞는 개념을 선택하고 풀이 근거를 순서대로 쓰며 반복되는 실수를 줄이는 능력 향상,코칭형,middle_math
1482,https://kimstutoring.co.kr,jeungpyeong-gun-high-math,publish,ko,충청북도,증평군,수학,고등학생,증평군 고등학생 수학과외,증평군 고등학생 수학과외,"증평군에서 고등학생 수학 과외 수업을 찾고 계신다면 지금 필요한 내용부터 시작할 수 있습니다. 지역과 일정에 따라 1:1 방문수업 또는 화상수업으로 진행하며, 개념과 유형별 문제풀이부터 학교별 내신,… 방식으로 수업하고 있습니다.",고등학생 수학 취약단원을 보완하면서 내신과 모의고사 및 수능을 준비하는 온라인 과외 찾기,핵심 고민은 “개념 사이의 연결이 약하고 복합 문제의 접근 방법을 찾기 어려우며 취약단원에서 오답이 반복됨”입니다.,"개념, 유형별 문제풀이, 학교별 내신, 모의고사, 수능, 취약단원, 오답분석","지역과 일정에 따라 1:1 방문수업 또는 화상수업으로 진행하며, 개념과 유형별 문제풀이부터 학교별 내신, 모의고사와 수능 대비, 취약단원 및 오답분석까지 목표에 맞춰 지도",취약단원의 개념을 연결하고 문제 조건에 맞는 풀이 전략을 선택하며 오답 원인을 스스로 설명하는 능력 향상,전문형,high_math
1483,https://kimstutoring.co.kr,jeungpyeong-gun-elementary-korean,publish,ko,충청북도,증평군,국어,초등학생,증평군 초등학생 국어과외,증평군 초등학생 국어과외,"증평군에서 초등학생 국어 과외 수업을 찾고 계신다면 지금 필요한 내용부터 시작할 수 있습니다. 지역과 일정에 따라 1:1 방문수업 또는 화상수업으로 진행하며, 어휘와 독해를 바탕으로 글의 내용을 이해하고… 방식으로 수업하고 있습니다.",초등학생의 국어 기초와 문해력을 잡아줄 1:1 국어과외 탐색,핵심 고민은 “글을 읽어도 내용을 정확히 이해하지 못하거나 어휘력이 부족해 문제의 뜻을 파악하는 데 어려움”입니다.,"어휘, 독해, 문장 이해, 글의 중심내용 파악, 기초 문해력, 글쓰기, 학습 습관","지역과 일정에 따라 1:1 방문수업 또는 화상수업으로 진행하며, 어휘와 독해를 바탕으로 글의 내용을 이해하고 자신의 생각을 표현하는 힘을 학생의 수준과 학습 속도에 맞춰 지도","글을 읽고 핵심 내용을 파악하는 힘을 기르고, 국어뿐 아니라 다른 과목의 문제를 이해하는 데 필요한 기초 문해력과 학습 습관 형성",친근형,elementary_korean
1484,https://kimstutoring.co.kr,jeungpyeong-gun-middle-korean,publish,ko,충청북도,증평군,국어,중학생,증평군 중학생 국어과외,증평군 중학생 국어과외,"중학생 국어 과외 공부를 다시 시작하려는 분께 증평군 1:1 수업이 맞는 출발점을 찾아드립니다. 지역과 일정에 따라 1:1 방문수업 또는 화상수업으로 진행하며, 문학·비문학 독해와 문법을 기본으로 학교별… 방식으로 수업하고 있습니다.",학교 내신과 국어 기본기를 함께 준비할 1:1 중등 국어과외 탐색,"핵심 고민은 “문학과 비문학 지문을 감으로 풀거나 문법 개념이 부족하고, 학교 시험의 서술형·수행평가 대비가 어려움”입니다.","문학, 비문학, 문법, 어휘, 학교별 내신, 서술형, 수행평가, 오답관리","지역과 일정에 따라 1:1 방문수업 또는 화상수업으로 진행하며, 문학·비문학 독해와 문법을 기본으로 학교별 내신, 서술형과 수행평가까지 학생의 취약 부분에 맞춰 지도","지문을 근거로 읽고 문제를 해결하는 방법을 익히며, 부족한 영역을 파악해 내신과 고등 국어 학습에 필요한 기본기 강화",코칭형,middle_korean
1485,https://kimstutoring.co.kr,jeungpyeong-gun-high-korean,publish,ko,충청북도,증평군,국어,고등학생,증평군 고등학생 국어과외,증평군 고등학생 국어과외,"증평군에서 고등학생 국어 과외 수업을 찾고 계신다면 지금 필요한 내용부터 시작할 수 있습니다. 지역과 일정에 따라 1:1 방문수업 또는 화상수업으로 진행하며, 문학과 독서의 지문 분석부터 학교별 내신,… 방식으로 수업하고 있습니다.",내신과 모의고사·수능을 함께 대비할 1:1 고등 국어과외 탐색,"핵심 고민은 “긴 지문의 핵심을 빠르게 파악하기 어렵거나 문학·독서·문법 영역별 편차가 크고, 모의고사에서 시간 관리와…”입니다.","문학, 독서, 화법과 언어, 작문, 학교별 내신, 모의고사, 수능, 취약영역, 오답분석","지역과 일정에 따라 1:1 방문수업 또는 화상수업으로 진행하며, 문학과 독서의 지문 분석부터 학교별 내신, 모의고사와 수능 대비, 취약영역 및 오답분석까지 현재 실력과 목표에 맞춰 지도","지문을 분석하는 기준과 문제 접근 방법을 익히고, 취약영역과 반복되는 오답을 점검하면서 내신·모의고사·수능 학습의 방향을 구체화",전문형,high_korean
1486,https://kimstutoring.co.kr,jincheon-gun-elementary-english,publish,ko,충청북도,진천군,영어,초등학생,진천군 초등학생 영어과외,진천군 초등학생 영어과외,"초등학생 영어 과외 때문에 고민이 있다면 진천군 수업에서 지금 필요한 연습부터 함께 해볼 수 있습니다. 지역과 일정에 따라 1:1 방문수업 또는 화상수업으로 진행하며, 기초 어휘와 문장 이해, 읽기 학습을 학생의… 방식으로 수업하고 있습니다.",초등학생 수준에 맞춰 영어 기초와 꾸준한 학습 습관을 기르는 1:1 온라인 과외 찾기,핵심 고민은 “기초 어휘가 부족하고 짧은 문장의 뜻을 이해하거나 꾸준히 읽는 데 어려움이 있음”입니다.,"기초 어휘, 문장 이해, 짧은 글 읽기, 학습 습관","지역과 일정에 따라 1:1 방문수업 또는 화상수업으로 진행하며, 기초 어휘와 문장 이해, 읽기 학습을 학생의 수준과 학습 속도에 맞춰 지도",익숙한 어휘로 짧은 문장의 뜻을 파악하고 스스로 읽고 복습하는 습관 형성,친근형,elementary_english
1487,https://kimstutoring.co.kr,jincheon-gun-middle-english,publish,ko,충청북도,진천군,영어,중학생,진천군 중학생 영어과외,진천군 중학생 영어과외,"진천군 중학생 영어 과외 수업을 고민 중이라면 잘하는 부분과 보완할 부분을 나누어 시작합니다. 지역과 일정에 따라 1:1 방문수업 또는 화상수업으로 진행하며, 어휘·문법·독해를 기본으로 학교별 내신과… 방식으로 수업하고 있습니다.",중학생 영어 문법과 독해를 보완하고 학교별 내신과 서술형 및 수행평가를 준비하는 온라인 과외 찾기,핵심 고민은 “어휘와 문법을 배워도 지문에 적용하기 어렵고 서술형 답안과 수행평가 준비가 막막함”입니다.,"어휘, 문법, 독해, 학교별 내신, 서술형, 수행평가","지역과 일정에 따라 1:1 방문수업 또는 화상수업으로 진행하며, 어휘·문법·독해를 기본으로 학교별 내신과 서술형, 수행평가까지 학생의 취약 부분에 맞춰 지도",문법 근거를 설명하며 지문을 읽고 학교 평가 기준에 맞춰 답안을 작성하는 능력 향상,코칭형,middle_english
1488,https://kimstutoring.co.kr,jincheon-gun-high-english,publish,ko,충청북도,진천군,영어,고등학생,진천군 고등학생 영어과외,진천군 고등학생 영어과외,"고등학생 영어 과외 때문에 고민이 있다면 진천군 수업에서 지금 필요한 연습부터 함께 해볼 수 있습니다. 지역과 일정에 따라 1:1 방문수업 또는 화상수업으로 진행하며, 어휘·구문독해부터 학교별 내신, 모의고사와 수능… 방식으로 수업하고 있습니다.",고등학생 영어 내신과 모의고사 및 수능 준비를 현재 수준에 맞춰 병행하는 온라인 과외 찾기,핵심 고민은 “긴 문장의 구조를 파악하기 어렵고 내신과 모의고사 지문을 읽는 데 시간이 오래 걸림”입니다.,"어휘, 구문독해, 학교별 내신, 모의고사, 수능","지역과 일정에 따라 1:1 방문수업 또는 화상수업으로 진행하며, 어휘·구문독해부터 학교별 내신, 모의고사와 수능 대비까지 현재 실력과 목표에 맞춰 지도",복잡한 문장의 구조를 파악하고 지문의 근거를 바탕으로 답을 선택하는 독해 능력 향상,전문형,high_english
1489,https://kimstutoring.co.kr,jincheon-gun-elementary-math,publish,ko,충청북도,진천군,수학,초등학생,진천군 초등학생 수학과외,진천군 초등학생 수학과외,"진천군 초등학생 수학 과외 수업을 고민 중이라면 잘하는 부분과 보완할 부분을 나누어 시작합니다. 지역과 일정에 따라 1:1 방문수업 또는 화상수업으로 진행하며, 연산과 기초개념을 탄탄히 다지고 문제를 이해하는… 방식으로 수업하고 있습니다.",초등학생 수학 연산과 기초개념을 다지고 문제 이해와 풀이 습관을 기르는 온라인 과외 찾기,핵심 고민은 “계산 실수가 반복되고 문장형 문제에서 무엇을 구해야 하는지 파악하기 어려움”입니다.,"연산, 기초개념, 문제 이해, 풀이 습관","지역과 일정에 따라 1:1 방문수업 또는 화상수업으로 진행하며, 연산과 기초개념을 탄탄히 다지고 문제를 이해하는 과정과 올바른 풀이 습관을 학생 수준에 맞춰 지도",계산 과정을 점검하고 문제의 조건을 이해하며 풀이 순서를 정리하는 습관 형성,친근형,elementary_math
1490,https://kimstutoring.co.kr,jincheon-gun-middle-math,publish,ko,충청북도,진천군,수학,중학생,진천군 중학생 수학과외,진천군 중학생 수학과외,"진천군 중학생 수학 과외 수업을 고민 중이라면 잘하는 부분과 보완할 부분을 나누어 시작합니다. 지역과 일정에 따라 1:1 방문수업 또는 화상수업으로 진행하며, 개념 이해와 유형별 문제풀이를 연결하고 학교별… 방식으로 수업하고 있습니다.",중학생 수학 개념과 유형별 문제풀이를 연결하고 내신 및 서술형을 준비하는 온라인 과외 찾기,핵심 고민은 “개념을 외워도 문제 유형이 바뀌면 적용하기 어렵고 같은 오답과 풀이 과정 누락이 반복됨”입니다.,"개념, 유형별 문제풀이, 학교별 내신, 서술형, 오답관리","지역과 일정에 따라 1:1 방문수업 또는 화상수업으로 진행하며, 개념 이해와 유형별 문제풀이를 연결하고 학교별 내신, 서술형, 오답관리까지 취약 단원에 맞춰 지도",문제에 맞는 개념을 선택하고 풀이 근거를 순서대로 쓰며 반복되는 실수를 줄이는 능력 향상,코칭형,middle_math
1491,https://kimstutoring.co.kr,jincheon-gun-high-math,publish,ko,충청북도,진천군,수학,고등학생,진천군 고등학생 수학과외,진천군 고등학생 수학과외,"고등학생 수학 과외 공부를 처음 시작한다면 진천군에서도 기초부터 1:1로 배울 수 있습니다. 지역과 일정에 따라 1:1 방문수업 또는 화상수업으로 진행하며, 개념과 유형별 문제풀이부터 학교별 내신,… 방식으로 수업하고 있습니다.",고등학생 수학 취약단원을 보완하면서 내신과 모의고사 및 수능을 준비하는 온라인 과외 찾기,핵심 고민은 “개념 사이의 연결이 약하고 복합 문제의 접근 방법을 찾기 어려우며 취약단원에서 오답이 반복됨”입니다.,"개념, 유형별 문제풀이, 학교별 내신, 모의고사, 수능, 취약단원, 오답분석","지역과 일정에 따라 1:1 방문수업 또는 화상수업으로 진행하며, 개념과 유형별 문제풀이부터 학교별 내신, 모의고사와 수능 대비, 취약단원 및 오답분석까지 목표에 맞춰 지도",취약단원의 개념을 연결하고 문제 조건에 맞는 풀이 전략을 선택하며 오답 원인을 스스로 설명하는 능력 향상,전문형,high_math
1492,https://kimstutoring.co.kr,jincheon-gun-elementary-korean,publish,ko,충청북도,진천군,국어,초등학생,진천군 초등학생 국어과외,진천군 초등학생 국어과외,"초등학생 국어 과외 공부를 처음 시작한다면 진천군에서도 기초부터 1:1로 배울 수 있습니다. 지역과 일정에 따라 1:1 방문수업 또는 화상수업으로 진행하며, 어휘와 독해를 바탕으로 글의 내용을 이해하고… 방식으로 수업하고 있습니다.",초등학생의 국어 기초와 문해력을 잡아줄 1:1 국어과외 탐색,핵심 고민은 “글을 읽어도 내용을 정확히 이해하지 못하거나 어휘력이 부족해 문제의 뜻을 파악하는 데 어려움”입니다.,"어휘, 독해, 문장 이해, 글의 중심내용 파악, 기초 문해력, 글쓰기, 학습 습관","지역과 일정에 따라 1:1 방문수업 또는 화상수업으로 진행하며, 어휘와 독해를 바탕으로 글의 내용을 이해하고 자신의 생각을 표현하는 힘을 학생의 수준과 학습 속도에 맞춰 지도","글을 읽고 핵심 내용을 파악하는 힘을 기르고, 국어뿐 아니라 다른 과목의 문제를 이해하는 데 필요한 기초 문해력과 학습 습관 형성",친근형,elementary_korean
1493,https://kimstutoring.co.kr,jincheon-gun-middle-korean,publish,ko,충청북도,진천군,국어,중학생,진천군 중학생 국어과외,진천군 중학생 국어과외,"진천군 중학생 국어 과외 수업을 고민 중이라면 잘하는 부분과 보완할 부분을 나누어 시작합니다. 지역과 일정에 따라 1:1 방문수업 또는 화상수업으로 진행하며, 문학·비문학 독해와 문법을 기본으로 학교별… 방식으로 수업하고 있습니다.",학교 내신과 국어 기본기를 함께 준비할 1:1 중등 국어과외 탐색,"핵심 고민은 “문학과 비문학 지문을 감으로 풀거나 문법 개념이 부족하고, 학교 시험의 서술형·수행평가 대비가 어려움”입니다.","문학, 비문학, 문법, 어휘, 학교별 내신, 서술형, 수행평가, 오답관리","지역과 일정에 따라 1:1 방문수업 또는 화상수업으로 진행하며, 문학·비문학 독해와 문법을 기본으로 학교별 내신, 서술형과 수행평가까지 학생의 취약 부분에 맞춰 지도","지문을 근거로 읽고 문제를 해결하는 방법을 익히며, 부족한 영역을 파악해 내신과 고등 국어 학습에 필요한 기본기 강화",코칭형,middle_korean
1494,https://kimstutoring.co.kr,jincheon-gun-high-korean,publish,ko,충청북도,진천군,국어,고등학생,진천군 고등학생 국어과외,진천군 고등학생 국어과외,"고등학생 국어 과외 공부를 처음 시작한다면 진천군에서도 기초부터 1:1로 배울 수 있습니다. 지역과 일정에 따라 1:1 방문수업 또는 화상수업으로 진행하며, 문학과 독서의 지문 분석부터 학교별 내신,… 방식으로 수업하고 있습니다.",내신과 모의고사·수능을 함께 대비할 1:1 고등 국어과외 탐색,"핵심 고민은 “긴 지문의 핵심을 빠르게 파악하기 어렵거나 문학·독서·문법 영역별 편차가 크고, 모의고사에서 시간 관리와…”입니다.","문학, 독서, 화법과 언어, 작문, 학교별 내신, 모의고사, 수능, 취약영역, 오답분석","지역과 일정에 따라 1:1 방문수업 또는 화상수업으로 진행하며, 문학과 독서의 지문 분석부터 학교별 내신, 모의고사와 수능 대비, 취약영역 및 오답분석까지 현재 실력과 목표에 맞춰 지도","지문을 분석하는 기준과 문제 접근 방법을 익히고, 취약영역과 반복되는 오답을 점검하면서 내신·모의고사·수능 학습의 방향을 구체화",전문형,high_korean